load_address         = 0x00400000
text_start           = 0x00410000
text_end             = 0x004164a8
omit_addresses       = []
hook_b               = 0x00500000
hook_bl              = 0x00500050
hook_br              = 0x005000a0
hook_blr             = 0x005000c8
hooking ./sample_kissfft from 0x00010000 to 0x000164a8
      0x00410000: 0x10482de9	push	{r4, fp, lr}
      0x00410004: 0x08b08de2	add	fp, sp, #8
      0x00410008: 0x24d04de2	sub	sp, sp, #0x24
      0x0041000c: 0x20000be5	str	r0, [fp, #-0x20]
      0x00410010: 0x24100be5	str	r1, [fp, #-0x24]
      0x00410014: 0x28200be5	str	r2, [fp, #-0x28]
      0x00410018: 0x2c300be5	str	r3, [fp, #-0x2c]
      0x0041001c: 0x28301be5	ldr	r3, [fp, #-0x28]
      0x00410020: 0x423f83e2	add	r3, r3, #0x108
      0x00410024: 0x14300be5	str	r3, [fp, #-0x14]
      0x00410028: 0x2c301be5	ldr	r3, [fp, #-0x2c]
      0x0041002c: 0x8331a0e1	lsl	r3, r3, #3
      0x00410030: 0x20201be5	ldr	r2, [fp, #-0x20]
      0x00410034: 0x033082e0	add	r3, r2, r3
      0x00410038: 0x10300be5	str	r3, [fp, #-0x10]
      0x0041003c: 0x10301be5	ldr	r3, [fp, #-0x10]
      0x00410040: 0x002093e5	ldr	r2, [r3]
      0x00410044: 0x14301be5	ldr	r3, [fp, #-0x14]
      0x00410048: 0x003093e5	ldr	r3, [r3]
      0x0041004c: 0x0310a0e1	mov	r1, r3
      0x00410050: 0x0200a0e1	mov	r0, r2
bl    at 0x00410054: hooking 0x3d1100eb	bl	#0x414550 -> 0xfdbf03eb	bl	#0x500050
      0x00410058: 0x0030a0e1	mov	r3, r0
      0x0041005c: 0x0340a0e1	mov	r4, r3
      0x00410060: 0x10301be5	ldr	r3, [fp, #-0x10]
      0x00410064: 0x042093e5	ldr	r2, [r3, #4]
      0x00410068: 0x14301be5	ldr	r3, [fp, #-0x14]
      0x0041006c: 0x043093e5	ldr	r3, [r3, #4]
      0x00410070: 0x0310a0e1	mov	r1, r3
      0x00410074: 0x0200a0e1	mov	r0, r2
bl    at 0x00410078: hooking 0x341100eb	bl	#0x414550 -> 0xf4bf03eb	bl	#0x500050
      0x0041007c: 0x0030a0e1	mov	r3, r0
      0x00410080: 0x0310a0e1	mov	r1, r3
      0x00410084: 0x0400a0e1	mov	r0, r4
bl    at 0x00410088: hooking 0xb91400eb	bl	#0x415374 -> 0xf0bf03eb	bl	#0x500050
      0x0041008c: 0x0030a0e1	mov	r3, r0
      0x00410090: 0x1c300be5	str	r3, [fp, #-0x1c]
      0x00410094: 0x10301be5	ldr	r3, [fp, #-0x10]
      0x00410098: 0x002093e5	ldr	r2, [r3]
      0x0041009c: 0x14301be5	ldr	r3, [fp, #-0x14]
      0x004100a0: 0x043093e5	ldr	r3, [r3, #4]
      0x004100a4: 0x0310a0e1	mov	r1, r3
      0x004100a8: 0x0200a0e1	mov	r0, r2
bl    at 0x004100ac: hooking 0x271100eb	bl	#0x414550 -> 0xe7bf03eb	bl	#0x500050
      0x004100b0: 0x0030a0e1	mov	r3, r0
      0x004100b4: 0x0340a0e1	mov	r4, r3
      0x004100b8: 0x10301be5	ldr	r3, [fp, #-0x10]
      0x004100bc: 0x042093e5	ldr	r2, [r3, #4]
      0x004100c0: 0x14301be5	ldr	r3, [fp, #-0x14]
      0x004100c4: 0x003093e5	ldr	r3, [r3]
      0x004100c8: 0x0310a0e1	mov	r1, r3
      0x004100cc: 0x0200a0e1	mov	r0, r2
bl    at 0x004100d0: hooking 0x1e1100eb	bl	#0x414550 -> 0xdebf03eb	bl	#0x500050
      0x004100d4: 0x0030a0e1	mov	r3, r0
      0x004100d8: 0x0310a0e1	mov	r1, r3
      0x004100dc: 0x0400a0e1	mov	r0, r4
bl    at 0x004100e0: hooking 0xa41400eb	bl	#0x415378 -> 0xdabf03eb	bl	#0x500050
      0x004100e4: 0x0030a0e1	mov	r3, r0
      0x004100e8: 0x18300be5	str	r3, [fp, #-0x18]
      0x004100ec: 0x24301be5	ldr	r3, [fp, #-0x24]
      0x004100f0: 0x8331a0e1	lsl	r3, r3, #3
      0x004100f4: 0x14201be5	ldr	r2, [fp, #-0x14]
      0x004100f8: 0x033082e0	add	r3, r2, r3
      0x004100fc: 0x14300be5	str	r3, [fp, #-0x14]
      0x00410100: 0x20301be5	ldr	r3, [fp, #-0x20]
      0x00410104: 0x003093e5	ldr	r3, [r3]
      0x00410108: 0x1c201be5	ldr	r2, [fp, #-0x1c]
      0x0041010c: 0x0210a0e1	mov	r1, r2
      0x00410110: 0x0300a0e1	mov	r0, r3
bl    at 0x00410114: hooking 0x961400eb	bl	#0x415374 -> 0xcdbf03eb	bl	#0x500050
      0x00410118: 0x0030a0e1	mov	r3, r0
      0x0041011c: 0x0320a0e1	mov	r2, r3
      0x00410120: 0x10301be5	ldr	r3, [fp, #-0x10]
      0x00410124: 0x002083e5	str	r2, [r3]
      0x00410128: 0x20301be5	ldr	r3, [fp, #-0x20]
      0x0041012c: 0x043093e5	ldr	r3, [r3, #4]
      0x00410130: 0x18201be5	ldr	r2, [fp, #-0x18]
      0x00410134: 0x0210a0e1	mov	r1, r2
      0x00410138: 0x0300a0e1	mov	r0, r3
bl    at 0x0041013c: hooking 0x8c1400eb	bl	#0x415374 -> 0xc3bf03eb	bl	#0x500050
      0x00410140: 0x0030a0e1	mov	r3, r0
      0x00410144: 0x0320a0e1	mov	r2, r3
      0x00410148: 0x10301be5	ldr	r3, [fp, #-0x10]
      0x0041014c: 0x042083e5	str	r2, [r3, #4]
      0x00410150: 0x20301be5	ldr	r3, [fp, #-0x20]
      0x00410154: 0x003093e5	ldr	r3, [r3]
      0x00410158: 0x1c201be5	ldr	r2, [fp, #-0x1c]
      0x0041015c: 0x0210a0e1	mov	r1, r2
      0x00410160: 0x0300a0e1	mov	r0, r3
bl    at 0x00410164: hooking 0x831400eb	bl	#0x415378 -> 0xb9bf03eb	bl	#0x500050
      0x00410168: 0x0030a0e1	mov	r3, r0
      0x0041016c: 0x0320a0e1	mov	r2, r3
      0x00410170: 0x20301be5	ldr	r3, [fp, #-0x20]
      0x00410174: 0x002083e5	str	r2, [r3]
      0x00410178: 0x20301be5	ldr	r3, [fp, #-0x20]
      0x0041017c: 0x043093e5	ldr	r3, [r3, #4]
      0x00410180: 0x18201be5	ldr	r2, [fp, #-0x18]
      0x00410184: 0x0210a0e1	mov	r1, r2
      0x00410188: 0x0300a0e1	mov	r0, r3
bl    at 0x0041018c: hooking 0x791400eb	bl	#0x415378 -> 0xafbf03eb	bl	#0x500050
      0x00410190: 0x0030a0e1	mov	r3, r0
      0x00410194: 0x0320a0e1	mov	r2, r3
      0x00410198: 0x20301be5	ldr	r3, [fp, #-0x20]
      0x0041019c: 0x042083e5	str	r2, [r3, #4]
      0x004101a0: 0x10301be5	ldr	r3, [fp, #-0x10]
      0x004101a4: 0x083083e2	add	r3, r3, #8
      0x004101a8: 0x10300be5	str	r3, [fp, #-0x10]
      0x004101ac: 0x20301be5	ldr	r3, [fp, #-0x20]
      0x004101b0: 0x083083e2	add	r3, r3, #8
      0x004101b4: 0x20300be5	str	r3, [fp, #-0x20]
      0x004101b8: 0x2c301be5	ldr	r3, [fp, #-0x2c]
      0x004101bc: 0x013043e2	sub	r3, r3, #1
      0x004101c0: 0x2c300be5	str	r3, [fp, #-0x2c]
      0x004101c4: 0x2c301be5	ldr	r3, [fp, #-0x2c]
      0x004101c8: 0x000053e3	cmp	r3, #0
      0x004101cc: 0x9affff1a	bne	#0x41003c
      0x004101d0: 0x0000a0e1	mov	r0, r0
      0x004101d4: 0x0000a0e1	mov	r0, r0
      0x004101d8: 0x08d04be2	sub	sp, fp, #8
      0x004101dc: 0x1048bde8	pop	{r4, fp, lr}
      0x004101e0: 0x1eff2fe1	bx	lr
      0x004101e4: 0x10482de9	push	{r4, fp, lr}
      0x004101e8: 0x08b08de2	add	fp, sp, #8
      0x004101ec: 0x5cd04de2	sub	sp, sp, #0x5c
      0x004101f0: 0x58000be5	str	r0, [fp, #-0x58]
      0x004101f4: 0x5c100be5	str	r1, [fp, #-0x5c]
      0x004101f8: 0x60200be5	str	r2, [fp, #-0x60]
      0x004101fc: 0x64300be5	str	r3, [fp, #-0x64]
      0x00410200: 0x64301be5	ldr	r3, [fp, #-0x64]
      0x00410204: 0x1c300be5	str	r3, [fp, #-0x1c]
      0x00410208: 0x64301be5	ldr	r3, [fp, #-0x64]
      0x0041020c: 0x8330a0e1	lsl	r3, r3, #1
      0x00410210: 0x20300be5	str	r3, [fp, #-0x20]
      0x00410214: 0x64201be5	ldr	r2, [fp, #-0x64]
      0x00410218: 0x0230a0e1	mov	r3, r2
      0x0041021c: 0x8330a0e1	lsl	r3, r3, #1
      0x00410220: 0x023083e0	add	r3, r3, r2
      0x00410224: 0x24300be5	str	r3, [fp, #-0x24]
      0x00410228: 0x60301be5	ldr	r3, [fp, #-0x60]
      0x0041022c: 0x423f83e2	add	r3, r3, #0x108
      0x00410230: 0x10300be5	str	r3, [fp, #-0x10]
      0x00410234: 0x10301be5	ldr	r3, [fp, #-0x10]
      0x00410238: 0x14300be5	str	r3, [fp, #-0x14]
      0x0041023c: 0x14301be5	ldr	r3, [fp, #-0x14]
      0x00410240: 0x18300be5	str	r3, [fp, #-0x18]
      0x00410244: 0x64301be5	ldr	r3, [fp, #-0x64]
      0x00410248: 0x8331a0e1	lsl	r3, r3, #3
      0x0041024c: 0x58201be5	ldr	r2, [fp, #-0x58]
      0x00410250: 0x033082e0	add	r3, r2, r3
      0x00410254: 0x002093e5	ldr	r2, [r3]
      0x00410258: 0x10301be5	ldr	r3, [fp, #-0x10]
      0x0041025c: 0x003093e5	ldr	r3, [r3]
      0x00410260: 0x0310a0e1	mov	r1, r3
      0x00410264: 0x0200a0e1	mov	r0, r2
bl    at 0x00410268: hooking 0xb81000eb	bl	#0x414550 -> 0x78bf03eb	bl	#0x500050
      0x0041026c: 0x0030a0e1	mov	r3, r0
      0x00410270: 0x0340a0e1	mov	r4, r3
      0x00410274: 0x64301be5	ldr	r3, [fp, #-0x64]
      0x00410278: 0x8331a0e1	lsl	r3, r3, #3
      0x0041027c: 0x58201be5	ldr	r2, [fp, #-0x58]
      0x00410280: 0x033082e0	add	r3, r2, r3
      0x00410284: 0x042093e5	ldr	r2, [r3, #4]
      0x00410288: 0x10301be5	ldr	r3, [fp, #-0x10]
      0x0041028c: 0x043093e5	ldr	r3, [r3, #4]
      0x00410290: 0x0310a0e1	mov	r1, r3
      0x00410294: 0x0200a0e1	mov	r0, r2
bl    at 0x00410298: hooking 0xac1000eb	bl	#0x414550 -> 0x6cbf03eb	bl	#0x500050
      0x0041029c: 0x0030a0e1	mov	r3, r0
      0x004102a0: 0x0310a0e1	mov	r1, r3
      0x004102a4: 0x0400a0e1	mov	r0, r4
bl    at 0x004102a8: hooking 0x311400eb	bl	#0x415374 -> 0x68bf03eb	bl	#0x500050
      0x004102ac: 0x0030a0e1	mov	r3, r0
      0x004102b0: 0x54300be5	str	r3, [fp, #-0x54]
      0x004102b4: 0x64301be5	ldr	r3, [fp, #-0x64]
      0x004102b8: 0x8331a0e1	lsl	r3, r3, #3
      0x004102bc: 0x58201be5	ldr	r2, [fp, #-0x58]
      0x004102c0: 0x033082e0	add	r3, r2, r3
      0x004102c4: 0x002093e5	ldr	r2, [r3]
      0x004102c8: 0x10301be5	ldr	r3, [fp, #-0x10]
      0x004102cc: 0x043093e5	ldr	r3, [r3, #4]
      0x004102d0: 0x0310a0e1	mov	r1, r3
      0x004102d4: 0x0200a0e1	mov	r0, r2
bl    at 0x004102d8: hooking 0x9c1000eb	bl	#0x414550 -> 0x5cbf03eb	bl	#0x500050
      0x004102dc: 0x0030a0e1	mov	r3, r0
      0x004102e0: 0x0340a0e1	mov	r4, r3
      0x004102e4: 0x64301be5	ldr	r3, [fp, #-0x64]
      0x004102e8: 0x8331a0e1	lsl	r3, r3, #3
      0x004102ec: 0x58201be5	ldr	r2, [fp, #-0x58]
      0x004102f0: 0x033082e0	add	r3, r2, r3
      0x004102f4: 0x042093e5	ldr	r2, [r3, #4]
      0x004102f8: 0x10301be5	ldr	r3, [fp, #-0x10]
      0x004102fc: 0x003093e5	ldr	r3, [r3]
      0x00410300: 0x0310a0e1	mov	r1, r3
      0x00410304: 0x0200a0e1	mov	r0, r2
bl    at 0x00410308: hooking 0x901000eb	bl	#0x414550 -> 0x50bf03eb	bl	#0x500050
      0x0041030c: 0x0030a0e1	mov	r3, r0
      0x00410310: 0x0310a0e1	mov	r1, r3
      0x00410314: 0x0400a0e1	mov	r0, r4
bl    at 0x00410318: hooking 0x161400eb	bl	#0x415378 -> 0x4cbf03eb	bl	#0x500050
      0x0041031c: 0x0030a0e1	mov	r3, r0
      0x00410320: 0x50300be5	str	r3, [fp, #-0x50]
      0x00410324: 0x20301be5	ldr	r3, [fp, #-0x20]
      0x00410328: 0x8331a0e1	lsl	r3, r3, #3
      0x0041032c: 0x58201be5	ldr	r2, [fp, #-0x58]
      0x00410330: 0x033082e0	add	r3, r2, r3
      0x00410334: 0x002093e5	ldr	r2, [r3]
      0x00410338: 0x14301be5	ldr	r3, [fp, #-0x14]
      0x0041033c: 0x003093e5	ldr	r3, [r3]
      0x00410340: 0x0310a0e1	mov	r1, r3
      0x00410344: 0x0200a0e1	mov	r0, r2
bl    at 0x00410348: hooking 0x801000eb	bl	#0x414550 -> 0x40bf03eb	bl	#0x500050
      0x0041034c: 0x0030a0e1	mov	r3, r0
      0x00410350: 0x0340a0e1	mov	r4, r3
      0x00410354: 0x20301be5	ldr	r3, [fp, #-0x20]
      0x00410358: 0x8331a0e1	lsl	r3, r3, #3
      0x0041035c: 0x58201be5	ldr	r2, [fp, #-0x58]
      0x00410360: 0x033082e0	add	r3, r2, r3
      0x00410364: 0x042093e5	ldr	r2, [r3, #4]
      0x00410368: 0x14301be5	ldr	r3, [fp, #-0x14]
      0x0041036c: 0x043093e5	ldr	r3, [r3, #4]
      0x00410370: 0x0310a0e1	mov	r1, r3
      0x00410374: 0x0200a0e1	mov	r0, r2
bl    at 0x00410378: hooking 0x741000eb	bl	#0x414550 -> 0x34bf03eb	bl	#0x500050
      0x0041037c: 0x0030a0e1	mov	r3, r0
      0x00410380: 0x0310a0e1	mov	r1, r3
      0x00410384: 0x0400a0e1	mov	r0, r4
bl    at 0x00410388: hooking 0xf91300eb	bl	#0x415374 -> 0x30bf03eb	bl	#0x500050
      0x0041038c: 0x0030a0e1	mov	r3, r0
      0x00410390: 0x4c300be5	str	r3, [fp, #-0x4c]
      0x00410394: 0x20301be5	ldr	r3, [fp, #-0x20]
      0x00410398: 0x8331a0e1	lsl	r3, r3, #3
      0x0041039c: 0x58201be5	ldr	r2, [fp, #-0x58]
      0x004103a0: 0x033082e0	add	r3, r2, r3
      0x004103a4: 0x002093e5	ldr	r2, [r3]
      0x004103a8: 0x14301be5	ldr	r3, [fp, #-0x14]
      0x004103ac: 0x043093e5	ldr	r3, [r3, #4]
      0x004103b0: 0x0310a0e1	mov	r1, r3
      0x004103b4: 0x0200a0e1	mov	r0, r2
bl    at 0x004103b8: hooking 0x641000eb	bl	#0x414550 -> 0x24bf03eb	bl	#0x500050
      0x004103bc: 0x0030a0e1	mov	r3, r0
      0x004103c0: 0x0340a0e1	mov	r4, r3
      0x004103c4: 0x20301be5	ldr	r3, [fp, #-0x20]
      0x004103c8: 0x8331a0e1	lsl	r3, r3, #3
      0x004103cc: 0x58201be5	ldr	r2, [fp, #-0x58]
      0x004103d0: 0x033082e0	add	r3, r2, r3
      0x004103d4: 0x042093e5	ldr	r2, [r3, #4]
      0x004103d8: 0x14301be5	ldr	r3, [fp, #-0x14]
      0x004103dc: 0x003093e5	ldr	r3, [r3]
      0x004103e0: 0x0310a0e1	mov	r1, r3
      0x004103e4: 0x0200a0e1	mov	r0, r2
bl    at 0x004103e8: hooking 0x581000eb	bl	#0x414550 -> 0x18bf03eb	bl	#0x500050
      0x004103ec: 0x0030a0e1	mov	r3, r0
      0x004103f0: 0x0310a0e1	mov	r1, r3
      0x004103f4: 0x0400a0e1	mov	r0, r4
bl    at 0x004103f8: hooking 0xde1300eb	bl	#0x415378 -> 0x14bf03eb	bl	#0x500050
      0x004103fc: 0x0030a0e1	mov	r3, r0
      0x00410400: 0x48300be5	str	r3, [fp, #-0x48]
      0x00410404: 0x24301be5	ldr	r3, [fp, #-0x24]
      0x00410408: 0x8331a0e1	lsl	r3, r3, #3
      0x0041040c: 0x58201be5	ldr	r2, [fp, #-0x58]
      0x00410410: 0x033082e0	add	r3, r2, r3
      0x00410414: 0x002093e5	ldr	r2, [r3]
      0x00410418: 0x18301be5	ldr	r3, [fp, #-0x18]
      0x0041041c: 0x003093e5	ldr	r3, [r3]
      0x00410420: 0x0310a0e1	mov	r1, r3
      0x00410424: 0x0200a0e1	mov	r0, r2
bl    at 0x00410428: hooking 0x481000eb	bl	#0x414550 -> 0x08bf03eb	bl	#0x500050
      0x0041042c: 0x0030a0e1	mov	r3, r0
      0x00410430: 0x0340a0e1	mov	r4, r3
      0x00410434: 0x24301be5	ldr	r3, [fp, #-0x24]
      0x00410438: 0x8331a0e1	lsl	r3, r3, #3
      0x0041043c: 0x58201be5	ldr	r2, [fp, #-0x58]
      0x00410440: 0x033082e0	add	r3, r2, r3
      0x00410444: 0x042093e5	ldr	r2, [r3, #4]
      0x00410448: 0x18301be5	ldr	r3, [fp, #-0x18]
      0x0041044c: 0x043093e5	ldr	r3, [r3, #4]
      0x00410450: 0x0310a0e1	mov	r1, r3
      0x00410454: 0x0200a0e1	mov	r0, r2
bl    at 0x00410458: hooking 0x3c1000eb	bl	#0x414550 -> 0xfcbe03eb	bl	#0x500050
      0x0041045c: 0x0030a0e1	mov	r3, r0
      0x00410460: 0x0310a0e1	mov	r1, r3
      0x00410464: 0x0400a0e1	mov	r0, r4
bl    at 0x00410468: hooking 0xc11300eb	bl	#0x415374 -> 0xf8be03eb	bl	#0x500050
      0x0041046c: 0x0030a0e1	mov	r3, r0
      0x00410470: 0x44300be5	str	r3, [fp, #-0x44]
      0x00410474: 0x24301be5	ldr	r3, [fp, #-0x24]
      0x00410478: 0x8331a0e1	lsl	r3, r3, #3
      0x0041047c: 0x58201be5	ldr	r2, [fp, #-0x58]
      0x00410480: 0x033082e0	add	r3, r2, r3
      0x00410484: 0x002093e5	ldr	r2, [r3]
      0x00410488: 0x18301be5	ldr	r3, [fp, #-0x18]
      0x0041048c: 0x043093e5	ldr	r3, [r3, #4]
      0x00410490: 0x0310a0e1	mov	r1, r3
      0x00410494: 0x0200a0e1	mov	r0, r2
bl    at 0x00410498: hooking 0x2c1000eb	bl	#0x414550 -> 0xecbe03eb	bl	#0x500050
      0x0041049c: 0x0030a0e1	mov	r3, r0
      0x004104a0: 0x0340a0e1	mov	r4, r3
      0x004104a4: 0x24301be5	ldr	r3, [fp, #-0x24]
      0x004104a8: 0x8331a0e1	lsl	r3, r3, #3
      0x004104ac: 0x58201be5	ldr	r2, [fp, #-0x58]
      0x004104b0: 0x033082e0	add	r3, r2, r3
      0x004104b4: 0x042093e5	ldr	r2, [r3, #4]
      0x004104b8: 0x18301be5	ldr	r3, [fp, #-0x18]
      0x004104bc: 0x003093e5	ldr	r3, [r3]
      0x004104c0: 0x0310a0e1	mov	r1, r3
      0x004104c4: 0x0200a0e1	mov	r0, r2
bl    at 0x004104c8: hooking 0x201000eb	bl	#0x414550 -> 0xe0be03eb	bl	#0x500050
      0x004104cc: 0x0030a0e1	mov	r3, r0
      0x004104d0: 0x0310a0e1	mov	r1, r3
      0x004104d4: 0x0400a0e1	mov	r0, r4
bl    at 0x004104d8: hooking 0xa61300eb	bl	#0x415378 -> 0xdcbe03eb	bl	#0x500050
      0x004104dc: 0x0030a0e1	mov	r3, r0
      0x004104e0: 0x40300be5	str	r3, [fp, #-0x40]
      0x004104e4: 0x58301be5	ldr	r3, [fp, #-0x58]
      0x004104e8: 0x003093e5	ldr	r3, [r3]
      0x004104ec: 0x4c201be5	ldr	r2, [fp, #-0x4c]
      0x004104f0: 0x0210a0e1	mov	r1, r2
      0x004104f4: 0x0300a0e1	mov	r0, r3
bl    at 0x004104f8: hooking 0x9d1300eb	bl	#0x415374 -> 0xd4be03eb	bl	#0x500050
      0x004104fc: 0x0030a0e1	mov	r3, r0
      0x00410500: 0x2c300be5	str	r3, [fp, #-0x2c]
      0x00410504: 0x58301be5	ldr	r3, [fp, #-0x58]
      0x00410508: 0x043093e5	ldr	r3, [r3, #4]
      0x0041050c: 0x48201be5	ldr	r2, [fp, #-0x48]
      0x00410510: 0x0210a0e1	mov	r1, r2
      0x00410514: 0x0300a0e1	mov	r0, r3
bl    at 0x00410518: hooking 0x951300eb	bl	#0x415374 -> 0xccbe03eb	bl	#0x500050
      0x0041051c: 0x0030a0e1	mov	r3, r0
      0x00410520: 0x28300be5	str	r3, [fp, #-0x28]
      0x00410524: 0x58301be5	ldr	r3, [fp, #-0x58]
      0x00410528: 0x003093e5	ldr	r3, [r3]
      0x0041052c: 0x4c201be5	ldr	r2, [fp, #-0x4c]
      0x00410530: 0x0210a0e1	mov	r1, r2
      0x00410534: 0x0300a0e1	mov	r0, r3
bl    at 0x00410538: hooking 0x8e1300eb	bl	#0x415378 -> 0xc4be03eb	bl	#0x500050
      0x0041053c: 0x0030a0e1	mov	r3, r0
      0x00410540: 0x0320a0e1	mov	r2, r3
      0x00410544: 0x58301be5	ldr	r3, [fp, #-0x58]
      0x00410548: 0x002083e5	str	r2, [r3]
      0x0041054c: 0x58301be5	ldr	r3, [fp, #-0x58]
      0x00410550: 0x043093e5	ldr	r3, [r3, #4]
      0x00410554: 0x48201be5	ldr	r2, [fp, #-0x48]
      0x00410558: 0x0210a0e1	mov	r1, r2
      0x0041055c: 0x0300a0e1	mov	r0, r3
bl    at 0x00410560: hooking 0x841300eb	bl	#0x415378 -> 0xbabe03eb	bl	#0x500050
      0x00410564: 0x0030a0e1	mov	r3, r0
      0x00410568: 0x0320a0e1	mov	r2, r3
      0x0041056c: 0x58301be5	ldr	r3, [fp, #-0x58]
      0x00410570: 0x042083e5	str	r2, [r3, #4]
      0x00410574: 0x54301be5	ldr	r3, [fp, #-0x54]
      0x00410578: 0x44201be5	ldr	r2, [fp, #-0x44]
      0x0041057c: 0x0210a0e1	mov	r1, r2
      0x00410580: 0x0300a0e1	mov	r0, r3
bl    at 0x00410584: hooking 0x7b1300eb	bl	#0x415378 -> 0xb1be03eb	bl	#0x500050
      0x00410588: 0x0030a0e1	mov	r3, r0
      0x0041058c: 0x3c300be5	str	r3, [fp, #-0x3c]
      0x00410590: 0x50301be5	ldr	r3, [fp, #-0x50]
      0x00410594: 0x40201be5	ldr	r2, [fp, #-0x40]
      0x00410598: 0x0210a0e1	mov	r1, r2
      0x0041059c: 0x0300a0e1	mov	r0, r3
bl    at 0x004105a0: hooking 0x741300eb	bl	#0x415378 -> 0xaabe03eb	bl	#0x500050
      0x004105a4: 0x0030a0e1	mov	r3, r0
      0x004105a8: 0x38300be5	str	r3, [fp, #-0x38]
      0x004105ac: 0x54301be5	ldr	r3, [fp, #-0x54]
      0x004105b0: 0x44201be5	ldr	r2, [fp, #-0x44]
      0x004105b4: 0x0210a0e1	mov	r1, r2
      0x004105b8: 0x0300a0e1	mov	r0, r3
bl    at 0x004105bc: hooking 0x6c1300eb	bl	#0x415374 -> 0xa3be03eb	bl	#0x500050
      0x004105c0: 0x0030a0e1	mov	r3, r0
      0x004105c4: 0x34300be5	str	r3, [fp, #-0x34]
      0x004105c8: 0x50301be5	ldr	r3, [fp, #-0x50]
      0x004105cc: 0x40201be5	ldr	r2, [fp, #-0x40]
      0x004105d0: 0x0210a0e1	mov	r1, r2
      0x004105d4: 0x0300a0e1	mov	r0, r3
bl    at 0x004105d8: hooking 0x651300eb	bl	#0x415374 -> 0x9cbe03eb	bl	#0x500050
      0x004105dc: 0x0030a0e1	mov	r3, r0
      0x004105e0: 0x30300be5	str	r3, [fp, #-0x30]
      0x004105e4: 0x58301be5	ldr	r3, [fp, #-0x58]
      0x004105e8: 0x000093e5	ldr	r0, [r3]
      0x004105ec: 0x3c101be5	ldr	r1, [fp, #-0x3c]
      0x004105f0: 0x20301be5	ldr	r3, [fp, #-0x20]
      0x004105f4: 0x8331a0e1	lsl	r3, r3, #3
      0x004105f8: 0x58201be5	ldr	r2, [fp, #-0x58]
      0x004105fc: 0x034082e0	add	r4, r2, r3
bl    at 0x00410600: hooking 0x5b1300eb	bl	#0x415374 -> 0x92be03eb	bl	#0x500050
      0x00410604: 0x0030a0e1	mov	r3, r0
      0x00410608: 0x003084e5	str	r3, [r4]
      0x0041060c: 0x58301be5	ldr	r3, [fp, #-0x58]
      0x00410610: 0x040093e5	ldr	r0, [r3, #4]
      0x00410614: 0x38101be5	ldr	r1, [fp, #-0x38]
      0x00410618: 0x20301be5	ldr	r3, [fp, #-0x20]
      0x0041061c: 0x8331a0e1	lsl	r3, r3, #3
      0x00410620: 0x58201be5	ldr	r2, [fp, #-0x58]
      0x00410624: 0x034082e0	add	r4, r2, r3
bl    at 0x00410628: hooking 0x511300eb	bl	#0x415374 -> 0x88be03eb	bl	#0x500050
      0x0041062c: 0x0030a0e1	mov	r3, r0
      0x00410630: 0x043084e5	str	r3, [r4, #4]
      0x00410634: 0x5c301be5	ldr	r3, [fp, #-0x5c]
      0x00410638: 0x8331a0e1	lsl	r3, r3, #3
      0x0041063c: 0x10201be5	ldr	r2, [fp, #-0x10]
      0x00410640: 0x033082e0	add	r3, r2, r3
      0x00410644: 0x10300be5	str	r3, [fp, #-0x10]
      0x00410648: 0x5c301be5	ldr	r3, [fp, #-0x5c]
      0x0041064c: 0x0332a0e1	lsl	r3, r3, #4
      0x00410650: 0x14201be5	ldr	r2, [fp, #-0x14]
      0x00410654: 0x033082e0	add	r3, r2, r3
      0x00410658: 0x14300be5	str	r3, [fp, #-0x14]
      0x0041065c: 0x5c201be5	ldr	r2, [fp, #-0x5c]
      0x00410660: 0x0230a0e1	mov	r3, r2
      0x00410664: 0x8330a0e1	lsl	r3, r3, #1
      0x00410668: 0x023083e0	add	r3, r3, r2
      0x0041066c: 0x8331a0e1	lsl	r3, r3, #3
      0x00410670: 0x0320a0e1	mov	r2, r3
      0x00410674: 0x18301be5	ldr	r3, [fp, #-0x18]
      0x00410678: 0x023083e0	add	r3, r3, r2
      0x0041067c: 0x18300be5	str	r3, [fp, #-0x18]
      0x00410680: 0x58301be5	ldr	r3, [fp, #-0x58]
      0x00410684: 0x003093e5	ldr	r3, [r3]
      0x00410688: 0x3c201be5	ldr	r2, [fp, #-0x3c]
      0x0041068c: 0x0210a0e1	mov	r1, r2
      0x00410690: 0x0300a0e1	mov	r0, r3
bl    at 0x00410694: hooking 0x371300eb	bl	#0x415378 -> 0x6dbe03eb	bl	#0x500050
      0x00410698: 0x0030a0e1	mov	r3, r0
      0x0041069c: 0x0320a0e1	mov	r2, r3
      0x004106a0: 0x58301be5	ldr	r3, [fp, #-0x58]
      0x004106a4: 0x002083e5	str	r2, [r3]
      0x004106a8: 0x58301be5	ldr	r3, [fp, #-0x58]
      0x004106ac: 0x043093e5	ldr	r3, [r3, #4]
      0x004106b0: 0x38201be5	ldr	r2, [fp, #-0x38]
      0x004106b4: 0x0210a0e1	mov	r1, r2
      0x004106b8: 0x0300a0e1	mov	r0, r3
bl    at 0x004106bc: hooking 0x2d1300eb	bl	#0x415378 -> 0x63be03eb	bl	#0x500050
      0x004106c0: 0x0030a0e1	mov	r3, r0
      0x004106c4: 0x0320a0e1	mov	r2, r3
      0x004106c8: 0x58301be5	ldr	r3, [fp, #-0x58]
      0x004106cc: 0x042083e5	str	r2, [r3, #4]
      0x004106d0: 0x60301be5	ldr	r3, [fp, #-0x60]
      0x004106d4: 0x043093e5	ldr	r3, [r3, #4]
      0x004106d8: 0x000053e3	cmp	r3, #0
      0x004106dc: 0x2400000a	beq	#0x410774
      0x004106e0: 0x2c001be5	ldr	r0, [fp, #-0x2c]
      0x004106e4: 0x30101be5	ldr	r1, [fp, #-0x30]
      0x004106e8: 0x64301be5	ldr	r3, [fp, #-0x64]
      0x004106ec: 0x8331a0e1	lsl	r3, r3, #3
      0x004106f0: 0x58201be5	ldr	r2, [fp, #-0x58]
      0x004106f4: 0x034082e0	add	r4, r2, r3
bl    at 0x004106f8: hooking 0x1d1300eb	bl	#0x415374 -> 0x54be03eb	bl	#0x500050
      0x004106fc: 0x0030a0e1	mov	r3, r0
      0x00410700: 0x003084e5	str	r3, [r4]
      0x00410704: 0x28001be5	ldr	r0, [fp, #-0x28]
      0x00410708: 0x34101be5	ldr	r1, [fp, #-0x34]
      0x0041070c: 0x64301be5	ldr	r3, [fp, #-0x64]
      0x00410710: 0x8331a0e1	lsl	r3, r3, #3
      0x00410714: 0x58201be5	ldr	r2, [fp, #-0x58]
      0x00410718: 0x034082e0	add	r4, r2, r3
bl    at 0x0041071c: hooking 0x151300eb	bl	#0x415378 -> 0x4bbe03eb	bl	#0x500050
      0x00410720: 0x0030a0e1	mov	r3, r0
      0x00410724: 0x043084e5	str	r3, [r4, #4]
      0x00410728: 0x2c001be5	ldr	r0, [fp, #-0x2c]
      0x0041072c: 0x30101be5	ldr	r1, [fp, #-0x30]
      0x00410730: 0x24301be5	ldr	r3, [fp, #-0x24]
      0x00410734: 0x8331a0e1	lsl	r3, r3, #3
      0x00410738: 0x58201be5	ldr	r2, [fp, #-0x58]
      0x0041073c: 0x034082e0	add	r4, r2, r3
bl    at 0x00410740: hooking 0x0c1300eb	bl	#0x415378 -> 0x42be03eb	bl	#0x500050
      0x00410744: 0x0030a0e1	mov	r3, r0
      0x00410748: 0x003084e5	str	r3, [r4]
      0x0041074c: 0x28001be5	ldr	r0, [fp, #-0x28]
      0x00410750: 0x34101be5	ldr	r1, [fp, #-0x34]
      0x00410754: 0x24301be5	ldr	r3, [fp, #-0x24]
      0x00410758: 0x8331a0e1	lsl	r3, r3, #3
      0x0041075c: 0x58201be5	ldr	r2, [fp, #-0x58]
      0x00410760: 0x034082e0	add	r4, r2, r3
bl    at 0x00410764: hooking 0x021300eb	bl	#0x415374 -> 0x39be03eb	bl	#0x500050
      0x00410768: 0x0030a0e1	mov	r3, r0
      0x0041076c: 0x043084e5	str	r3, [r4, #4]
b     at 0x00410770: hooking 0x230000ea	b	#0x410804 -> 0x22be03eb	bl	#0x500000
      0x00410774: 0x2c001be5	ldr	r0, [fp, #-0x2c]
      0x00410778: 0x30101be5	ldr	r1, [fp, #-0x30]
      0x0041077c: 0x64301be5	ldr	r3, [fp, #-0x64]
      0x00410780: 0x8331a0e1	lsl	r3, r3, #3
      0x00410784: 0x58201be5	ldr	r2, [fp, #-0x58]
      0x00410788: 0x034082e0	add	r4, r2, r3
bl    at 0x0041078c: hooking 0xf91200eb	bl	#0x415378 -> 0x2fbe03eb	bl	#0x500050
      0x00410790: 0x0030a0e1	mov	r3, r0
      0x00410794: 0x003084e5	str	r3, [r4]
      0x00410798: 0x28001be5	ldr	r0, [fp, #-0x28]
      0x0041079c: 0x34101be5	ldr	r1, [fp, #-0x34]
      0x004107a0: 0x64301be5	ldr	r3, [fp, #-0x64]
      0x004107a4: 0x8331a0e1	lsl	r3, r3, #3
      0x004107a8: 0x58201be5	ldr	r2, [fp, #-0x58]
      0x004107ac: 0x034082e0	add	r4, r2, r3
bl    at 0x004107b0: hooking 0xef1200eb	bl	#0x415374 -> 0x26be03eb	bl	#0x500050
      0x004107b4: 0x0030a0e1	mov	r3, r0
      0x004107b8: 0x043084e5	str	r3, [r4, #4]
      0x004107bc: 0x2c001be5	ldr	r0, [fp, #-0x2c]
      0x004107c0: 0x30101be5	ldr	r1, [fp, #-0x30]
      0x004107c4: 0x24301be5	ldr	r3, [fp, #-0x24]
      0x004107c8: 0x8331a0e1	lsl	r3, r3, #3
      0x004107cc: 0x58201be5	ldr	r2, [fp, #-0x58]
      0x004107d0: 0x034082e0	add	r4, r2, r3
bl    at 0x004107d4: hooking 0xe61200eb	bl	#0x415374 -> 0x1dbe03eb	bl	#0x500050
      0x004107d8: 0x0030a0e1	mov	r3, r0
      0x004107dc: 0x003084e5	str	r3, [r4]
      0x004107e0: 0x28001be5	ldr	r0, [fp, #-0x28]
      0x004107e4: 0x34101be5	ldr	r1, [fp, #-0x34]
      0x004107e8: 0x24301be5	ldr	r3, [fp, #-0x24]
      0x004107ec: 0x8331a0e1	lsl	r3, r3, #3
      0x004107f0: 0x58201be5	ldr	r2, [fp, #-0x58]
      0x004107f4: 0x034082e0	add	r4, r2, r3
bl    at 0x004107f8: hooking 0xde1200eb	bl	#0x415378 -> 0x14be03eb	bl	#0x500050
      0x004107fc: 0x0030a0e1	mov	r3, r0
      0x00410800: 0x043084e5	str	r3, [r4, #4]
      0x00410804: 0x58301be5	ldr	r3, [fp, #-0x58]
      0x00410808: 0x083083e2	add	r3, r3, #8
      0x0041080c: 0x58300be5	str	r3, [fp, #-0x58]
      0x00410810: 0x1c301be5	ldr	r3, [fp, #-0x1c]
      0x00410814: 0x013043e2	sub	r3, r3, #1
      0x00410818: 0x1c300be5	str	r3, [fp, #-0x1c]
      0x0041081c: 0x1c301be5	ldr	r3, [fp, #-0x1c]
      0x00410820: 0x000053e3	cmp	r3, #0
      0x00410824: 0x86feff1a	bne	#0x410244
      0x00410828: 0x0000a0e1	mov	r0, r0
      0x0041082c: 0x0000a0e1	mov	r0, r0
      0x00410830: 0x08d04be2	sub	sp, fp, #8
      0x00410834: 0x1048bde8	pop	{r4, fp, lr}
      0x00410838: 0x1eff2fe1	bx	lr
      0x0041083c: 0x30482de9	push	{r4, r5, fp, lr}
      0x00410840: 0x0cb08de2	add	fp, sp, #0xc
      0x00410844: 0x50d04de2	sub	sp, sp, #0x50
      0x00410848: 0x50000be5	str	r0, [fp, #-0x50]
      0x0041084c: 0x54100be5	str	r1, [fp, #-0x54]
      0x00410850: 0x58200be5	str	r2, [fp, #-0x58]
      0x00410854: 0x5c300be5	str	r3, [fp, #-0x5c]
      0x00410858: 0x5c301be5	ldr	r3, [fp, #-0x5c]
      0x0041085c: 0x10300be5	str	r3, [fp, #-0x10]
      0x00410860: 0x5c301be5	ldr	r3, [fp, #-0x5c]
      0x00410864: 0x8330a0e1	lsl	r3, r3, #1
      0x00410868: 0x1c300be5	str	r3, [fp, #-0x1c]
      0x0041086c: 0x54301be5	ldr	r3, [fp, #-0x54]
      0x00410870: 0x5c201be5	ldr	r2, [fp, #-0x5c]
      0x00410874: 0x920303e0	mul	r3, r2, r3
      0x00410878: 0x58101be5	ldr	r1, [fp, #-0x58]
      0x0041087c: 0x213083e2	add	r3, r3, #0x21
      0x00410880: 0x4c204be2	sub	r2, fp, #0x4c
      0x00410884: 0x8331a0e1	lsl	r3, r3, #3
      0x00410888: 0x033081e0	add	r3, r1, r3
      0x0041088c: 0x030093e8	ldm	r3, {r0, r1}
      0x00410890: 0x030082e8	stm	r2, {r0, r1}
      0x00410894: 0x58301be5	ldr	r3, [fp, #-0x58]
      0x00410898: 0x423f83e2	add	r3, r3, #0x108
      0x0041089c: 0x18300be5	str	r3, [fp, #-0x18]
      0x004108a0: 0x18301be5	ldr	r3, [fp, #-0x18]
      0x004108a4: 0x14300be5	str	r3, [fp, #-0x14]
      0x004108a8: 0x5c301be5	ldr	r3, [fp, #-0x5c]
      0x004108ac: 0x8331a0e1	lsl	r3, r3, #3
      0x004108b0: 0x50201be5	ldr	r2, [fp, #-0x50]
      0x004108b4: 0x033082e0	add	r3, r2, r3
      0x004108b8: 0x002093e5	ldr	r2, [r3]
      0x004108bc: 0x14301be5	ldr	r3, [fp, #-0x14]
      0x004108c0: 0x003093e5	ldr	r3, [r3]
      0x004108c4: 0x0310a0e1	mov	r1, r3
      0x004108c8: 0x0200a0e1	mov	r0, r2
bl    at 0x004108cc: hooking 0x1f0f00eb	bl	#0x414550 -> 0xdfbd03eb	bl	#0x500050
      0x004108d0: 0x0030a0e1	mov	r3, r0
      0x004108d4: 0x0340a0e1	mov	r4, r3
      0x004108d8: 0x5c301be5	ldr	r3, [fp, #-0x5c]
      0x004108dc: 0x8331a0e1	lsl	r3, r3, #3
      0x004108e0: 0x50201be5	ldr	r2, [fp, #-0x50]
      0x004108e4: 0x033082e0	add	r3, r2, r3
      0x004108e8: 0x042093e5	ldr	r2, [r3, #4]
      0x004108ec: 0x14301be5	ldr	r3, [fp, #-0x14]
      0x004108f0: 0x043093e5	ldr	r3, [r3, #4]
      0x004108f4: 0x0310a0e1	mov	r1, r3
      0x004108f8: 0x0200a0e1	mov	r0, r2
bl    at 0x004108fc: hooking 0x130f00eb	bl	#0x414550 -> 0xd3bd03eb	bl	#0x500050
      0x00410900: 0x0030a0e1	mov	r3, r0
      0x00410904: 0x0310a0e1	mov	r1, r3
      0x00410908: 0x0400a0e1	mov	r0, r4
bl    at 0x0041090c: hooking 0x981200eb	bl	#0x415374 -> 0xcfbd03eb	bl	#0x500050
      0x00410910: 0x0030a0e1	mov	r3, r0
      0x00410914: 0x3c300be5	str	r3, [fp, #-0x3c]
      0x00410918: 0x5c301be5	ldr	r3, [fp, #-0x5c]
      0x0041091c: 0x8331a0e1	lsl	r3, r3, #3
      0x00410920: 0x50201be5	ldr	r2, [fp, #-0x50]
      0x00410924: 0x033082e0	add	r3, r2, r3
      0x00410928: 0x002093e5	ldr	r2, [r3]
      0x0041092c: 0x14301be5	ldr	r3, [fp, #-0x14]
      0x00410930: 0x043093e5	ldr	r3, [r3, #4]
      0x00410934: 0x0310a0e1	mov	r1, r3
      0x00410938: 0x0200a0e1	mov	r0, r2
bl    at 0x0041093c: hooking 0x030f00eb	bl	#0x414550 -> 0xc3bd03eb	bl	#0x500050
      0x00410940: 0x0030a0e1	mov	r3, r0
      0x00410944: 0x0340a0e1	mov	r4, r3
      0x00410948: 0x5c301be5	ldr	r3, [fp, #-0x5c]
      0x0041094c: 0x8331a0e1	lsl	r3, r3, #3
      0x00410950: 0x50201be5	ldr	r2, [fp, #-0x50]
      0x00410954: 0x033082e0	add	r3, r2, r3
      0x00410958: 0x042093e5	ldr	r2, [r3, #4]
      0x0041095c: 0x14301be5	ldr	r3, [fp, #-0x14]
      0x00410960: 0x003093e5	ldr	r3, [r3]
      0x00410964: 0x0310a0e1	mov	r1, r3
      0x00410968: 0x0200a0e1	mov	r0, r2
bl    at 0x0041096c: hooking 0xf70e00eb	bl	#0x414550 -> 0xb7bd03eb	bl	#0x500050
      0x00410970: 0x0030a0e1	mov	r3, r0
      0x00410974: 0x0310a0e1	mov	r1, r3
      0x00410978: 0x0400a0e1	mov	r0, r4
bl    at 0x0041097c: hooking 0x7d1200eb	bl	#0x415378 -> 0xb3bd03eb	bl	#0x500050
      0x00410980: 0x0030a0e1	mov	r3, r0
      0x00410984: 0x38300be5	str	r3, [fp, #-0x38]
      0x00410988: 0x1c301be5	ldr	r3, [fp, #-0x1c]
      0x0041098c: 0x8331a0e1	lsl	r3, r3, #3
      0x00410990: 0x50201be5	ldr	r2, [fp, #-0x50]
      0x00410994: 0x033082e0	add	r3, r2, r3
      0x00410998: 0x002093e5	ldr	r2, [r3]
      0x0041099c: 0x18301be5	ldr	r3, [fp, #-0x18]
      0x004109a0: 0x003093e5	ldr	r3, [r3]
      0x004109a4: 0x0310a0e1	mov	r1, r3
      0x004109a8: 0x0200a0e1	mov	r0, r2
bl    at 0x004109ac: hooking 0xe70e00eb	bl	#0x414550 -> 0xa7bd03eb	bl	#0x500050
      0x004109b0: 0x0030a0e1	mov	r3, r0
      0x004109b4: 0x0340a0e1	mov	r4, r3
      0x004109b8: 0x1c301be5	ldr	r3, [fp, #-0x1c]
      0x004109bc: 0x8331a0e1	lsl	r3, r3, #3
      0x004109c0: 0x50201be5	ldr	r2, [fp, #-0x50]
      0x004109c4: 0x033082e0	add	r3, r2, r3
      0x004109c8: 0x042093e5	ldr	r2, [r3, #4]
      0x004109cc: 0x18301be5	ldr	r3, [fp, #-0x18]
      0x004109d0: 0x043093e5	ldr	r3, [r3, #4]
      0x004109d4: 0x0310a0e1	mov	r1, r3
      0x004109d8: 0x0200a0e1	mov	r0, r2
bl    at 0x004109dc: hooking 0xdb0e00eb	bl	#0x414550 -> 0x9bbd03eb	bl	#0x500050
      0x004109e0: 0x0030a0e1	mov	r3, r0
      0x004109e4: 0x0310a0e1	mov	r1, r3
      0x004109e8: 0x0400a0e1	mov	r0, r4
bl    at 0x004109ec: hooking 0x601200eb	bl	#0x415374 -> 0x97bd03eb	bl	#0x500050
      0x004109f0: 0x0030a0e1	mov	r3, r0
      0x004109f4: 0x34300be5	str	r3, [fp, #-0x34]
      0x004109f8: 0x1c301be5	ldr	r3, [fp, #-0x1c]
      0x004109fc: 0x8331a0e1	lsl	r3, r3, #3
      0x00410a00: 0x50201be5	ldr	r2, [fp, #-0x50]
      0x00410a04: 0x033082e0	add	r3, r2, r3
      0x00410a08: 0x002093e5	ldr	r2, [r3]
      0x00410a0c: 0x18301be5	ldr	r3, [fp, #-0x18]
      0x00410a10: 0x043093e5	ldr	r3, [r3, #4]
      0x00410a14: 0x0310a0e1	mov	r1, r3
      0x00410a18: 0x0200a0e1	mov	r0, r2
bl    at 0x00410a1c: hooking 0xcb0e00eb	bl	#0x414550 -> 0x8bbd03eb	bl	#0x500050
      0x00410a20: 0x0030a0e1	mov	r3, r0
      0x00410a24: 0x0340a0e1	mov	r4, r3
      0x00410a28: 0x1c301be5	ldr	r3, [fp, #-0x1c]
      0x00410a2c: 0x8331a0e1	lsl	r3, r3, #3
      0x00410a30: 0x50201be5	ldr	r2, [fp, #-0x50]
      0x00410a34: 0x033082e0	add	r3, r2, r3
      0x00410a38: 0x042093e5	ldr	r2, [r3, #4]
      0x00410a3c: 0x18301be5	ldr	r3, [fp, #-0x18]
      0x00410a40: 0x003093e5	ldr	r3, [r3]
      0x00410a44: 0x0310a0e1	mov	r1, r3
      0x00410a48: 0x0200a0e1	mov	r0, r2
bl    at 0x00410a4c: hooking 0xbf0e00eb	bl	#0x414550 -> 0x7fbd03eb	bl	#0x500050
      0x00410a50: 0x0030a0e1	mov	r3, r0
      0x00410a54: 0x0310a0e1	mov	r1, r3
      0x00410a58: 0x0400a0e1	mov	r0, r4
bl    at 0x00410a5c: hooking 0x451200eb	bl	#0x415378 -> 0x7bbd03eb	bl	#0x500050
      0x00410a60: 0x0030a0e1	mov	r3, r0
      0x00410a64: 0x30300be5	str	r3, [fp, #-0x30]
      0x00410a68: 0x3c301be5	ldr	r3, [fp, #-0x3c]
      0x00410a6c: 0x34201be5	ldr	r2, [fp, #-0x34]
      0x00410a70: 0x0210a0e1	mov	r1, r2
      0x00410a74: 0x0300a0e1	mov	r0, r3
bl    at 0x00410a78: hooking 0x3e1200eb	bl	#0x415378 -> 0x74bd03eb	bl	#0x500050
      0x00410a7c: 0x0030a0e1	mov	r3, r0
      0x00410a80: 0x2c300be5	str	r3, [fp, #-0x2c]
      0x00410a84: 0x38301be5	ldr	r3, [fp, #-0x38]
      0x00410a88: 0x30201be5	ldr	r2, [fp, #-0x30]
      0x00410a8c: 0x0210a0e1	mov	r1, r2
      0x00410a90: 0x0300a0e1	mov	r0, r3
bl    at 0x00410a94: hooking 0x371200eb	bl	#0x415378 -> 0x6dbd03eb	bl	#0x500050
      0x00410a98: 0x0030a0e1	mov	r3, r0
      0x00410a9c: 0x28300be5	str	r3, [fp, #-0x28]
      0x00410aa0: 0x3c301be5	ldr	r3, [fp, #-0x3c]
      0x00410aa4: 0x34201be5	ldr	r2, [fp, #-0x34]
      0x00410aa8: 0x0210a0e1	mov	r1, r2
      0x00410aac: 0x0300a0e1	mov	r0, r3
bl    at 0x00410ab0: hooking 0x2f1200eb	bl	#0x415374 -> 0x66bd03eb	bl	#0x500050
      0x00410ab4: 0x0030a0e1	mov	r3, r0
      0x00410ab8: 0x44300be5	str	r3, [fp, #-0x44]
      0x00410abc: 0x38301be5	ldr	r3, [fp, #-0x38]
      0x00410ac0: 0x30201be5	ldr	r2, [fp, #-0x30]
      0x00410ac4: 0x0210a0e1	mov	r1, r2
      0x00410ac8: 0x0300a0e1	mov	r0, r3
bl    at 0x00410acc: hooking 0x281200eb	bl	#0x415374 -> 0x5fbd03eb	bl	#0x500050
      0x00410ad0: 0x0030a0e1	mov	r3, r0
      0x00410ad4: 0x40300be5	str	r3, [fp, #-0x40]
      0x00410ad8: 0x54301be5	ldr	r3, [fp, #-0x54]
      0x00410adc: 0x8331a0e1	lsl	r3, r3, #3
      0x00410ae0: 0x14201be5	ldr	r2, [fp, #-0x14]
      0x00410ae4: 0x033082e0	add	r3, r2, r3
      0x00410ae8: 0x14300be5	str	r3, [fp, #-0x14]
      0x00410aec: 0x54301be5	ldr	r3, [fp, #-0x54]
      0x00410af0: 0x0332a0e1	lsl	r3, r3, #4
      0x00410af4: 0x18201be5	ldr	r2, [fp, #-0x18]
      0x00410af8: 0x033082e0	add	r3, r2, r3
      0x00410afc: 0x18300be5	str	r3, [fp, #-0x18]
      0x00410b00: 0x50301be5	ldr	r3, [fp, #-0x50]
      0x00410b04: 0x003093e5	ldr	r3, [r3]
      0x00410b08: 0x0300a0e1	mov	r0, r3
bl    at 0x00410b0c: hooking 0x221000eb	bl	#0x414b9c -> 0x4fbd03eb	bl	#0x500050
      0x00410b10: 0x0040a0e1	mov	r4, r0
      0x00410b14: 0x0150a0e1	mov	r5, r1
      0x00410b18: 0x2c301be5	ldr	r3, [fp, #-0x2c]
      0x00410b1c: 0x0300a0e1	mov	r0, r3
bl    at 0x00410b20: hooking 0x1d1000eb	bl	#0x414b9c -> 0x4abd03eb	bl	#0x500050
      0x00410b24: 0x0020a0e3	mov	r2, #0
      0x00410b28: 0x40329fe5	ldr	r3, [pc, #0x240]
bl    at 0x00410b2c: hooking 0x491000eb	bl	#0x414c58 -> 0x47bd03eb	bl	#0x500050
      0x00410b30: 0x0020a0e1	mov	r2, r0
      0x00410b34: 0x0130a0e1	mov	r3, r1
      0x00410b38: 0x0400a0e1	mov	r0, r4
      0x00410b3c: 0x0510a0e1	mov	r1, r5
bl    at 0x00410b40: hooking 0x3d0f00eb	bl	#0x41483c -> 0x42bd03eb	bl	#0x500050
      0x00410b44: 0x0020a0e1	mov	r2, r0
      0x00410b48: 0x0130a0e1	mov	r3, r1
      0x00410b4c: 0x0200a0e1	mov	r0, r2
      0x00410b50: 0x0310a0e1	mov	r1, r3
      0x00410b54: 0x5c301be5	ldr	r3, [fp, #-0x5c]
      0x00410b58: 0x8331a0e1	lsl	r3, r3, #3
      0x00410b5c: 0x50201be5	ldr	r2, [fp, #-0x50]
      0x00410b60: 0x034082e0	add	r4, r2, r3
bl    at 0x00410b64: hooking 0xd81100eb	bl	#0x4152cc -> 0x39bd03eb	bl	#0x500050
      0x00410b68: 0x0030a0e1	mov	r3, r0
      0x00410b6c: 0x003084e5	str	r3, [r4]
      0x00410b70: 0x50301be5	ldr	r3, [fp, #-0x50]
      0x00410b74: 0x043093e5	ldr	r3, [r3, #4]
      0x00410b78: 0x0300a0e1	mov	r0, r3
bl    at 0x00410b7c: hooking 0x061000eb	bl	#0x414b9c -> 0x33bd03eb	bl	#0x500050
      0x00410b80: 0x0040a0e1	mov	r4, r0
      0x00410b84: 0x0150a0e1	mov	r5, r1
      0x00410b88: 0x28301be5	ldr	r3, [fp, #-0x28]
      0x00410b8c: 0x0300a0e1	mov	r0, r3
bl    at 0x00410b90: hooking 0x011000eb	bl	#0x414b9c -> 0x2ebd03eb	bl	#0x500050
      0x00410b94: 0x0020a0e3	mov	r2, #0
      0x00410b98: 0xd0319fe5	ldr	r3, [pc, #0x1d0]
bl    at 0x00410b9c: hooking 0x2d1000eb	bl	#0x414c58 -> 0x2bbd03eb	bl	#0x500050
      0x00410ba0: 0x0020a0e1	mov	r2, r0
      0x00410ba4: 0x0130a0e1	mov	r3, r1
      0x00410ba8: 0x0400a0e1	mov	r0, r4
      0x00410bac: 0x0510a0e1	mov	r1, r5
bl    at 0x00410bb0: hooking 0x210f00eb	bl	#0x41483c -> 0x26bd03eb	bl	#0x500050
      0x00410bb4: 0x0020a0e1	mov	r2, r0
      0x00410bb8: 0x0130a0e1	mov	r3, r1
      0x00410bbc: 0x0200a0e1	mov	r0, r2
      0x00410bc0: 0x0310a0e1	mov	r1, r3
      0x00410bc4: 0x5c301be5	ldr	r3, [fp, #-0x5c]
      0x00410bc8: 0x8331a0e1	lsl	r3, r3, #3
      0x00410bcc: 0x50201be5	ldr	r2, [fp, #-0x50]
      0x00410bd0: 0x034082e0	add	r4, r2, r3
bl    at 0x00410bd4: hooking 0xbc1100eb	bl	#0x4152cc -> 0x1dbd03eb	bl	#0x500050
      0x00410bd8: 0x0030a0e1	mov	r3, r0
      0x00410bdc: 0x043084e5	str	r3, [r4, #4]
      0x00410be0: 0x44301be5	ldr	r3, [fp, #-0x44]
      0x00410be4: 0x48201be5	ldr	r2, [fp, #-0x48]
      0x00410be8: 0x0210a0e1	mov	r1, r2
      0x00410bec: 0x0300a0e1	mov	r0, r3
bl    at 0x00410bf0: hooking 0x560e00eb	bl	#0x414550 -> 0x16bd03eb	bl	#0x500050
      0x00410bf4: 0x0030a0e1	mov	r3, r0
      0x00410bf8: 0x44300be5	str	r3, [fp, #-0x44]
      0x00410bfc: 0x40301be5	ldr	r3, [fp, #-0x40]
      0x00410c00: 0x48201be5	ldr	r2, [fp, #-0x48]
      0x00410c04: 0x0210a0e1	mov	r1, r2
      0x00410c08: 0x0300a0e1	mov	r0, r3
bl    at 0x00410c0c: hooking 0x4f0e00eb	bl	#0x414550 -> 0x0fbd03eb	bl	#0x500050
      0x00410c10: 0x0030a0e1	mov	r3, r0
      0x00410c14: 0x40300be5	str	r3, [fp, #-0x40]
      0x00410c18: 0x50301be5	ldr	r3, [fp, #-0x50]
      0x00410c1c: 0x003093e5	ldr	r3, [r3]
      0x00410c20: 0x2c201be5	ldr	r2, [fp, #-0x2c]
      0x00410c24: 0x0210a0e1	mov	r1, r2
      0x00410c28: 0x0300a0e1	mov	r0, r3
bl    at 0x00410c2c: hooking 0xd11100eb	bl	#0x415378 -> 0x07bd03eb	bl	#0x500050
      0x00410c30: 0x0030a0e1	mov	r3, r0
      0x00410c34: 0x0320a0e1	mov	r2, r3
      0x00410c38: 0x50301be5	ldr	r3, [fp, #-0x50]
      0x00410c3c: 0x002083e5	str	r2, [r3]
      0x00410c40: 0x50301be5	ldr	r3, [fp, #-0x50]
      0x00410c44: 0x043093e5	ldr	r3, [r3, #4]
      0x00410c48: 0x28201be5	ldr	r2, [fp, #-0x28]
      0x00410c4c: 0x0210a0e1	mov	r1, r2
      0x00410c50: 0x0300a0e1	mov	r0, r3
bl    at 0x00410c54: hooking 0xc71100eb	bl	#0x415378 -> 0xfdbc03eb	bl	#0x500050
      0x00410c58: 0x0030a0e1	mov	r3, r0
      0x00410c5c: 0x0320a0e1	mov	r2, r3
      0x00410c60: 0x50301be5	ldr	r3, [fp, #-0x50]
      0x00410c64: 0x042083e5	str	r2, [r3, #4]
      0x00410c68: 0x5c301be5	ldr	r3, [fp, #-0x5c]
      0x00410c6c: 0x8331a0e1	lsl	r3, r3, #3
      0x00410c70: 0x50201be5	ldr	r2, [fp, #-0x50]
      0x00410c74: 0x033082e0	add	r3, r2, r3
      0x00410c78: 0x000093e5	ldr	r0, [r3]
      0x00410c7c: 0x40101be5	ldr	r1, [fp, #-0x40]
      0x00410c80: 0x1c301be5	ldr	r3, [fp, #-0x1c]
      0x00410c84: 0x8331a0e1	lsl	r3, r3, #3
      0x00410c88: 0x50201be5	ldr	r2, [fp, #-0x50]
      0x00410c8c: 0x034082e0	add	r4, r2, r3
bl    at 0x00410c90: hooking 0xb81100eb	bl	#0x415378 -> 0xeebc03eb	bl	#0x500050
      0x00410c94: 0x0030a0e1	mov	r3, r0
      0x00410c98: 0x003084e5	str	r3, [r4]
      0x00410c9c: 0x5c301be5	ldr	r3, [fp, #-0x5c]
      0x00410ca0: 0x8331a0e1	lsl	r3, r3, #3
      0x00410ca4: 0x50201be5	ldr	r2, [fp, #-0x50]
      0x00410ca8: 0x033082e0	add	r3, r2, r3
      0x00410cac: 0x040093e5	ldr	r0, [r3, #4]
      0x00410cb0: 0x44101be5	ldr	r1, [fp, #-0x44]
      0x00410cb4: 0x1c301be5	ldr	r3, [fp, #-0x1c]
      0x00410cb8: 0x8331a0e1	lsl	r3, r3, #3
      0x00410cbc: 0x50201be5	ldr	r2, [fp, #-0x50]
      0x00410cc0: 0x034082e0	add	r4, r2, r3
bl    at 0x00410cc4: hooking 0xaa1100eb	bl	#0x415374 -> 0xe1bc03eb	bl	#0x500050
      0x00410cc8: 0x0030a0e1	mov	r3, r0
      0x00410ccc: 0x043084e5	str	r3, [r4, #4]
      0x00410cd0: 0x5c301be5	ldr	r3, [fp, #-0x5c]
      0x00410cd4: 0x8331a0e1	lsl	r3, r3, #3
      0x00410cd8: 0x50201be5	ldr	r2, [fp, #-0x50]
      0x00410cdc: 0x033082e0	add	r3, r2, r3
      0x00410ce0: 0x000093e5	ldr	r0, [r3]
      0x00410ce4: 0x40101be5	ldr	r1, [fp, #-0x40]
      0x00410ce8: 0x5c301be5	ldr	r3, [fp, #-0x5c]
      0x00410cec: 0x8331a0e1	lsl	r3, r3, #3
      0x00410cf0: 0x50201be5	ldr	r2, [fp, #-0x50]
      0x00410cf4: 0x034082e0	add	r4, r2, r3
bl    at 0x00410cf8: hooking 0x9d1100eb	bl	#0x415374 -> 0xd4bc03eb	bl	#0x500050
      0x00410cfc: 0x0030a0e1	mov	r3, r0
      0x00410d00: 0x003084e5	str	r3, [r4]
      0x00410d04: 0x5c301be5	ldr	r3, [fp, #-0x5c]
      0x00410d08: 0x8331a0e1	lsl	r3, r3, #3
      0x00410d0c: 0x50201be5	ldr	r2, [fp, #-0x50]
      0x00410d10: 0x033082e0	add	r3, r2, r3
      0x00410d14: 0x040093e5	ldr	r0, [r3, #4]
      0x00410d18: 0x44101be5	ldr	r1, [fp, #-0x44]
      0x00410d1c: 0x5c301be5	ldr	r3, [fp, #-0x5c]
      0x00410d20: 0x8331a0e1	lsl	r3, r3, #3
      0x00410d24: 0x50201be5	ldr	r2, [fp, #-0x50]
      0x00410d28: 0x034082e0	add	r4, r2, r3
bl    at 0x00410d2c: hooking 0x911100eb	bl	#0x415378 -> 0xc7bc03eb	bl	#0x500050
      0x00410d30: 0x0030a0e1	mov	r3, r0
      0x00410d34: 0x043084e5	str	r3, [r4, #4]
      0x00410d38: 0x50301be5	ldr	r3, [fp, #-0x50]
      0x00410d3c: 0x083083e2	add	r3, r3, #8
      0x00410d40: 0x50300be5	str	r3, [fp, #-0x50]
      0x00410d44: 0x10301be5	ldr	r3, [fp, #-0x10]
      0x00410d48: 0x013043e2	sub	r3, r3, #1
      0x00410d4c: 0x10300be5	str	r3, [fp, #-0x10]
      0x00410d50: 0x10301be5	ldr	r3, [fp, #-0x10]
      0x00410d54: 0x000053e3	cmp	r3, #0
      0x00410d58: 0xd2feff1a	bne	#0x4108a8
      0x00410d5c: 0x0000a0e1	mov	r0, r0
      0x00410d60: 0x0000a0e1	mov	r0, r0
      0x00410d64: 0x0cd04be2	sub	sp, fp, #0xc
      0x00410d68: 0x3048bde8	pop	{r4, r5, fp, lr}
      0x00410d6c: 0x1eff2fe1	bx	lr
      0x00410d70: 0x0000e03f	svclo	#0xe00000
      0x00410d74: 0x10482de9	push	{r4, fp, lr}
      0x00410d78: 0x08b08de2	add	fp, sp, #8
      0x00410d7c: 0xacd04de2	sub	sp, sp, #0xac
      0x00410d80: 0xa8000be5	str	r0, [fp, #-0xa8]
      0x00410d84: 0xac100be5	str	r1, [fp, #-0xac]
      0x00410d88: 0xb0200be5	str	r2, [fp, #-0xb0]
      0x00410d8c: 0xb4300be5	str	r3, [fp, #-0xb4]
      0x00410d90: 0xb0301be5	ldr	r3, [fp, #-0xb0]
      0x00410d94: 0x423f83e2	add	r3, r3, #0x108
      0x00410d98: 0x28300be5	str	r3, [fp, #-0x28]
      0x00410d9c: 0xb4301be5	ldr	r3, [fp, #-0xb4]
      0x00410da0: 0xac201be5	ldr	r2, [fp, #-0xac]
      0x00410da4: 0x920303e0	mul	r3, r2, r3
      0x00410da8: 0x8331a0e1	lsl	r3, r3, #3
      0x00410dac: 0x28201be5	ldr	r2, [fp, #-0x28]
      0x00410db0: 0x032082e0	add	r2, r2, r3
      0x00410db4: 0x9c304be2	sub	r3, fp, #0x9c
      0x00410db8: 0x030092e8	ldm	r2, {r0, r1}
      0x00410dbc: 0x030083e8	stm	r3, {r0, r1}
      0x00410dc0: 0xb4301be5	ldr	r3, [fp, #-0xb4]
      0x00410dc4: 0xac201be5	ldr	r2, [fp, #-0xac]
      0x00410dc8: 0x920303e0	mul	r3, r2, r3
      0x00410dcc: 0x0332a0e1	lsl	r3, r3, #4
      0x00410dd0: 0x28201be5	ldr	r2, [fp, #-0x28]
      0x00410dd4: 0x032082e0	add	r2, r2, r3
      0x00410dd8: 0xa4304be2	sub	r3, fp, #0xa4
      0x00410ddc: 0x030092e8	ldm	r2, {r0, r1}
      0x00410de0: 0x030083e8	stm	r3, {r0, r1}
      0x00410de4: 0xa8301be5	ldr	r3, [fp, #-0xa8]
      0x00410de8: 0x10300be5	str	r3, [fp, #-0x10]
      0x00410dec: 0xb4301be5	ldr	r3, [fp, #-0xb4]
      0x00410df0: 0x8331a0e1	lsl	r3, r3, #3
      0x00410df4: 0x10201be5	ldr	r2, [fp, #-0x10]
      0x00410df8: 0x033082e0	add	r3, r2, r3
      0x00410dfc: 0x14300be5	str	r3, [fp, #-0x14]
      0x00410e00: 0xb4301be5	ldr	r3, [fp, #-0xb4]
      0x00410e04: 0x0332a0e1	lsl	r3, r3, #4
      0x00410e08: 0x10201be5	ldr	r2, [fp, #-0x10]
      0x00410e0c: 0x033082e0	add	r3, r2, r3
      0x00410e10: 0x18300be5	str	r3, [fp, #-0x18]
      0x00410e14: 0xb4201be5	ldr	r2, [fp, #-0xb4]
      0x00410e18: 0x0230a0e1	mov	r3, r2
      0x00410e1c: 0x8330a0e1	lsl	r3, r3, #1
      0x00410e20: 0x023083e0	add	r3, r3, r2
      0x00410e24: 0x8331a0e1	lsl	r3, r3, #3
      0x00410e28: 0x0320a0e1	mov	r2, r3
      0x00410e2c: 0x10301be5	ldr	r3, [fp, #-0x10]
      0x00410e30: 0x023083e0	add	r3, r3, r2
      0x00410e34: 0x1c300be5	str	r3, [fp, #-0x1c]
      0x00410e38: 0xb4301be5	ldr	r3, [fp, #-0xb4]
      0x00410e3c: 0x8332a0e1	lsl	r3, r3, #5
      0x00410e40: 0x10201be5	ldr	r2, [fp, #-0x10]
      0x00410e44: 0x033082e0	add	r3, r2, r3
      0x00410e48: 0x20300be5	str	r3, [fp, #-0x20]
      0x00410e4c: 0xb0301be5	ldr	r3, [fp, #-0xb0]
      0x00410e50: 0x423f83e2	add	r3, r3, #0x108
      0x00410e54: 0x2c300be5	str	r3, [fp, #-0x2c]
      0x00410e58: 0x0030a0e3	mov	r3, #0
      0x00410e5c: 0x24300be5	str	r3, [fp, #-0x24]
b     at 0x00410e60: hooking 0x570200ea	b	#0x4117c4 -> 0x66bc03eb	bl	#0x500000
      0x00410e64: 0x10201be5	ldr	r2, [fp, #-0x10]
      0x00410e68: 0x94304be2	sub	r3, fp, #0x94
      0x00410e6c: 0x030092e8	ldm	r2, {r0, r1}
      0x00410e70: 0x030083e8	stm	r3, {r0, r1}
      0x00410e74: 0x14301be5	ldr	r3, [fp, #-0x14]
      0x00410e78: 0x000093e5	ldr	r0, [r3]
      0x00410e7c: 0x24301be5	ldr	r3, [fp, #-0x24]
      0x00410e80: 0xac201be5	ldr	r2, [fp, #-0xac]
      0x00410e84: 0x920303e0	mul	r3, r2, r3
      0x00410e88: 0x8331a0e1	lsl	r3, r3, #3
      0x00410e8c: 0x2c201be5	ldr	r2, [fp, #-0x2c]
      0x00410e90: 0x033082e0	add	r3, r2, r3
      0x00410e94: 0x003093e5	ldr	r3, [r3]
      0x00410e98: 0x0310a0e1	mov	r1, r3
bl    at 0x00410e9c: hooking 0xab0d00eb	bl	#0x414550 -> 0x6bbc03eb	bl	#0x500050
      0x00410ea0: 0x0030a0e1	mov	r3, r0
      0x00410ea4: 0x0340a0e1	mov	r4, r3
      0x00410ea8: 0x14301be5	ldr	r3, [fp, #-0x14]
      0x00410eac: 0x040093e5	ldr	r0, [r3, #4]
      0x00410eb0: 0x24301be5	ldr	r3, [fp, #-0x24]
      0x00410eb4: 0xac201be5	ldr	r2, [fp, #-0xac]
      0x00410eb8: 0x920303e0	mul	r3, r2, r3
      0x00410ebc: 0x8331a0e1	lsl	r3, r3, #3
      0x00410ec0: 0x2c201be5	ldr	r2, [fp, #-0x2c]
      0x00410ec4: 0x033082e0	add	r3, r2, r3
      0x00410ec8: 0x043093e5	ldr	r3, [r3, #4]
      0x00410ecc: 0x0310a0e1	mov	r1, r3
bl    at 0x00410ed0: hooking 0x9e0d00eb	bl	#0x414550 -> 0x5ebc03eb	bl	#0x500050
      0x00410ed4: 0x0030a0e1	mov	r3, r0
      0x00410ed8: 0x0310a0e1	mov	r1, r3
      0x00410edc: 0x0400a0e1	mov	r0, r4
bl    at 0x00410ee0: hooking 0x231100eb	bl	#0x415374 -> 0x5abc03eb	bl	#0x500050
      0x00410ee4: 0x0030a0e1	mov	r3, r0
      0x00410ee8: 0x8c300be5	str	r3, [fp, #-0x8c]
      0x00410eec: 0x14301be5	ldr	r3, [fp, #-0x14]
      0x00410ef0: 0x000093e5	ldr	r0, [r3]
      0x00410ef4: 0x24301be5	ldr	r3, [fp, #-0x24]
      0x00410ef8: 0xac201be5	ldr	r2, [fp, #-0xac]
      0x00410efc: 0x920303e0	mul	r3, r2, r3
      0x00410f00: 0x8331a0e1	lsl	r3, r3, #3
      0x00410f04: 0x2c201be5	ldr	r2, [fp, #-0x2c]
      0x00410f08: 0x033082e0	add	r3, r2, r3
      0x00410f0c: 0x043093e5	ldr	r3, [r3, #4]
      0x00410f10: 0x0310a0e1	mov	r1, r3
bl    at 0x00410f14: hooking 0x8d0d00eb	bl	#0x414550 -> 0x4dbc03eb	bl	#0x500050
      0x00410f18: 0x0030a0e1	mov	r3, r0
      0x00410f1c: 0x0340a0e1	mov	r4, r3
      0x00410f20: 0x14301be5	ldr	r3, [fp, #-0x14]
      0x00410f24: 0x040093e5	ldr	r0, [r3, #4]
      0x00410f28: 0x24301be5	ldr	r3, [fp, #-0x24]
      0x00410f2c: 0xac201be5	ldr	r2, [fp, #-0xac]
      0x00410f30: 0x920303e0	mul	r3, r2, r3
      0x00410f34: 0x8331a0e1	lsl	r3, r3, #3
      0x00410f38: 0x2c201be5	ldr	r2, [fp, #-0x2c]
      0x00410f3c: 0x033082e0	add	r3, r2, r3
      0x00410f40: 0x003093e5	ldr	r3, [r3]
      0x00410f44: 0x0310a0e1	mov	r1, r3
bl    at 0x00410f48: hooking 0x800d00eb	bl	#0x414550 -> 0x40bc03eb	bl	#0x500050
      0x00410f4c: 0x0030a0e1	mov	r3, r0
      0x00410f50: 0x0310a0e1	mov	r1, r3
      0x00410f54: 0x0400a0e1	mov	r0, r4
bl    at 0x00410f58: hooking 0x061100eb	bl	#0x415378 -> 0x3cbc03eb	bl	#0x500050
      0x00410f5c: 0x0030a0e1	mov	r3, r0
      0x00410f60: 0x88300be5	str	r3, [fp, #-0x88]
      0x00410f64: 0x18301be5	ldr	r3, [fp, #-0x18]
      0x00410f68: 0x000093e5	ldr	r0, [r3]
      0x00410f6c: 0x24301be5	ldr	r3, [fp, #-0x24]
      0x00410f70: 0xac201be5	ldr	r2, [fp, #-0xac]
      0x00410f74: 0x920303e0	mul	r3, r2, r3
      0x00410f78: 0x0332a0e1	lsl	r3, r3, #4
      0x00410f7c: 0x2c201be5	ldr	r2, [fp, #-0x2c]
      0x00410f80: 0x033082e0	add	r3, r2, r3
      0x00410f84: 0x003093e5	ldr	r3, [r3]
      0x00410f88: 0x0310a0e1	mov	r1, r3
bl    at 0x00410f8c: hooking 0x6f0d00eb	bl	#0x414550 -> 0x2fbc03eb	bl	#0x500050
      0x00410f90: 0x0030a0e1	mov	r3, r0
      0x00410f94: 0x0340a0e1	mov	r4, r3
      0x00410f98: 0x18301be5	ldr	r3, [fp, #-0x18]
      0x00410f9c: 0x040093e5	ldr	r0, [r3, #4]
      0x00410fa0: 0x24301be5	ldr	r3, [fp, #-0x24]
      0x00410fa4: 0xac201be5	ldr	r2, [fp, #-0xac]
      0x00410fa8: 0x920303e0	mul	r3, r2, r3
      0x00410fac: 0x0332a0e1	lsl	r3, r3, #4
      0x00410fb0: 0x2c201be5	ldr	r2, [fp, #-0x2c]
      0x00410fb4: 0x033082e0	add	r3, r2, r3
      0x00410fb8: 0x043093e5	ldr	r3, [r3, #4]
      0x00410fbc: 0x0310a0e1	mov	r1, r3
bl    at 0x00410fc0: hooking 0x620d00eb	bl	#0x414550 -> 0x22bc03eb	bl	#0x500050
      0x00410fc4: 0x0030a0e1	mov	r3, r0
      0x00410fc8: 0x0310a0e1	mov	r1, r3
      0x00410fcc: 0x0400a0e1	mov	r0, r4
bl    at 0x00410fd0: hooking 0xe71000eb	bl	#0x415374 -> 0x1ebc03eb	bl	#0x500050
      0x00410fd4: 0x0030a0e1	mov	r3, r0
      0x00410fd8: 0x84300be5	str	r3, [fp, #-0x84]
      0x00410fdc: 0x18301be5	ldr	r3, [fp, #-0x18]
      0x00410fe0: 0x000093e5	ldr	r0, [r3]
      0x00410fe4: 0x24301be5	ldr	r3, [fp, #-0x24]
      0x00410fe8: 0xac201be5	ldr	r2, [fp, #-0xac]
      0x00410fec: 0x920303e0	mul	r3, r2, r3
      0x00410ff0: 0x0332a0e1	lsl	r3, r3, #4
      0x00410ff4: 0x2c201be5	ldr	r2, [fp, #-0x2c]
      0x00410ff8: 0x033082e0	add	r3, r2, r3
      0x00410ffc: 0x043093e5	ldr	r3, [r3, #4]
      0x00411000: 0x0310a0e1	mov	r1, r3
bl    at 0x00411004: hooking 0x510d00eb	bl	#0x414550 -> 0x11bc03eb	bl	#0x500050
      0x00411008: 0x0030a0e1	mov	r3, r0
      0x0041100c: 0x0340a0e1	mov	r4, r3
      0x00411010: 0x18301be5	ldr	r3, [fp, #-0x18]
      0x00411014: 0x040093e5	ldr	r0, [r3, #4]
      0x00411018: 0x24301be5	ldr	r3, [fp, #-0x24]
      0x0041101c: 0xac201be5	ldr	r2, [fp, #-0xac]
      0x00411020: 0x920303e0	mul	r3, r2, r3
      0x00411024: 0x0332a0e1	lsl	r3, r3, #4
      0x00411028: 0x2c201be5	ldr	r2, [fp, #-0x2c]
      0x0041102c: 0x033082e0	add	r3, r2, r3
      0x00411030: 0x003093e5	ldr	r3, [r3]
      0x00411034: 0x0310a0e1	mov	r1, r3
bl    at 0x00411038: hooking 0x440d00eb	bl	#0x414550 -> 0x04bc03eb	bl	#0x500050
      0x0041103c: 0x0030a0e1	mov	r3, r0
      0x00411040: 0x0310a0e1	mov	r1, r3
      0x00411044: 0x0400a0e1	mov	r0, r4
bl    at 0x00411048: hooking 0xca1000eb	bl	#0x415378 -> 0x00bc03eb	bl	#0x500050
      0x0041104c: 0x0030a0e1	mov	r3, r0
      0x00411050: 0x80300be5	str	r3, [fp, #-0x80]
      0x00411054: 0x1c301be5	ldr	r3, [fp, #-0x1c]
      0x00411058: 0x000093e5	ldr	r0, [r3]
      0x0041105c: 0x24301be5	ldr	r3, [fp, #-0x24]
      0x00411060: 0xac201be5	ldr	r2, [fp, #-0xac]
      0x00411064: 0x930202e0	mul	r2, r3, r2
      0x00411068: 0x0230a0e1	mov	r3, r2
      0x0041106c: 0x8330a0e1	lsl	r3, r3, #1
      0x00411070: 0x023083e0	add	r3, r3, r2
      0x00411074: 0x8331a0e1	lsl	r3, r3, #3
      0x00411078: 0x0320a0e1	mov	r2, r3
      0x0041107c: 0x2c301be5	ldr	r3, [fp, #-0x2c]
      0x00411080: 0x023083e0	add	r3, r3, r2
      0x00411084: 0x003093e5	ldr	r3, [r3]
      0x00411088: 0x0310a0e1	mov	r1, r3
bl    at 0x0041108c: hooking 0x2f0d00eb	bl	#0x414550 -> 0xefbb03eb	bl	#0x500050
      0x00411090: 0x0030a0e1	mov	r3, r0
      0x00411094: 0x0340a0e1	mov	r4, r3
      0x00411098: 0x1c301be5	ldr	r3, [fp, #-0x1c]
      0x0041109c: 0x040093e5	ldr	r0, [r3, #4]
      0x004110a0: 0x24301be5	ldr	r3, [fp, #-0x24]
      0x004110a4: 0xac201be5	ldr	r2, [fp, #-0xac]
      0x004110a8: 0x930202e0	mul	r2, r3, r2
      0x004110ac: 0x0230a0e1	mov	r3, r2
      0x004110b0: 0x8330a0e1	lsl	r3, r3, #1
      0x004110b4: 0x023083e0	add	r3, r3, r2
      0x004110b8: 0x8331a0e1	lsl	r3, r3, #3
      0x004110bc: 0x0320a0e1	mov	r2, r3
      0x004110c0: 0x2c301be5	ldr	r3, [fp, #-0x2c]
      0x004110c4: 0x023083e0	add	r3, r3, r2
      0x004110c8: 0x043093e5	ldr	r3, [r3, #4]
      0x004110cc: 0x0310a0e1	mov	r1, r3
bl    at 0x004110d0: hooking 0x1e0d00eb	bl	#0x414550 -> 0xdebb03eb	bl	#0x500050
      0x004110d4: 0x0030a0e1	mov	r3, r0
      0x004110d8: 0x0310a0e1	mov	r1, r3
      0x004110dc: 0x0400a0e1	mov	r0, r4
bl    at 0x004110e0: hooking 0xa31000eb	bl	#0x415374 -> 0xdabb03eb	bl	#0x500050
      0x004110e4: 0x0030a0e1	mov	r3, r0
      0x004110e8: 0x7c300be5	str	r3, [fp, #-0x7c]
      0x004110ec: 0x1c301be5	ldr	r3, [fp, #-0x1c]
      0x004110f0: 0x000093e5	ldr	r0, [r3]
      0x004110f4: 0x24301be5	ldr	r3, [fp, #-0x24]
      0x004110f8: 0xac201be5	ldr	r2, [fp, #-0xac]
      0x004110fc: 0x930202e0	mul	r2, r3, r2
      0x00411100: 0x0230a0e1	mov	r3, r2
      0x00411104: 0x8330a0e1	lsl	r3, r3, #1
      0x00411108: 0x023083e0	add	r3, r3, r2
      0x0041110c: 0x8331a0e1	lsl	r3, r3, #3
      0x00411110: 0x0320a0e1	mov	r2, r3
      0x00411114: 0x2c301be5	ldr	r3, [fp, #-0x2c]
      0x00411118: 0x023083e0	add	r3, r3, r2
      0x0041111c: 0x043093e5	ldr	r3, [r3, #4]
      0x00411120: 0x0310a0e1	mov	r1, r3
bl    at 0x00411124: hooking 0x090d00eb	bl	#0x414550 -> 0xc9bb03eb	bl	#0x500050
      0x00411128: 0x0030a0e1	mov	r3, r0
      0x0041112c: 0x0340a0e1	mov	r4, r3
      0x00411130: 0x1c301be5	ldr	r3, [fp, #-0x1c]
      0x00411134: 0x040093e5	ldr	r0, [r3, #4]
      0x00411138: 0x24301be5	ldr	r3, [fp, #-0x24]
      0x0041113c: 0xac201be5	ldr	r2, [fp, #-0xac]
      0x00411140: 0x930202e0	mul	r2, r3, r2
      0x00411144: 0x0230a0e1	mov	r3, r2
      0x00411148: 0x8330a0e1	lsl	r3, r3, #1
      0x0041114c: 0x023083e0	add	r3, r3, r2
      0x00411150: 0x8331a0e1	lsl	r3, r3, #3
      0x00411154: 0x0320a0e1	mov	r2, r3
      0x00411158: 0x2c301be5	ldr	r3, [fp, #-0x2c]
      0x0041115c: 0x023083e0	add	r3, r3, r2
      0x00411160: 0x003093e5	ldr	r3, [r3]
      0x00411164: 0x0310a0e1	mov	r1, r3
bl    at 0x00411168: hooking 0xf80c00eb	bl	#0x414550 -> 0xb8bb03eb	bl	#0x500050
      0x0041116c: 0x0030a0e1	mov	r3, r0
      0x00411170: 0x0310a0e1	mov	r1, r3
      0x00411174: 0x0400a0e1	mov	r0, r4
bl    at 0x00411178: hooking 0x7e1000eb	bl	#0x415378 -> 0xb4bb03eb	bl	#0x500050
      0x0041117c: 0x0030a0e1	mov	r3, r0
      0x00411180: 0x78300be5	str	r3, [fp, #-0x78]
      0x00411184: 0x20301be5	ldr	r3, [fp, #-0x20]
      0x00411188: 0x000093e5	ldr	r0, [r3]
      0x0041118c: 0x24301be5	ldr	r3, [fp, #-0x24]
      0x00411190: 0xac201be5	ldr	r2, [fp, #-0xac]
      0x00411194: 0x920303e0	mul	r3, r2, r3
      0x00411198: 0x8332a0e1	lsl	r3, r3, #5
      0x0041119c: 0x2c201be5	ldr	r2, [fp, #-0x2c]
      0x004111a0: 0x033082e0	add	r3, r2, r3
      0x004111a4: 0x003093e5	ldr	r3, [r3]
      0x004111a8: 0x0310a0e1	mov	r1, r3
bl    at 0x004111ac: hooking 0xe70c00eb	bl	#0x414550 -> 0xa7bb03eb	bl	#0x500050
      0x004111b0: 0x0030a0e1	mov	r3, r0
      0x004111b4: 0x0340a0e1	mov	r4, r3
      0x004111b8: 0x20301be5	ldr	r3, [fp, #-0x20]
      0x004111bc: 0x040093e5	ldr	r0, [r3, #4]
      0x004111c0: 0x24301be5	ldr	r3, [fp, #-0x24]
      0x004111c4: 0xac201be5	ldr	r2, [fp, #-0xac]
      0x004111c8: 0x920303e0	mul	r3, r2, r3
      0x004111cc: 0x8332a0e1	lsl	r3, r3, #5
      0x004111d0: 0x2c201be5	ldr	r2, [fp, #-0x2c]
      0x004111d4: 0x033082e0	add	r3, r2, r3
      0x004111d8: 0x043093e5	ldr	r3, [r3, #4]
      0x004111dc: 0x0310a0e1	mov	r1, r3
bl    at 0x004111e0: hooking 0xda0c00eb	bl	#0x414550 -> 0x9abb03eb	bl	#0x500050
      0x004111e4: 0x0030a0e1	mov	r3, r0
      0x004111e8: 0x0310a0e1	mov	r1, r3
      0x004111ec: 0x0400a0e1	mov	r0, r4
bl    at 0x004111f0: hooking 0x5f1000eb	bl	#0x415374 -> 0x96bb03eb	bl	#0x500050
      0x004111f4: 0x0030a0e1	mov	r3, r0
      0x004111f8: 0x74300be5	str	r3, [fp, #-0x74]
      0x004111fc: 0x20301be5	ldr	r3, [fp, #-0x20]
      0x00411200: 0x000093e5	ldr	r0, [r3]
      0x00411204: 0x24301be5	ldr	r3, [fp, #-0x24]
      0x00411208: 0xac201be5	ldr	r2, [fp, #-0xac]
      0x0041120c: 0x920303e0	mul	r3, r2, r3
      0x00411210: 0x8332a0e1	lsl	r3, r3, #5
      0x00411214: 0x2c201be5	ldr	r2, [fp, #-0x2c]
      0x00411218: 0x033082e0	add	r3, r2, r3
      0x0041121c: 0x043093e5	ldr	r3, [r3, #4]
      0x00411220: 0x0310a0e1	mov	r1, r3
bl    at 0x00411224: hooking 0xc90c00eb	bl	#0x414550 -> 0x89bb03eb	bl	#0x500050
      0x00411228: 0x0030a0e1	mov	r3, r0
      0x0041122c: 0x0340a0e1	mov	r4, r3
      0x00411230: 0x20301be5	ldr	r3, [fp, #-0x20]
      0x00411234: 0x040093e5	ldr	r0, [r3, #4]
      0x00411238: 0x24301be5	ldr	r3, [fp, #-0x24]
      0x0041123c: 0xac201be5	ldr	r2, [fp, #-0xac]
      0x00411240: 0x920303e0	mul	r3, r2, r3
      0x00411244: 0x8332a0e1	lsl	r3, r3, #5
      0x00411248: 0x2c201be5	ldr	r2, [fp, #-0x2c]
      0x0041124c: 0x033082e0	add	r3, r2, r3
      0x00411250: 0x003093e5	ldr	r3, [r3]
      0x00411254: 0x0310a0e1	mov	r1, r3
bl    at 0x00411258: hooking 0xbc0c00eb	bl	#0x414550 -> 0x7cbb03eb	bl	#0x500050
      0x0041125c: 0x0030a0e1	mov	r3, r0
      0x00411260: 0x0310a0e1	mov	r1, r3
      0x00411264: 0x0400a0e1	mov	r0, r4
bl    at 0x00411268: hooking 0x421000eb	bl	#0x415378 -> 0x78bb03eb	bl	#0x500050
      0x0041126c: 0x0030a0e1	mov	r3, r0
      0x00411270: 0x70300be5	str	r3, [fp, #-0x70]
      0x00411274: 0x8c301be5	ldr	r3, [fp, #-0x8c]
      0x00411278: 0x74201be5	ldr	r2, [fp, #-0x74]
      0x0041127c: 0x0210a0e1	mov	r1, r2
      0x00411280: 0x0300a0e1	mov	r0, r3
bl    at 0x00411284: hooking 0x3b1000eb	bl	#0x415378 -> 0x71bb03eb	bl	#0x500050
      0x00411288: 0x0030a0e1	mov	r3, r0
      0x0041128c: 0x5c300be5	str	r3, [fp, #-0x5c]
      0x00411290: 0x88301be5	ldr	r3, [fp, #-0x88]
      0x00411294: 0x70201be5	ldr	r2, [fp, #-0x70]
      0x00411298: 0x0210a0e1	mov	r1, r2
      0x0041129c: 0x0300a0e1	mov	r0, r3
bl    at 0x004112a0: hooking 0x341000eb	bl	#0x415378 -> 0x6abb03eb	bl	#0x500050
      0x004112a4: 0x0030a0e1	mov	r3, r0
      0x004112a8: 0x58300be5	str	r3, [fp, #-0x58]
      0x004112ac: 0x8c301be5	ldr	r3, [fp, #-0x8c]
      0x004112b0: 0x74201be5	ldr	r2, [fp, #-0x74]
      0x004112b4: 0x0210a0e1	mov	r1, r2
      0x004112b8: 0x0300a0e1	mov	r0, r3
bl    at 0x004112bc: hooking 0x2c1000eb	bl	#0x415374 -> 0x63bb03eb	bl	#0x500050
      0x004112c0: 0x0030a0e1	mov	r3, r0
      0x004112c4: 0x44300be5	str	r3, [fp, #-0x44]
      0x004112c8: 0x88301be5	ldr	r3, [fp, #-0x88]
      0x004112cc: 0x70201be5	ldr	r2, [fp, #-0x70]
      0x004112d0: 0x0210a0e1	mov	r1, r2
      0x004112d4: 0x0300a0e1	mov	r0, r3
bl    at 0x004112d8: hooking 0x251000eb	bl	#0x415374 -> 0x5cbb03eb	bl	#0x500050
      0x004112dc: 0x0030a0e1	mov	r3, r0
      0x004112e0: 0x40300be5	str	r3, [fp, #-0x40]
      0x004112e4: 0x84301be5	ldr	r3, [fp, #-0x84]
      0x004112e8: 0x7c201be5	ldr	r2, [fp, #-0x7c]
      0x004112ec: 0x0210a0e1	mov	r1, r2
      0x004112f0: 0x0300a0e1	mov	r0, r3
bl    at 0x004112f4: hooking 0x1f1000eb	bl	#0x415378 -> 0x55bb03eb	bl	#0x500050
      0x004112f8: 0x0030a0e1	mov	r3, r0
      0x004112fc: 0x54300be5	str	r3, [fp, #-0x54]
      0x00411300: 0x80301be5	ldr	r3, [fp, #-0x80]
      0x00411304: 0x78201be5	ldr	r2, [fp, #-0x78]
      0x00411308: 0x0210a0e1	mov	r1, r2
      0x0041130c: 0x0300a0e1	mov	r0, r3
bl    at 0x00411310: hooking 0x181000eb	bl	#0x415378 -> 0x4ebb03eb	bl	#0x500050
      0x00411314: 0x0030a0e1	mov	r3, r0
      0x00411318: 0x50300be5	str	r3, [fp, #-0x50]
      0x0041131c: 0x84301be5	ldr	r3, [fp, #-0x84]
      0x00411320: 0x7c201be5	ldr	r2, [fp, #-0x7c]
      0x00411324: 0x0210a0e1	mov	r1, r2
      0x00411328: 0x0300a0e1	mov	r0, r3
bl    at 0x0041132c: hooking 0x101000eb	bl	#0x415374 -> 0x47bb03eb	bl	#0x500050
      0x00411330: 0x0030a0e1	mov	r3, r0
      0x00411334: 0x4c300be5	str	r3, [fp, #-0x4c]
      0x00411338: 0x80301be5	ldr	r3, [fp, #-0x80]
      0x0041133c: 0x78201be5	ldr	r2, [fp, #-0x78]
      0x00411340: 0x0210a0e1	mov	r1, r2
      0x00411344: 0x0300a0e1	mov	r0, r3
bl    at 0x00411348: hooking 0x091000eb	bl	#0x415374 -> 0x40bb03eb	bl	#0x500050
      0x0041134c: 0x0030a0e1	mov	r3, r0
      0x00411350: 0x48300be5	str	r3, [fp, #-0x48]
      0x00411354: 0x10301be5	ldr	r3, [fp, #-0x10]
      0x00411358: 0x004093e5	ldr	r4, [r3]
      0x0041135c: 0x5c301be5	ldr	r3, [fp, #-0x5c]
      0x00411360: 0x54201be5	ldr	r2, [fp, #-0x54]
      0x00411364: 0x0210a0e1	mov	r1, r2
      0x00411368: 0x0300a0e1	mov	r0, r3
bl    at 0x0041136c: hooking 0x011000eb	bl	#0x415378 -> 0x37bb03eb	bl	#0x500050
      0x00411370: 0x0030a0e1	mov	r3, r0
      0x00411374: 0x0310a0e1	mov	r1, r3
      0x00411378: 0x0400a0e1	mov	r0, r4
bl    at 0x0041137c: hooking 0xfd0f00eb	bl	#0x415378 -> 0x33bb03eb	bl	#0x500050
      0x00411380: 0x0030a0e1	mov	r3, r0
      0x00411384: 0x0320a0e1	mov	r2, r3
      0x00411388: 0x10301be5	ldr	r3, [fp, #-0x10]
      0x0041138c: 0x002083e5	str	r2, [r3]
      0x00411390: 0x10301be5	ldr	r3, [fp, #-0x10]
      0x00411394: 0x044093e5	ldr	r4, [r3, #4]
      0x00411398: 0x58301be5	ldr	r3, [fp, #-0x58]
      0x0041139c: 0x50201be5	ldr	r2, [fp, #-0x50]
      0x004113a0: 0x0210a0e1	mov	r1, r2
      0x004113a4: 0x0300a0e1	mov	r0, r3
bl    at 0x004113a8: hooking 0xf20f00eb	bl	#0x415378 -> 0x28bb03eb	bl	#0x500050
      0x004113ac: 0x0030a0e1	mov	r3, r0
      0x004113b0: 0x0310a0e1	mov	r1, r3
      0x004113b4: 0x0400a0e1	mov	r0, r4
bl    at 0x004113b8: hooking 0xee0f00eb	bl	#0x415378 -> 0x24bb03eb	bl	#0x500050
      0x004113bc: 0x0030a0e1	mov	r3, r0
      0x004113c0: 0x0320a0e1	mov	r2, r3
      0x004113c4: 0x10301be5	ldr	r3, [fp, #-0x10]
      0x004113c8: 0x042083e5	str	r2, [r3, #4]
      0x004113cc: 0x94401be5	ldr	r4, [fp, #-0x94]
      0x004113d0: 0x5c301be5	ldr	r3, [fp, #-0x5c]
      0x004113d4: 0x9c201be5	ldr	r2, [fp, #-0x9c]
      0x004113d8: 0x0210a0e1	mov	r1, r2
      0x004113dc: 0x0300a0e1	mov	r0, r3
bl    at 0x004113e0: hooking 0x5a0c00eb	bl	#0x414550 -> 0x1abb03eb	bl	#0x500050
      0x004113e4: 0x0030a0e1	mov	r3, r0
      0x004113e8: 0x0310a0e1	mov	r1, r3
      0x004113ec: 0x0400a0e1	mov	r0, r4
bl    at 0x004113f0: hooking 0xe00f00eb	bl	#0x415378 -> 0x16bb03eb	bl	#0x500050
      0x004113f4: 0x0030a0e1	mov	r3, r0
      0x004113f8: 0x0340a0e1	mov	r4, r3
      0x004113fc: 0x54301be5	ldr	r3, [fp, #-0x54]
      0x00411400: 0xa4201be5	ldr	r2, [fp, #-0xa4]
      0x00411404: 0x0210a0e1	mov	r1, r2
      0x00411408: 0x0300a0e1	mov	r0, r3
bl    at 0x0041140c: hooking 0x4f0c00eb	bl	#0x414550 -> 0x0fbb03eb	bl	#0x500050
      0x00411410: 0x0030a0e1	mov	r3, r0
      0x00411414: 0x0310a0e1	mov	r1, r3
      0x00411418: 0x0400a0e1	mov	r0, r4
bl    at 0x0041141c: hooking 0xd50f00eb	bl	#0x415378 -> 0x0bbb03eb	bl	#0x500050
      0x00411420: 0x0030a0e1	mov	r3, r0
      0x00411424: 0x6c300be5	str	r3, [fp, #-0x6c]
      0x00411428: 0x90401be5	ldr	r4, [fp, #-0x90]
      0x0041142c: 0x58301be5	ldr	r3, [fp, #-0x58]
      0x00411430: 0x9c201be5	ldr	r2, [fp, #-0x9c]
      0x00411434: 0x0210a0e1	mov	r1, r2
      0x00411438: 0x0300a0e1	mov	r0, r3
bl    at 0x0041143c: hooking 0x430c00eb	bl	#0x414550 -> 0x03bb03eb	bl	#0x500050
      0x00411440: 0x0030a0e1	mov	r3, r0
      0x00411444: 0x0310a0e1	mov	r1, r3
      0x00411448: 0x0400a0e1	mov	r0, r4
bl    at 0x0041144c: hooking 0xc90f00eb	bl	#0x415378 -> 0xffba03eb	bl	#0x500050
      0x00411450: 0x0030a0e1	mov	r3, r0
      0x00411454: 0x0340a0e1	mov	r4, r3
      0x00411458: 0x50301be5	ldr	r3, [fp, #-0x50]
      0x0041145c: 0xa4201be5	ldr	r2, [fp, #-0xa4]
      0x00411460: 0x0210a0e1	mov	r1, r2
      0x00411464: 0x0300a0e1	mov	r0, r3
bl    at 0x00411468: hooking 0x380c00eb	bl	#0x414550 -> 0xf8ba03eb	bl	#0x500050
      0x0041146c: 0x0030a0e1	mov	r3, r0
      0x00411470: 0x0310a0e1	mov	r1, r3
      0x00411474: 0x0400a0e1	mov	r0, r4
bl    at 0x00411478: hooking 0xbe0f00eb	bl	#0x415378 -> 0xf4ba03eb	bl	#0x500050
      0x0041147c: 0x0030a0e1	mov	r3, r0
      0x00411480: 0x68300be5	str	r3, [fp, #-0x68]
      0x00411484: 0x40301be5	ldr	r3, [fp, #-0x40]
      0x00411488: 0x98201be5	ldr	r2, [fp, #-0x98]
      0x0041148c: 0x0210a0e1	mov	r1, r2
      0x00411490: 0x0300a0e1	mov	r0, r3
bl    at 0x00411494: hooking 0x2d0c00eb	bl	#0x414550 -> 0xedba03eb	bl	#0x500050
      0x00411498: 0x0030a0e1	mov	r3, r0
      0x0041149c: 0x0340a0e1	mov	r4, r3
      0x004114a0: 0x48301be5	ldr	r3, [fp, #-0x48]
      0x004114a4: 0xa0201be5	ldr	r2, [fp, #-0xa0]
      0x004114a8: 0x0210a0e1	mov	r1, r2
      0x004114ac: 0x0300a0e1	mov	r0, r3
bl    at 0x004114b0: hooking 0x260c00eb	bl	#0x414550 -> 0xe6ba03eb	bl	#0x500050
      0x004114b4: 0x0030a0e1	mov	r3, r0
      0x004114b8: 0x0310a0e1	mov	r1, r3
      0x004114bc: 0x0400a0e1	mov	r0, r4
bl    at 0x004114c0: hooking 0xac0f00eb	bl	#0x415378 -> 0xe2ba03eb	bl	#0x500050
      0x004114c4: 0x0030a0e1	mov	r3, r0
      0x004114c8: 0x64300be5	str	r3, [fp, #-0x64]
      0x004114cc: 0x44301be5	ldr	r3, [fp, #-0x44]
      0x004114d0: 0x98201be5	ldr	r2, [fp, #-0x98]
      0x004114d4: 0x0210a0e1	mov	r1, r2
      0x004114d8: 0x0300a0e1	mov	r0, r3
bl    at 0x004114dc: hooking 0x1b0c00eb	bl	#0x414550 -> 0xdbba03eb	bl	#0x500050
      0x004114e0: 0x0030a0e1	mov	r3, r0
      0x004114e4: 0x024123e2	eor	r4, r3, #0x80000000
      0x004114e8: 0x4c301be5	ldr	r3, [fp, #-0x4c]
      0x004114ec: 0xa0201be5	ldr	r2, [fp, #-0xa0]
      0x004114f0: 0x0210a0e1	mov	r1, r2
      0x004114f4: 0x0300a0e1	mov	r0, r3
bl    at 0x004114f8: hooking 0x140c00eb	bl	#0x414550 -> 0xd4ba03eb	bl	#0x500050
      0x004114fc: 0x0030a0e1	mov	r3, r0
      0x00411500: 0x0310a0e1	mov	r1, r3
      0x00411504: 0x0400a0e1	mov	r0, r4
bl    at 0x00411508: hooking 0x990f00eb	bl	#0x415374 -> 0xd0ba03eb	bl	#0x500050
      0x0041150c: 0x0030a0e1	mov	r3, r0
      0x00411510: 0x60300be5	str	r3, [fp, #-0x60]
      0x00411514: 0x6c301be5	ldr	r3, [fp, #-0x6c]
      0x00411518: 0x64201be5	ldr	r2, [fp, #-0x64]
      0x0041151c: 0x0210a0e1	mov	r1, r2
      0x00411520: 0x0300a0e1	mov	r0, r3
bl    at 0x00411524: hooking 0x920f00eb	bl	#0x415374 -> 0xc9ba03eb	bl	#0x500050
      0x00411528: 0x0030a0e1	mov	r3, r0
      0x0041152c: 0x0320a0e1	mov	r2, r3
      0x00411530: 0x14301be5	ldr	r3, [fp, #-0x14]
      0x00411534: 0x002083e5	str	r2, [r3]
      0x00411538: 0x68301be5	ldr	r3, [fp, #-0x68]
      0x0041153c: 0x60201be5	ldr	r2, [fp, #-0x60]
      0x00411540: 0x0210a0e1	mov	r1, r2
      0x00411544: 0x0300a0e1	mov	r0, r3
bl    at 0x00411548: hooking 0x890f00eb	bl	#0x415374 -> 0xc0ba03eb	bl	#0x500050
      0x0041154c: 0x0030a0e1	mov	r3, r0
      0x00411550: 0x0320a0e1	mov	r2, r3
      0x00411554: 0x14301be5	ldr	r3, [fp, #-0x14]
      0x00411558: 0x042083e5	str	r2, [r3, #4]
      0x0041155c: 0x6c301be5	ldr	r3, [fp, #-0x6c]
      0x00411560: 0x64201be5	ldr	r2, [fp, #-0x64]
      0x00411564: 0x0210a0e1	mov	r1, r2
      0x00411568: 0x0300a0e1	mov	r0, r3
bl    at 0x0041156c: hooking 0x810f00eb	bl	#0x415378 -> 0xb7ba03eb	bl	#0x500050
      0x00411570: 0x0030a0e1	mov	r3, r0
      0x00411574: 0x0320a0e1	mov	r2, r3
      0x00411578: 0x20301be5	ldr	r3, [fp, #-0x20]
      0x0041157c: 0x002083e5	str	r2, [r3]
      0x00411580: 0x68301be5	ldr	r3, [fp, #-0x68]
      0x00411584: 0x60201be5	ldr	r2, [fp, #-0x60]
      0x00411588: 0x0210a0e1	mov	r1, r2
      0x0041158c: 0x0300a0e1	mov	r0, r3
bl    at 0x00411590: hooking 0x780f00eb	bl	#0x415378 -> 0xaeba03eb	bl	#0x500050
      0x00411594: 0x0030a0e1	mov	r3, r0
      0x00411598: 0x0320a0e1	mov	r2, r3
      0x0041159c: 0x20301be5	ldr	r3, [fp, #-0x20]
      0x004115a0: 0x042083e5	str	r2, [r3, #4]
      0x004115a4: 0x94401be5	ldr	r4, [fp, #-0x94]
      0x004115a8: 0x5c301be5	ldr	r3, [fp, #-0x5c]
      0x004115ac: 0xa4201be5	ldr	r2, [fp, #-0xa4]
      0x004115b0: 0x0210a0e1	mov	r1, r2
      0x004115b4: 0x0300a0e1	mov	r0, r3
bl    at 0x004115b8: hooking 0xe40b00eb	bl	#0x414550 -> 0xa4ba03eb	bl	#0x500050
      0x004115bc: 0x0030a0e1	mov	r3, r0
      0x004115c0: 0x0310a0e1	mov	r1, r3
      0x004115c4: 0x0400a0e1	mov	r0, r4
bl    at 0x004115c8: hooking 0x6a0f00eb	bl	#0x415378 -> 0xa0ba03eb	bl	#0x500050
      0x004115cc: 0x0030a0e1	mov	r3, r0
      0x004115d0: 0x0340a0e1	mov	r4, r3
      0x004115d4: 0x54301be5	ldr	r3, [fp, #-0x54]
      0x004115d8: 0x9c201be5	ldr	r2, [fp, #-0x9c]
      0x004115dc: 0x0210a0e1	mov	r1, r2
      0x004115e0: 0x0300a0e1	mov	r0, r3
bl    at 0x004115e4: hooking 0xd90b00eb	bl	#0x414550 -> 0x99ba03eb	bl	#0x500050
      0x004115e8: 0x0030a0e1	mov	r3, r0
      0x004115ec: 0x0310a0e1	mov	r1, r3
      0x004115f0: 0x0400a0e1	mov	r0, r4
bl    at 0x004115f4: hooking 0x5f0f00eb	bl	#0x415378 -> 0x95ba03eb	bl	#0x500050
      0x004115f8: 0x0030a0e1	mov	r3, r0
      0x004115fc: 0x3c300be5	str	r3, [fp, #-0x3c]
      0x00411600: 0x90401be5	ldr	r4, [fp, #-0x90]
      0x00411604: 0x58301be5	ldr	r3, [fp, #-0x58]
      0x00411608: 0xa4201be5	ldr	r2, [fp, #-0xa4]
      0x0041160c: 0x0210a0e1	mov	r1, r2
      0x00411610: 0x0300a0e1	mov	r0, r3
bl    at 0x00411614: hooking 0xcd0b00eb	bl	#0x414550 -> 0x8dba03eb	bl	#0x500050
      0x00411618: 0x0030a0e1	mov	r3, r0
      0x0041161c: 0x0310a0e1	mov	r1, r3
      0x00411620: 0x0400a0e1	mov	r0, r4
bl    at 0x00411624: hooking 0x530f00eb	bl	#0x415378 -> 0x89ba03eb	bl	#0x500050
      0x00411628: 0x0030a0e1	mov	r3, r0
      0x0041162c: 0x0340a0e1	mov	r4, r3
      0x00411630: 0x50301be5	ldr	r3, [fp, #-0x50]
      0x00411634: 0x9c201be5	ldr	r2, [fp, #-0x9c]
      0x00411638: 0x0210a0e1	mov	r1, r2
      0x0041163c: 0x0300a0e1	mov	r0, r3
bl    at 0x00411640: hooking 0xc20b00eb	bl	#0x414550 -> 0x82ba03eb	bl	#0x500050
      0x00411644: 0x0030a0e1	mov	r3, r0
      0x00411648: 0x0310a0e1	mov	r1, r3
      0x0041164c: 0x0400a0e1	mov	r0, r4
bl    at 0x00411650: hooking 0x480f00eb	bl	#0x415378 -> 0x7eba03eb	bl	#0x500050
      0x00411654: 0x0030a0e1	mov	r3, r0
      0x00411658: 0x38300be5	str	r3, [fp, #-0x38]
      0x0041165c: 0x48301be5	ldr	r3, [fp, #-0x48]
      0x00411660: 0x98201be5	ldr	r2, [fp, #-0x98]
      0x00411664: 0x0210a0e1	mov	r1, r2
      0x00411668: 0x0300a0e1	mov	r0, r3
bl    at 0x0041166c: hooking 0xb70b00eb	bl	#0x414550 -> 0x77ba03eb	bl	#0x500050
      0x00411670: 0x0030a0e1	mov	r3, r0
      0x00411674: 0x0340a0e1	mov	r4, r3
      0x00411678: 0x40301be5	ldr	r3, [fp, #-0x40]
      0x0041167c: 0xa0201be5	ldr	r2, [fp, #-0xa0]
      0x00411680: 0x0210a0e1	mov	r1, r2
      0x00411684: 0x0300a0e1	mov	r0, r3
bl    at 0x00411688: hooking 0xb00b00eb	bl	#0x414550 -> 0x70ba03eb	bl	#0x500050
      0x0041168c: 0x0030a0e1	mov	r3, r0
      0x00411690: 0x0310a0e1	mov	r1, r3
      0x00411694: 0x0400a0e1	mov	r0, r4
bl    at 0x00411698: hooking 0x350f00eb	bl	#0x415374 -> 0x6cba03eb	bl	#0x500050
      0x0041169c: 0x0030a0e1	mov	r3, r0
      0x004116a0: 0x34300be5	str	r3, [fp, #-0x34]
      0x004116a4: 0x44301be5	ldr	r3, [fp, #-0x44]
      0x004116a8: 0xa0201be5	ldr	r2, [fp, #-0xa0]
      0x004116ac: 0x0210a0e1	mov	r1, r2
      0x004116b0: 0x0300a0e1	mov	r0, r3
bl    at 0x004116b4: hooking 0xa50b00eb	bl	#0x414550 -> 0x65ba03eb	bl	#0x500050
      0x004116b8: 0x0030a0e1	mov	r3, r0
      0x004116bc: 0x0340a0e1	mov	r4, r3
      0x004116c0: 0x4c301be5	ldr	r3, [fp, #-0x4c]
      0x004116c4: 0x98201be5	ldr	r2, [fp, #-0x98]
      0x004116c8: 0x0210a0e1	mov	r1, r2
      0x004116cc: 0x0300a0e1	mov	r0, r3
bl    at 0x004116d0: hooking 0x9e0b00eb	bl	#0x414550 -> 0x5eba03eb	bl	#0x500050
      0x004116d4: 0x0030a0e1	mov	r3, r0
      0x004116d8: 0x0310a0e1	mov	r1, r3
      0x004116dc: 0x0400a0e1	mov	r0, r4
bl    at 0x004116e0: hooking 0x230f00eb	bl	#0x415374 -> 0x5aba03eb	bl	#0x500050
      0x004116e4: 0x0030a0e1	mov	r3, r0
      0x004116e8: 0x30300be5	str	r3, [fp, #-0x30]
      0x004116ec: 0x3c301be5	ldr	r3, [fp, #-0x3c]
      0x004116f0: 0x34201be5	ldr	r2, [fp, #-0x34]
      0x004116f4: 0x0210a0e1	mov	r1, r2
      0x004116f8: 0x0300a0e1	mov	r0, r3
bl    at 0x004116fc: hooking 0x1d0f00eb	bl	#0x415378 -> 0x53ba03eb	bl	#0x500050
      0x00411700: 0x0030a0e1	mov	r3, r0
      0x00411704: 0x0320a0e1	mov	r2, r3
      0x00411708: 0x18301be5	ldr	r3, [fp, #-0x18]
      0x0041170c: 0x002083e5	str	r2, [r3]
      0x00411710: 0x38301be5	ldr	r3, [fp, #-0x38]
      0x00411714: 0x30201be5	ldr	r2, [fp, #-0x30]
      0x00411718: 0x0210a0e1	mov	r1, r2
      0x0041171c: 0x0300a0e1	mov	r0, r3
bl    at 0x00411720: hooking 0x140f00eb	bl	#0x415378 -> 0x4aba03eb	bl	#0x500050
      0x00411724: 0x0030a0e1	mov	r3, r0
      0x00411728: 0x0320a0e1	mov	r2, r3
      0x0041172c: 0x18301be5	ldr	r3, [fp, #-0x18]
      0x00411730: 0x042083e5	str	r2, [r3, #4]
      0x00411734: 0x3c301be5	ldr	r3, [fp, #-0x3c]
      0x00411738: 0x34201be5	ldr	r2, [fp, #-0x34]
      0x0041173c: 0x0210a0e1	mov	r1, r2
      0x00411740: 0x0300a0e1	mov	r0, r3
bl    at 0x00411744: hooking 0x0a0f00eb	bl	#0x415374 -> 0x41ba03eb	bl	#0x500050
      0x00411748: 0x0030a0e1	mov	r3, r0
      0x0041174c: 0x0320a0e1	mov	r2, r3
      0x00411750: 0x1c301be5	ldr	r3, [fp, #-0x1c]
      0x00411754: 0x002083e5	str	r2, [r3]
      0x00411758: 0x38301be5	ldr	r3, [fp, #-0x38]
      0x0041175c: 0x30201be5	ldr	r2, [fp, #-0x30]
      0x00411760: 0x0210a0e1	mov	r1, r2
      0x00411764: 0x0300a0e1	mov	r0, r3
bl    at 0x00411768: hooking 0x010f00eb	bl	#0x415374 -> 0x38ba03eb	bl	#0x500050
      0x0041176c: 0x0030a0e1	mov	r3, r0
      0x00411770: 0x0320a0e1	mov	r2, r3
      0x00411774: 0x1c301be5	ldr	r3, [fp, #-0x1c]
      0x00411778: 0x042083e5	str	r2, [r3, #4]
      0x0041177c: 0x10301be5	ldr	r3, [fp, #-0x10]
      0x00411780: 0x083083e2	add	r3, r3, #8
      0x00411784: 0x10300be5	str	r3, [fp, #-0x10]
      0x00411788: 0x14301be5	ldr	r3, [fp, #-0x14]
      0x0041178c: 0x083083e2	add	r3, r3, #8
      0x00411790: 0x14300be5	str	r3, [fp, #-0x14]
      0x00411794: 0x18301be5	ldr	r3, [fp, #-0x18]
      0x00411798: 0x083083e2	add	r3, r3, #8
      0x0041179c: 0x18300be5	str	r3, [fp, #-0x18]
      0x004117a0: 0x1c301be5	ldr	r3, [fp, #-0x1c]
      0x004117a4: 0x083083e2	add	r3, r3, #8
      0x004117a8: 0x1c300be5	str	r3, [fp, #-0x1c]
      0x004117ac: 0x20301be5	ldr	r3, [fp, #-0x20]
      0x004117b0: 0x083083e2	add	r3, r3, #8
      0x004117b4: 0x20300be5	str	r3, [fp, #-0x20]
      0x004117b8: 0x24301be5	ldr	r3, [fp, #-0x24]
      0x004117bc: 0x013083e2	add	r3, r3, #1
      0x004117c0: 0x24300be5	str	r3, [fp, #-0x24]
      0x004117c4: 0x24201be5	ldr	r2, [fp, #-0x24]
      0x004117c8: 0xb4301be5	ldr	r3, [fp, #-0xb4]
      0x004117cc: 0x030052e1	cmp	r2, r3
      0x004117d0: 0xa3fdffba	blt	#0x410e64
      0x004117d4: 0x0000a0e1	mov	r0, r0
      0x004117d8: 0x0000a0e1	mov	r0, r0
      0x004117dc: 0x08d04be2	sub	sp, fp, #8
      0x004117e0: 0x1048bde8	pop	{r4, fp, lr}
      0x004117e4: 0x1eff2fe1	bx	lr
      0x004117e8: 0x10482de9	push	{r4, fp, lr}
      0x004117ec: 0x08b08de2	add	fp, sp, #8
      0x004117f0: 0x3cd04de2	sub	sp, sp, #0x3c
      0x004117f4: 0x38000be5	str	r0, [fp, #-0x38]
      0x004117f8: 0x3c100be5	str	r1, [fp, #-0x3c]
      0x004117fc: 0x40200be5	str	r2, [fp, #-0x40]
      0x00411800: 0x44300be5	str	r3, [fp, #-0x44]
      0x00411804: 0x40301be5	ldr	r3, [fp, #-0x40]
      0x00411808: 0x423f83e2	add	r3, r3, #0x108
      0x0041180c: 0x24300be5	str	r3, [fp, #-0x24]
      0x00411810: 0x40301be5	ldr	r3, [fp, #-0x40]
      0x00411814: 0x003093e5	ldr	r3, [r3]
      0x00411818: 0x28300be5	str	r3, [fp, #-0x28]
      0x0041181c: 0x04309be5	ldr	r3, [fp, #4]
      0x00411820: 0x8331a0e1	lsl	r3, r3, #3
      0x00411824: 0x0300a0e1	mov	r0, r3
bl    at 0x00411828: hooking 0x7e0f00eb	bl	#0x415628 -> 0x08ba03eb	bl	#0x500050
      0x0041182c: 0x0030a0e1	mov	r3, r0
      0x00411830: 0x2c300be5	str	r3, [fp, #-0x2c]
      0x00411834: 0x0030a0e3	mov	r3, #0
      0x00411838: 0x10300be5	str	r3, [fp, #-0x10]
b     at 0x0041183c: hooking 0xa80000ea	b	#0x411ae4 -> 0xefb903eb	bl	#0x500000
      0x00411840: 0x10301be5	ldr	r3, [fp, #-0x10]
      0x00411844: 0x14300be5	str	r3, [fp, #-0x14]
      0x00411848: 0x0030a0e3	mov	r3, #0
      0x0041184c: 0x18300be5	str	r3, [fp, #-0x18]
b     at 0x00411850: hooking 0x110000ea	b	#0x41189c -> 0xeab903eb	bl	#0x500000
      0x00411854: 0x14301be5	ldr	r3, [fp, #-0x14]
      0x00411858: 0x8331a0e1	lsl	r3, r3, #3
      0x0041185c: 0x38201be5	ldr	r2, [fp, #-0x38]
      0x00411860: 0x031082e0	add	r1, r2, r3
      0x00411864: 0x18301be5	ldr	r3, [fp, #-0x18]
      0x00411868: 0x8331a0e1	lsl	r3, r3, #3
      0x0041186c: 0x2c201be5	ldr	r2, [fp, #-0x2c]
      0x00411870: 0x033082e0	add	r3, r2, r3
      0x00411874: 0x0120a0e1	mov	r2, r1
      0x00411878: 0x030092e8	ldm	r2, {r0, r1}
      0x0041187c: 0x030083e8	stm	r3, {r0, r1}
      0x00411880: 0x14201be5	ldr	r2, [fp, #-0x14]
      0x00411884: 0x44301be5	ldr	r3, [fp, #-0x44]
      0x00411888: 0x033082e0	add	r3, r2, r3
      0x0041188c: 0x14300be5	str	r3, [fp, #-0x14]
      0x00411890: 0x18301be5	ldr	r3, [fp, #-0x18]
      0x00411894: 0x013083e2	add	r3, r3, #1
      0x00411898: 0x18300be5	str	r3, [fp, #-0x18]
      0x0041189c: 0x18201be5	ldr	r2, [fp, #-0x18]
      0x004118a0: 0x04309be5	ldr	r3, [fp, #4]
      0x004118a4: 0x030052e1	cmp	r2, r3
      0x004118a8: 0xe9ffffba	blt	#0x411854
      0x004118ac: 0x10301be5	ldr	r3, [fp, #-0x10]
      0x004118b0: 0x14300be5	str	r3, [fp, #-0x14]
      0x004118b4: 0x0030a0e3	mov	r3, #0
      0x004118b8: 0x18300be5	str	r3, [fp, #-0x18]
b     at 0x004118bc: hooking 0x810000ea	b	#0x411ac8 -> 0xcfb903eb	bl	#0x500000
      0x004118c0: 0x0030a0e3	mov	r3, #0
      0x004118c4: 0x20300be5	str	r3, [fp, #-0x20]
      0x004118c8: 0x14301be5	ldr	r3, [fp, #-0x14]
      0x004118cc: 0x8331a0e1	lsl	r3, r3, #3
      0x004118d0: 0x38201be5	ldr	r2, [fp, #-0x38]
      0x004118d4: 0x033082e0	add	r3, r2, r3
      0x004118d8: 0x2c201be5	ldr	r2, [fp, #-0x2c]
      0x004118dc: 0x030092e8	ldm	r2, {r0, r1}
      0x004118e0: 0x030083e8	stm	r3, {r0, r1}
      0x004118e4: 0x0130a0e3	mov	r3, #1
      0x004118e8: 0x1c300be5	str	r3, [fp, #-0x1c]
b     at 0x004118ec: hooking 0x6a0000ea	b	#0x411a9c -> 0xc3b903eb	bl	#0x500000
      0x004118f0: 0x14301be5	ldr	r3, [fp, #-0x14]
      0x004118f4: 0x3c201be5	ldr	r2, [fp, #-0x3c]
      0x004118f8: 0x930202e0	mul	r2, r3, r2
      0x004118fc: 0x20301be5	ldr	r3, [fp, #-0x20]
      0x00411900: 0x033082e0	add	r3, r2, r3
      0x00411904: 0x20300be5	str	r3, [fp, #-0x20]
      0x00411908: 0x20201be5	ldr	r2, [fp, #-0x20]
      0x0041190c: 0x28301be5	ldr	r3, [fp, #-0x28]
      0x00411910: 0x030052e1	cmp	r2, r3
      0x00411914: 0x030000ba	blt	#0x411928
      0x00411918: 0x20201be5	ldr	r2, [fp, #-0x20]
      0x0041191c: 0x28301be5	ldr	r3, [fp, #-0x28]
      0x00411920: 0x033042e0	sub	r3, r2, r3
      0x00411924: 0x20300be5	str	r3, [fp, #-0x20]
      0x00411928: 0x1c301be5	ldr	r3, [fp, #-0x1c]
      0x0041192c: 0x8331a0e1	lsl	r3, r3, #3
      0x00411930: 0x2c201be5	ldr	r2, [fp, #-0x2c]
      0x00411934: 0x033082e0	add	r3, r2, r3
      0x00411938: 0x000093e5	ldr	r0, [r3]
      0x0041193c: 0x20301be5	ldr	r3, [fp, #-0x20]
      0x00411940: 0x8331a0e1	lsl	r3, r3, #3
      0x00411944: 0x24201be5	ldr	r2, [fp, #-0x24]
      0x00411948: 0x033082e0	add	r3, r2, r3
      0x0041194c: 0x003093e5	ldr	r3, [r3]
      0x00411950: 0x0310a0e1	mov	r1, r3
bl    at 0x00411954: hooking 0xfd0a00eb	bl	#0x414550 -> 0xbdb903eb	bl	#0x500050
      0x00411958: 0x0030a0e1	mov	r3, r0
      0x0041195c: 0x0340a0e1	mov	r4, r3
      0x00411960: 0x1c301be5	ldr	r3, [fp, #-0x1c]
      0x00411964: 0x8331a0e1	lsl	r3, r3, #3
      0x00411968: 0x2c201be5	ldr	r2, [fp, #-0x2c]
      0x0041196c: 0x033082e0	add	r3, r2, r3
      0x00411970: 0x040093e5	ldr	r0, [r3, #4]
      0x00411974: 0x20301be5	ldr	r3, [fp, #-0x20]
      0x00411978: 0x8331a0e1	lsl	r3, r3, #3
      0x0041197c: 0x24201be5	ldr	r2, [fp, #-0x24]
      0x00411980: 0x033082e0	add	r3, r2, r3
      0x00411984: 0x043093e5	ldr	r3, [r3, #4]
      0x00411988: 0x0310a0e1	mov	r1, r3
bl    at 0x0041198c: hooking 0xef0a00eb	bl	#0x414550 -> 0xafb903eb	bl	#0x500050
      0x00411990: 0x0030a0e1	mov	r3, r0
      0x00411994: 0x0310a0e1	mov	r1, r3
      0x00411998: 0x0400a0e1	mov	r0, r4
bl    at 0x0041199c: hooking 0x740e00eb	bl	#0x415374 -> 0xabb903eb	bl	#0x500050
      0x004119a0: 0x0030a0e1	mov	r3, r0
      0x004119a4: 0x34300be5	str	r3, [fp, #-0x34]
      0x004119a8: 0x1c301be5	ldr	r3, [fp, #-0x1c]
      0x004119ac: 0x8331a0e1	lsl	r3, r3, #3
      0x004119b0: 0x2c201be5	ldr	r2, [fp, #-0x2c]
      0x004119b4: 0x033082e0	add	r3, r2, r3
      0x004119b8: 0x000093e5	ldr	r0, [r3]
      0x004119bc: 0x20301be5	ldr	r3, [fp, #-0x20]
      0x004119c0: 0x8331a0e1	lsl	r3, r3, #3
      0x004119c4: 0x24201be5	ldr	r2, [fp, #-0x24]
      0x004119c8: 0x033082e0	add	r3, r2, r3
      0x004119cc: 0x043093e5	ldr	r3, [r3, #4]
      0x004119d0: 0x0310a0e1	mov	r1, r3
bl    at 0x004119d4: hooking 0xdd0a00eb	bl	#0x414550 -> 0x9db903eb	bl	#0x500050
      0x004119d8: 0x0030a0e1	mov	r3, r0
      0x004119dc: 0x0340a0e1	mov	r4, r3
      0x004119e0: 0x1c301be5	ldr	r3, [fp, #-0x1c]
      0x004119e4: 0x8331a0e1	lsl	r3, r3, #3
      0x004119e8: 0x2c201be5	ldr	r2, [fp, #-0x2c]
      0x004119ec: 0x033082e0	add	r3, r2, r3
      0x004119f0: 0x040093e5	ldr	r0, [r3, #4]
      0x004119f4: 0x20301be5	ldr	r3, [fp, #-0x20]
      0x004119f8: 0x8331a0e1	lsl	r3, r3, #3
      0x004119fc: 0x24201be5	ldr	r2, [fp, #-0x24]
      0x00411a00: 0x033082e0	add	r3, r2, r3
      0x00411a04: 0x003093e5	ldr	r3, [r3]
      0x00411a08: 0x0310a0e1	mov	r1, r3
bl    at 0x00411a0c: hooking 0xcf0a00eb	bl	#0x414550 -> 0x8fb903eb	bl	#0x500050
      0x00411a10: 0x0030a0e1	mov	r3, r0
      0x00411a14: 0x0310a0e1	mov	r1, r3
      0x00411a18: 0x0400a0e1	mov	r0, r4
bl    at 0x00411a1c: hooking 0x550e00eb	bl	#0x415378 -> 0x8bb903eb	bl	#0x500050
      0x00411a20: 0x0030a0e1	mov	r3, r0
      0x00411a24: 0x30300be5	str	r3, [fp, #-0x30]
      0x00411a28: 0x14301be5	ldr	r3, [fp, #-0x14]
      0x00411a2c: 0x8331a0e1	lsl	r3, r3, #3
      0x00411a30: 0x38201be5	ldr	r2, [fp, #-0x38]
      0x00411a34: 0x033082e0	add	r3, r2, r3
      0x00411a38: 0x000093e5	ldr	r0, [r3]
      0x00411a3c: 0x34101be5	ldr	r1, [fp, #-0x34]
      0x00411a40: 0x14301be5	ldr	r3, [fp, #-0x14]
      0x00411a44: 0x8331a0e1	lsl	r3, r3, #3
      0x00411a48: 0x38201be5	ldr	r2, [fp, #-0x38]
      0x00411a4c: 0x034082e0	add	r4, r2, r3
bl    at 0x00411a50: hooking 0x480e00eb	bl	#0x415378 -> 0x7eb903eb	bl	#0x500050
      0x00411a54: 0x0030a0e1	mov	r3, r0
      0x00411a58: 0x003084e5	str	r3, [r4]
      0x00411a5c: 0x14301be5	ldr	r3, [fp, #-0x14]
      0x00411a60: 0x8331a0e1	lsl	r3, r3, #3
      0x00411a64: 0x38201be5	ldr	r2, [fp, #-0x38]
      0x00411a68: 0x033082e0	add	r3, r2, r3
      0x00411a6c: 0x040093e5	ldr	r0, [r3, #4]
      0x00411a70: 0x30101be5	ldr	r1, [fp, #-0x30]
      0x00411a74: 0x14301be5	ldr	r3, [fp, #-0x14]
      0x00411a78: 0x8331a0e1	lsl	r3, r3, #3
      0x00411a7c: 0x38201be5	ldr	r2, [fp, #-0x38]
      0x00411a80: 0x034082e0	add	r4, r2, r3
bl    at 0x00411a84: hooking 0x3b0e00eb	bl	#0x415378 -> 0x71b903eb	bl	#0x500050
      0x00411a88: 0x0030a0e1	mov	r3, r0
      0x00411a8c: 0x043084e5	str	r3, [r4, #4]
      0x00411a90: 0x1c301be5	ldr	r3, [fp, #-0x1c]
      0x00411a94: 0x013083e2	add	r3, r3, #1
      0x00411a98: 0x1c300be5	str	r3, [fp, #-0x1c]
      0x00411a9c: 0x1c201be5	ldr	r2, [fp, #-0x1c]
      0x00411aa0: 0x04309be5	ldr	r3, [fp, #4]
      0x00411aa4: 0x030052e1	cmp	r2, r3
      0x00411aa8: 0x90ffffba	blt	#0x4118f0
      0x00411aac: 0x14201be5	ldr	r2, [fp, #-0x14]
      0x00411ab0: 0x44301be5	ldr	r3, [fp, #-0x44]
      0x00411ab4: 0x033082e0	add	r3, r2, r3
      0x00411ab8: 0x14300be5	str	r3, [fp, #-0x14]
      0x00411abc: 0x18301be5	ldr	r3, [fp, #-0x18]
      0x00411ac0: 0x013083e2	add	r3, r3, #1
      0x00411ac4: 0x18300be5	str	r3, [fp, #-0x18]
      0x00411ac8: 0x18201be5	ldr	r2, [fp, #-0x18]
      0x00411acc: 0x04309be5	ldr	r3, [fp, #4]
      0x00411ad0: 0x030052e1	cmp	r2, r3
      0x00411ad4: 0x79ffffba	blt	#0x4118c0
      0x00411ad8: 0x10301be5	ldr	r3, [fp, #-0x10]
      0x00411adc: 0x013083e2	add	r3, r3, #1
      0x00411ae0: 0x10300be5	str	r3, [fp, #-0x10]
      0x00411ae4: 0x10201be5	ldr	r2, [fp, #-0x10]
      0x00411ae8: 0x44301be5	ldr	r3, [fp, #-0x44]
      0x00411aec: 0x030052e1	cmp	r2, r3
      0x00411af0: 0x52ffffba	blt	#0x411840
      0x00411af4: 0x2c001be5	ldr	r0, [fp, #-0x2c]
bl    at 0x00411af8: hooking 0xd20e00eb	bl	#0x415648 -> 0x54b903eb	bl	#0x500050
      0x00411afc: 0x0000a0e1	mov	r0, r0
      0x00411b00: 0x08d04be2	sub	sp, fp, #8
      0x00411b04: 0x1048bde8	pop	{r4, fp, lr}
      0x00411b08: 0x1eff2fe1	bx	lr
      0x00411b0c: 0x00482de9	push	{fp, lr}
      0x00411b10: 0x04b08de2	add	fp, sp, #4
      0x00411b14: 0x28d04de2	sub	sp, sp, #0x28
      0x00411b18: 0x18000be5	str	r0, [fp, #-0x18]
      0x00411b1c: 0x1c100be5	str	r1, [fp, #-0x1c]
      0x00411b20: 0x20200be5	str	r2, [fp, #-0x20]
      0x00411b24: 0x24300be5	str	r3, [fp, #-0x24]
      0x00411b28: 0x18301be5	ldr	r3, [fp, #-0x18]
      0x00411b2c: 0x08300be5	str	r3, [fp, #-8]
      0x00411b30: 0x04309be5	ldr	r3, [fp, #4]
      0x00411b34: 0x042083e2	add	r2, r3, #4
      0x00411b38: 0x04208be5	str	r2, [fp, #4]
      0x00411b3c: 0x003093e5	ldr	r3, [r3]
      0x00411b40: 0x0c300be5	str	r3, [fp, #-0xc]
      0x00411b44: 0x04309be5	ldr	r3, [fp, #4]
      0x00411b48: 0x042083e2	add	r2, r3, #4
      0x00411b4c: 0x04208be5	str	r2, [fp, #4]
      0x00411b50: 0x003093e5	ldr	r3, [r3]
      0x00411b54: 0x10300be5	str	r3, [fp, #-0x10]
      0x00411b58: 0x0c301be5	ldr	r3, [fp, #-0xc]
      0x00411b5c: 0x10201be5	ldr	r2, [fp, #-0x10]
      0x00411b60: 0x920303e0	mul	r3, r2, r3
      0x00411b64: 0x8331a0e1	lsl	r3, r3, #3
      0x00411b68: 0x18201be5	ldr	r2, [fp, #-0x18]
      0x00411b6c: 0x033082e0	add	r3, r2, r3
      0x00411b70: 0x14300be5	str	r3, [fp, #-0x14]
      0x00411b74: 0x10301be5	ldr	r3, [fp, #-0x10]
      0x00411b78: 0x010053e3	cmp	r3, #1
      0x00411b7c: 0x1200001a	bne	#0x411bcc
      0x00411b80: 0x18301be5	ldr	r3, [fp, #-0x18]
      0x00411b84: 0x1c201be5	ldr	r2, [fp, #-0x1c]
      0x00411b88: 0x030092e8	ldm	r2, {r0, r1}
      0x00411b8c: 0x030083e8	stm	r3, {r0, r1}
      0x00411b90: 0x24301be5	ldr	r3, [fp, #-0x24]
      0x00411b94: 0x20201be5	ldr	r2, [fp, #-0x20]
      0x00411b98: 0x920303e0	mul	r3, r2, r3
      0x00411b9c: 0x8331a0e1	lsl	r3, r3, #3
      0x00411ba0: 0x1c201be5	ldr	r2, [fp, #-0x1c]
      0x00411ba4: 0x033082e0	add	r3, r2, r3
      0x00411ba8: 0x1c300be5	str	r3, [fp, #-0x1c]
      0x00411bac: 0x18301be5	ldr	r3, [fp, #-0x18]
      0x00411bb0: 0x083083e2	add	r3, r3, #8
      0x00411bb4: 0x18300be5	str	r3, [fp, #-0x18]
      0x00411bb8: 0x18201be5	ldr	r2, [fp, #-0x18]
      0x00411bbc: 0x14301be5	ldr	r3, [fp, #-0x14]
      0x00411bc0: 0x030052e1	cmp	r2, r3
      0x00411bc4: 0xedffff1a	bne	#0x411b80
b     at 0x00411bc8: hooking 0x1a0000ea	b	#0x411c38 -> 0x0cb903eb	bl	#0x500000
      0x00411bcc: 0x0c301be5	ldr	r3, [fp, #-0xc]
      0x00411bd0: 0x20201be5	ldr	r2, [fp, #-0x20]
      0x00411bd4: 0x930202e0	mul	r2, r3, r2
      0x00411bd8: 0x08309be5	ldr	r3, [fp, #8]
      0x00411bdc: 0x04308de5	str	r3, [sp, #4]
      0x00411be0: 0x04309be5	ldr	r3, [fp, #4]
      0x00411be4: 0x00308de5	str	r3, [sp]
      0x00411be8: 0x24301be5	ldr	r3, [fp, #-0x24]
      0x00411bec: 0x1c101be5	ldr	r1, [fp, #-0x1c]
      0x00411bf0: 0x18001be5	ldr	r0, [fp, #-0x18]
bl    at 0x00411bf4: hooking 0xc4ffffeb	bl	#0x411b0c -> 0x15b903eb	bl	#0x500050
      0x00411bf8: 0x24301be5	ldr	r3, [fp, #-0x24]
      0x00411bfc: 0x20201be5	ldr	r2, [fp, #-0x20]
      0x00411c00: 0x920303e0	mul	r3, r2, r3
      0x00411c04: 0x8331a0e1	lsl	r3, r3, #3
      0x00411c08: 0x1c201be5	ldr	r2, [fp, #-0x1c]
      0x00411c0c: 0x033082e0	add	r3, r2, r3
      0x00411c10: 0x1c300be5	str	r3, [fp, #-0x1c]
      0x00411c14: 0x10301be5	ldr	r3, [fp, #-0x10]
      0x00411c18: 0x8331a0e1	lsl	r3, r3, #3
      0x00411c1c: 0x18201be5	ldr	r2, [fp, #-0x18]
      0x00411c20: 0x033082e0	add	r3, r2, r3
      0x00411c24: 0x18300be5	str	r3, [fp, #-0x18]
      0x00411c28: 0x18201be5	ldr	r2, [fp, #-0x18]
      0x00411c2c: 0x14301be5	ldr	r3, [fp, #-0x14]
      0x00411c30: 0x030052e1	cmp	r2, r3
      0x00411c34: 0xe4ffff1a	bne	#0x411bcc
      0x00411c38: 0x08301be5	ldr	r3, [fp, #-8]
      0x00411c3c: 0x18300be5	str	r3, [fp, #-0x18]
      0x00411c40: 0x0c301be5	ldr	r3, [fp, #-0xc]
      0x00411c44: 0x023043e2	sub	r3, r3, #2
      0x00411c48: 0x030053e3	cmp	r3, #3
      0x00411c4c: 0x03f19f97	ldrls	pc, [pc, r3, lsl #2]
b     at 0x00411c50: hooking 0x1b0000ea	b	#0x411cc4 -> 0xeab803eb	bl	#0x500000
      0x00411c54: 0x641c4000	subeq	r1, r0, r4, ror #24
      0x00411c58: 0x7c1c4000	subeq	r1, r0, ip, ror ip
      0x00411c5c: 0x941c4000	umaaleq	r1, r0, r4, ip
      0x00411c60: 0xac1c4000	subeq	r1, r0, ip, lsr #25
      0x00411c64: 0x10301be5	ldr	r3, [fp, #-0x10]
      0x00411c68: 0x08209be5	ldr	r2, [fp, #8]
      0x00411c6c: 0x20101be5	ldr	r1, [fp, #-0x20]
      0x00411c70: 0x18001be5	ldr	r0, [fp, #-0x18]
bl    at 0x00411c74: hooking 0xe1f8ffeb	bl	#0x410000 -> 0xf5b803eb	bl	#0x500050
b     at 0x00411c78: hooking 0x190000ea	b	#0x411ce4 -> 0xe0b803eb	bl	#0x500000
      0x00411c7c: 0x10301be5	ldr	r3, [fp, #-0x10]
      0x00411c80: 0x08209be5	ldr	r2, [fp, #8]
      0x00411c84: 0x20101be5	ldr	r1, [fp, #-0x20]
      0x00411c88: 0x18001be5	ldr	r0, [fp, #-0x18]
bl    at 0x00411c8c: hooking 0xeafaffeb	bl	#0x41083c -> 0xefb803eb	bl	#0x500050
b     at 0x00411c90: hooking 0x130000ea	b	#0x411ce4 -> 0xdab803eb	bl	#0x500000
      0x00411c94: 0x10301be5	ldr	r3, [fp, #-0x10]
      0x00411c98: 0x08209be5	ldr	r2, [fp, #8]
      0x00411c9c: 0x20101be5	ldr	r1, [fp, #-0x20]
      0x00411ca0: 0x18001be5	ldr	r0, [fp, #-0x18]
bl    at 0x00411ca4: hooking 0x4ef9ffeb	bl	#0x4101e4 -> 0xe9b803eb	bl	#0x500050
b     at 0x00411ca8: hooking 0x0d0000ea	b	#0x411ce4 -> 0xd4b803eb	bl	#0x500000
      0x00411cac: 0x10301be5	ldr	r3, [fp, #-0x10]
      0x00411cb0: 0x08209be5	ldr	r2, [fp, #8]
      0x00411cb4: 0x20101be5	ldr	r1, [fp, #-0x20]
      0x00411cb8: 0x18001be5	ldr	r0, [fp, #-0x18]
bl    at 0x00411cbc: hooking 0x2cfcffeb	bl	#0x410d74 -> 0xe3b803eb	bl	#0x500050
b     at 0x00411cc0: hooking 0x070000ea	b	#0x411ce4 -> 0xceb803eb	bl	#0x500000
      0x00411cc4: 0x0c301be5	ldr	r3, [fp, #-0xc]
      0x00411cc8: 0x00308de5	str	r3, [sp]
      0x00411ccc: 0x10301be5	ldr	r3, [fp, #-0x10]
      0x00411cd0: 0x08209be5	ldr	r2, [fp, #8]
      0x00411cd4: 0x20101be5	ldr	r1, [fp, #-0x20]
      0x00411cd8: 0x18001be5	ldr	r0, [fp, #-0x18]
bl    at 0x00411cdc: hooking 0xc1feffeb	bl	#0x4117e8 -> 0xdbb803eb	bl	#0x500050
      0x00411ce0: 0x0000a0e1	mov	r0, r0
      0x00411ce4: 0x0000a0e1	mov	r0, r0
      0x00411ce8: 0x04d04be2	sub	sp, fp, #4
      0x00411cec: 0x0048bde8	pop	{fp, lr}
      0x00411cf0: 0x1eff2fe1	bx	lr
      0x00411cf4: 0x00482de9	push	{fp, lr}
      0x00411cf8: 0x04b08de2	add	fp, sp, #4
      0x00411cfc: 0x18d04de2	sub	sp, sp, #0x18
      0x00411d00: 0x18000be5	str	r0, [fp, #-0x18]
      0x00411d04: 0x1c100be5	str	r1, [fp, #-0x1c]
      0x00411d08: 0x0430a0e3	mov	r3, #4
      0x00411d0c: 0x08300be5	str	r3, [fp, #-8]
      0x00411d10: 0x18001be5	ldr	r0, [fp, #-0x18]
bl    at 0x00411d14: hooking 0x960b00eb	bl	#0x414b74 -> 0xcdb803eb	bl	#0x500050
      0x00411d18: 0x0020a0e1	mov	r2, r0
      0x00411d1c: 0x0130a0e1	mov	r3, r1
      0x00411d20: 0x0200a0e1	mov	r0, r2
      0x00411d24: 0x0310a0e1	mov	r1, r3
bl    at 0x00411d28: hooking 0x3d0200eb	bl	#0x412624 -> 0xc8b803eb	bl	#0x500050
      0x00411d2c: 0x0020a0e1	mov	r2, r0
      0x00411d30: 0x0130a0e1	mov	r3, r1
      0x00411d34: 0x0200a0e1	mov	r0, r2
      0x00411d38: 0x0310a0e1	mov	r1, r3
bl    at 0x00411d3c: hooking 0x950100eb	bl	#0x412398 -> 0xc3b803eb	bl	#0x500050
      0x00411d40: 0x14000be5	str	r0, [fp, #-0x14]
      0x00411d44: 0x10100be5	str	r1, [fp, #-0x10]
b     at 0x00411d48: hooking 0x1c0000ea	b	#0x411dc0 -> 0xacb803eb	bl	#0x500000
      0x00411d4c: 0x08301be5	ldr	r3, [fp, #-8]
      0x00411d50: 0x020053e3	cmp	r3, #2
      0x00411d54: 0x0500000a	beq	#0x411d70
      0x00411d58: 0x08301be5	ldr	r3, [fp, #-8]
      0x00411d5c: 0x040053e3	cmp	r3, #4
      0x00411d60: 0x0500001a	bne	#0x411d7c
      0x00411d64: 0x0230a0e3	mov	r3, #2
      0x00411d68: 0x08300be5	str	r3, [fp, #-8]
b     at 0x00411d6c: hooking 0x060000ea	b	#0x411d8c -> 0xa3b803eb	bl	#0x500000
      0x00411d70: 0x0330a0e3	mov	r3, #3
      0x00411d74: 0x08300be5	str	r3, [fp, #-8]
b     at 0x00411d78: hooking 0x030000ea	b	#0x411d8c -> 0xa0b803eb	bl	#0x500000
      0x00411d7c: 0x08301be5	ldr	r3, [fp, #-8]
      0x00411d80: 0x023083e2	add	r3, r3, #2
      0x00411d84: 0x08300be5	str	r3, [fp, #-8]
      0x00411d88: 0x0000a0e1	mov	r0, r0
      0x00411d8c: 0x08001be5	ldr	r0, [fp, #-8]
bl    at 0x00411d90: hooking 0x770b00eb	bl	#0x414b74 -> 0xaeb803eb	bl	#0x500050
      0x00411d94: 0x0020a0e1	mov	r2, r0
      0x00411d98: 0x0130a0e1	mov	r3, r1
      0x00411d9c: 0x14104be2	sub	r1, fp, #0x14
      0x00411da0: 0x030091e8	ldm	r1, {r0, r1}
bl    at 0x00411da4: hooking 0x0b0d00eb	bl	#0x4151d8 -> 0xa9b803eb	bl	#0x500050
      0x00411da8: 0x0030a0e1	mov	r3, r0
      0x00411dac: 0x000053e3	cmp	r3, #0
      0x00411db0: 0x0000001a	bne	#0x411db8
b     at 0x00411db4: hooking 0x010000ea	b	#0x411dc0 -> 0x91b803eb	bl	#0x500000
      0x00411db8: 0x18301be5	ldr	r3, [fp, #-0x18]
      0x00411dbc: 0x08300be5	str	r3, [fp, #-8]
      0x00411dc0: 0x18301be5	ldr	r3, [fp, #-0x18]
      0x00411dc4: 0x08101be5	ldr	r1, [fp, #-8]
      0x00411dc8: 0x0300a0e1	mov	r0, r3
bl    at 0x00411dcc: hooking 0x8f0a00eb	bl	#0x414810 -> 0x9fb803eb	bl	#0x500050
      0x00411dd0: 0x0130a0e1	mov	r3, r1
      0x00411dd4: 0x000053e3	cmp	r3, #0
      0x00411dd8: 0xdbffff1a	bne	#0x411d4c
      0x00411ddc: 0x08101be5	ldr	r1, [fp, #-8]
      0x00411de0: 0x18001be5	ldr	r0, [fp, #-0x18]
bl    at 0x00411de4: hooking 0x3f0a00eb	bl	#0x4146e8 -> 0x99b803eb	bl	#0x500050
      0x00411de8: 0x0030a0e1	mov	r3, r0
      0x00411dec: 0x18300be5	str	r3, [fp, #-0x18]
      0x00411df0: 0x1c301be5	ldr	r3, [fp, #-0x1c]
      0x00411df4: 0x042083e2	add	r2, r3, #4
      0x00411df8: 0x1c200be5	str	r2, [fp, #-0x1c]
      0x00411dfc: 0x08201be5	ldr	r2, [fp, #-8]
      0x00411e00: 0x002083e5	str	r2, [r3]
      0x00411e04: 0x1c301be5	ldr	r3, [fp, #-0x1c]
      0x00411e08: 0x042083e2	add	r2, r3, #4
      0x00411e0c: 0x1c200be5	str	r2, [fp, #-0x1c]
      0x00411e10: 0x18201be5	ldr	r2, [fp, #-0x18]
      0x00411e14: 0x002083e5	str	r2, [r3]
      0x00411e18: 0x18301be5	ldr	r3, [fp, #-0x18]
      0x00411e1c: 0x010053e3	cmp	r3, #1
      0x00411e20: 0xe6ffffca	bgt	#0x411dc0
      0x00411e24: 0x0000a0e1	mov	r0, r0
      0x00411e28: 0x0000a0e1	mov	r0, r0
      0x00411e2c: 0x04d04be2	sub	sp, fp, #4
      0x00411e30: 0x0048bde8	pop	{fp, lr}
      0x00411e34: 0x1eff2fe1	bx	lr
      0x00411e38: 0x30482de9	push	{r4, r5, fp, lr}
      0x00411e3c: 0x0cb08de2	add	fp, sp, #0xc
      0x00411e40: 0x30d04de2	sub	sp, sp, #0x30
      0x00411e44: 0x30000be5	str	r0, [fp, #-0x30]
      0x00411e48: 0x34100be5	str	r1, [fp, #-0x34]
      0x00411e4c: 0x38200be5	str	r2, [fp, #-0x38]
      0x00411e50: 0x3c300be5	str	r3, [fp, #-0x3c]
      0x00411e54: 0x0030a0e3	mov	r3, #0
      0x00411e58: 0x10300be5	str	r3, [fp, #-0x10]
      0x00411e5c: 0x30301be5	ldr	r3, [fp, #-0x30]
      0x00411e60: 0x213083e2	add	r3, r3, #0x21
      0x00411e64: 0x8331a0e1	lsl	r3, r3, #3
      0x00411e68: 0x20300be5	str	r3, [fp, #-0x20]
      0x00411e6c: 0x3c301be5	ldr	r3, [fp, #-0x3c]
      0x00411e70: 0x000053e3	cmp	r3, #0
      0x00411e74: 0x0400001a	bne	#0x411e8c
      0x00411e78: 0x20001be5	ldr	r0, [fp, #-0x20]
bl    at 0x00411e7c: hooking 0xe90d00eb	bl	#0x415628 -> 0x73b803eb	bl	#0x500050
      0x00411e80: 0x0030a0e1	mov	r3, r0
      0x00411e84: 0x10300be5	str	r3, [fp, #-0x10]
b     at 0x00411e88: hooking 0x0c0000ea	b	#0x411ec0 -> 0x5cb803eb	bl	#0x500000
      0x00411e8c: 0x38301be5	ldr	r3, [fp, #-0x38]
      0x00411e90: 0x000053e3	cmp	r3, #0
      0x00411e94: 0x0600000a	beq	#0x411eb4
      0x00411e98: 0x3c301be5	ldr	r3, [fp, #-0x3c]
      0x00411e9c: 0x003093e5	ldr	r3, [r3]
      0x00411ea0: 0x20201be5	ldr	r2, [fp, #-0x20]
      0x00411ea4: 0x030052e1	cmp	r2, r3
      0x00411ea8: 0x0100008a	bhi	#0x411eb4
      0x00411eac: 0x38301be5	ldr	r3, [fp, #-0x38]
      0x00411eb0: 0x10300be5	str	r3, [fp, #-0x10]
      0x00411eb4: 0x3c301be5	ldr	r3, [fp, #-0x3c]
      0x00411eb8: 0x20201be5	ldr	r2, [fp, #-0x20]
      0x00411ebc: 0x002083e5	str	r2, [r3]
      0x00411ec0: 0x10301be5	ldr	r3, [fp, #-0x10]
      0x00411ec4: 0x000053e3	cmp	r3, #0
      0x00411ec8: 0x5e00000a	beq	#0x412048
      0x00411ecc: 0x10301be5	ldr	r3, [fp, #-0x10]
      0x00411ed0: 0x30201be5	ldr	r2, [fp, #-0x30]
      0x00411ed4: 0x002083e5	str	r2, [r3]
      0x00411ed8: 0x10301be5	ldr	r3, [fp, #-0x10]
      0x00411edc: 0x34201be5	ldr	r2, [fp, #-0x34]
      0x00411ee0: 0x042083e5	str	r2, [r3, #4]
      0x00411ee4: 0x0030a0e3	mov	r3, #0
      0x00411ee8: 0x14300be5	str	r3, [fp, #-0x14]
b     at 0x00411eec: hooking 0x4c0000ea	b	#0x412024 -> 0x43b803eb	bl	#0x500000
      0x00411ef0: 0x5a3f8fe2	add	r3, pc, #0x168
      0x00411ef4: 0x0c0093e8	ldm	r3, {r2, r3}
      0x00411ef8: 0x2c200be5	str	r2, [fp, #-0x2c]
      0x00411efc: 0x28300be5	str	r3, [fp, #-0x28]
      0x00411f00: 0x0020a0e3	mov	r2, #0
      0x00411f04: 0x0331a0e3	mov	r3, #0xc0000000
      0x00411f08: 0x2c104be2	sub	r1, fp, #0x2c
      0x00411f0c: 0x030091e8	ldm	r1, {r0, r1}
bl    at 0x00411f10: hooking 0x500b00eb	bl	#0x414c58 -> 0x4eb803eb	bl	#0x500050
      0x00411f14: 0x0020a0e1	mov	r2, r0
      0x00411f18: 0x0130a0e1	mov	r3, r1
      0x00411f1c: 0x0240a0e1	mov	r4, r2
      0x00411f20: 0x0350a0e1	mov	r5, r3
      0x00411f24: 0x14001be5	ldr	r0, [fp, #-0x14]
bl    at 0x00411f28: hooking 0x110b00eb	bl	#0x414b74 -> 0x48b803eb	bl	#0x500050
      0x00411f2c: 0x0020a0e1	mov	r2, r0
      0x00411f30: 0x0130a0e1	mov	r3, r1
      0x00411f34: 0x0400a0e1	mov	r0, r4
      0x00411f38: 0x0510a0e1	mov	r1, r5
bl    at 0x00411f3c: hooking 0x450b00eb	bl	#0x414c58 -> 0x43b803eb	bl	#0x500050
      0x00411f40: 0x0020a0e1	mov	r2, r0
      0x00411f44: 0x0130a0e1	mov	r3, r1
      0x00411f48: 0x0240a0e1	mov	r4, r2
      0x00411f4c: 0x0350a0e1	mov	r5, r3
      0x00411f50: 0x30001be5	ldr	r0, [fp, #-0x30]
bl    at 0x00411f54: hooking 0x060b00eb	bl	#0x414b74 -> 0x3db803eb	bl	#0x500050
      0x00411f58: 0x0020a0e1	mov	r2, r0
      0x00411f5c: 0x0130a0e1	mov	r3, r1
      0x00411f60: 0x0400a0e1	mov	r0, r4
      0x00411f64: 0x0510a0e1	mov	r1, r5
bl    at 0x00411f68: hooking 0xde0b00eb	bl	#0x414ee8 -> 0x38b803eb	bl	#0x500050
      0x00411f6c: 0x0020a0e1	mov	r2, r0
      0x00411f70: 0x0130a0e1	mov	r3, r1
      0x00411f74: 0x1c200be5	str	r2, [fp, #-0x1c]
      0x00411f78: 0x18300be5	str	r3, [fp, #-0x18]
      0x00411f7c: 0x10301be5	ldr	r3, [fp, #-0x10]
      0x00411f80: 0x043093e5	ldr	r3, [r3, #4]
      0x00411f84: 0x000053e3	cmp	r3, #0
      0x00411f88: 0x0400000a	beq	#0x411fa0
      0x00411f8c: 0x1c301be5	ldr	r3, [fp, #-0x1c]
      0x00411f90: 0x1c300be5	str	r3, [fp, #-0x1c]
      0x00411f94: 0x18301be5	ldr	r3, [fp, #-0x18]
      0x00411f98: 0x023123e2	eor	r3, r3, #0x80000000
      0x00411f9c: 0x18300be5	str	r3, [fp, #-0x18]
      0x00411fa0: 0x1c104be2	sub	r1, fp, #0x1c
      0x00411fa4: 0x030091e8	ldm	r1, {r0, r1}
bl    at 0x00411fa8: hooking 0xbc0000eb	bl	#0x4122a0 -> 0x28b803eb	bl	#0x500050
      0x00411fac: 0x0020a0e1	mov	r2, r0
      0x00411fb0: 0x0130a0e1	mov	r3, r1
      0x00411fb4: 0x10101be5	ldr	r1, [fp, #-0x10]
      0x00411fb8: 0x420f81e2	add	r0, r1, #0x108
      0x00411fbc: 0x14101be5	ldr	r1, [fp, #-0x14]
      0x00411fc0: 0x8111a0e1	lsl	r1, r1, #3
      0x00411fc4: 0x014080e0	add	r4, r0, r1
      0x00411fc8: 0x0200a0e1	mov	r0, r2
      0x00411fcc: 0x0310a0e1	mov	r1, r3
bl    at 0x00411fd0: hooking 0xbd0c00eb	bl	#0x4152cc -> 0x1eb803eb	bl	#0x500050
      0x00411fd4: 0x0030a0e1	mov	r3, r0
      0x00411fd8: 0x003084e5	str	r3, [r4]
      0x00411fdc: 0x1c104be2	sub	r1, fp, #0x1c
      0x00411fe0: 0x030091e8	ldm	r1, {r0, r1}
bl    at 0x00411fe4: hooking 0x4e0100eb	bl	#0x412524 -> 0x19b803eb	bl	#0x500050
      0x00411fe8: 0x0020a0e1	mov	r2, r0
      0x00411fec: 0x0130a0e1	mov	r3, r1
      0x00411ff0: 0x10101be5	ldr	r1, [fp, #-0x10]
      0x00411ff4: 0x420f81e2	add	r0, r1, #0x108
      0x00411ff8: 0x14101be5	ldr	r1, [fp, #-0x14]
      0x00411ffc: 0x8111a0e1	lsl	r1, r1, #3
      0x00412000: 0x014080e0	add	r4, r0, r1
      0x00412004: 0x0200a0e1	mov	r0, r2
      0x00412008: 0x0310a0e1	mov	r1, r3
bl    at 0x0041200c: hooking 0xae0c00eb	bl	#0x4152cc -> 0x0fb803eb	bl	#0x500050
      0x00412010: 0x0030a0e1	mov	r3, r0
      0x00412014: 0x043084e5	str	r3, [r4, #4]
      0x00412018: 0x14301be5	ldr	r3, [fp, #-0x14]
      0x0041201c: 0x013083e2	add	r3, r3, #1
      0x00412020: 0x14300be5	str	r3, [fp, #-0x14]
      0x00412024: 0x14201be5	ldr	r2, [fp, #-0x14]
      0x00412028: 0x30301be5	ldr	r3, [fp, #-0x30]
      0x0041202c: 0x030052e1	cmp	r2, r3
      0x00412030: 0xaeffffba	blt	#0x411ef0
      0x00412034: 0x10301be5	ldr	r3, [fp, #-0x10]
      0x00412038: 0x083083e2	add	r3, r3, #8
      0x0041203c: 0x0310a0e1	mov	r1, r3
      0x00412040: 0x30001be5	ldr	r0, [fp, #-0x30]
bl    at 0x00412044: hooking 0x2affffeb	bl	#0x411cf4 -> 0x01b803eb	bl	#0x500050
      0x00412048: 0x10301be5	ldr	r3, [fp, #-0x10]
      0x0041204c: 0x0300a0e1	mov	r0, r3
      0x00412050: 0x0cd04be2	sub	sp, fp, #0xc
      0x00412054: 0x3048bde8	pop	{r4, r5, fp, lr}
      0x00412058: 0x1eff2fe1	bx	lr
      0x0041205c: 0x0000a0e1	mov	r0, r0
      0x00412060: 0x182d4454	strbpl	r2, [r4], #-0xd18
      0x00412064: 0xfb210940	strdmi	r2, r3, [sb], -fp
      0x00412068: 0x00482de9	push	{fp, lr}
      0x0041206c: 0x04b08de2	add	fp, sp, #4
      0x00412070: 0x20d04de2	sub	sp, sp, #0x20
      0x00412074: 0x10000be5	str	r0, [fp, #-0x10]
      0x00412078: 0x14100be5	str	r1, [fp, #-0x14]
      0x0041207c: 0x18200be5	str	r2, [fp, #-0x18]
      0x00412080: 0x1c300be5	str	r3, [fp, #-0x1c]
      0x00412084: 0x14201be5	ldr	r2, [fp, #-0x14]
      0x00412088: 0x18301be5	ldr	r3, [fp, #-0x18]
      0x0041208c: 0x030052e1	cmp	r2, r3
      0x00412090: 0x1a00001a	bne	#0x412100
      0x00412094: 0x10301be5	ldr	r3, [fp, #-0x10]
      0x00412098: 0x003093e5	ldr	r3, [r3]
      0x0041209c: 0x8331a0e1	lsl	r3, r3, #3
      0x004120a0: 0x0300a0e1	mov	r0, r3
bl    at 0x004120a4: hooking 0x5f0d00eb	bl	#0x415628 -> 0xe9b703eb	bl	#0x500050
      0x004120a8: 0x0030a0e1	mov	r3, r0
      0x004120ac: 0x08300be5	str	r3, [fp, #-8]
      0x004120b0: 0x10301be5	ldr	r3, [fp, #-0x10]
      0x004120b4: 0x083083e2	add	r3, r3, #8
      0x004120b8: 0x10201be5	ldr	r2, [fp, #-0x10]
      0x004120bc: 0x04208de5	str	r2, [sp, #4]
      0x004120c0: 0x00308de5	str	r3, [sp]
      0x004120c4: 0x1c301be5	ldr	r3, [fp, #-0x1c]
      0x004120c8: 0x0120a0e3	mov	r2, #1
      0x004120cc: 0x14101be5	ldr	r1, [fp, #-0x14]
      0x004120d0: 0x08001be5	ldr	r0, [fp, #-8]
bl    at 0x004120d4: hooking 0x8cfeffeb	bl	#0x411b0c -> 0xddb703eb	bl	#0x500050
      0x004120d8: 0x10301be5	ldr	r3, [fp, #-0x10]
      0x004120dc: 0x003093e5	ldr	r3, [r3]
      0x004120e0: 0x8331a0e1	lsl	r3, r3, #3
      0x004120e4: 0x0320a0e1	mov	r2, r3
      0x004120e8: 0x08101be5	ldr	r1, [fp, #-8]
      0x004120ec: 0x18001be5	ldr	r0, [fp, #-0x18]
bl    at 0x004120f0: hooking 0x490f00eb	bl	#0x415e1c -> 0xd6b703eb	bl	#0x500050
      0x004120f4: 0x08001be5	ldr	r0, [fp, #-8]
bl    at 0x004120f8: hooking 0x520d00eb	bl	#0x415648 -> 0xd4b703eb	bl	#0x500050
b     at 0x004120fc: hooking 0x090000ea	b	#0x412128 -> 0xbfb703eb	bl	#0x500000
      0x00412100: 0x10301be5	ldr	r3, [fp, #-0x10]
      0x00412104: 0x083083e2	add	r3, r3, #8
      0x00412108: 0x10201be5	ldr	r2, [fp, #-0x10]
      0x0041210c: 0x04208de5	str	r2, [sp, #4]
      0x00412110: 0x00308de5	str	r3, [sp]
      0x00412114: 0x1c301be5	ldr	r3, [fp, #-0x1c]
      0x00412118: 0x0120a0e3	mov	r2, #1
      0x0041211c: 0x14101be5	ldr	r1, [fp, #-0x14]
      0x00412120: 0x18001be5	ldr	r0, [fp, #-0x18]
bl    at 0x00412124: hooking 0x78feffeb	bl	#0x411b0c -> 0xc9b703eb	bl	#0x500050
      0x00412128: 0x0000a0e1	mov	r0, r0
      0x0041212c: 0x04d04be2	sub	sp, fp, #4
      0x00412130: 0x0048bde8	pop	{fp, lr}
      0x00412134: 0x1eff2fe1	bx	lr
      0x00412138: 0x00482de9	push	{fp, lr}
      0x0041213c: 0x04b08de2	add	fp, sp, #4
      0x00412140: 0x10d04de2	sub	sp, sp, #0x10
      0x00412144: 0x08000be5	str	r0, [fp, #-8]
      0x00412148: 0x0c100be5	str	r1, [fp, #-0xc]
      0x0041214c: 0x10200be5	str	r2, [fp, #-0x10]
      0x00412150: 0x0130a0e3	mov	r3, #1
      0x00412154: 0x10201be5	ldr	r2, [fp, #-0x10]
      0x00412158: 0x0c101be5	ldr	r1, [fp, #-0xc]
      0x0041215c: 0x08001be5	ldr	r0, [fp, #-8]
bl    at 0x00412160: hooking 0xc0ffffeb	bl	#0x412068 -> 0xbab703eb	bl	#0x500050
      0x00412164: 0x0000a0e1	mov	r0, r0
      0x00412168: 0x04d04be2	sub	sp, fp, #4
      0x0041216c: 0x0048bde8	pop	{fp, lr}
      0x00412170: 0x1eff2fe1	bx	lr
      0x00412174: 0x04b02de5	str	fp, [sp, #-4]!
      0x00412178: 0x00b08de2	add	fp, sp, #0
      0x0041217c: 0x0000a0e1	mov	r0, r0
      0x00412180: 0x00d08be2	add	sp, fp, #0
      0x00412184: 0x04b09de4	pop	{fp}
      0x00412188: 0x1eff2fe1	bx	lr
      0x0041218c: 0x04b02de5	str	fp, [sp, #-4]!
      0x00412190: 0x00b08de2	add	fp, sp, #0
      0x00412194: 0x14d04de2	sub	sp, sp, #0x14
      0x00412198: 0x10000be5	str	r0, [fp, #-0x10]
      0x0041219c: 0x10301be5	ldr	r3, [fp, #-0x10]
      0x004121a0: 0x08300be5	str	r3, [fp, #-8]
b     at 0x004121a4: hooking 0x040000ea	b	#0x4121bc -> 0x95b703eb	bl	#0x500000
      0x004121a8: 0x08301be5	ldr	r3, [fp, #-8]
      0x004121ac: 0xa32fa0e1	lsr	r2, r3, #0x1f
      0x004121b0: 0x033082e0	add	r3, r2, r3
      0x004121b4: 0xc330a0e1	asr	r3, r3, #1
      0x004121b8: 0x08300be5	str	r3, [fp, #-8]
      0x004121bc: 0x08301be5	ldr	r3, [fp, #-8]
      0x004121c0: 0x013003e2	and	r3, r3, #1
      0x004121c4: 0x000053e3	cmp	r3, #0
      0x004121c8: 0xf6ffff0a	beq	#0x4121a8
b     at 0x004121cc: hooking 0x050000ea	b	#0x4121e8 -> 0x8bb703eb	bl	#0x500000
      0x004121d0: 0x08301be5	ldr	r3, [fp, #-8]
      0x004121d4: 0xbc209fe5	ldr	r2, [pc, #0xbc]
      0x004121d8: 0x9312c2e0	smull	r1, r2, r3, r2
      0x004121dc: 0xc33fa0e1	asr	r3, r3, #0x1f
      0x004121e0: 0x033042e0	sub	r3, r2, r3
      0x004121e4: 0x08300be5	str	r3, [fp, #-8]
      0x004121e8: 0x08101be5	ldr	r1, [fp, #-8]
      0x004121ec: 0xa4309fe5	ldr	r3, [pc, #0xa4]
      0x004121f0: 0x9301c2e0	smull	r0, r2, r3, r1
      0x004121f4: 0xc13fa0e1	asr	r3, r1, #0x1f
      0x004121f8: 0x032042e0	sub	r2, r2, r3
      0x004121fc: 0x0230a0e1	mov	r3, r2
      0x00412200: 0x8330a0e1	lsl	r3, r3, #1
      0x00412204: 0x023083e0	add	r3, r3, r2
      0x00412208: 0x032041e0	sub	r2, r1, r3
      0x0041220c: 0x000052e3	cmp	r2, #0
      0x00412210: 0xeeffff0a	beq	#0x4121d0
b     at 0x00412214: hooking 0x060000ea	b	#0x412234 -> 0x79b703eb	bl	#0x500000
      0x00412218: 0x08301be5	ldr	r3, [fp, #-8]
      0x0041221c: 0x78209fe5	ldr	r2, [pc, #0x78]
      0x00412220: 0x9312c2e0	smull	r1, r2, r3, r2
      0x00412224: 0xc220a0e1	asr	r2, r2, #1
      0x00412228: 0xc33fa0e1	asr	r3, r3, #0x1f
      0x0041222c: 0x033042e0	sub	r3, r2, r3
      0x00412230: 0x08300be5	str	r3, [fp, #-8]
      0x00412234: 0x08101be5	ldr	r1, [fp, #-8]
      0x00412238: 0x5c309fe5	ldr	r3, [pc, #0x5c]
      0x0041223c: 0x9123c3e0	smull	r2, r3, r1, r3
      0x00412240: 0xc320a0e1	asr	r2, r3, #1
      0x00412244: 0xc13fa0e1	asr	r3, r1, #0x1f
      0x00412248: 0x032042e0	sub	r2, r2, r3
      0x0041224c: 0x0230a0e1	mov	r3, r2
      0x00412250: 0x0331a0e1	lsl	r3, r3, #2
      0x00412254: 0x023083e0	add	r3, r3, r2
      0x00412258: 0x032041e0	sub	r2, r1, r3
      0x0041225c: 0x000052e3	cmp	r2, #0
      0x00412260: 0xecffff0a	beq	#0x412218
      0x00412264: 0x08301be5	ldr	r3, [fp, #-8]
      0x00412268: 0x010053e3	cmp	r3, #1
      0x0041226c: 0x030000da	ble	#0x412280
      0x00412270: 0x10301be5	ldr	r3, [fp, #-0x10]
      0x00412274: 0x013083e2	add	r3, r3, #1
      0x00412278: 0x10300be5	str	r3, [fp, #-0x10]
b     at 0x0041227c: hooking 0xc6ffffea	b	#0x41219c -> 0x5fb703eb	bl	#0x500000
      0x00412280: 0x0000a0e1	mov	r0, r0
      0x00412284: 0x10301be5	ldr	r3, [fp, #-0x10]
      0x00412288: 0x0300a0e1	mov	r0, r3
      0x0041228c: 0x00d08be2	add	sp, fp, #0
      0x00412290: 0x04b09de4	pop	{fp}
      0x00412294: 0x1eff2fe1	bx	lr
      0x00412298: 0x56555555	ldrbpl	r5, [r5, #-0x556]
      0x0041229c: 0x67666666	strbtvs	r6, [r6], -r7, ror #12
      0x004122a0: 0x04e02de5	str	lr, [sp, #-4]!
      0x004122a4: 0xe0209fe5	ldr	r2, [pc, #0xe0]
      0x004122a8: 0x0231c1e3	bic	r3, r1, #0x80000000
      0x004122ac: 0x020053e1	cmp	r3, r2
      0x004122b0: 0x1cd04de2	sub	sp, sp, #0x1c
      0x004122b4: 0x190000da	ble	#0x412320
      0x004122b8: 0xd0209fe5	ldr	r2, [pc, #0xd0]
      0x004122bc: 0x020053e1	cmp	r3, r2
      0x004122c0: 0x050000da	ble	#0x4122dc
      0x004122c4: 0x0020a0e1	mov	r2, r0
      0x004122c8: 0x0130a0e1	mov	r3, r1
bl    at 0x004122cc: hooking 0x5a0900eb	bl	#0x41483c -> 0x5fb703eb	bl	#0x500050
      0x004122d0: 0x1cd08de2	add	sp, sp, #0x1c
      0x004122d4: 0x04e09de4	pop	{lr}
      0x004122d8: 0x1eff2fe1	bx	lr
      0x004122dc: 0x08208de2	add	r2, sp, #8
bl    at 0x004122e0: hooking 0xfe0000eb	bl	#0x4126e0 -> 0x5ab703eb	bl	#0x500050
      0x004122e4: 0x030000e2	and	r0, r0, #3
      0x004122e8: 0x010050e3	cmp	r0, #1
      0x004122ec: 0x1100000a	beq	#0x412338
      0x004122f0: 0x020050e3	cmp	r0, #2
      0x004122f4: 0x1d00000a	beq	#0x412370
      0x004122f8: 0x000050e3	cmp	r0, #0
      0x004122fc: 0x1500000a	beq	#0x412358
      0x00412300: 0x0110a0e3	mov	r1, #1
      0x00412304: 0x10308de2	add	r3, sp, #0x10
      0x00412308: 0x0c0093e8	ldm	r3, {r2, r3}
      0x0041230c: 0x00108de5	str	r1, [sp]
      0x00412310: 0x08108de2	add	r1, sp, #8
      0x00412314: 0x030091e8	ldm	r1, {r0, r1}
bl    at 0x00412318: hooking 0xfe0600eb	bl	#0x413f18 -> 0x4cb703eb	bl	#0x500050
b     at 0x0041231c: hooking 0xebffffea	b	#0x4122d0 -> 0x37b703eb	bl	#0x500000
      0x00412320: 0x0020a0e3	mov	r2, #0
      0x00412324: 0x0030a0e3	mov	r3, #0
bl    at 0x00412328: hooking 0x180300eb	bl	#0x412f90 -> 0x48b703eb	bl	#0x500050
      0x0041232c: 0x1cd08de2	add	sp, sp, #0x1c
      0x00412330: 0x04e09de4	pop	{lr}
      0x00412334: 0x1eff2fe1	bx	lr
      0x00412338: 0x00008de5	str	r0, [sp]
      0x0041233c: 0x10308de2	add	r3, sp, #0x10
      0x00412340: 0x0c0093e8	ldm	r3, {r2, r3}
      0x00412344: 0x08108de2	add	r1, sp, #8
      0x00412348: 0x030091e8	ldm	r1, {r0, r1}
bl    at 0x0041234c: hooking 0xf10600eb	bl	#0x413f18 -> 0x3fb703eb	bl	#0x500050
      0x00412350: 0x021181e2	add	r1, r1, #0x80000000
b     at 0x00412354: hooking 0xddffffea	b	#0x4122d0 -> 0x29b703eb	bl	#0x500000
      0x00412358: 0x10308de2	add	r3, sp, #0x10
      0x0041235c: 0x0c0093e8	ldm	r3, {r2, r3}
      0x00412360: 0x08108de2	add	r1, sp, #8
      0x00412364: 0x030091e8	ldm	r1, {r0, r1}
bl    at 0x00412368: hooking 0x080300eb	bl	#0x412f90 -> 0x38b703eb	bl	#0x500050
b     at 0x0041236c: hooking 0xd7ffffea	b	#0x4122d0 -> 0x23b703eb	bl	#0x500000
      0x00412370: 0x10308de2	add	r3, sp, #0x10
      0x00412374: 0x0c0093e8	ldm	r3, {r2, r3}
      0x00412378: 0x08108de2	add	r1, sp, #8
      0x0041237c: 0x030091e8	ldm	r1, {r0, r1}
bl    at 0x00412380: hooking 0x020300eb	bl	#0x412f90 -> 0x32b703eb	bl	#0x500050
      0x00412384: 0x021181e2	add	r1, r1, #0x80000000
b     at 0x00412388: hooking 0xd0ffffea	b	#0x4122d0 -> 0x1cb703eb	bl	#0x500000
      0x0041238c: 0xfb21e93f	svclo	#0xe921fb
      0x00412390: 0xffffef7f	svcvc	#0xefffff
      0x00412394: 0x00000000	andeq	r0, r0, r0
      0x00412398: 0x78319fe5	ldr	r3, [pc, #0x178]
      0x0041239c: 0x413a03e0	and	r3, r3, r1, asr #20
      0x004123a0: 0xf0412de9	push	{r4, r5, r6, r7, r8, lr}
      0x004123a4: 0xff4f43e2	sub	r4, r3, #0x3fc
      0x004123a8: 0x034044e2	sub	r4, r4, #3
      0x004123ac: 0x130054e3	cmp	r4, #0x13
      0x004123b0: 0x01c0a0e1	mov	ip, r1
      0x004123b4: 0x0150a0e1	mov	r5, r1
      0x004123b8: 0x00e0a0e1	mov	lr, r0
      0x004123bc: 0x0060a0e1	mov	r6, r0
      0x004123c0: 0x2c0000ca	bgt	#0x412478
      0x004123c4: 0x000054e3	cmp	r4, #0
      0x004123c8: 0x170000ba	blt	#0x41242c
      0x004123cc: 0x48719fe5	ldr	r7, [pc, #0x148]
      0x004123d0: 0x5774a0e1	asr	r7, r7, r4
      0x004123d4: 0x013007e0	and	r3, r7, r1
      0x004123d8: 0x003093e1	orrs	r3, r3, r0
      0x004123dc: 0x0e00000a	beq	#0x41241c
      0x004123e0: 0x4a3f8fe2	add	r3, pc, #0x128
      0x004123e4: 0x0c0093e8	ldm	r3, {r2, r3}
bl    at 0x004123e8: hooking 0x140900eb	bl	#0x414840 -> 0x18b703eb	bl	#0x500050
      0x004123ec: 0x0020a0e3	mov	r2, #0
      0x004123f0: 0x0030a0e3	mov	r3, #0
bl    at 0x004123f4: hooking 0x890b00eb	bl	#0x415220 -> 0x15b703eb	bl	#0x500050
      0x004123f8: 0x000050e3	cmp	r0, #0
      0x004123fc: 0x0400000a	beq	#0x412414
      0x00412400: 0x000055e3	cmp	r5, #0
      0x00412404: 0x0136a0b3	movlt	r3, #0x100000
      0x00412408: 0x0060a0e3	mov	r6, #0
      0x0041240c: 0x535485b0	addlt	r5, r5, r3, asr r4
      0x00412410: 0x0750c5e1	bic	r5, r5, r7
      0x00412414: 0x06e0a0e1	mov	lr, r6
      0x00412418: 0x05c0a0e1	mov	ip, r5
      0x0041241c: 0x0e00a0e1	mov	r0, lr
      0x00412420: 0x0c10a0e1	mov	r1, ip
      0x00412424: 0xf041bde8	pop	{r4, r5, r6, r7, r8, lr}
      0x00412428: 0x1eff2fe1	bx	lr
      0x0041242c: 0xdc308fe2	add	r3, pc, #0xdc
      0x00412430: 0x0c0093e8	ldm	r3, {r2, r3}
bl    at 0x00412434: hooking 0x010900eb	bl	#0x414840 -> 0x05b703eb	bl	#0x500050
      0x00412438: 0x0020a0e3	mov	r2, #0
      0x0041243c: 0x0030a0e3	mov	r3, #0
bl    at 0x00412440: hooking 0x760b00eb	bl	#0x415220 -> 0x02b703eb	bl	#0x500050
      0x00412444: 0x000050e3	cmp	r0, #0
      0x00412448: 0xf1ffff0a	beq	#0x412414
      0x0041244c: 0x000055e3	cmp	r5, #0
      0x00412450: 0x0060a0a3	movge	r6, #0
      0x00412454: 0x0650a0a1	movge	r5, r6
      0x00412458: 0xedffffaa	bge	#0x412414
      0x0041245c: 0x0231c5e3	bic	r3, r5, #0x80000000
      0x00412460: 0x066083e1	orr	r6, r3, r6
      0x00412464: 0xb4209fe5	ldr	r2, [pc, #0xb4]
      0x00412468: 0x000056e3	cmp	r6, #0
      0x0041246c: 0x0250a011	movne	r5, r2
      0x00412470: 0x0060a0e3	mov	r6, #0
b     at 0x00412474: hooking 0xe6ffffea	b	#0x412414 -> 0xe1b603eb	bl	#0x500000
      0x00412478: 0x330054e3	cmp	r4, #0x33
      0x0041247c: 0x070000da	ble	#0x4124a0
      0x00412480: 0x010b54e3	cmp	r4, #0x400
      0x00412484: 0xe4ffff1a	bne	#0x41241c
      0x00412488: 0x0020a0e1	mov	r2, r0
      0x0041248c: 0x0130a0e1	mov	r3, r1
bl    at 0x00412490: hooking 0xea0800eb	bl	#0x414840 -> 0xeeb603eb	bl	#0x500050
      0x00412494: 0x00e0a0e1	mov	lr, r0
      0x00412498: 0x01c0a0e1	mov	ip, r1
b     at 0x0041249c: hooking 0xdeffffea	b	#0x41241c -> 0xd7b603eb	bl	#0x500000
      0x004124a0: 0x0070e0e3	mvn	r7, #0
      0x004124a4: 0x413e43e2	sub	r3, r3, #0x410
      0x004124a8: 0x033043e2	sub	r3, r3, #3
      0x004124ac: 0x3773a0e1	lsr	r7, r7, r3
      0x004124b0: 0x000017e1	tst	r7, r0
      0x004124b4: 0xd8ffff0a	beq	#0x41241c
      0x004124b8: 0x50308fe2	add	r3, pc, #0x50
      0x004124bc: 0x0c0093e8	ldm	r3, {r2, r3}
bl    at 0x004124c0: hooking 0xde0800eb	bl	#0x414840 -> 0xe2b603eb	bl	#0x500050
      0x004124c4: 0x0020a0e3	mov	r2, #0
      0x004124c8: 0x0030a0e3	mov	r3, #0
bl    at 0x004124cc: hooking 0x530b00eb	bl	#0x415220 -> 0xdfb603eb	bl	#0x500050
      0x004124d0: 0x000050e3	cmp	r0, #0
      0x004124d4: 0xceffff0a	beq	#0x412414
      0x004124d8: 0x000055e3	cmp	r5, #0
      0x004124dc: 0x010000ba	blt	#0x4124e8
      0x004124e0: 0x0760c6e1	bic	r6, r6, r7
b     at 0x004124e4: hooking 0xcaffffea	b	#0x412414 -> 0xc5b603eb	bl	#0x500000
      0x004124e8: 0x140054e3	cmp	r4, #0x14
      0x004124ec: 0x01508502	addeq	r5, r5, #1
      0x004124f0: 0xfaffff0a	beq	#0x4124e0
      0x004124f4: 0x0130a0e3	mov	r3, #1
      0x004124f8: 0x344064e2	rsb	r4, r4, #0x34
      0x004124fc: 0x134486e0	add	r4, r6, r3, lsl r4
      0x00412500: 0x040056e1	cmp	r6, r4
      0x00412504: 0x03508580	addhi	r5, r5, r3
      0x00412508: 0x0460a0e1	mov	r6, r4
b     at 0x0041250c: hooking 0xf3ffffea	b	#0x4124e0 -> 0xbbb603eb	bl	#0x500000
      0x00412510: 0x9c750088	stmdahi	r0, {r2, r3, r4, r7, r8, sl, ip, sp, lr}
      0x00412514: 0x3ce4377e	mrcvc	p4, #1, lr, c7, c12, #1
      0x00412518: 0xff070000	strdeq	r0, r1, [r0], -pc
Invalid instruction at 0x0041251c, skipping.
      0x00412520: 0x0000f0bf	svclt	#0xf00000
      0x00412524: 0x04e02de5	str	lr, [sp, #-4]!
      0x00412528: 0xec209fe5	ldr	r2, [pc, #0xec]
      0x0041252c: 0x0231c1e3	bic	r3, r1, #0x80000000
      0x00412530: 0x020053e1	cmp	r3, r2
      0x00412534: 0x1cd04de2	sub	sp, sp, #0x1c
      0x00412538: 0x180000da	ble	#0x4125a0
      0x0041253c: 0xdc209fe5	ldr	r2, [pc, #0xdc]
      0x00412540: 0x020053e1	cmp	r3, r2
      0x00412544: 0x050000da	ble	#0x412560
      0x00412548: 0x0020a0e1	mov	r2, r0
      0x0041254c: 0x0130a0e1	mov	r3, r1
bl    at 0x00412550: hooking 0xb90800eb	bl	#0x41483c -> 0xbeb603eb	bl	#0x500050
      0x00412554: 0x1cd08de2	add	sp, sp, #0x1c
      0x00412558: 0x04e09de4	pop	{lr}
      0x0041255c: 0x1eff2fe1	bx	lr
      0x00412560: 0x08208de2	add	r2, sp, #8
bl    at 0x00412564: hooking 0x5d0000eb	bl	#0x4126e0 -> 0xb9b603eb	bl	#0x500050
      0x00412568: 0x030000e2	and	r0, r0, #3
      0x0041256c: 0x010050e3	cmp	r0, #1
      0x00412570: 0x1200000a	beq	#0x4125c0
      0x00412574: 0x020050e3	cmp	r0, #2
      0x00412578: 0x1e00000a	beq	#0x4125f8
      0x0041257c: 0x000050e3	cmp	r0, #0
      0x00412580: 0x1400000a	beq	#0x4125d8
      0x00412584: 0x10308de2	add	r3, sp, #0x10
      0x00412588: 0x0c0093e8	ldm	r3, {r2, r3}
      0x0041258c: 0x08108de2	add	r1, sp, #8
      0x00412590: 0x030091e8	ldm	r1, {r0, r1}
bl    at 0x00412594: hooking 0x7d0200eb	bl	#0x412f90 -> 0xadb603eb	bl	#0x500050
      0x00412598: 0x021181e2	add	r1, r1, #0x80000000
b     at 0x0041259c: hooking 0xecffffea	b	#0x412554 -> 0x97b603eb	bl	#0x500000
      0x004125a0: 0x00c0a0e3	mov	ip, #0
      0x004125a4: 0x0020a0e3	mov	r2, #0
      0x004125a8: 0x0030a0e3	mov	r3, #0
      0x004125ac: 0x00c08de5	str	ip, [sp]
bl    at 0x004125b0: hooking 0x580600eb	bl	#0x413f18 -> 0xa6b603eb	bl	#0x500050
      0x004125b4: 0x1cd08de2	add	sp, sp, #0x1c
      0x004125b8: 0x04e09de4	pop	{lr}
      0x004125bc: 0x1eff2fe1	bx	lr
      0x004125c0: 0x10308de2	add	r3, sp, #0x10
      0x004125c4: 0x0c0093e8	ldm	r3, {r2, r3}
      0x004125c8: 0x08108de2	add	r1, sp, #8
      0x004125cc: 0x030091e8	ldm	r1, {r0, r1}
bl    at 0x004125d0: hooking 0x6e0200eb	bl	#0x412f90 -> 0x9eb603eb	bl	#0x500050
b     at 0x004125d4: hooking 0xdeffffea	b	#0x412554 -> 0x89b603eb	bl	#0x500000
      0x004125d8: 0x0110a0e3	mov	r1, #1
      0x004125dc: 0x10308de2	add	r3, sp, #0x10
      0x004125e0: 0x0c0093e8	ldm	r3, {r2, r3}
      0x004125e4: 0x00108de5	str	r1, [sp]
      0x004125e8: 0x08108de2	add	r1, sp, #8
      0x004125ec: 0x030091e8	ldm	r1, {r0, r1}
bl    at 0x004125f0: hooking 0x480600eb	bl	#0x413f18 -> 0x96b603eb	bl	#0x500050
b     at 0x004125f4: hooking 0xd6ffffea	b	#0x412554 -> 0x81b603eb	bl	#0x500000
      0x004125f8: 0x0110a0e3	mov	r1, #1
      0x004125fc: 0x10308de2	add	r3, sp, #0x10
      0x00412600: 0x0c0093e8	ldm	r3, {r2, r3}
      0x00412604: 0x00108de5	str	r1, [sp]
      0x00412608: 0x08108de2	add	r1, sp, #8
      0x0041260c: 0x030091e8	ldm	r1, {r0, r1}
bl    at 0x00412610: hooking 0x400600eb	bl	#0x413f18 -> 0x8eb603eb	bl	#0x500050
      0x00412614: 0x021181e2	add	r1, r1, #0x80000000
b     at 0x00412618: hooking 0xcdffffea	b	#0x412554 -> 0x78b603eb	bl	#0x500000
      0x0041261c: 0xfb21e93f	svclo	#0xe921fb
      0x00412620: 0xffffef7f	svcvc	#0xefffff
      0x00412624: 0xd0432de9	push	{r4, r6, r7, r8, sb, lr}
      0x00412628: 0x0060a0e1	mov	r6, r0
      0x0041262c: 0x0170a0e1	mov	r7, r1
bl    at 0x00412630: hooking 0xc10100eb	bl	#0x412d3c -> 0x86b603eb	bl	#0x500050
      0x00412634: 0xa0309fe5	ldr	r3, [pc, #0xa0]
      0x00412638: 0xd040d3e1	ldrsb	r4, [r3]
      0x0041263c: 0x0080a0e1	mov	r8, r0
      0x00412640: 0x010074e3	cmn	r4, #1
      0x00412644: 0x0190a0e1	mov	sb, r1
      0x00412648: 0x0620a0e1	mov	r2, r6
      0x0041264c: 0x0730a0e1	mov	r3, r7
      0x00412650: 0x0600a0e1	mov	r0, r6
      0x00412654: 0x0710a0e1	mov	r1, r7
      0x00412658: 0x0140a003	moveq	r4, #1
      0x0041265c: 0x0040a013	movne	r4, #0
bl    at 0x00412660: hooking 0xf40a00eb	bl	#0x415238 -> 0x7ab603eb	bl	#0x500050
      0x00412664: 0x000050e3	cmp	r0, #0
      0x00412668: 0x0400a001	moveq	r0, r4
      0x0041266c: 0x0100a013	movne	r0, #1
      0x00412670: 0x000050e3	cmp	r0, #0
      0x00412674: 0x0600001a	bne	#0x412694
      0x00412678: 0x0600a0e1	mov	r0, r6
      0x0041267c: 0x0710a0e1	mov	r1, r7
      0x00412680: 0x0020a0e3	mov	r2, #0
      0x00412684: 0x0030a0e3	mov	r3, #0
bl    at 0x00412688: hooking 0xd20a00eb	bl	#0x4151d8 -> 0x70b603eb	bl	#0x500050
      0x0041268c: 0x000050e3	cmp	r0, #0
      0x00412690: 0x0300001a	bne	#0x4126a4
      0x00412694: 0x0800a0e1	mov	r0, r8
      0x00412698: 0x0910a0e1	mov	r1, sb
      0x0041269c: 0xd043bde8	pop	{r4, r6, r7, r8, sb, lr}
      0x004126a0: 0x1eff2fe1	bx	lr
bl    at 0x004126a4: hooking 0xdb0b00eb	bl	#0x415618 -> 0x69b603eb	bl	#0x500050
      0x004126a8: 0x2110a0e3	mov	r1, #0x21
      0x004126ac: 0x0020a0e3	mov	r2, #0
      0x004126b0: 0x0030a0e3	mov	r3, #0
      0x004126b4: 0x001080e5	str	r1, [r0]
      0x004126b8: 0x0200a0e1	mov	r0, r2
      0x004126bc: 0x0310a0e1	mov	r1, r3
bl    at 0x004126c0: hooking 0x080a00eb	bl	#0x414ee8 -> 0x62b603eb	bl	#0x500050
      0x004126c4: 0x0080a0e1	mov	r8, r0
      0x004126c8: 0x0190a0e1	mov	sb, r1
      0x004126cc: 0x0800a0e1	mov	r0, r8
      0x004126d0: 0x0910a0e1	mov	r1, sb
      0x004126d4: 0xd043bde8	pop	{r4, r6, r7, r8, sb, lr}
      0x004126d8: 0x1eff2fe1	bx	lr
      0x004126dc: 0x90664000	umaaleq	r6, r0, r0, r6
      0x004126e0: 0xf04f2de9	push	{r4, r5, r6, r7, r8, sb, sl, fp, lr}
      0x004126e4: 0x9cc39fe5	ldr	ip, [pc, #0x39c]
      0x004126e8: 0x0251c1e3	bic	r5, r1, #0x80000000
      0x004126ec: 0x0c0055e1	cmp	r5, ip
      0x004126f0: 0x3cd04de2	sub	sp, sp, #0x3c
      0x004126f4: 0x0130a0e1	mov	r3, r1
      0x004126f8: 0x670000da	ble	#0x41289c
      0x004126fc: 0x0240a0e1	mov	r4, r2
      0x00412700: 0x84239fe5	ldr	r2, [pc, #0x384]
      0x00412704: 0x020055e1	cmp	r5, r2
      0x00412708: 0x0160a0e1	mov	r6, r1
      0x0041270c: 0x1c0000ca	bgt	#0x412784
      0x00412710: 0x000051e3	cmp	r1, #0
      0x00412714: 0xd13f8fe2	add	r3, pc, #0x344
      0x00412718: 0x0c0093e8	ldm	r3, {r2, r3}
      0x0041271c: 0x500100da	ble	#0x412c64
bl    at 0x00412720: hooking 0x450800eb	bl	#0x41483c -> 0x4ab603eb	bl	#0x500050
      0x00412724: 0x64339fe5	ldr	r3, [pc, #0x364]
      0x00412728: 0x030055e1	cmp	r5, r3
      0x0041272c: 0x0060a0e1	mov	r6, r0
      0x00412730: 0x0170a0e1	mov	r7, r1
      0x00412734: 0x6900000a	beq	#0x4128e0
      0x00412738: 0xca3f8fe2	add	r3, pc, #0x328
      0x0041273c: 0x0c0093e8	ldm	r3, {r2, r3}
bl    at 0x00412740: hooking 0x3d0800eb	bl	#0x41483c -> 0x42b603eb	bl	#0x500050
      0x00412744: 0x0020a0e1	mov	r2, r0
      0x00412748: 0x0130a0e1	mov	r3, r1
      0x0041274c: 0x0600a0e1	mov	r0, r6
      0x00412750: 0x0710a0e1	mov	r1, r7
      0x00412754: 0x0c0084e8	stm	r4, {r2, r3}
bl    at 0x00412758: hooking 0x370800eb	bl	#0x41483c -> 0x3cb603eb	bl	#0x500050
      0x0041275c: 0xc13f8fe2	add	r3, pc, #0x304
      0x00412760: 0x0c0093e8	ldm	r3, {r2, r3}
bl    at 0x00412764: hooking 0x340800eb	bl	#0x41483c -> 0x39b603eb	bl	#0x500050
      0x00412768: 0x0170a0e3	mov	r7, #1
      0x0041276c: 0x080084e5	str	r0, [r4, #8]
      0x00412770: 0x0c1084e5	str	r1, [r4, #0xc]
      0x00412774: 0x0700a0e1	mov	r0, r7
      0x00412778: 0x3cd08de2	add	sp, sp, #0x3c
      0x0041277c: 0xf04fbde8	pop	{r4, r5, r6, r7, r8, sb, sl, fp, lr}
      0x00412780: 0x1eff2fe1	bx	lr
      0x00412784: 0x08239fe5	ldr	r2, [pc, #0x308]
      0x00412788: 0x020055e1	cmp	r5, r2
      0x0041278c: 0x6b0000da	ble	#0x412940
      0x00412790: 0x00239fe5	ldr	r2, [pc, #0x300]
      0x00412794: 0x020055e1	cmp	r5, r2
      0x00412798: 0x490000ca	bgt	#0x4128c4
      0x0041279c: 0x457aa0e1	asr	r7, r5, #0x14
      0x004127a0: 0x417e47e2	sub	r7, r7, #0x410
      0x004127a4: 0x067047e2	sub	r7, r7, #6
      0x004127a8: 0x071a45e0	sub	r1, r5, r7, lsl #20
      0x004127ac: 0x0190a0e1	mov	sb, r1
      0x004127b0: 0x0080a0e1	mov	r8, r0
bl    at 0x004127b4: hooking 0xad0a00eb	bl	#0x415270 -> 0x25b603eb	bl	#0x500050
bl    at 0x004127b8: hooking 0xed0800eb	bl	#0x414b74 -> 0x24b603eb	bl	#0x500050
      0x004127bc: 0x00a0a0e1	mov	sl, r0
      0x004127c0: 0x01b0a0e1	mov	fp, r1
      0x004127c4: 0x0800a0e1	mov	r0, r8
      0x004127c8: 0x0910a0e1	mov	r1, sb
      0x004127cc: 0x0a20a0e1	mov	r2, sl
      0x004127d0: 0x0b30a0e1	mov	r3, fp
      0x004127d4: 0x20a08de5	str	sl, [sp, #0x20]
      0x004127d8: 0x24b08de5	str	fp, [sp, #0x24]
bl    at 0x004127dc: hooking 0x160800eb	bl	#0x41483c -> 0x1bb603eb	bl	#0x500050
      0x004127e0: 0x0020a0e3	mov	r2, #0
      0x004127e4: 0xb0329fe5	ldr	r3, [pc, #0x2b0]
bl    at 0x004127e8: hooking 0x1a0900eb	bl	#0x414c58 -> 0x18b603eb	bl	#0x500050
      0x004127ec: 0x0190a0e1	mov	sb, r1
      0x004127f0: 0x0080a0e1	mov	r8, r0
bl    at 0x004127f4: hooking 0x9d0a00eb	bl	#0x415270 -> 0x15b603eb	bl	#0x500050
      0x004127f8: 0x0050a0e1	mov	r5, r0
bl    at 0x004127fc: hooking 0xdc0800eb	bl	#0x414b74 -> 0x13b603eb	bl	#0x500050
      0x00412800: 0x0020a0e1	mov	r2, r0
      0x00412804: 0x0130a0e1	mov	r3, r1
      0x00412808: 0x0800a0e1	mov	r0, r8
      0x0041280c: 0x0910a0e1	mov	r1, sb
      0x00412810: 0x28208de5	str	r2, [sp, #0x28]
      0x00412814: 0x2c308de5	str	r3, [sp, #0x2c]
bl    at 0x00412818: hooking 0x070800eb	bl	#0x41483c -> 0x0cb603eb	bl	#0x500050
      0x0041281c: 0x0020a0e3	mov	r2, #0
      0x00412820: 0x74329fe5	ldr	r3, [pc, #0x274]
bl    at 0x00412824: hooking 0x0b0900eb	bl	#0x414c58 -> 0x09b603eb	bl	#0x500050
      0x00412828: 0x0030a0e3	mov	r3, #0
      0x0041282c: 0x0020a0e3	mov	r2, #0
      0x00412830: 0x30008de5	str	r0, [sp, #0x30]
      0x00412834: 0x34108de5	str	r1, [sp, #0x34]
bl    at 0x00412838: hooking 0x600a00eb	bl	#0x4151c0 -> 0x04b603eb	bl	#0x500050
      0x0041283c: 0x000050e3	cmp	r0, #0
      0x00412840: 0x0330a003	moveq	r3, #3
      0x00412844: 0x0200000a	beq	#0x412854
      0x00412848: 0x000055e3	cmp	r5, #0
      0x0041284c: 0x0130a003	moveq	r3, #1
      0x00412850: 0x0230a013	movne	r3, #2
      0x00412854: 0x0200a0e3	mov	r0, #2
      0x00412858: 0x40129fe5	ldr	r1, [pc, #0x240]
      0x0041285c: 0x0720a0e1	mov	r2, r7
      0x00412860: 0x03008de8	stm	sp, {r0, r1}
      0x00412864: 0x0410a0e1	mov	r1, r4
      0x00412868: 0x20008de2	add	r0, sp, #0x20
bl    at 0x0041286c: hooking 0x9b0200eb	bl	#0x4132e0 -> 0xf7b503eb	bl	#0x500050
      0x00412870: 0x000056e3	cmp	r6, #0
      0x00412874: 0x0070a0e1	mov	r7, r0
      0x00412878: 0xbdffffaa	bge	#0x412774
      0x0041287c: 0x042094e5	ldr	r2, [r4, #4]
      0x00412880: 0x0c3094e5	ldr	r3, [r4, #0xc]
      0x00412884: 0x022182e2	add	r2, r2, #0x80000000
      0x00412888: 0x023183e2	add	r3, r3, #0x80000000
      0x0041288c: 0x042084e5	str	r2, [r4, #4]
      0x00412890: 0x0c3084e5	str	r3, [r4, #0xc]
      0x00412894: 0x007060e2	rsb	r7, r0, #0
b     at 0x00412898: hooking 0xb5ffffea	b	#0x412774 -> 0xd8b503eb	bl	#0x500000
      0x0041289c: 0x0070a0e3	mov	r7, #0
      0x004128a0: 0x0040a0e3	mov	r4, #0
      0x004128a4: 0x0050a0e3	mov	r5, #0
      0x004128a8: 0x030082e8	stm	r2, {r0, r1}
      0x004128ac: 0x0700a0e1	mov	r0, r7
      0x004128b0: 0x084082e5	str	r4, [r2, #8]
      0x004128b4: 0x0c5082e5	str	r5, [r2, #0xc]
      0x004128b8: 0x3cd08de2	add	sp, sp, #0x3c
      0x004128bc: 0xf04fbde8	pop	{r4, r5, r6, r7, r8, sb, sl, fp, lr}
      0x004128c0: 0x1eff2fe1	bx	lr
      0x004128c4: 0x0020a0e1	mov	r2, r0
bl    at 0x004128c8: hooking 0xdb0700eb	bl	#0x41483c -> 0xe0b503eb	bl	#0x500050
      0x004128cc: 0x0070a0e3	mov	r7, #0
      0x004128d0: 0x080084e5	str	r0, [r4, #8]
      0x004128d4: 0x0c1084e5	str	r1, [r4, #0xc]
      0x004128d8: 0x030084e8	stm	r4, {r0, r1}
b     at 0x004128dc: hooking 0xa4ffffea	b	#0x412774 -> 0xc7b503eb	bl	#0x500000
      0x004128e0: 0x623f8fe2	add	r3, pc, #0x188
      0x004128e4: 0x0c0093e8	ldm	r3, {r2, r3}
bl    at 0x004128e8: hooking 0xd30700eb	bl	#0x41483c -> 0xd8b503eb	bl	#0x500050
      0x004128ec: 0x613f8fe2	add	r3, pc, #0x184
      0x004128f0: 0x0c0093e8	ldm	r3, {r2, r3}
      0x004128f4: 0x0060a0e1	mov	r6, r0
      0x004128f8: 0x0170a0e1	mov	r7, r1
bl    at 0x004128fc: hooking 0xce0700eb	bl	#0x41483c -> 0xd3b503eb	bl	#0x500050
      0x00412900: 0x0020a0e1	mov	r2, r0
      0x00412904: 0x0130a0e1	mov	r3, r1
      0x00412908: 0x0600a0e1	mov	r0, r6
      0x0041290c: 0x0c0084e8	stm	r4, {r2, r3}
      0x00412910: 0x0710a0e1	mov	r1, r7
bl    at 0x00412914: hooking 0xc80700eb	bl	#0x41483c -> 0xcdb503eb	bl	#0x500050
      0x00412918: 0x563f8fe2	add	r3, pc, #0x158
      0x0041291c: 0x0c0093e8	ldm	r3, {r2, r3}
bl    at 0x00412920: hooking 0xc50700eb	bl	#0x41483c -> 0xcab503eb	bl	#0x500050
      0x00412924: 0x0170a0e3	mov	r7, #1
      0x00412928: 0x080084e5	str	r0, [r4, #8]
      0x0041292c: 0x0c1084e5	str	r1, [r4, #0xc]
      0x00412930: 0x0700a0e1	mov	r0, r7
      0x00412934: 0x3cd08de2	add	sp, sp, #0x3c
      0x00412938: 0xf04fbde8	pop	{r4, r5, r6, r7, r8, sb, sl, fp, lr}
      0x0041293c: 0x1eff2fe1	bx	lr
bl    at 0x00412940: hooking 0xf90500eb	bl	#0x41412c -> 0xc2b503eb	bl	#0x500050
      0x00412944: 0x4d3f8fe2	add	r3, pc, #0x134
      0x00412948: 0x0c0093e8	ldm	r3, {r2, r3}
      0x0041294c: 0x0080a0e1	mov	r8, r0
      0x00412950: 0x0190a0e1	mov	sb, r1
bl    at 0x00412954: hooking 0xbf0800eb	bl	#0x414c58 -> 0xbdb503eb	bl	#0x500050
      0x00412958: 0x0020a0e3	mov	r2, #0
      0x0041295c: 0x40319fe5	ldr	r3, [pc, #0x140]
bl    at 0x00412960: hooking 0xb60700eb	bl	#0x414840 -> 0xbab503eb	bl	#0x500050
bl    at 0x00412964: hooking 0x410a00eb	bl	#0x415270 -> 0xb9b503eb	bl	#0x500050
      0x00412968: 0x0070a0e1	mov	r7, r0
bl    at 0x0041296c: hooking 0x800800eb	bl	#0x414b74 -> 0xb7b503eb	bl	#0x500050
      0x00412970: 0x00a0a0e1	mov	sl, r0
      0x00412974: 0x01b0a0e1	mov	fp, r1
      0x00412978: 0xe0308fe2	add	r3, pc, #0xe0
      0x0041297c: 0x0c0093e8	ldm	r3, {r2, r3}
      0x00412980: 0x10a08de5	str	sl, [sp, #0x10]
      0x00412984: 0x14b08de5	str	fp, [sp, #0x14]
bl    at 0x00412988: hooking 0xb20800eb	bl	#0x414c58 -> 0xb0b503eb	bl	#0x500050
      0x0041298c: 0x0020a0e1	mov	r2, r0
      0x00412990: 0x0130a0e1	mov	r3, r1
      0x00412994: 0x0800a0e1	mov	r0, r8
      0x00412998: 0x0910a0e1	mov	r1, sb
bl    at 0x0041299c: hooking 0xa60700eb	bl	#0x41483c -> 0xabb503eb	bl	#0x500050
      0x004129a0: 0xc0308fe2	add	r3, pc, #0xc0
      0x004129a4: 0x0c0093e8	ldm	r3, {r2, r3}
      0x004129a8: 0x08008de5	str	r0, [sp, #8]
      0x004129ac: 0x0c108de5	str	r1, [sp, #0xc]
      0x004129b0: 0x0a00a0e1	mov	r0, sl
      0x004129b4: 0x0b10a0e1	mov	r1, fp
bl    at 0x004129b8: hooking 0xa60800eb	bl	#0x414c58 -> 0xa4b503eb	bl	#0x500050
      0x004129bc: 0x1f0057e3	cmp	r7, #0x1f
      0x004129c0: 0x0080a0e1	mov	r8, r0
      0x004129c4: 0x0190a0e1	mov	sb, r1
      0x004129c8: 0x0020a0e1	mov	r2, r0
      0x004129cc: 0x0130a0e1	mov	r3, r1
      0x004129d0: 0x08108de2	add	r1, sp, #8
      0x004129d4: 0x030091e8	ldm	r1, {r0, r1}
      0x004129d8: 0x340000ca	bgt	#0x412ab0
bl    at 0x004129dc: hooking 0x960700eb	bl	#0x41483c -> 0x9bb503eb	bl	#0x500050
      0x004129e0: 0xc0309fe5	ldr	r3, [pc, #0xc0]
      0x004129e4: 0x012047e2	sub	r2, r7, #1
      0x004129e8: 0x023193e7	ldr	r3, [r3, r2, lsl #2]
      0x004129ec: 0x050053e1	cmp	r3, r5
      0x004129f0: 0x00b0a0e1	mov	fp, r0
      0x004129f4: 0x01a0a0e1	mov	sl, r1
      0x004129f8: 0x2f00000a	beq	#0x412abc
      0x004129fc: 0x0b20a0e1	mov	r2, fp
      0x00412a00: 0x0a30a0e1	mov	r3, sl
      0x00412a04: 0x0c0084e8	stm	r4, {r2, r3}
      0x00412a08: 0x0b20a0e1	mov	r2, fp
      0x00412a0c: 0x0a30a0e1	mov	r3, sl
      0x00412a10: 0x08108de2	add	r1, sp, #8
      0x00412a14: 0x030091e8	ldm	r1, {r0, r1}
bl    at 0x00412a18: hooking 0x870700eb	bl	#0x41483c -> 0x8cb503eb	bl	#0x500050
      0x00412a1c: 0x0820a0e1	mov	r2, r8
      0x00412a20: 0x0930a0e1	mov	r3, sb
bl    at 0x00412a24: hooking 0x840700eb	bl	#0x41483c -> 0x89b503eb	bl	#0x500050
      0x00412a28: 0x0020a0e1	mov	r2, r0
      0x00412a2c: 0x0130a0e1	mov	r3, r1
      0x00412a30: 0x000056e3	cmp	r6, #0
      0x00412a34: 0x082084e5	str	r2, [r4, #8]
      0x00412a38: 0x0c3084e5	str	r3, [r4, #0xc]
      0x00412a3c: 0x4cffffaa	bge	#0x412774
      0x00412a40: 0x02a18ae2	add	sl, sl, #0x80000000
      0x00412a44: 0x021181e2	add	r1, r1, #0x80000000
      0x00412a48: 0x00b084e5	str	fp, [r4]
      0x00412a4c: 0x04a084e5	str	sl, [r4, #4]
      0x00412a50: 0x0c1084e5	str	r1, [r4, #0xc]
      0x00412a54: 0x080084e5	str	r0, [r4, #8]
      0x00412a58: 0x007067e2	rsb	r7, r7, #0
b     at 0x00412a5c: hooking 0x44ffffea	b	#0x412774 -> 0x67b503eb	bl	#0x500000
      0x00412a60: 0x00004054	strbpl	r0, [r0], #-0
      0x00412a64: 0xfb21f93f	svclo	#0xf921fb
      0x00412a68: 0x3163621a	bne	#0x1cab734
      0x00412a6c: 0x61b4d03d	ldcllo	p4, c11, [r0, #0x184]
      0x00412a70: 0x0000601a	bne	#0x1c12a78
      0x00412a74: 0x61b4d03d	ldcllo	p4, c11, [r0, #0x184]
      0x00412a78: 0x7370032e	mcrhs	p0, #0, r7, c3, c3, #3
      0x00412a7c: 0x8a19a33b	bllo	#0xfecd90ac
      0x00412a80: 0x83c8c96d	stclvs	p8, c12, [sb, #0x20c]
      0x00412a84: 0x305fe43f	svclo	#0xe45f30
      0x00412a88: 0xfb21e93f	svclo	#0xe921fb
      0x00412a8c: 0x7bd90240	andmi	sp, r2, fp, ror sb
      0x00412a90: 0xfb21f93f	svclo	#0xf921fb
      0x00412a94: 0xfb213941	ldrshmi	r2, [sb, -fp]!
      0x00412a98: 0xffffef7f	svcvc	#0xefffff
      0x00412a9c: 0x00007041	cmnmi	r0, r0
      0x00412aa0: 0x30654000	subeq	r6, r0, r0, lsr r5
      0x00412aa4: 0x0000e03f	svclo	#0xe00000
      0x00412aa8: 0xb0644000	strheq	r6, [r0], #-0x40
      0x00412aac: 0xff070000	strdeq	r0, r1, [r0], -pc
bl    at 0x00412ab0: hooking 0x610700eb	bl	#0x41483c -> 0x66b503eb	bl	#0x500050
      0x00412ab4: 0x00b0a0e1	mov	fp, r0
      0x00412ab8: 0x01a0a0e1	mov	sl, r1
      0x00412abc: 0x18201fe5	ldr	r2, [pc, #-0x18]
      0x00412ac0: 0x455aa0e1	asr	r5, r5, #0x14
      0x00412ac4: 0x2a3a02e0	and	r3, r2, sl, lsr #20
      0x00412ac8: 0x033045e0	sub	r3, r5, r3
      0x00412acc: 0x100053e3	cmp	r3, #0x10
      0x00412ad0: 0xc9ffffda	ble	#0x4129fc
      0x00412ad4: 0x8d3f8fe2	add	r3, pc, #0x234
      0x00412ad8: 0x0c0093e8	ldm	r3, {r2, r3}
      0x00412adc: 0x10108de2	add	r1, sp, #0x10
      0x00412ae0: 0x030091e8	ldm	r1, {r0, r1}
bl    at 0x00412ae4: hooking 0x5b0800eb	bl	#0x414c58 -> 0x59b503eb	bl	#0x500050
      0x00412ae8: 0x0080a0e1	mov	r8, r0
      0x00412aec: 0x0190a0e1	mov	sb, r1
      0x00412af0: 0x0020a0e1	mov	r2, r0
      0x00412af4: 0x0130a0e1	mov	r3, r1
      0x00412af8: 0x08108de2	add	r1, sp, #8
      0x00412afc: 0x030091e8	ldm	r1, {r0, r1}
bl    at 0x00412b00: hooking 0x4d0700eb	bl	#0x41483c -> 0x52b503eb	bl	#0x500050
      0x00412b04: 0x00a0a0e1	mov	sl, r0
      0x00412b08: 0x01b0a0e1	mov	fp, r1
      0x00412b0c: 0x0020a0e1	mov	r2, r0
      0x00412b10: 0x0130a0e1	mov	r3, r1
      0x00412b14: 0x08108de2	add	r1, sp, #8
      0x00412b18: 0x030091e8	ldm	r1, {r0, r1}
bl    at 0x00412b1c: hooking 0x460700eb	bl	#0x41483c -> 0x4bb503eb	bl	#0x500050
      0x00412b20: 0x0820a0e1	mov	r2, r8
      0x00412b24: 0x0930a0e1	mov	r3, sb
bl    at 0x00412b28: hooking 0x430700eb	bl	#0x41483c -> 0x48b503eb	bl	#0x500050
      0x00412b2c: 0x0080a0e1	mov	r8, r0
      0x00412b30: 0x0190a0e1	mov	sb, r1
      0x00412b34: 0x773f8fe2	add	r3, pc, #0x1dc
      0x00412b38: 0x0c0093e8	ldm	r3, {r2, r3}
      0x00412b3c: 0x10108de2	add	r1, sp, #0x10
      0x00412b40: 0x030091e8	ldm	r1, {r0, r1}
bl    at 0x00412b44: hooking 0x430800eb	bl	#0x414c58 -> 0x41b503eb	bl	#0x500050
      0x00412b48: 0x0820a0e1	mov	r2, r8
      0x00412b4c: 0x0930a0e1	mov	r3, sb
bl    at 0x00412b50: hooking 0x390700eb	bl	#0x41483c -> 0x3eb503eb	bl	#0x500050
      0x00412b54: 0x0020a0e1	mov	r2, r0
      0x00412b58: 0x0130a0e1	mov	r3, r1
      0x00412b5c: 0x0080a0e1	mov	r8, r0
      0x00412b60: 0x0190a0e1	mov	sb, r1
      0x00412b64: 0x0a00a0e1	mov	r0, sl
      0x00412b68: 0x0b10a0e1	mov	r1, fp
      0x00412b6c: 0x18a08de5	str	sl, [sp, #0x18]
      0x00412b70: 0x1cb08de5	str	fp, [sp, #0x1c]
bl    at 0x00412b74: hooking 0x300700eb	bl	#0x41483c -> 0x35b503eb	bl	#0x500050
      0x00412b78: 0xb0219fe5	ldr	r2, [pc, #0x1b0]
      0x00412b7c: 0x213a02e0	and	r3, r2, r1, lsr #20
      0x00412b80: 0x035045e0	sub	r5, r5, r3
      0x00412b84: 0x310055e3	cmp	r5, #0x31
      0x00412b88: 0x00b0a0e1	mov	fp, r0
      0x00412b8c: 0x01a0a0e1	mov	sl, r1
      0x00412b90: 0x070000ca	bgt	#0x412bb4
      0x00412b94: 0x0020a0e1	mov	r2, r0
      0x00412b98: 0x0130a0e1	mov	r3, r1
      0x00412b9c: 0x18108de2	add	r1, sp, #0x18
      0x00412ba0: 0x030091e8	ldm	r1, {r0, r1}
      0x00412ba4: 0x0c0084e8	stm	r4, {r2, r3}
      0x00412ba8: 0x08008de5	str	r0, [sp, #8]
      0x00412bac: 0x0c108de5	str	r1, [sp, #0xc]
b     at 0x00412bb0: hooking 0x94ffffea	b	#0x412a08 -> 0x12b503eb	bl	#0x500000
      0x00412bb4: 0x2e24a0e3	mov	r2, #0x2e000000
      0x00412bb8: 0x74319fe5	ldr	r3, [pc, #0x174]
      0x00412bbc: 0x10108de2	add	r1, sp, #0x10
      0x00412bc0: 0x030091e8	ldm	r1, {r0, r1}
bl    at 0x00412bc4: hooking 0x230800eb	bl	#0x414c58 -> 0x21b503eb	bl	#0x500050
      0x00412bc8: 0x0080a0e1	mov	r8, r0
      0x00412bcc: 0x0190a0e1	mov	sb, r1
      0x00412bd0: 0x0020a0e1	mov	r2, r0
      0x00412bd4: 0x0130a0e1	mov	r3, r1
      0x00412bd8: 0x18108de2	add	r1, sp, #0x18
      0x00412bdc: 0x030091e8	ldm	r1, {r0, r1}
bl    at 0x00412be0: hooking 0x150700eb	bl	#0x41483c -> 0x1ab503eb	bl	#0x500050
      0x00412be4: 0x00a0a0e1	mov	sl, r0
      0x00412be8: 0x01b0a0e1	mov	fp, r1
      0x00412bec: 0x0020a0e1	mov	r2, r0
      0x00412bf0: 0x0130a0e1	mov	r3, r1
      0x00412bf4: 0x18108de2	add	r1, sp, #0x18
      0x00412bf8: 0x030091e8	ldm	r1, {r0, r1}
      0x00412bfc: 0x08a08de5	str	sl, [sp, #8]
      0x00412c00: 0x0cb08de5	str	fp, [sp, #0xc]
bl    at 0x00412c04: hooking 0x0c0700eb	bl	#0x41483c -> 0x11b503eb	bl	#0x500050
      0x00412c08: 0x0820a0e1	mov	r2, r8
      0x00412c0c: 0x0930a0e1	mov	r3, sb
bl    at 0x00412c10: hooking 0x090700eb	bl	#0x41483c -> 0x0eb503eb	bl	#0x500050
      0x00412c14: 0x0080a0e1	mov	r8, r0
      0x00412c18: 0x0190a0e1	mov	sb, r1
      0x00412c1c: 0xfc308fe2	add	r3, pc, #0xfc
      0x00412c20: 0x0c0093e8	ldm	r3, {r2, r3}
      0x00412c24: 0x10108de2	add	r1, sp, #0x10
      0x00412c28: 0x030091e8	ldm	r1, {r0, r1}
bl    at 0x00412c2c: hooking 0x090800eb	bl	#0x414c58 -> 0x07b503eb	bl	#0x500050
      0x00412c30: 0x0820a0e1	mov	r2, r8
      0x00412c34: 0x0930a0e1	mov	r3, sb
bl    at 0x00412c38: hooking 0xff0600eb	bl	#0x41483c -> 0x04b503eb	bl	#0x500050
      0x00412c3c: 0x0020a0e1	mov	r2, r0
      0x00412c40: 0x0130a0e1	mov	r3, r1
      0x00412c44: 0x0080a0e1	mov	r8, r0
      0x00412c48: 0x0190a0e1	mov	sb, r1
      0x00412c4c: 0x0a00a0e1	mov	r0, sl
      0x00412c50: 0x0b10a0e1	mov	r1, fp
bl    at 0x00412c54: hooking 0xf80600eb	bl	#0x41483c -> 0xfdb403eb	bl	#0x500050
      0x00412c58: 0x00b0a0e1	mov	fp, r0
      0x00412c5c: 0x01a0a0e1	mov	sl, r1
b     at 0x00412c60: hooking 0x65ffffea	b	#0x4129fc -> 0xe6b403eb	bl	#0x500000
bl    at 0x00412c64: hooking 0xf50600eb	bl	#0x414840 -> 0xf9b403eb	bl	#0x500050
      0x00412c68: 0xc8309fe5	ldr	r3, [pc, #0xc8]
      0x00412c6c: 0x030055e1	cmp	r5, r3
      0x00412c70: 0x0060a0e1	mov	r6, r0
      0x00412c74: 0x0170a0e1	mov	r7, r1
      0x00412c78: 0x0f00000a	beq	#0x412cbc
      0x00412c7c: 0xa4308fe2	add	r3, pc, #0xa4
      0x00412c80: 0x0c0093e8	ldm	r3, {r2, r3}
bl    at 0x00412c84: hooking 0xed0600eb	bl	#0x414840 -> 0xf1b403eb	bl	#0x500050
      0x00412c88: 0x0020a0e1	mov	r2, r0
      0x00412c8c: 0x0130a0e1	mov	r3, r1
      0x00412c90: 0x0600a0e1	mov	r0, r6
      0x00412c94: 0x0710a0e1	mov	r1, r7
      0x00412c98: 0x0c0084e8	stm	r4, {r2, r3}
bl    at 0x00412c9c: hooking 0xe60600eb	bl	#0x41483c -> 0xebb403eb	bl	#0x500050
      0x00412ca0: 0x80308fe2	add	r3, pc, #0x80
      0x00412ca4: 0x0c0093e8	ldm	r3, {r2, r3}
bl    at 0x00412ca8: hooking 0xe40600eb	bl	#0x414840 -> 0xe8b403eb	bl	#0x500050
      0x00412cac: 0x0070e0e3	mvn	r7, #0
      0x00412cb0: 0x080084e5	str	r0, [r4, #8]
      0x00412cb4: 0x0c1084e5	str	r1, [r4, #0xc]
b     at 0x00412cb8: hooking 0xadfeffea	b	#0x412774 -> 0xd0b403eb	bl	#0x500000
      0x00412cbc: 0x4c308fe2	add	r3, pc, #0x4c
      0x00412cc0: 0x0c0093e8	ldm	r3, {r2, r3}
bl    at 0x00412cc4: hooking 0xdd0600eb	bl	#0x414840 -> 0xe1b403eb	bl	#0x500050
      0x00412cc8: 0x48308fe2	add	r3, pc, #0x48
      0x00412ccc: 0x0c0093e8	ldm	r3, {r2, r3}
      0x00412cd0: 0x0170a0e1	mov	r7, r1
      0x00412cd4: 0x0060a0e1	mov	r6, r0
bl    at 0x00412cd8: hooking 0xd80600eb	bl	#0x414840 -> 0xdcb403eb	bl	#0x500050
      0x00412cdc: 0x0020a0e1	mov	r2, r0
      0x00412ce0: 0x0130a0e1	mov	r3, r1
      0x00412ce4: 0x0600a0e1	mov	r0, r6
      0x00412ce8: 0x0710a0e1	mov	r1, r7
      0x00412cec: 0x0c0084e8	stm	r4, {r2, r3}
bl    at 0x00412cf0: hooking 0xd10600eb	bl	#0x41483c -> 0xd6b403eb	bl	#0x500050
      0x00412cf4: 0x1c308fe2	add	r3, pc, #0x1c
      0x00412cf8: 0x0c0093e8	ldm	r3, {r2, r3}
bl    at 0x00412cfc: hooking 0xcf0600eb	bl	#0x414840 -> 0xd3b403eb	bl	#0x500050
      0x00412d00: 0x0070e0e3	mvn	r7, #0
      0x00412d04: 0x080084e5	str	r0, [r4, #8]
      0x00412d08: 0x0c1084e5	str	r1, [r4, #0xc]
b     at 0x00412d0c: hooking 0x98feffea	b	#0x412774 -> 0xbbb403eb	bl	#0x500000
      0x00412d10: 0x0000601a	bne	#0x1c12d18
      0x00412d14: 0x61b4d03d	ldcllo	p4, c11, [r0, #0x184]
      0x00412d18: 0x7370032e	mcrhs	p0, #0, r7, c3, c3, #3
      0x00412d1c: 0x8a19a33b	bllo	#0xfecd934c
      0x00412d20: 0xc1492025	strhs	r4, [r0, #-0x9c1]!
      0x00412d24: 0x9a837b39	ldmdblo	fp!, {r1, r3, r4, r7, r8, sb, pc} ^
      0x00412d28: 0x3163621a	bne	#0x1cab9f4
      0x00412d2c: 0x61b4d03d	ldcllo	p4, c11, [r0, #0x184]
      0x00412d30: 0xff070000	strdeq	r0, r1, [r0], -pc
      0x00412d34: 0x8a19a33b	bllo	#0xfecd9364
      0x00412d38: 0xfb21f93f	svclo	#0xf921fb
      0x00412d3c: 0x48229fe5	ldr	r2, [pc, #0x248]
      0x00412d40: 0x0120d2e1	bics	r2, r2, r1
      0x00412d44: 0xf0412de9	push	{r4, r5, r6, r7, r8, lr}
      0x00412d48: 0x0140a0e1	mov	r4, r1
      0x00412d4c: 0x0050a0e1	mov	r5, r0
      0x00412d50: 0x7500000a	beq	#0x412f2c
      0x00412d54: 0x000051e3	cmp	r1, #0
      0x00412d58: 0x0130a0e1	mov	r3, r1
      0x00412d5c: 0x00c0a0e1	mov	ip, r0
      0x00412d60: 0x410000da	ble	#0x412e6c
      0x00412d64: 0x417ab0e1	asrs	r7, r1, #0x14
      0x00412d68: 0x8000000a	beq	#0x412f70
      0x00412d6c: 0x0060a0e3	mov	r6, #0
      0x00412d70: 0xff34c3e3	bic	r3, r3, #0xff000000
      0x00412d74: 0xff7f47e2	sub	r7, r7, #0x3fc
      0x00412d78: 0x0f36c3e3	bic	r3, r3, #0xf00000
      0x00412d7c: 0xac2fa0e1	lsr	r2, ip, #0x1f
      0x00412d80: 0x037047e2	sub	r7, r7, #3
      0x00412d84: 0x013683e3	orr	r3, r3, #0x100000
      0x00412d88: 0x010017e3	tst	r7, #1
      0x00412d8c: 0x833082e0	add	r3, r2, r3, lsl #1
      0x00412d90: 0x8c20a0e1	lsl	r2, ip, #1
      0x00412d94: 0xa22fa011	lsrne	r2, r2, #0x1f
      0x00412d98: 0x83308210	addne	r3, r2, r3, lsl #1
      0x00412d9c: 0x06e0a0e1	mov	lr, r6
      0x00412da0: 0x0c21a011	lslne	r2, ip, #2
      0x00412da4: 0x0216a0e3	mov	r1, #0x200000
      0x00412da8: 0x16c0a0e3	mov	ip, #0x16
      0x00412dac: 0xc770a0e1	asr	r7, r7, #1
      0x00412db0: 0x01008ee0	add	r0, lr, r1
      0x00412db4: 0x030050e1	cmp	r0, r3
      0x00412db8: 0x003043d0	suble	r3, r3, r0
      0x00412dbc: 0x01e080d0	addle	lr, r0, r1
      0x00412dc0: 0x016086d0	addle	r6, r6, r1
      0x00412dc4: 0x8330a0e1	lsl	r3, r3, #1
      0x00412dc8: 0x01c05ce2	subs	ip, ip, #1
      0x00412dcc: 0xa23f83e0	add	r3, r3, r2, lsr #31
      0x00412dd0: 0xa110a0e1	lsr	r1, r1, #1
      0x00412dd4: 0x8220a0e1	lsl	r2, r2, #1
      0x00412dd8: 0xf4ffff1a	bne	#0x412db0
      0x00412ddc: 0x0c80a0e1	mov	r8, ip
      0x00412de0: 0x2040a0e3	mov	r4, #0x20
      0x00412de4: 0x0211a0e3	mov	r1, #0x80000000
b     at 0x00412de8: hooking 0x140000ea	b	#0x412e40 -> 0x84b403eb	bl	#0x500000
      0x00412dec: 0x0150a003	moveq	r5, #1
      0x00412df0: 0x0050a013	movne	r5, #0
      0x00412df4: 0x020050e1	cmp	r0, r2
      0x00412df8: 0x0050a083	movhi	r5, #0
      0x00412dfc: 0x01500592	andls	r5, r5, #1
      0x00412e00: 0x000055e3	cmp	r5, #0
      0x00412e04: 0x0700000a	beq	#0x412e28
      0x00412e08: 0x000050e3	cmp	r0, #0
      0x00412e0c: 0x01c080e0	add	ip, r0, r1
      0x00412e10: 0x0e50a0a1	movge	r5, lr
      0x00412e14: 0x0030a0a3	movge	r3, #0
      0x00412e18: 0x2e0000ba	blt	#0x412ed8
      0x00412e1c: 0x05e0a0e1	mov	lr, r5
      0x00412e20: 0x002042e0	sub	r2, r2, r0
      0x00412e24: 0x018088e0	add	r8, r8, r1
      0x00412e28: 0xa20fa0e1	lsr	r0, r2, #0x1f
      0x00412e2c: 0x014054e2	subs	r4, r4, #1
      0x00412e30: 0xa110a0e1	lsr	r1, r1, #1
      0x00412e34: 0x833080e0	add	r3, r0, r3, lsl #1
      0x00412e38: 0x8220a0e1	lsl	r2, r2, #1
      0x00412e3c: 0x2900000a	beq	#0x412ee8
      0x00412e40: 0x0e0053e1	cmp	r3, lr
      0x00412e44: 0x0c0081e0	add	r0, r1, ip
      0x00412e48: 0xe7ffffda	ble	#0x412dec
      0x00412e4c: 0x000050e3	cmp	r0, #0
      0x00412e50: 0x01c080e0	add	ip, r0, r1
      0x00412e54: 0x1f0000ba	blt	#0x412ed8
      0x00412e58: 0x0e50a0e1	mov	r5, lr
      0x00412e5c: 0x020050e1	cmp	r0, r2
      0x00412e60: 0x0e3043e0	sub	r3, r3, lr
      0x00412e64: 0x01304382	subhi	r3, r3, #1
b     at 0x00412e68: hooking 0xebffffea	b	#0x412e1c -> 0x64b403eb	bl	#0x500000
      0x00412e6c: 0x0221c1e3	bic	r2, r1, #0x80000000
      0x00412e70: 0x002092e1	orrs	r2, r2, r0
      0x00412e74: 0x2900000a	beq	#0x412f20
      0x00412e78: 0x000054e3	cmp	r4, #0
      0x00412e7c: 0x3400001a	bne	#0x412f54
      0x00412e80: 0xac05a0e1	lsr	r0, ip, #0xb
      0x00412e84: 0x000050e3	cmp	r0, #0
      0x00412e88: 0x153043e2	sub	r3, r3, #0x15
      0x00412e8c: 0x8ccaa0e1	lsl	ip, ip, #0x15
      0x00412e90: 0x0020a0e1	mov	r2, r0
      0x00412e94: 0xf9ffff0a	beq	#0x412e80
      0x00412e98: 0x010610e3	tst	r0, #0x100000
      0x00412e9c: 0x3600001a	bne	#0x412f7c
      0x00412ea0: 0x0010a0e3	mov	r1, #0
b     at 0x00412ea4: hooking 0x000000ea	b	#0x412eac -> 0x55b403eb	bl	#0x500000
      0x00412ea8: 0x0e10a0e1	mov	r1, lr
      0x00412eac: 0x8220a0e1	lsl	r2, r2, #1
      0x00412eb0: 0x010612e3	tst	r2, #0x100000
      0x00412eb4: 0x01e081e2	add	lr, r1, #1
      0x00412eb8: 0xfaffff0a	beq	#0x412ea8
      0x00412ebc: 0x0200a0e1	mov	r0, r2
      0x00412ec0: 0x0c20a0e1	mov	r2, ip
      0x00412ec4: 0x1ccea0e1	lsl	ip, ip, lr
      0x00412ec8: 0x20e06ee2	rsb	lr, lr, #0x20
      0x00412ecc: 0x017043e0	sub	r7, r3, r1
      0x00412ed0: 0x323e80e1	orr	r3, r0, r2, lsr lr
b     at 0x00412ed4: hooking 0xa4ffffea	b	#0x412d6c -> 0x49b403eb	bl	#0x500000
      0x00412ed8: 0x00005ce3	cmp	ip, #0
      0x00412edc: 0x01508ea2	addge	r5, lr, #1
      0x00412ee0: 0xddffffaa	bge	#0x412e5c
b     at 0x00412ee4: hooking 0xdbffffea	b	#0x412e58 -> 0x45b403eb	bl	#0x500000
      0x00412ee8: 0x023093e1	orrs	r3, r3, r2
      0x00412eec: 0xa840a001	lsreq	r4, r8, #1
      0x00412ef0: 0x0300000a	beq	#0x412f04
      0x00412ef4: 0x010078e3	cmn	r8, #1
      0x00412ef8: 0x01408812	addne	r4, r8, #1
      0x00412efc: 0x01608602	addeq	r6, r6, #1
      0x00412f00: 0xa440a011	lsrne	r4, r4, #1
      0x00412f04: 0x010016e3	tst	r6, #1
      0x00412f08: 0x02418413	orrne	r4, r4, #0x80000000
      0x00412f0c: 0x0450a0e1	mov	r5, r4
      0x00412f10: 0xc630a0e1	asr	r3, r6, #1
      0x00412f14: 0xff3583e2	add	r3, r3, #0x3fc00000
      0x00412f18: 0x023683e2	add	r3, r3, #0x200000
      0x00412f1c: 0x071a83e0	add	r1, r3, r7, lsl #20
      0x00412f20: 0x0500a0e1	mov	r0, r5
      0x00412f24: 0xf041bde8	pop	{r4, r5, r6, r7, r8, lr}
      0x00412f28: 0x1eff2fe1	bx	lr
      0x00412f2c: 0x0020a0e1	mov	r2, r0
      0x00412f30: 0x0130a0e1	mov	r3, r1
bl    at 0x00412f34: hooking 0x470700eb	bl	#0x414c58 -> 0x45b403eb	bl	#0x500050
      0x00412f38: 0x0520a0e1	mov	r2, r5
      0x00412f3c: 0x0430a0e1	mov	r3, r4
bl    at 0x00412f40: hooking 0x3e0600eb	bl	#0x414840 -> 0x42b403eb	bl	#0x500050
      0x00412f44: 0x0050a0e1	mov	r5, r0
      0x00412f48: 0x0500a0e1	mov	r0, r5
      0x00412f4c: 0xf041bde8	pop	{r4, r5, r6, r7, r8, lr}
      0x00412f50: 0x1eff2fe1	bx	lr
      0x00412f54: 0x0020a0e1	mov	r2, r0
bl    at 0x00412f58: hooking 0x370600eb	bl	#0x41483c -> 0x3cb403eb	bl	#0x500050
      0x00412f5c: 0x0020a0e1	mov	r2, r0
      0x00412f60: 0x0130a0e1	mov	r3, r1
bl    at 0x00412f64: hooking 0xdf0700eb	bl	#0x414ee8 -> 0x39b403eb	bl	#0x500050
      0x00412f68: 0x0050a0e1	mov	r5, r0
b     at 0x00412f6c: hooking 0xebffffea	b	#0x412f20 -> 0x23b403eb	bl	#0x500000
      0x00412f70: 0x0120a0e1	mov	r2, r1
      0x00412f74: 0x0730a0e1	mov	r3, r7
b     at 0x00412f78: hooking 0xc8ffffea	b	#0x412ea0 -> 0x20b403eb	bl	#0x500000
      0x00412f7c: 0x0c20a0e1	mov	r2, ip
      0x00412f80: 0x20e0a0e3	mov	lr, #0x20
      0x00412f84: 0x0010e0e3	mvn	r1, #0
b     at 0x00412f88: hooking 0xcfffffea	b	#0x412ecc -> 0x1cb403eb	bl	#0x500000
      0x00412f8c: 0x0000f07f	svcvc	#0xf00000
      0x00412f90: 0xf04f2de9	push	{r4, r5, r6, r7, r8, sb, sl, fp, lr}
      0x00412f94: 0x0261c1e3	bic	r6, r1, #0x80000000
      0x00412f98: 0xf90556e3	cmp	r6, #0x3e400000
      0x00412f9c: 0x14d04de2	sub	sp, sp, #0x14
      0x00412fa0: 0x0140a0e1	mov	r4, r1
      0x00412fa4: 0x02a0a0e1	mov	sl, r2
      0x00412fa8: 0x03b0a0e1	mov	fp, r3
      0x00412fac: 0x0050a0e1	mov	r5, r0
      0x00412fb0: 0x4f0000aa	bge	#0x4130f4
bl    at 0x00412fb4: hooking 0xad0800eb	bl	#0x415270 -> 0x25b403eb	bl	#0x500050
      0x00412fb8: 0x000050e3	cmp	r0, #0
      0x00412fbc: 0xaf00000a	beq	#0x413280
      0x00412fc0: 0x0520a0e1	mov	r2, r5
      0x00412fc4: 0x0430a0e1	mov	r3, r4
      0x00412fc8: 0x0500a0e1	mov	r0, r5
      0x00412fcc: 0x0410a0e1	mov	r1, r4
bl    at 0x00412fd0: hooking 0x200700eb	bl	#0x414c58 -> 0x1eb403eb	bl	#0x500050
      0x00412fd4: 0x0080a0e1	mov	r8, r0
      0x00412fd8: 0x0190a0e1	mov	sb, r1
      0x00412fdc: 0xad3f8fe2	add	r3, pc, #0x2b4
      0x00412fe0: 0x0c0093e8	ldm	r3, {r2, r3}
bl    at 0x00412fe4: hooking 0x1b0700eb	bl	#0x414c58 -> 0x19b403eb	bl	#0x500050
      0x00412fe8: 0x2b3e8fe2	add	r3, pc, #0x2b0
      0x00412fec: 0x0c0093e8	ldm	r3, {r2, r3}
bl    at 0x00412ff0: hooking 0x120600eb	bl	#0x414840 -> 0x16b403eb	bl	#0x500050
      0x00412ff4: 0x0820a0e1	mov	r2, r8
      0x00412ff8: 0x0930a0e1	mov	r3, sb
bl    at 0x00412ffc: hooking 0x150700eb	bl	#0x414c58 -> 0x13b403eb	bl	#0x500050
      0x00413000: 0x2a3e8fe2	add	r3, pc, #0x2a0
      0x00413004: 0x0c0093e8	ldm	r3, {r2, r3}
bl    at 0x00413008: hooking 0x0b0600eb	bl	#0x41483c -> 0x10b403eb	bl	#0x500050
      0x0041300c: 0x0820a0e1	mov	r2, r8
      0x00413010: 0x0930a0e1	mov	r3, sb
bl    at 0x00413014: hooking 0x0f0700eb	bl	#0x414c58 -> 0x0db403eb	bl	#0x500050
      0x00413018: 0x293e8fe2	add	r3, pc, #0x290
      0x0041301c: 0x0c0093e8	ldm	r3, {r2, r3}
bl    at 0x00413020: hooking 0x060600eb	bl	#0x414840 -> 0x0ab403eb	bl	#0x500050
      0x00413024: 0x0820a0e1	mov	r2, r8
      0x00413028: 0x0930a0e1	mov	r3, sb
bl    at 0x0041302c: hooking 0x090700eb	bl	#0x414c58 -> 0x07b403eb	bl	#0x500050
      0x00413030: 0x0a3d8fe2	add	r3, pc, #0x280
      0x00413034: 0x0c0093e8	ldm	r3, {r2, r3}
bl    at 0x00413038: hooking 0xff0500eb	bl	#0x41483c -> 0x04b403eb	bl	#0x500050
      0x0041303c: 0x0820a0e1	mov	r2, r8
      0x00413040: 0x0930a0e1	mov	r3, sb
bl    at 0x00413044: hooking 0x030700eb	bl	#0x414c58 -> 0x01b403eb	bl	#0x500050
      0x00413048: 0x273e8fe2	add	r3, pc, #0x270
      0x0041304c: 0x0c0093e8	ldm	r3, {r2, r3}
bl    at 0x00413050: hooking 0xfa0500eb	bl	#0x414840 -> 0xfeb303eb	bl	#0x500050
      0x00413054: 0x0820a0e1	mov	r2, r8
      0x00413058: 0x0930a0e1	mov	r3, sb
bl    at 0x0041305c: hooking 0xfd0600eb	bl	#0x414c58 -> 0xfbb303eb	bl	#0x500050
      0x00413060: 0x03008de8	stm	sp, {r0, r1}
      0x00413064: 0x0020a0e3	mov	r2, #0
      0x00413068: 0x58329fe5	ldr	r3, [pc, #0x258]
      0x0041306c: 0x0800a0e1	mov	r0, r8
      0x00413070: 0x0910a0e1	mov	r1, sb
bl    at 0x00413074: hooking 0xf70600eb	bl	#0x414c58 -> 0xf5b303eb	bl	#0x500050
      0x00413078: 0x0c009de8	ldm	sp, {r2, r3}
      0x0041307c: 0x0060a0e1	mov	r6, r0
      0x00413080: 0x0170a0e1	mov	r7, r1
      0x00413084: 0x0800a0e1	mov	r0, r8
      0x00413088: 0x0910a0e1	mov	r1, sb
bl    at 0x0041308c: hooking 0xf10600eb	bl	#0x414c58 -> 0xefb303eb	bl	#0x500050
      0x00413090: 0x0a20a0e1	mov	r2, sl
      0x00413094: 0x0080a0e1	mov	r8, r0
      0x00413098: 0x0190a0e1	mov	sb, r1
      0x0041309c: 0x0b30a0e1	mov	r3, fp
      0x004130a0: 0x0500a0e1	mov	r0, r5
      0x004130a4: 0x0410a0e1	mov	r1, r4
bl    at 0x004130a8: hooking 0xea0600eb	bl	#0x414c58 -> 0xe8b303eb	bl	#0x500050
      0x004130ac: 0x0020a0e1	mov	r2, r0
      0x004130b0: 0x0130a0e1	mov	r3, r1
      0x004130b4: 0x0800a0e1	mov	r0, r8
      0x004130b8: 0x0910a0e1	mov	r1, sb
bl    at 0x004130bc: hooking 0xde0500eb	bl	#0x41483c -> 0xe3b303eb	bl	#0x500050
      0x004130c0: 0x0020a0e1	mov	r2, r0
      0x004130c4: 0x0130a0e1	mov	r3, r1
      0x004130c8: 0x0600a0e1	mov	r0, r6
      0x004130cc: 0x0710a0e1	mov	r1, r7
bl    at 0x004130d0: hooking 0xd90500eb	bl	#0x41483c -> 0xdeb303eb	bl	#0x500050
      0x004130d4: 0x0020a0e1	mov	r2, r0
      0x004130d8: 0x0130a0e1	mov	r3, r1
      0x004130dc: 0x0000a0e3	mov	r0, #0
      0x004130e0: 0xe4119fe5	ldr	r1, [pc, #0x1e4]
bl    at 0x004130e4: hooking 0xd40500eb	bl	#0x41483c -> 0xd9b303eb	bl	#0x500050
      0x004130e8: 0x14d08de2	add	sp, sp, #0x14
      0x004130ec: 0xf04fbde8	pop	{r4, r5, r6, r7, r8, sb, sl, fp, lr}
      0x004130f0: 0x1eff2fe1	bx	lr
      0x004130f4: 0x0020a0e1	mov	r2, r0
      0x004130f8: 0x0130a0e1	mov	r3, r1
bl    at 0x004130fc: hooking 0xd50600eb	bl	#0x414c58 -> 0xd3b303eb	bl	#0x500050
      0x00413100: 0x0080a0e1	mov	r8, r0
      0x00413104: 0x0190a0e1	mov	sb, r1
      0x00413108: 0x623f8fe2	add	r3, pc, #0x188
      0x0041310c: 0x0c0093e8	ldm	r3, {r2, r3}
bl    at 0x00413110: hooking 0xd00600eb	bl	#0x414c58 -> 0xceb303eb	bl	#0x500050
      0x00413114: 0x613f8fe2	add	r3, pc, #0x184
      0x00413118: 0x0c0093e8	ldm	r3, {r2, r3}
bl    at 0x0041311c: hooking 0xc70500eb	bl	#0x414840 -> 0xcbb303eb	bl	#0x500050
      0x00413120: 0x0820a0e1	mov	r2, r8
      0x00413124: 0x0930a0e1	mov	r3, sb
bl    at 0x00413128: hooking 0xca0600eb	bl	#0x414c58 -> 0xc8b303eb	bl	#0x500050
      0x0041312c: 0x5d3f8fe2	add	r3, pc, #0x174
      0x00413130: 0x0c0093e8	ldm	r3, {r2, r3}
bl    at 0x00413134: hooking 0xc00500eb	bl	#0x41483c -> 0xc5b303eb	bl	#0x500050
      0x00413138: 0x0820a0e1	mov	r2, r8
      0x0041313c: 0x0930a0e1	mov	r3, sb
bl    at 0x00413140: hooking 0xc40600eb	bl	#0x414c58 -> 0xc2b303eb	bl	#0x500050
      0x00413144: 0x593f8fe2	add	r3, pc, #0x164
      0x00413148: 0x0c0093e8	ldm	r3, {r2, r3}
bl    at 0x0041314c: hooking 0xbb0500eb	bl	#0x414840 -> 0xbfb303eb	bl	#0x500050
      0x00413150: 0x0820a0e1	mov	r2, r8
      0x00413154: 0x0930a0e1	mov	r3, sb
bl    at 0x00413158: hooking 0xbe0600eb	bl	#0x414c58 -> 0xbcb303eb	bl	#0x500050
      0x0041315c: 0x553f8fe2	add	r3, pc, #0x154
      0x00413160: 0x0c0093e8	ldm	r3, {r2, r3}
bl    at 0x00413164: hooking 0xb40500eb	bl	#0x41483c -> 0xb9b303eb	bl	#0x500050
      0x00413168: 0x0820a0e1	mov	r2, r8
      0x0041316c: 0x0930a0e1	mov	r3, sb
bl    at 0x00413170: hooking 0xb80600eb	bl	#0x414c58 -> 0xb6b303eb	bl	#0x500050
      0x00413174: 0x513f8fe2	add	r3, pc, #0x144
      0x00413178: 0x0c0093e8	ldm	r3, {r2, r3}
bl    at 0x0041317c: hooking 0xaf0500eb	bl	#0x414840 -> 0xb3b303eb	bl	#0x500050
      0x00413180: 0x0930a0e1	mov	r3, sb
      0x00413184: 0x0820a0e1	mov	r2, r8
bl    at 0x00413188: hooking 0xb20600eb	bl	#0x414c58 -> 0xb0b303eb	bl	#0x500050
      0x0041318c: 0x3c319fe5	ldr	r3, [pc, #0x13c]
      0x00413190: 0x030056e1	cmp	r6, r3
      0x00413194: 0x03008de8	stm	sp, {r0, r1}
      0x00413198: 0xb1ffffda	ble	#0x413064
      0x0041319c: 0x30319fe5	ldr	r3, [pc, #0x130]
      0x004131a0: 0x030056e1	cmp	r6, r3
      0x004131a4: 0x0020a0e3	mov	r2, #0
      0x004131a8: 0x2e0000ca	bgt	#0x413268
      0x004131ac: 0x023646e2	sub	r3, r6, #0x200000
      0x004131b0: 0x0000a0e3	mov	r0, #0
      0x004131b4: 0x10119fe5	ldr	r1, [pc, #0x110]
      0x004131b8: 0x0260a0e1	mov	r6, r2
      0x004131bc: 0x0370a0e1	mov	r7, r3
bl    at 0x004131c0: hooking 0x9d0500eb	bl	#0x41483c -> 0xa2b303eb	bl	#0x500050
      0x004131c4: 0x08008de5	str	r0, [sp, #8]
      0x004131c8: 0x0c108de5	str	r1, [sp, #0xc]
      0x004131cc: 0x0020a0e3	mov	r2, #0
      0x004131d0: 0xf0309fe5	ldr	r3, [pc, #0xf0]
      0x004131d4: 0x0800a0e1	mov	r0, r8
      0x004131d8: 0x0910a0e1	mov	r1, sb
bl    at 0x004131dc: hooking 0x9d0600eb	bl	#0x414c58 -> 0x9bb303eb	bl	#0x500050
      0x004131e0: 0x0620a0e1	mov	r2, r6
      0x004131e4: 0x0730a0e1	mov	r3, r7
bl    at 0x004131e8: hooking 0x930500eb	bl	#0x41483c -> 0x98b303eb	bl	#0x500050
      0x004131ec: 0x0c009de8	ldm	sp, {r2, r3}
      0x004131f0: 0x0060a0e1	mov	r6, r0
      0x004131f4: 0x0170a0e1	mov	r7, r1
      0x004131f8: 0x0800a0e1	mov	r0, r8
      0x004131fc: 0x0910a0e1	mov	r1, sb
bl    at 0x00413200: hooking 0x940600eb	bl	#0x414c58 -> 0x92b303eb	bl	#0x500050
      0x00413204: 0x0a20a0e1	mov	r2, sl
      0x00413208: 0x0080a0e1	mov	r8, r0
      0x0041320c: 0x0190a0e1	mov	sb, r1
      0x00413210: 0x0b30a0e1	mov	r3, fp
      0x00413214: 0x0500a0e1	mov	r0, r5
      0x00413218: 0x0410a0e1	mov	r1, r4
bl    at 0x0041321c: hooking 0x8d0600eb	bl	#0x414c58 -> 0x8bb303eb	bl	#0x500050
      0x00413220: 0x0020a0e1	mov	r2, r0
      0x00413224: 0x0130a0e1	mov	r3, r1
      0x00413228: 0x0800a0e1	mov	r0, r8
      0x0041322c: 0x0910a0e1	mov	r1, sb
bl    at 0x00413230: hooking 0x810500eb	bl	#0x41483c -> 0x86b303eb	bl	#0x500050
      0x00413234: 0x0020a0e1	mov	r2, r0
      0x00413238: 0x0130a0e1	mov	r3, r1
      0x0041323c: 0x0600a0e1	mov	r0, r6
      0x00413240: 0x0710a0e1	mov	r1, r7
bl    at 0x00413244: hooking 0x7c0500eb	bl	#0x41483c -> 0x81b303eb	bl	#0x500050
      0x00413248: 0x0020a0e1	mov	r2, r0
      0x0041324c: 0x0130a0e1	mov	r3, r1
      0x00413250: 0x08108de2	add	r1, sp, #8
      0x00413254: 0x030091e8	ldm	r1, {r0, r1}
bl    at 0x00413258: hooking 0x770500eb	bl	#0x41483c -> 0x7cb303eb	bl	#0x500050
      0x0041325c: 0x14d08de2	add	sp, sp, #0x14
      0x00413260: 0xf04fbde8	pop	{r4, r5, r6, r7, r8, sb, sl, fp, lr}
      0x00413264: 0x1eff2fe1	bx	lr
      0x00413268: 0x68309fe5	ldr	r3, [pc, #0x68]
      0x0041326c: 0x0060a0e3	mov	r6, #0
      0x00413270: 0x08208de5	str	r2, [sp, #8]
      0x00413274: 0x0c308de5	str	r3, [sp, #0xc]
      0x00413278: 0x5c709fe5	ldr	r7, [pc, #0x5c]
b     at 0x0041327c: hooking 0xd2ffffea	b	#0x4131cc -> 0x5fb303eb	bl	#0x500000
      0x00413280: 0x0000a0e3	mov	r0, #0
      0x00413284: 0x40109fe5	ldr	r1, [pc, #0x40]
      0x00413288: 0x14d08de2	add	sp, sp, #0x14
      0x0041328c: 0xf04fbde8	pop	{r4, r5, r6, r7, r8, sb, sl, fp, lr}
      0x00413290: 0x1eff2fe1	bx	lr
      0x00413294: 0x0000a0e1	mov	r0, r0
      0x00413298: 0xd43888be	mcrlt	p8, #4, r3, c8, c4, #6
Invalid instruction at 0x0041329c, skipping.
      0x004132a0: 0xc4b1b4bd	ldclt	p1, c11, [r4, #0x310]!
      0x004132a4: 0x9eee213e	mcrlo	p14, #1, lr, c1, c14, #4
      0x004132a8: 0xad529c80	addshi	r5, ip, sp, lsr #5
      0x004132ac: 0x4f7e923e	cdplo	p14, #9, c7, c2, c15, #2
      0x004132b0: 0x9015cb19	stmibne	fp, {r4, r7, r8, sl, ip} ^
      0x004132b4: 0xa001fa3e	cdplo	p1, #0xf, c0, c10, c0, #5
      0x004132b8: 0x7751c116	uxtab16ne	r5, r1, r7
      0x004132bc: 0x6cc1563f	svclo	#0x56c16c
      0x004132c0: 0x4c555555	ldrbpl	r5, [r5, #-0x54c]
      0x004132c4: 0x5555a53f	svclo	#0xa55555
      0x004132c8: 0x0000e03f	svclo	#0xe00000
      0x004132cc: 0x0000f03f	svclo	#0xf00000
      0x004132d0: 0x3233d33f	svclo	#0xd33332
      0x004132d4: 0x0000e93f	svclo	#0xe90000
      0x004132d8: 0x0000e73f	svclo	#0xe70000
      0x004132dc: 0x0000d23f	svclo	#0xd20000
      0x004132e0: 0x03c0a0e1	mov	ip, r3
      0x004132e4: 0xf04f2de9	push	{r4, r5, r6, r7, r8, sb, sl, fp, lr}
      0x004132e8: 0x99df4de2	sub	sp, sp, #0x264
      0x004132ec: 0x2c108de5	str	r1, [sp, #0x2c]
      0x004132f0: 0x01104ce2	sub	r1, ip, #1
      0x004132f4: 0x20308de5	str	r3, [sp, #0x20]
      0x004132f8: 0x0c108de5	str	r1, [sp, #0xc]
      0x004132fc: 0xf03b9fe5	ldr	r3, [pc, #0xbf0]
      0x00413300: 0x88129de5	ldr	r1, [sp, #0x288]
      0x00413304: 0x013193e7	ldr	r3, [r3, r1, lsl #2]
      0x00413308: 0x140072e3	cmn	r2, #0x14
      0x0041330c: 0x10008de5	str	r0, [sp, #0x10]
      0x00413310: 0x14308de5	str	r3, [sp, #0x14]
      0x00413314: 0x0c0200ba	blt	#0x413b4c
      0x00413318: 0xd81b9fe5	ldr	r1, [pc, #0xbd8]
      0x0041331c: 0x033042e2	sub	r3, r2, #3
      0x00413320: 0x9301cce0	smull	r0, ip, r3, r1
      0x00413324: 0xc33fa0e1	asr	r3, r3, #0x1f
      0x00413328: 0x4c3163e0	rsb	r3, r3, ip, asr #2
      0x0041332c: 0x1c308de5	str	r3, [sp, #0x1c]
      0x00413330: 0x013083e2	add	r3, r3, #1
      0x00413334: 0x033143e0	sub	r3, r3, r3, lsl #2
      0x00413338: 0x8331a0e1	lsl	r3, r3, #3
      0x0041333c: 0x0c009de5	ldr	r0, [sp, #0xc]
      0x00413340: 0x033082e0	add	r3, r2, r3
      0x00413344: 0x14109de5	ldr	r1, [sp, #0x14]
      0x00413348: 0x18308de5	str	r3, [sp, #0x18]
      0x0041334c: 0x1c309de5	ldr	r3, [sp, #0x1c]
      0x00413350: 0x001091e0	adds	r1, r1, r0
      0x00413354: 0x006043e0	sub	r6, r3, r0
      0x00413358: 0x0e00004a	bmi	#0x413398
      0x0041335c: 0x0040a0e3	mov	r4, #0
      0x00413360: 0x0050a0e3	mov	r5, #0
      0x00413364: 0x011081e2	add	r1, r1, #1
      0x00413368: 0x8c929de5	ldr	sb, [sp, #0x28c]
      0x0041336c: 0x068081e0	add	r8, r1, r6
      0x00413370: 0x80708de2	add	r7, sp, #0x80
      0x00413374: 0x000056e3	cmp	r6, #0
      0x00413378: 0x0400a0b1	movlt	r0, r4
      0x0041337c: 0x0510a0b1	movlt	r1, r5
      0x00413380: 0x060199a7	ldrge	r0, [sb, r6, lsl #2]
      0x00413384: 0xfa0500ab	blge	#0x414b74
      0x00413388: 0x016086e2	add	r6, r6, #1
      0x0041338c: 0x080056e1	cmp	r6, r8
      0x00413390: 0x0300a7e8	stm	r7!, {r0, r1}
      0x00413394: 0xf6ffff1a	bne	#0x413374
      0x00413398: 0x14309de5	ldr	r3, [sp, #0x14]
      0x0041339c: 0x000053e3	cmp	r3, #0
      0x004133a0: 0x20309de5	ldr	r3, [sp, #0x20]
      0x004133a4: 0x8331a0e1	lsl	r3, r3, #3
      0x004133a8: 0x08308de5	str	r3, [sp, #8]
      0x004133ac: 0x200000ba	blt	#0x413434
      0x004133b0: 0x80208de2	add	r2, sp, #0x80
      0x004133b4: 0x03a082e0	add	sl, r2, r3
      0x004133b8: 0x10209de5	ldr	r2, [sp, #0x10]
      0x004133bc: 0x038082e0	add	r8, r2, r3
      0x004133c0: 0x14209de5	ldr	r2, [sp, #0x14]
      0x004133c4: 0x723f8de2	add	r3, sp, #0x1c8
      0x004133c8: 0x82b183e0	add	fp, r3, r2, lsl #3
      0x004133cc: 0x079d8de2	add	sb, sp, #0x1c0
      0x004133d0: 0x0c309de5	ldr	r3, [sp, #0xc]
      0x004133d4: 0x000053e3	cmp	r3, #0
      0x004133d8: 0x0060a0b3	movlt	r6, #0
      0x004133dc: 0x0070a0b3	movlt	r7, #0
      0x004133e0: 0x0f0000ba	blt	#0x413424
      0x004133e4: 0x0a50a0e1	mov	r5, sl
      0x004133e8: 0x0060a0e3	mov	r6, #0
      0x004133ec: 0x0070a0e3	mov	r7, #0
      0x004133f0: 0x10409de5	ldr	r4, [sp, #0x10]
      0x004133f4: 0x0c0035e9	ldmdb	r5!, {r2, r3}
      0x004133f8: 0x0300b4e8	ldm	r4!, {r0, r1}
bl    at 0x004133fc: hooking 0x150600eb	bl	#0x414c58 -> 0x13b303eb	bl	#0x500050
      0x00413400: 0x0020a0e1	mov	r2, r0
      0x00413404: 0x0130a0e1	mov	r3, r1
      0x00413408: 0x0600a0e1	mov	r0, r6
      0x0041340c: 0x0710a0e1	mov	r1, r7
bl    at 0x00413410: hooking 0x0a0500eb	bl	#0x414840 -> 0x0eb303eb	bl	#0x500050
      0x00413414: 0x080054e1	cmp	r4, r8
      0x00413418: 0x0060a0e1	mov	r6, r0
      0x0041341c: 0x0170a0e1	mov	r7, r1
      0x00413420: 0xf3ffff1a	bne	#0x4133f4
      0x00413424: 0xc000a9e8	stm	sb!, {r6, r7}
      0x00413428: 0x0b0059e1	cmp	sb, fp
      0x0041342c: 0x08a08ae2	add	sl, sl, #8
      0x00413430: 0xe6ffff1a	bne	#0x4133d0
      0x00413434: 0x14309de5	ldr	r3, [sp, #0x14]
      0x00413438: 0x10109de5	ldr	r1, [sp, #0x10]
      0x0041343c: 0x08009de5	ldr	r0, [sp, #8]
      0x00413440: 0x04308de5	str	r3, [sp, #4]
      0x00413444: 0x0331a0e1	lsl	r3, r3, #2
      0x00413448: 0x042043e2	sub	r2, r3, #4
      0x0041344c: 0x00b081e0	add	fp, r1, r0
      0x00413450: 0x30108de2	add	r1, sp, #0x30
      0x00413454: 0x022081e0	add	r2, r1, r2
      0x00413458: 0x033081e0	add	r3, r1, r3
      0x0041345c: 0x24208de5	str	r2, [sp, #0x24]
      0x00413460: 0x28308de5	str	r3, [sp, #0x28]
      0x00413464: 0x04209de5	ldr	r2, [sp, #4]
      0x00413468: 0x263e8de2	add	r3, sp, #0x260
      0x0041346c: 0x823183e0	add	r3, r3, r2, lsl #3
      0x00413470: 0x000052e3	cmp	r2, #0
      0x00413474: 0xa05043e2	sub	r5, r3, #0xa0
      0x00413478: 0x300095e8	ldm	r5, {r4, r5}
      0x0041347c: 0x1d0000da	ble	#0x4134f8
      0x00413480: 0x07ad8de2	add	sl, sp, #0x1c0
      0x00413484: 0x82818ae0	add	r8, sl, r2, lsl #3
      0x00413488: 0x2c908de2	add	sb, sp, #0x2c
      0x0041348c: 0x0020a0e3	mov	r2, #0
      0x00413490: 0x643a9fe5	ldr	r3, [pc, #0xa64]
      0x00413494: 0x0400a0e1	mov	r0, r4
      0x00413498: 0x0510a0e1	mov	r1, r5
bl    at 0x0041349c: hooking 0xed0500eb	bl	#0x414c58 -> 0xebb203eb	bl	#0x500050
bl    at 0x004134a0: hooking 0x720700eb	bl	#0x415270 -> 0xeab203eb	bl	#0x500050
bl    at 0x004134a4: hooking 0xb20500eb	bl	#0x414b74 -> 0xe9b203eb	bl	#0x500050
      0x004134a8: 0x0020a0e3	mov	r2, #0
      0x004134ac: 0x4c3a9fe5	ldr	r3, [pc, #0xa4c]
      0x004134b0: 0x0060a0e1	mov	r6, r0
      0x004134b4: 0x0170a0e1	mov	r7, r1
bl    at 0x004134b8: hooking 0xe60500eb	bl	#0x414c58 -> 0xe4b203eb	bl	#0x500050
      0x004134bc: 0x0020a0e1	mov	r2, r0
      0x004134c0: 0x0130a0e1	mov	r3, r1
      0x004134c4: 0x0400a0e1	mov	r0, r4
      0x004134c8: 0x0510a0e1	mov	r1, r5
bl    at 0x004134cc: hooking 0xda0400eb	bl	#0x41483c -> 0xdfb203eb	bl	#0x500050
bl    at 0x004134d0: hooking 0x660700eb	bl	#0x415270 -> 0xdeb203eb	bl	#0x500050
      0x004134d4: 0x0c0038e9	ldmdb	r8!, {r2, r3}
      0x004134d8: 0x0400a9e5	str	r0, [sb, #4]!
      0x004134dc: 0x0710a0e1	mov	r1, r7
      0x004134e0: 0x0600a0e1	mov	r0, r6
bl    at 0x004134e4: hooking 0xd50400eb	bl	#0x414840 -> 0xd9b203eb	bl	#0x500050
      0x004134e8: 0x0a0058e1	cmp	r8, sl
      0x004134ec: 0x0040a0e1	mov	r4, r0
      0x004134f0: 0x0150a0e1	mov	r5, r1
      0x004134f4: 0xe4ffff1a	bne	#0x41348c
      0x004134f8: 0x18909de5	ldr	sb, [sp, #0x18]
      0x004134fc: 0x0400a0e1	mov	r0, r4
      0x00413500: 0x0510a0e1	mov	r1, r5
      0x00413504: 0x0920a0e1	mov	r2, sb
bl    at 0x00413508: hooking 0x0a0300eb	bl	#0x414138 -> 0xd0b203eb	bl	#0x500050
      0x0041350c: 0x0020a0e3	mov	r2, #0
      0x00413510: 0xff35a0e3	mov	r3, #0x3fc00000
      0x00413514: 0x0040a0e1	mov	r4, r0
      0x00413518: 0x0150a0e1	mov	r5, r1
bl    at 0x0041351c: hooking 0xcd0500eb	bl	#0x414c58 -> 0xcbb203eb	bl	#0x500050
bl    at 0x00413520: hooking 0x9cfbffeb	bl	#0x412398 -> 0xcab203eb	bl	#0x500050
      0x00413524: 0x0020a0e3	mov	r2, #0
      0x00413528: 0xd4399fe5	ldr	r3, [pc, #0x9d4]
bl    at 0x0041352c: hooking 0xc90500eb	bl	#0x414c58 -> 0xc7b203eb	bl	#0x500050
      0x00413530: 0x0020a0e1	mov	r2, r0
      0x00413534: 0x0130a0e1	mov	r3, r1
      0x00413538: 0x0400a0e1	mov	r0, r4
      0x0041353c: 0x0510a0e1	mov	r1, r5
bl    at 0x00413540: hooking 0xbd0400eb	bl	#0x41483c -> 0xc2b203eb	bl	#0x500050
      0x00413544: 0x0150a0e1	mov	r5, r1
      0x00413548: 0x0040a0e1	mov	r4, r0
bl    at 0x0041354c: hooking 0x470700eb	bl	#0x415270 -> 0xbfb203eb	bl	#0x500050
      0x00413550: 0x0080a0e1	mov	r8, r0
bl    at 0x00413554: hooking 0x860500eb	bl	#0x414b74 -> 0xbdb203eb	bl	#0x500050
      0x00413558: 0x0020a0e1	mov	r2, r0
      0x0041355c: 0x0130a0e1	mov	r3, r1
      0x00413560: 0x0400a0e1	mov	r0, r4
      0x00413564: 0x0510a0e1	mov	r1, r5
bl    at 0x00413568: hooking 0xb30400eb	bl	#0x41483c -> 0xb8b203eb	bl	#0x500050
      0x0041356c: 0x000059e3	cmp	sb, #0
      0x00413570: 0x0060a0e1	mov	r6, r0
      0x00413574: 0x0170a0e1	mov	r7, r1
      0x00413578: 0x680000da	ble	#0x413720
      0x0041357c: 0x04309de5	ldr	r3, [sp, #4]
      0x00413580: 0x012043e2	sub	r2, r3, #1
      0x00413584: 0x263e8de2	add	r3, sp, #0x260
      0x00413588: 0x022183e0	add	r2, r3, r2, lsl #2
      0x0041358c: 0x303212e5	ldr	r3, [r2, #-0x230]
      0x00413590: 0x185069e2	rsb	r5, sb, #0x18
      0x00413594: 0x5315a0e1	asr	r1, r3, r5
      0x00413598: 0x113543e0	sub	r3, r3, r1, lsl r5
      0x0041359c: 0x175069e2	rsb	r5, sb, #0x17
      0x004135a0: 0x5355a0e1	asr	r5, r3, r5
      0x004135a4: 0x000055e3	cmp	r5, #0
      0x004135a8: 0x303202e5	str	r3, [r2, #-0x230]
      0x004135ac: 0x018088e0	add	r8, r8, r1
      0x004135b0: 0x620000ca	bgt	#0x413740
      0x004135b4: 0x0020a0e3	mov	r2, #0
      0x004135b8: 0x0030a0e3	mov	r3, #0
      0x004135bc: 0x0600a0e1	mov	r0, r6
      0x004135c0: 0x0710a0e1	mov	r1, r7
bl    at 0x004135c4: hooking 0xfd0600eb	bl	#0x4151c0 -> 0xa1b203eb	bl	#0x500050
      0x004135c8: 0x000050e3	cmp	r0, #0
      0x004135cc: 0xf601000a	beq	#0x413dac
      0x004135d0: 0x04309de5	ldr	r3, [sp, #4]
      0x004135d4: 0x14209de5	ldr	r2, [sp, #0x14]
      0x004135d8: 0x019043e2	sub	sb, r3, #1
      0x004135dc: 0x090052e1	cmp	r2, sb
      0x004135e0: 0x090000ca	bgt	#0x41360c
      0x004135e4: 0x0020a0e3	mov	r2, #0
      0x004135e8: 0x30108de2	add	r1, sp, #0x30
      0x004135ec: 0x28009de5	ldr	r0, [sp, #0x28]
      0x004135f0: 0x033181e0	add	r3, r1, r3, lsl #2
      0x004135f4: 0x041033e5	ldr	r1, [r3, #-4]!
      0x004135f8: 0x000053e1	cmp	r3, r0
      0x004135fc: 0x012082e1	orr	r2, r2, r1
      0x00413600: 0xfbffff1a	bne	#0x4135f4
      0x00413604: 0x000052e3	cmp	r2, #0
      0x00413608: 0xb700001a	bne	#0x4138ec
      0x0041360c: 0x14209de5	ldr	r2, [sp, #0x14]
      0x00413610: 0x263e8de2	add	r3, sp, #0x260
      0x00413614: 0x023183e0	add	r3, r3, r2, lsl #2
      0x00413618: 0x343213e5	ldr	r3, [r3, #-0x234]
      0x0041361c: 0x000053e3	cmp	r3, #0
      0x00413620: 0xac00001a	bne	#0x4138d8
      0x00413624: 0x0130a0e3	mov	r3, #1
      0x00413628: 0x24209de5	ldr	r2, [sp, #0x24]
      0x0041362c: 0x041032e5	ldr	r1, [r2, #-4]!
      0x00413630: 0x000051e3	cmp	r1, #0
      0x00413634: 0x013083e2	add	r3, r3, #1
      0x00413638: 0xfbffff0a	beq	#0x41362c
      0x0041363c: 0x04109de5	ldr	r1, [sp, #4]
      0x00413640: 0x012081e2	add	r2, r1, #1
      0x00413644: 0x0290a0e1	mov	sb, r2
      0x00413648: 0x033081e0	add	r3, r1, r3
      0x0041364c: 0x08308de5	str	r3, [sp, #8]
      0x00413650: 0x1c309de5	ldr	r3, [sp, #0x1c]
      0x00413654: 0x04109de5	ldr	r1, [sp, #4]
      0x00413658: 0x03a082e0	add	sl, r2, r3
      0x0041365c: 0x20309de5	ldr	r3, [sp, #0x20]
      0x00413660: 0x015083e0	add	r5, r3, r1
      0x00413664: 0x80308de2	add	r3, sp, #0x80
      0x00413668: 0x855183e0	add	r5, r3, r5, lsl #3
      0x0041366c: 0x8c329de5	ldr	r3, [sp, #0x28c]
      0x00413670: 0x07a14ae2	sub	sl, sl, #0xc0000001
      0x00413674: 0x0aa183e0	add	sl, r3, sl, lsl #2
      0x00413678: 0x073d8de2	add	r3, sp, #0x1c0
      0x0041367c: 0x823183e0	add	r3, r3, r2, lsl #3
      0x00413680: 0x04308de5	str	r3, [sp, #4]
      0x00413684: 0x0400bae5	ldr	r0, [sl, #4]!
bl    at 0x00413688: hooking 0x390500eb	bl	#0x414b74 -> 0x70b203eb	bl	#0x500050
      0x0041368c: 0x0580a0e1	mov	r8, r5
      0x00413690: 0x0130a0e1	mov	r3, r1
      0x00413694: 0x0020a0e1	mov	r2, r0
      0x00413698: 0x0c109de5	ldr	r1, [sp, #0xc]
      0x0041369c: 0x000051e3	cmp	r1, #0
      0x004136a0: 0x0c00a8e8	stm	r8!, {r2, r3}
      0x004136a4: 0x1a0000ba	blt	#0x413714
      0x004136a8: 0x10409de5	ldr	r4, [sp, #0x10]
      0x004136ac: 0x0060a0e3	mov	r6, #0
      0x004136b0: 0x0070a0e3	mov	r7, #0
b     at 0x004136b4: hooking 0x000000ea	b	#0x4136bc -> 0x51b203eb	bl	#0x500000
      0x004136b8: 0x0c0035e9	ldmdb	r5!, {r2, r3}
      0x004136bc: 0x0300b4e8	ldm	r4!, {r0, r1}
bl    at 0x004136c0: hooking 0x640500eb	bl	#0x414c58 -> 0x62b203eb	bl	#0x500050
      0x004136c4: 0x0020a0e1	mov	r2, r0
      0x004136c8: 0x0130a0e1	mov	r3, r1
      0x004136cc: 0x0600a0e1	mov	r0, r6
      0x004136d0: 0x0710a0e1	mov	r1, r7
bl    at 0x004136d4: hooking 0x590400eb	bl	#0x414840 -> 0x5db203eb	bl	#0x500050
      0x004136d8: 0x0b0054e1	cmp	r4, fp
      0x004136dc: 0x0060a0e1	mov	r6, r0
      0x004136e0: 0x0170a0e1	mov	r7, r1
      0x004136e4: 0xf3ffff1a	bne	#0x4136b8
      0x004136e8: 0x08309de5	ldr	r3, [sp, #8]
      0x004136ec: 0x019089e2	add	sb, sb, #1
      0x004136f0: 0x030059e1	cmp	sb, r3
      0x004136f4: 0x04309de5	ldr	r3, [sp, #4]
      0x004136f8: 0xc000a3e8	stm	r3!, {r6, r7}
      0x004136fc: 0x0850a0e1	mov	r5, r8
      0x00413700: 0x04308de5	str	r3, [sp, #4]
      0x00413704: 0xdeffffda	ble	#0x413684
      0x00413708: 0x08309de5	ldr	r3, [sp, #8]
      0x0041370c: 0x04308de5	str	r3, [sp, #4]
b     at 0x00413710: hooking 0x53ffffea	b	#0x413464 -> 0x3ab203eb	bl	#0x500000
      0x00413714: 0x0060a0e3	mov	r6, #0
      0x00413718: 0x0070a0e3	mov	r7, #0
b     at 0x0041371c: hooking 0xf1ffffea	b	#0x4136e8 -> 0x37b203eb	bl	#0x500000
      0x00413720: 0x5900001a	bne	#0x41388c
      0x00413724: 0x04209de5	ldr	r2, [sp, #4]
      0x00413728: 0x263e8de2	add	r3, sp, #0x260
      0x0041372c: 0x023183e0	add	r3, r3, r2, lsl #2
      0x00413730: 0x345213e5	ldr	r5, [r3, #-0x234]
      0x00413734: 0xc55ba0e1	asr	r5, r5, #0x17
      0x00413738: 0x000055e3	cmp	r5, #0
      0x0041373c: 0x9cffffda	ble	#0x4135b4
      0x00413740: 0x04309de5	ldr	r3, [sp, #4]
      0x00413744: 0x000053e3	cmp	r3, #0
      0x00413748: 0x018088e2	add	r8, r8, #1
      0x0041374c: 0x940100da	ble	#0x413da4
      0x00413750: 0x30409de5	ldr	r4, [sp, #0x30]
      0x00413754: 0x000054e3	cmp	r4, #0
      0x00413758: 0x3200001a	bne	#0x413828
      0x0041375c: 0x04309de5	ldr	r3, [sp, #4]
      0x00413760: 0x010053e3	cmp	r3, #1
      0x00413764: 0x0900000a	beq	#0x413790
      0x00413768: 0x0120a0e3	mov	r2, #1
      0x0041376c: 0x34108de2	add	r1, sp, #0x34
      0x00413770: 0x044091e4	ldr	r4, [r1], #4
      0x00413774: 0x000054e3	cmp	r4, #0
      0x00413778: 0x013082e2	add	r3, r2, #1
      0x0041377c: 0x2b00001a	bne	#0x413830
      0x00413780: 0x0320a0e1	mov	r2, r3
      0x00413784: 0x04309de5	ldr	r3, [sp, #4]
      0x00413788: 0x020053e1	cmp	r3, r2
      0x0041378c: 0xf7ffff1a	bne	#0x413770
      0x00413790: 0x18309de5	ldr	r3, [sp, #0x18]
      0x00413794: 0x000053e3	cmp	r3, #0
      0x00413798: 0x0b0000da	ble	#0x4137cc
      0x0041379c: 0x010053e3	cmp	r3, #1
      0x004137a0: 0xe000000a	beq	#0x413b28
      0x004137a4: 0x020053e3	cmp	r3, #2
      0x004137a8: 0x0700001a	bne	#0x4137cc
      0x004137ac: 0x04309de5	ldr	r3, [sp, #4]
      0x004137b0: 0x012043e2	sub	r2, r3, #1
      0x004137b4: 0x263e8de2	add	r3, sp, #0x260
      0x004137b8: 0x022183e0	add	r2, r3, r2, lsl #2
      0x004137bc: 0x303212e5	ldr	r3, [r2, #-0x230]
      0x004137c0: 0xff34c3e3	bic	r3, r3, #0xff000000
      0x004137c4: 0x0335c3e3	bic	r3, r3, #0xc00000
      0x004137c8: 0x303202e5	str	r3, [r2, #-0x230]
      0x004137cc: 0x020055e3	cmp	r5, #2
      0x004137d0: 0x77ffff1a	bne	#0x4135b4
      0x004137d4: 0x0620a0e1	mov	r2, r6
      0x004137d8: 0x0730a0e1	mov	r3, r7
      0x004137dc: 0x0000a0e3	mov	r0, #0
      0x004137e0: 0x20179fe5	ldr	r1, [pc, #0x720]
bl    at 0x004137e4: hooking 0x140400eb	bl	#0x41483c -> 0x19b203eb	bl	#0x500050
      0x004137e8: 0x000054e3	cmp	r4, #0
      0x004137ec: 0x0060a0e1	mov	r6, r0
      0x004137f0: 0x0170a0e1	mov	r7, r1
      0x004137f4: 0x6effff0a	beq	#0x4135b4
      0x004137f8: 0x18209de5	ldr	r2, [sp, #0x18]
      0x004137fc: 0x0000a0e3	mov	r0, #0
      0x00413800: 0x00179fe5	ldr	r1, [pc, #0x700]
bl    at 0x00413804: hooking 0x4b0200eb	bl	#0x414138 -> 0x11b203eb	bl	#0x500050
      0x00413808: 0x0020a0e1	mov	r2, r0
      0x0041380c: 0x0130a0e1	mov	r3, r1
      0x00413810: 0x0600a0e1	mov	r0, r6
      0x00413814: 0x0710a0e1	mov	r1, r7
bl    at 0x00413818: hooking 0x070400eb	bl	#0x41483c -> 0x0cb203eb	bl	#0x500050
      0x0041381c: 0x0060a0e1	mov	r6, r0
      0x00413820: 0x0170a0e1	mov	r7, r1
b     at 0x00413824: hooking 0x62ffffea	b	#0x4135b4 -> 0xf5b103eb	bl	#0x500000
      0x00413828: 0x0130a0e3	mov	r3, #1
      0x0041382c: 0x0020a0e3	mov	r2, #0
      0x00413830: 0x04009de5	ldr	r0, [sp, #4]
      0x00413834: 0x261e8de2	add	r1, sp, #0x260
      0x00413838: 0x022181e0	add	r2, r1, r2, lsl #2
      0x0041383c: 0x014464e2	rsb	r4, r4, #0x1000000
      0x00413840: 0x030050e1	cmp	r0, r3
      0x00413844: 0x304202e5	str	r4, [r2, #-0x230]
      0x00413848: 0x0d0000da	ble	#0x413884
      0x0041384c: 0x0331a0e1	lsl	r3, r3, #2
      0x00413850: 0x262e8de2	add	r2, sp, #0x260
      0x00413854: 0x032082e0	add	r2, r2, r3
      0x00413858: 0x30c08de2	add	ip, sp, #0x30
      0x0041385c: 0xff14e0e3	mvn	r1, #0xff000000
      0x00413860: 0x302212e5	ldr	r2, [r2, #-0x230]
      0x00413864: 0x03308ce0	add	r3, ip, r3
      0x00413868: 0x00018ce0	add	r0, ip, r0, lsl #2
b     at 0x0041386c: hooking 0x000000ea	b	#0x413874 -> 0xe3b103eb	bl	#0x500000
      0x00413870: 0x002093e5	ldr	r2, [r3]
      0x00413874: 0x022041e0	sub	r2, r1, r2
      0x00413878: 0x042083e4	str	r2, [r3], #4
      0x0041387c: 0x000053e1	cmp	r3, r0
      0x00413880: 0xfaffff1a	bne	#0x413870
      0x00413884: 0x0140a0e3	mov	r4, #1
b     at 0x00413888: hooking 0xc0ffffea	b	#0x413790 -> 0xdcb103eb	bl	#0x500000
      0x0041388c: 0x0020a0e3	mov	r2, #0
      0x00413890: 0x74369fe5	ldr	r3, [pc, #0x674]
bl    at 0x00413894: hooking 0x5b0600eb	bl	#0x415208 -> 0xedb103eb	bl	#0x500050
      0x00413898: 0x005050e2	subs	r5, r0, #0
      0x0041389c: 0x44ffff0a	beq	#0x4135b4
      0x004138a0: 0x04309de5	ldr	r3, [sp, #4]
      0x004138a4: 0x000053e3	cmp	r3, #0
      0x004138a8: 0x018088e2	add	r8, r8, #1
      0x004138ac: 0x0250a0c3	movgt	r5, #2
      0x004138b0: 0xa6ffffca	bgt	#0x413750
      0x004138b4: 0x0620a0e1	mov	r2, r6
      0x004138b8: 0x0730a0e1	mov	r3, r7
      0x004138bc: 0x0000a0e3	mov	r0, #0
      0x004138c0: 0x40169fe5	ldr	r1, [pc, #0x640]
bl    at 0x004138c4: hooking 0xdc0300eb	bl	#0x41483c -> 0xe1b103eb	bl	#0x500050
      0x004138c8: 0x0250a0e3	mov	r5, #2
      0x004138cc: 0x0060a0e1	mov	r6, r0
      0x004138d0: 0x0170a0e1	mov	r7, r1
b     at 0x004138d4: hooking 0x36ffffea	b	#0x4135b4 -> 0xc9b103eb	bl	#0x500000
      0x004138d8: 0x04309de5	ldr	r3, [sp, #4]
      0x004138dc: 0x012083e2	add	r2, r3, #1
      0x004138e0: 0x0290a0e1	mov	sb, r2
      0x004138e4: 0x08208de5	str	r2, [sp, #8]
b     at 0x004138e8: hooking 0x58ffffea	b	#0x413650 -> 0xc4b103eb	bl	#0x500000
      0x004138ec: 0x263e8de2	add	r3, sp, #0x260
      0x004138f0: 0x093183e0	add	r3, r3, sb, lsl #2
      0x004138f4: 0x303213e5	ldr	r3, [r3, #-0x230]
      0x004138f8: 0x000053e3	cmp	r3, #0
      0x004138fc: 0x18309de5	ldr	r3, [sp, #0x18]
      0x00413900: 0x182043e2	sub	r2, r3, #0x18
      0x00413904: 0x10808de5	str	r8, [sp, #0x10]
      0x00413908: 0x0c508de5	str	r5, [sp, #0xc]
      0x0041390c: 0x18208de5	str	r2, [sp, #0x18]
      0x00413910: 0x0900001a	bne	#0x41393c
      0x00413914: 0x04309de5	ldr	r3, [sp, #4]
      0x00413918: 0x30108de2	add	r1, sp, #0x30
      0x0041391c: 0x073143e2	sub	r3, r3, #0xc0000001
      0x00413920: 0x033181e0	add	r3, r1, r3, lsl #2
      0x00413924: 0x041033e5	ldr	r1, [r3, #-4]!
      0x00413928: 0x000051e3	cmp	r1, #0
      0x0041392c: 0x019049e2	sub	sb, sb, #1
      0x00413930: 0x182042e2	sub	r2, r2, #0x18
      0x00413934: 0xfaffff0a	beq	#0x413924
      0x00413938: 0x18208de5	str	r2, [sp, #0x18]
      0x0041393c: 0x18209de5	ldr	r2, [sp, #0x18]
      0x00413940: 0x0000a0e3	mov	r0, #0
      0x00413944: 0xbc159fe5	ldr	r1, [pc, #0x5bc]
bl    at 0x00413948: hooking 0xfa0100eb	bl	#0x414138 -> 0xc0b103eb	bl	#0x500050
      0x0041394c: 0x000059e3	cmp	sb, #0
      0x00413950: 0x0040a0e1	mov	r4, r0
      0x00413954: 0x0150a0e1	mov	r5, r1
      0x00413958: 0x570100ba	blt	#0x413ebc
      0x0041395c: 0x8931a0e1	lsl	r3, sb, #3
      0x00413960: 0x072d8de2	add	r2, sp, #0x1c0
      0x00413964: 0x18308de5	str	r3, [sp, #0x18]
      0x00413968: 0x033082e0	add	r3, r2, r3
      0x0041396c: 0x04308de5	str	r3, [sp, #4]
      0x00413970: 0x088083e2	add	r8, r3, #8
      0x00413974: 0x30308de2	add	r3, sp, #0x30
      0x00413978: 0x097183e0	add	r7, r3, sb, lsl #2
      0x0041397c: 0x00a0a0e3	mov	sl, #0
      0x00413980: 0x74b59fe5	ldr	fp, [pc, #0x574]
b     at 0x00413984: hooking 0x000000ea	b	#0x41398c -> 0x9db103eb	bl	#0x500000
      0x00413988: 0x0670a0e1	mov	r7, r6
      0x0041398c: 0x0760a0e1	mov	r6, r7
      0x00413990: 0x040016e4	ldr	r0, [r6], #-4
bl    at 0x00413994: hooking 0x760400eb	bl	#0x414b74 -> 0xadb103eb	bl	#0x500050
      0x00413998: 0x0420a0e1	mov	r2, r4
      0x0041399c: 0x0530a0e1	mov	r3, r5
bl    at 0x004139a0: hooking 0xac0400eb	bl	#0x414c58 -> 0xaab103eb	bl	#0x500050
      0x004139a4: 0x0b30a0e1	mov	r3, fp
      0x004139a8: 0x030028e9	stmdb	r8!, {r0, r1}
      0x004139ac: 0x0a20a0e1	mov	r2, sl
      0x004139b0: 0x0400a0e1	mov	r0, r4
      0x004139b4: 0x0510a0e1	mov	r1, r5
bl    at 0x004139b8: hooking 0xa60400eb	bl	#0x414c58 -> 0xa4b103eb	bl	#0x500050
      0x004139bc: 0x30308de2	add	r3, sp, #0x30
      0x004139c0: 0x030057e1	cmp	r7, r3
      0x004139c4: 0x0040a0e1	mov	r4, r0
      0x004139c8: 0x0150a0e1	mov	r5, r1
      0x004139cc: 0xedffff1a	bne	#0x413988
      0x004139d0: 0x00a0a0e3	mov	sl, #0
      0x004139d4: 0x123e8de2	add	r3, sp, #0x120
      0x004139d8: 0x04b09de5	ldr	fp, [sp, #4]
      0x004139dc: 0x1c908de5	str	sb, [sp, #0x1c]
      0x004139e0: 0x08308de5	str	r3, [sp, #8]
      0x004139e4: 0x04308de5	str	r3, [sp, #4]
      0x004139e8: 0x14909de5	ldr	sb, [sp, #0x14]
      0x004139ec: 0x000059e3	cmp	sb, #0
      0x004139f0: 0xe80000ba	blt	#0x413d98
      0x004139f4: 0x14859fe5	ldr	r8, [pc, #0x514]
      0x004139f8: 0x0b50a0e1	mov	r5, fp
      0x004139fc: 0x0121a0e3	mov	r2, #0x40000000
      0x00413a00: 0x0c359fe5	ldr	r3, [pc, #0x50c]
      0x00413a04: 0x0060a0e3	mov	r6, #0
      0x00413a08: 0x0070a0e3	mov	r7, #0
      0x00413a0c: 0x0040a0e3	mov	r4, #0
b     at 0x00413a10: hooking 0x020000ea	b	#0x413a20 -> 0x7ab103eb	bl	#0x500000
      0x00413a14: 0x0a0054e1	cmp	r4, sl
      0x00413a18: 0x0c0000ca	bgt	#0x413a50
      0x00413a1c: 0x0c00b8e8	ldm	r8!, {r2, r3}
      0x00413a20: 0x0300b5e8	ldm	r5!, {r0, r1}
bl    at 0x00413a24: hooking 0x8b0400eb	bl	#0x414c58 -> 0x89b103eb	bl	#0x500050
      0x00413a28: 0x0020a0e1	mov	r2, r0
      0x00413a2c: 0x0130a0e1	mov	r3, r1
      0x00413a30: 0x0600a0e1	mov	r0, r6
      0x00413a34: 0x0710a0e1	mov	r1, r7
bl    at 0x00413a38: hooking 0x800300eb	bl	#0x414840 -> 0x84b103eb	bl	#0x500050
      0x00413a3c: 0x014084e2	add	r4, r4, #1
      0x00413a40: 0x040059e1	cmp	sb, r4
      0x00413a44: 0x0060a0e1	mov	r6, r0
      0x00413a48: 0x0170a0e1	mov	r7, r1
      0x00413a4c: 0xf0ffffaa	bge	#0x413a14
      0x00413a50: 0x073d8de2	add	r3, sp, #0x1c0
      0x00413a54: 0x03005be1	cmp	fp, r3
      0x00413a58: 0x04309de5	ldr	r3, [sp, #4]
      0x00413a5c: 0xc000a3e8	stm	r3!, {r6, r7}
      0x00413a60: 0x01a08ae2	add	sl, sl, #1
      0x00413a64: 0x04308de5	str	r3, [sp, #4]
      0x00413a68: 0x08b04be2	sub	fp, fp, #8
      0x00413a6c: 0xdeffff1a	bne	#0x4139ec
      0x00413a70: 0x88329de5	ldr	r3, [sp, #0x288]
      0x00413a74: 0x1c909de5	ldr	sb, [sp, #0x1c]
      0x00413a78: 0x030053e3	cmp	r3, #3
      0x00413a7c: 0x03f19f97	ldrls	pc, [pc, r3, lsl #2]
b     at 0x00413a80: hooking 0x230000ea	b	#0x413b14 -> 0x5eb103eb	bl	#0x500000
      0x00413a84: 0x403d4000	subeq	r3, r0, r0, asr #26
      0x00413a88: 0x043d4000	subeq	r3, r0, r4, lsl #26
      0x00413a8c: 0x043d4000	subeq	r3, r0, r4, lsl #26
      0x00413a90: 0x5c3b4000	subeq	r3, r0, ip, asr fp
      0x00413a94: 0x0050a0e3	mov	r5, #0
      0x00413a98: 0x0540a0e1	mov	r4, r5
      0x00413a9c: 0x0430a0e1	mov	r3, r4
      0x00413aa0: 0x0520a0e1	mov	r2, r5
      0x00413aa4: 0x121e8de2	add	r1, sp, #0x120
      0x00413aa8: 0x030091e8	ldm	r1, {r0, r1}
bl    at 0x00413aac: hooking 0x620300eb	bl	#0x41483c -> 0x67b103eb	bl	#0x500050
      0x00413ab0: 0x0c309de5	ldr	r3, [sp, #0xc]
      0x00413ab4: 0x000053e3	cmp	r3, #0
      0x00413ab8: 0xed00001a	bne	#0x413e74
      0x00413abc: 0x0520a0e1	mov	r2, r5
      0x00413ac0: 0x0430a0e1	mov	r3, r4
      0x00413ac4: 0x2cc09de5	ldr	ip, [sp, #0x2c]
      0x00413ac8: 0x000059e3	cmp	sb, #0
      0x00413acc: 0x0c008ce8	stm	ip, {r2, r3}
      0x00413ad0: 0x0a0000da	ble	#0x413b00
      0x00413ad4: 0x0160a0e3	mov	r6, #1
      0x00413ad8: 0x4a7f8de2	add	r7, sp, #0x128
      0x00413adc: 0x0c00b7e8	ldm	r7!, {r2, r3}
      0x00413ae0: 0x016086e2	add	r6, r6, #1
bl    at 0x00413ae4: hooking 0x550300eb	bl	#0x414840 -> 0x59b103eb	bl	#0x500050
      0x00413ae8: 0x060059e1	cmp	sb, r6
      0x00413aec: 0xfaffffaa	bge	#0x413adc
      0x00413af0: 0x0c309de5	ldr	r3, [sp, #0xc]
      0x00413af4: 0x000053e3	cmp	r3, #0
      0x00413af8: 0x0000000a	beq	#0x413b00
      0x00413afc: 0x021181e2	add	r1, r1, #0x80000000
      0x00413b00: 0x0130a0e1	mov	r3, r1
      0x00413b04: 0x0020a0e1	mov	r2, r0
      0x00413b08: 0x2c109de5	ldr	r1, [sp, #0x2c]
      0x00413b0c: 0x082081e5	str	r2, [r1, #8]
      0x00413b10: 0x0c3081e5	str	r3, [r1, #0xc]
      0x00413b14: 0x10309de5	ldr	r3, [sp, #0x10]
      0x00413b18: 0x070003e2	and	r0, r3, #7
      0x00413b1c: 0x99df8de2	add	sp, sp, #0x264
      0x00413b20: 0xf04fbde8	pop	{r4, r5, r6, r7, r8, sb, sl, fp, lr}
      0x00413b24: 0x1eff2fe1	bx	lr
      0x00413b28: 0x04309de5	ldr	r3, [sp, #4]
      0x00413b2c: 0x012043e2	sub	r2, r3, #1
      0x00413b30: 0x263e8de2	add	r3, sp, #0x260
      0x00413b34: 0x022183e0	add	r2, r3, r2, lsl #2
      0x00413b38: 0x303212e5	ldr	r3, [r2, #-0x230]
      0x00413b3c: 0xff34c3e3	bic	r3, r3, #0xff000000
      0x00413b40: 0x0235c3e3	bic	r3, r3, #0x800000
      0x00413b44: 0x303202e5	str	r3, [r2, #-0x230]
b     at 0x00413b48: hooking 0x1fffffea	b	#0x4137cc -> 0x2cb103eb	bl	#0x500000
      0x00413b4c: 0x0010a0e3	mov	r1, #0
      0x00413b50: 0x1730e0e3	mvn	r3, #0x17
      0x00413b54: 0x1c108de5	str	r1, [sp, #0x1c]
b     at 0x00413b58: hooking 0xf7fdffea	b	#0x41333c -> 0x28b103eb	bl	#0x500000
      0x00413b5c: 0x000059e3	cmp	sb, #0
      0x00413b60: 0xe00000da	ble	#0x413ee8
      0x00413b64: 0x8931a0e1	lsl	r3, sb, #3
      0x00413b68: 0x262e8de2	add	r2, sp, #0x260
      0x00413b6c: 0x14308de5	str	r3, [sp, #0x14]
      0x00413b70: 0x033082e0	add	r3, r2, r3
      0x00413b74: 0x05bd43e2	sub	fp, r3, #0x140
      0x00413b78: 0x000c9be8	ldm	fp, {sl, fp}
      0x00413b7c: 0x123e8de2	add	r3, sp, #0x120
      0x00413b80: 0x08308de5	str	r3, [sp, #8]
      0x00413b84: 0x898183e0	add	r8, r3, sb, lsl #3
      0x00413b88: 0xc00038e9	ldmdb	r8!, {r6, r7}
      0x00413b8c: 0x0a20a0e1	mov	r2, sl
      0x00413b90: 0x0b30a0e1	mov	r3, fp
      0x00413b94: 0x0600a0e1	mov	r0, r6
      0x00413b98: 0x0710a0e1	mov	r1, r7
bl    at 0x00413b9c: hooking 0x270300eb	bl	#0x414840 -> 0x2bb103eb	bl	#0x500050
      0x00413ba0: 0x0040a0e1	mov	r4, r0
      0x00413ba4: 0x0150a0e1	mov	r5, r1
      0x00413ba8: 0x0020a0e1	mov	r2, r0
      0x00413bac: 0x0130a0e1	mov	r3, r1
      0x00413bb0: 0x0600a0e1	mov	r0, r6
      0x00413bb4: 0x0710a0e1	mov	r1, r7
bl    at 0x00413bb8: hooking 0x1f0300eb	bl	#0x41483c -> 0x24b103eb	bl	#0x500050
      0x00413bbc: 0x0b30a0e1	mov	r3, fp
      0x00413bc0: 0x0a20a0e1	mov	r2, sl
bl    at 0x00413bc4: hooking 0x1d0300eb	bl	#0x414840 -> 0x21b103eb	bl	#0x500050
      0x00413bc8: 0x08309de5	ldr	r3, [sp, #8]
      0x00413bcc: 0x080053e1	cmp	r3, r8
      0x00413bd0: 0x080088e5	str	r0, [r8, #8]
      0x00413bd4: 0x0c1088e5	str	r1, [r8, #0xc]
      0x00413bd8: 0x300088e8	stm	r8, {r4, r5}
      0x00413bdc: 0x04a0a0e1	mov	sl, r4
      0x00413be0: 0x05b0a0e1	mov	fp, r5
      0x00413be4: 0xe7ffff1a	bne	#0x413b88
      0x00413be8: 0x010059e3	cmp	sb, #1
      0x00413bec: 0xbd0000da	ble	#0x413ee8
      0x00413bf0: 0x14109de5	ldr	r1, [sp, #0x14]
      0x00413bf4: 0x263e8de2	add	r3, sp, #0x260
      0x00413bf8: 0x013083e0	add	r3, r3, r1
      0x00413bfc: 0x1e9249e2	sub	sb, sb, #0xe0000001
      0x00413c00: 0x8921a0e1	lsl	r2, sb, #3
      0x00413c04: 0x057d43e2	sub	r7, r3, #0x140
      0x00413c08: 0xc00097e8	ldm	r7, {r6, r7}
      0x00413c0c: 0x08309de5	ldr	r3, [sp, #8]
      0x00413c10: 0x08a082e2	add	sl, r2, #8
      0x00413c14: 0x04208de5	str	r2, [sp, #4]
      0x00413c18: 0x0aa083e0	add	sl, r3, sl
      0x00413c1c: 0x4abf8de2	add	fp, sp, #0x128
      0x00413c20: 0x00033ae9	ldmdb	sl!, {r8, sb}
      0x00413c24: 0x0620a0e1	mov	r2, r6
      0x00413c28: 0x0730a0e1	mov	r3, r7
      0x00413c2c: 0x0800a0e1	mov	r0, r8
      0x00413c30: 0x0910a0e1	mov	r1, sb
bl    at 0x00413c34: hooking 0x010300eb	bl	#0x414840 -> 0x05b103eb	bl	#0x500050
      0x00413c38: 0x0040a0e1	mov	r4, r0
      0x00413c3c: 0x0150a0e1	mov	r5, r1
      0x00413c40: 0x0020a0e1	mov	r2, r0
      0x00413c44: 0x0130a0e1	mov	r3, r1
      0x00413c48: 0x0800a0e1	mov	r0, r8
      0x00413c4c: 0x0910a0e1	mov	r1, sb
bl    at 0x00413c50: hooking 0xf90200eb	bl	#0x41483c -> 0xfeb003eb	bl	#0x500050
      0x00413c54: 0x0620a0e1	mov	r2, r6
      0x00413c58: 0x0730a0e1	mov	r3, r7
bl    at 0x00413c5c: hooking 0xf70200eb	bl	#0x414840 -> 0xfbb003eb	bl	#0x500050
      0x00413c60: 0x0a005be1	cmp	fp, sl
      0x00413c64: 0x08008ae5	str	r0, [sl, #8]
      0x00413c68: 0x0c108ae5	str	r1, [sl, #0xc]
      0x00413c6c: 0x30008ae8	stm	sl, {r4, r5}
      0x00413c70: 0x0460a0e1	mov	r6, r4
      0x00413c74: 0x0570a0e1	mov	r7, r5
      0x00413c78: 0xe8ffff1a	bne	#0x413c20
      0x00413c7c: 0x0030a0e3	mov	r3, #0
      0x00413c80: 0x0320a0e1	mov	r2, r3
      0x00413c84: 0x04109de5	ldr	r1, [sp, #4]
      0x00413c88: 0x104081e2	add	r4, r1, #0x10
      0x00413c8c: 0x08109de5	ldr	r1, [sp, #8]
      0x00413c90: 0x044081e0	add	r4, r1, r4
      0x00413c94: 0x105081e2	add	r5, r1, #0x10
      0x00413c98: 0x0300a0e1	mov	r0, r3
      0x00413c9c: 0x0210a0e1	mov	r1, r2
      0x00413ca0: 0x0c0034e9	ldmdb	r4!, {r2, r3}
bl    at 0x00413ca4: hooking 0xe50200eb	bl	#0x414840 -> 0xe9b003eb	bl	#0x500050
      0x00413ca8: 0x040055e1	cmp	r5, r4
      0x00413cac: 0x0030a0e1	mov	r3, r0
      0x00413cb0: 0x0120a0e1	mov	r2, r1
      0x00413cb4: 0xf7ffff1a	bne	#0x413c98
      0x00413cb8: 0x0c109de5	ldr	r1, [sp, #0xc]
      0x00413cbc: 0x128e8de2	add	r8, sp, #0x120
      0x00413cc0: 0x000051e3	cmp	r1, #0
      0x00413cc4: 0x004398e8	ldm	r8, {r8, sb, lr}
      0x00413cc8: 0x2cc19de5	ldr	ip, [sp, #0x12c]
      0x00413ccc: 0x6f00001a	bne	#0x413e90
      0x00413cd0: 0x0300a0e1	mov	r0, r3
      0x00413cd4: 0x0860a0e1	mov	r6, r8
      0x00413cd8: 0x0e40a0e1	mov	r4, lr
      0x00413cdc: 0x0970a0e1	mov	r7, sb
      0x00413ce0: 0x0c50a0e1	mov	r5, ip
      0x00413ce4: 0x0210a0e1	mov	r1, r2
      0x00413ce8: 0x2c309de5	ldr	r3, [sp, #0x2c]
      0x00413cec: 0xc00083e8	stm	r3, {r6, r7}
      0x00413cf0: 0x084083e5	str	r4, [r3, #8]
      0x00413cf4: 0x0c5083e5	str	r5, [r3, #0xc]
      0x00413cf8: 0x100083e5	str	r0, [r3, #0x10]
      0x00413cfc: 0x141083e5	str	r1, [r3, #0x14]
b     at 0x00413d00: hooking 0x83ffffea	b	#0x413b14 -> 0xbeb003eb	bl	#0x500000
      0x00413d04: 0x0050a0e3	mov	r5, #0
      0x00413d08: 0x0540a0e1	mov	r4, r5
      0x00413d0c: 0x18309de5	ldr	r3, [sp, #0x18]
      0x00413d10: 0x08709de5	ldr	r7, [sp, #8]
      0x00413d14: 0x086083e2	add	r6, r3, #8
      0x00413d18: 0x066087e0	add	r6, r7, r6
      0x00413d1c: 0x0500a0e1	mov	r0, r5
      0x00413d20: 0x0410a0e1	mov	r1, r4
      0x00413d24: 0x0c0036e9	ldmdb	r6!, {r2, r3}
bl    at 0x00413d28: hooking 0xc40200eb	bl	#0x414840 -> 0xc8b003eb	bl	#0x500050
      0x00413d2c: 0x060057e1	cmp	r7, r6
      0x00413d30: 0x0050a0e1	mov	r5, r0
      0x00413d34: 0x0140a0e1	mov	r4, r1
      0x00413d38: 0xf7ffff1a	bne	#0x413d1c
b     at 0x00413d3c: hooking 0x56ffffea	b	#0x413a9c -> 0xafb003eb	bl	#0x500000
      0x00413d40: 0x0020a0e3	mov	r2, #0
      0x00413d44: 0x0230a0e1	mov	r3, r2
      0x00413d48: 0x18109de5	ldr	r1, [sp, #0x18]
      0x00413d4c: 0x08509de5	ldr	r5, [sp, #8]
      0x00413d50: 0x084081e2	add	r4, r1, #8
      0x00413d54: 0x044085e0	add	r4, r5, r4
      0x00413d58: 0x0200a0e1	mov	r0, r2
      0x00413d5c: 0x0310a0e1	mov	r1, r3
      0x00413d60: 0x0c0034e9	ldmdb	r4!, {r2, r3}
bl    at 0x00413d64: hooking 0xb50200eb	bl	#0x414840 -> 0xb9b003eb	bl	#0x500050
      0x00413d68: 0x040055e1	cmp	r5, r4
      0x00413d6c: 0x0020a0e1	mov	r2, r0
      0x00413d70: 0x0130a0e1	mov	r3, r1
      0x00413d74: 0xf7ffff1a	bne	#0x413d58
      0x00413d78: 0x0c109de5	ldr	r1, [sp, #0xc]
      0x00413d7c: 0x000051e3	cmp	r1, #0
      0x00413d80: 0x02318312	addne	r3, r3, #0x80000000
      0x00413d84: 0x0310a0e1	mov	r1, r3
      0x00413d88: 0x0200a0e1	mov	r0, r2
      0x00413d8c: 0x2c309de5	ldr	r3, [sp, #0x2c]
      0x00413d90: 0x030083e8	stm	r3, {r0, r1}
b     at 0x00413d94: hooking 0x5effffea	b	#0x413b14 -> 0x99b003eb	bl	#0x500000
      0x00413d98: 0x0060a0e3	mov	r6, #0
      0x00413d9c: 0x0070a0e3	mov	r7, #0
b     at 0x00413da0: hooking 0x2affffea	b	#0x413a50 -> 0x96b003eb	bl	#0x500000
      0x00413da4: 0x0040a0e3	mov	r4, #0
b     at 0x00413da8: hooking 0x78feffea	b	#0x413790 -> 0x94b003eb	bl	#0x500000
      0x00413dac: 0x0710a0e1	mov	r1, r7
      0x00413db0: 0x18709de5	ldr	r7, [sp, #0x18]
      0x00413db4: 0x0600a0e1	mov	r0, r6
      0x00413db8: 0x002067e2	rsb	r2, r7, #0
      0x00413dbc: 0x0c508de5	str	r5, [sp, #0xc]
      0x00413dc0: 0x10808de5	str	r8, [sp, #0x10]
bl    at 0x00413dc4: hooking 0xdb0000eb	bl	#0x414138 -> 0xa1b003eb	bl	#0x500050
      0x00413dc8: 0x0020a0e3	mov	r2, #0
      0x00413dcc: 0x2c319fe5	ldr	r3, [pc, #0x12c]
      0x00413dd0: 0x0040a0e1	mov	r4, r0
      0x00413dd4: 0x0150a0e1	mov	r5, r1
bl    at 0x00413dd8: hooking 0x0a0500eb	bl	#0x415208 -> 0x9cb003eb	bl	#0x500050
      0x00413ddc: 0x000050e3	cmp	r0, #0
      0x00413de0: 0x1a00000a	beq	#0x413e50
      0x00413de4: 0x0020a0e3	mov	r2, #0
      0x00413de8: 0x0c319fe5	ldr	r3, [pc, #0x10c]
      0x00413dec: 0x0400a0e1	mov	r0, r4
      0x00413df0: 0x0510a0e1	mov	r1, r5
bl    at 0x00413df4: hooking 0x970300eb	bl	#0x414c58 -> 0x95b003eb	bl	#0x500050
bl    at 0x00413df8: hooking 0x1c0500eb	bl	#0x415270 -> 0x94b003eb	bl	#0x500050
      0x00413dfc: 0x0060a0e1	mov	r6, r0
bl    at 0x00413e00: hooking 0x5b0300eb	bl	#0x414b74 -> 0x92b003eb	bl	#0x500050
      0x00413e04: 0x0020a0e3	mov	r2, #0
      0x00413e08: 0xf0309fe5	ldr	r3, [pc, #0xf0]
bl    at 0x00413e0c: hooking 0x910300eb	bl	#0x414c58 -> 0x8fb003eb	bl	#0x500050
      0x00413e10: 0x0020a0e1	mov	r2, r0
      0x00413e14: 0x0130a0e1	mov	r3, r1
      0x00413e18: 0x0400a0e1	mov	r0, r4
      0x00413e1c: 0x0510a0e1	mov	r1, r5
bl    at 0x00413e20: hooking 0x850200eb	bl	#0x41483c -> 0x8ab003eb	bl	#0x500050
bl    at 0x00413e24: hooking 0x110500eb	bl	#0x415270 -> 0x89b003eb	bl	#0x500050
      0x00413e28: 0x04309de5	ldr	r3, [sp, #4]
      0x00413e2c: 0x262e8de2	add	r2, sp, #0x260
      0x00413e30: 0x019083e2	add	sb, r3, #1
      0x00413e34: 0x03b182e0	add	fp, r2, r3, lsl #2
      0x00413e38: 0x093182e0	add	r3, r2, sb, lsl #2
      0x00413e3c: 0x182087e2	add	r2, r7, #0x18
      0x00413e40: 0x30020be5	str	r0, [fp, #-0x230]
      0x00413e44: 0x18208de5	str	r2, [sp, #0x18]
      0x00413e48: 0x306203e5	str	r6, [r3, #-0x230]
b     at 0x00413e4c: hooking 0xbafeffea	b	#0x41393c -> 0x6bb003eb	bl	#0x500000
      0x00413e50: 0x0400a0e1	mov	r0, r4
      0x00413e54: 0x0510a0e1	mov	r1, r5
bl    at 0x00413e58: hooking 0x040500eb	bl	#0x415270 -> 0x7cb003eb	bl	#0x500050
      0x00413e5c: 0x04309de5	ldr	r3, [sp, #4]
      0x00413e60: 0x262e8de2	add	r2, sp, #0x260
      0x00413e64: 0x03b182e0	add	fp, r2, r3, lsl #2
      0x00413e68: 0x0390a0e1	mov	sb, r3
      0x00413e6c: 0x30020be5	str	r0, [fp, #-0x230]
b     at 0x00413e70: hooking 0xb1feffea	b	#0x41393c -> 0x62b003eb	bl	#0x500000
      0x00413e74: 0x2c309de5	ldr	r3, [sp, #0x2c]
      0x00413e78: 0x024184e2	add	r4, r4, #0x80000000
      0x00413e7c: 0x000059e3	cmp	sb, #0
      0x00413e80: 0x044083e5	str	r4, [r3, #4]
      0x00413e84: 0x005083e5	str	r5, [r3]
      0x00413e88: 0x11ffffca	bgt	#0x413ad4
b     at 0x00413e8c: hooking 0x1affffea	b	#0x413afc -> 0x5bb003eb	bl	#0x500000
      0x00413e90: 0x2c109de5	ldr	r1, [sp, #0x2c]
      0x00413e94: 0x029189e2	add	sb, sb, #0x80000000
      0x00413e98: 0x02c18ce2	add	ip, ip, #0x80000000
      0x00413e9c: 0x022182e2	add	r2, r2, #0x80000000
      0x00413ea0: 0x049081e5	str	sb, [r1, #4]
      0x00413ea4: 0x0cc081e5	str	ip, [r1, #0xc]
      0x00413ea8: 0x142081e5	str	r2, [r1, #0x14]
      0x00413eac: 0x008081e5	str	r8, [r1]
      0x00413eb0: 0x08e081e5	str	lr, [r1, #8]
      0x00413eb4: 0x103081e5	str	r3, [r1, #0x10]
b     at 0x00413eb8: hooking 0x15ffffea	b	#0x413b14 -> 0x50b003eb	bl	#0x500000
      0x00413ebc: 0x88329de5	ldr	r3, [sp, #0x288]
      0x00413ec0: 0x030053e3	cmp	r3, #3
      0x00413ec4: 0x03f19f97	ldrls	pc, [pc, r3, lsl #2]
b     at 0x00413ec8: hooking 0x11ffffea	b	#0x413b14 -> 0x4cb003eb	bl	#0x500000
      0x00413ecc: 0xdc3e4000	ldrdeq	r3, r4, [r0], #-0xec
      0x00413ed0: 0x943a4000	umaaleq	r3, r0, r4, sl
      0x00413ed4: 0x943a4000	umaaleq	r3, r0, r4, sl
      0x00413ed8: 0x5c3b4000	subeq	r3, r0, ip, asr fp
      0x00413edc: 0x0020a0e3	mov	r2, #0
      0x00413ee0: 0x0230a0e1	mov	r3, r2
b     at 0x00413ee4: hooking 0xa3ffffea	b	#0x413d78 -> 0x45b003eb	bl	#0x500000
      0x00413ee8: 0x0030a0e3	mov	r3, #0
      0x00413eec: 0x0320a0e1	mov	r2, r3
b     at 0x00413ef0: hooking 0x70ffffea	b	#0x413cb8 -> 0x42b003eb	bl	#0x500000
      0x00413ef4: 0x38664000	subeq	r6, r0, r8, lsr r6
      0x00413ef8: 0xabaaaa2a	bhs	#0xfeebe9ac
      0x00413efc: 0x0000703e	cdplo	p0, #7, c0, c0, c0, #0
      0x00413f00: 0x00007041	cmnmi	r0, r0
      0x00413f04: 0x00002040	eormi	r0, r0, r0
      0x00413f08: 0x0000f03f	svclo	#0xf00000
      0x00413f0c: 0x0000e03f	svclo	#0xe00000
      0x00413f10: 0x50664000	subeq	r6, r0, r0, asr r6
      0x00413f14: 0xfb21f93f	svclo	#0xf921fb
      0x00413f18: 0xf04f2de9	push	{r4, r5, r6, r7, r8, sb, sl, fp, lr}
      0x00413f1c: 0x02c1c1e3	bic	ip, r1, #0x80000000
      0x00413f20: 0xf9055ce3	cmp	ip, #0x3e400000
      0x00413f24: 0x14d04de2	sub	sp, sp, #0x14
      0x00413f28: 0x0140a0e1	mov	r4, r1
      0x00413f2c: 0x0280a0e1	mov	r8, r2
      0x00413f30: 0x0390a0e1	mov	sb, r3
      0x00413f34: 0x0050a0e1	mov	r5, r0
      0x00413f38: 0x020000aa	bge	#0x413f48
bl    at 0x00413f3c: hooking 0xcb0400eb	bl	#0x415270 -> 0x43b003eb	bl	#0x500050
      0x00413f40: 0x000050e3	cmp	r0, #0
      0x00413f44: 0x6600000a	beq	#0x4140e4
      0x00413f48: 0x0520a0e1	mov	r2, r5
      0x00413f4c: 0x0430a0e1	mov	r3, r4
      0x00413f50: 0x0500a0e1	mov	r0, r5
      0x00413f54: 0x0410a0e1	mov	r1, r4
bl    at 0x00413f58: hooking 0x3e0300eb	bl	#0x414c58 -> 0x3cb003eb	bl	#0x500050
      0x00413f5c: 0x0060a0e1	mov	r6, r0
      0x00413f60: 0x0170a0e1	mov	r7, r1
      0x00413f64: 0x0020a0e1	mov	r2, r0
      0x00413f68: 0x0130a0e1	mov	r3, r1
      0x00413f6c: 0x0500a0e1	mov	r0, r5
      0x00413f70: 0x0410a0e1	mov	r1, r4
bl    at 0x00413f74: hooking 0x370300eb	bl	#0x414c58 -> 0x35b003eb	bl	#0x500050
      0x00413f78: 0x5e3f8fe2	add	r3, pc, #0x178
      0x00413f7c: 0x0c0093e8	ldm	r3, {r2, r3}
      0x00413f80: 0x00a0a0e1	mov	sl, r0
      0x00413f84: 0x01b0a0e1	mov	fp, r1
      0x00413f88: 0x0600a0e1	mov	r0, r6
      0x00413f8c: 0x0710a0e1	mov	r1, r7
bl    at 0x00413f90: hooking 0x300300eb	bl	#0x414c58 -> 0x2eb003eb	bl	#0x500050
      0x00413f94: 0x593f8fe2	add	r3, pc, #0x164
      0x00413f98: 0x0c0093e8	ldm	r3, {r2, r3}
bl    at 0x00413f9c: hooking 0x260200eb	bl	#0x41483c -> 0x2bb003eb	bl	#0x500050
      0x00413fa0: 0x0620a0e1	mov	r2, r6
      0x00413fa4: 0x0730a0e1	mov	r3, r7
bl    at 0x00413fa8: hooking 0x2a0300eb	bl	#0x414c58 -> 0x28b003eb	bl	#0x500050
      0x00413fac: 0x553f8fe2	add	r3, pc, #0x154
      0x00413fb0: 0x0c0093e8	ldm	r3, {r2, r3}
bl    at 0x00413fb4: hooking 0x210200eb	bl	#0x414840 -> 0x25b003eb	bl	#0x500050
      0x00413fb8: 0x0620a0e1	mov	r2, r6
      0x00413fbc: 0x0730a0e1	mov	r3, r7
bl    at 0x00413fc0: hooking 0x240300eb	bl	#0x414c58 -> 0x22b003eb	bl	#0x500050
      0x00413fc4: 0x513f8fe2	add	r3, pc, #0x144
      0x00413fc8: 0x0c0093e8	ldm	r3, {r2, r3}
bl    at 0x00413fcc: hooking 0x1a0200eb	bl	#0x41483c -> 0x1fb003eb	bl	#0x500050
      0x00413fd0: 0x0620a0e1	mov	r2, r6
      0x00413fd4: 0x0730a0e1	mov	r3, r7
bl    at 0x00413fd8: hooking 0x1e0300eb	bl	#0x414c58 -> 0x1cb003eb	bl	#0x500050
      0x00413fdc: 0x4d3f8fe2	add	r3, pc, #0x134
      0x00413fe0: 0x0c0093e8	ldm	r3, {r2, r3}
bl    at 0x00413fe4: hooking 0x150200eb	bl	#0x414840 -> 0x19b003eb	bl	#0x500050
      0x00413fe8: 0x38309de5	ldr	r3, [sp, #0x38]
      0x00413fec: 0x000053e3	cmp	r3, #0
      0x00413ff0: 0x03008de8	stm	sp, {r0, r1}
      0x00413ff4: 0x2900000a	beq	#0x4140a0
      0x00413ff8: 0x0020a0e3	mov	r2, #0
      0x00413ffc: 0x24319fe5	ldr	r3, [pc, #0x124]
      0x00414000: 0x0800a0e1	mov	r0, r8
      0x00414004: 0x0910a0e1	mov	r1, sb
bl    at 0x00414008: hooking 0x120300eb	bl	#0x414c58 -> 0x10b003eb	bl	#0x500050
      0x0041400c: 0x0c009de8	ldm	sp, {r2, r3}
      0x00414010: 0x08008de5	str	r0, [sp, #8]
      0x00414014: 0x0c108de5	str	r1, [sp, #0xc]
      0x00414018: 0x0a00a0e1	mov	r0, sl
      0x0041401c: 0x0b10a0e1	mov	r1, fp
bl    at 0x00414020: hooking 0x0c0300eb	bl	#0x414c58 -> 0x0ab003eb	bl	#0x500050
      0x00414024: 0x0020a0e1	mov	r2, r0
      0x00414028: 0x0130a0e1	mov	r3, r1
      0x0041402c: 0x08108de2	add	r1, sp, #8
      0x00414030: 0x030091e8	ldm	r1, {r0, r1}
bl    at 0x00414034: hooking 0x000200eb	bl	#0x41483c -> 0x05b003eb	bl	#0x500050
      0x00414038: 0x0620a0e1	mov	r2, r6
      0x0041403c: 0x0730a0e1	mov	r3, r7
bl    at 0x00414040: hooking 0x040300eb	bl	#0x414c58 -> 0x02b003eb	bl	#0x500050
      0x00414044: 0x0820a0e1	mov	r2, r8
      0x00414048: 0x0930a0e1	mov	r3, sb
bl    at 0x0041404c: hooking 0xfa0100eb	bl	#0x41483c -> 0xffaf03eb	bl	#0x500050
      0x00414050: 0xc8308fe2	add	r3, pc, #0xc8
      0x00414054: 0x0c0093e8	ldm	r3, {r2, r3}
      0x00414058: 0x0060a0e1	mov	r6, r0
      0x0041405c: 0x0170a0e1	mov	r7, r1
      0x00414060: 0x0a00a0e1	mov	r0, sl
      0x00414064: 0x0b10a0e1	mov	r1, fp
bl    at 0x00414068: hooking 0xfa0200eb	bl	#0x414c58 -> 0xf8af03eb	bl	#0x500050
      0x0041406c: 0x0020a0e1	mov	r2, r0
      0x00414070: 0x0130a0e1	mov	r3, r1
      0x00414074: 0x0600a0e1	mov	r0, r6
      0x00414078: 0x0710a0e1	mov	r1, r7
bl    at 0x0041407c: hooking 0xef0100eb	bl	#0x414840 -> 0xf3af03eb	bl	#0x500050
      0x00414080: 0x0020a0e1	mov	r2, r0
      0x00414084: 0x0130a0e1	mov	r3, r1
      0x00414088: 0x0500a0e1	mov	r0, r5
      0x0041408c: 0x0410a0e1	mov	r1, r4
bl    at 0x00414090: hooking 0xe90100eb	bl	#0x41483c -> 0xeeaf03eb	bl	#0x500050
      0x00414094: 0x14d08de2	add	sp, sp, #0x14
      0x00414098: 0xf04fbde8	pop	{r4, r5, r6, r7, r8, sb, sl, fp, lr}
      0x0041409c: 0x1eff2fe1	bx	lr
      0x004140a0: 0x0020a0e1	mov	r2, r0
      0x004140a4: 0x0130a0e1	mov	r3, r1
      0x004140a8: 0x0600a0e1	mov	r0, r6
      0x004140ac: 0x0710a0e1	mov	r1, r7
bl    at 0x004140b0: hooking 0xe80200eb	bl	#0x414c58 -> 0xe6af03eb	bl	#0x500050
      0x004140b4: 0x64308fe2	add	r3, pc, #0x64
      0x004140b8: 0x0c0093e8	ldm	r3, {r2, r3}
bl    at 0x004140bc: hooking 0xde0100eb	bl	#0x41483c -> 0xe3af03eb	bl	#0x500050
      0x004140c0: 0x0a20a0e1	mov	r2, sl
      0x004140c4: 0x0b30a0e1	mov	r3, fp
bl    at 0x004140c8: hooking 0xe20200eb	bl	#0x414c58 -> 0xe0af03eb	bl	#0x500050
      0x004140cc: 0x0520a0e1	mov	r2, r5
      0x004140d0: 0x0430a0e1	mov	r3, r4
bl    at 0x004140d4: hooking 0xd90100eb	bl	#0x414840 -> 0xddaf03eb	bl	#0x500050
      0x004140d8: 0x14d08de2	add	sp, sp, #0x14
      0x004140dc: 0xf04fbde8	pop	{r4, r5, r6, r7, r8, sb, sl, fp, lr}
      0x004140e0: 0x1eff2fe1	bx	lr
      0x004140e4: 0x0500a0e1	mov	r0, r5
      0x004140e8: 0x0410a0e1	mov	r1, r4
      0x004140ec: 0x14d08de2	add	sp, sp, #0x14
      0x004140f0: 0xf04fbde8	pop	{r4, r5, r6, r7, r8, sb, sl, fp, lr}
      0x004140f4: 0x1eff2fe1	bx	lr
      0x004140f8: 0x7cd5cf5a	bpl	#0xff8096f0
      0x004140fc: 0x3ad9e53d	stcllo	p9, c13, [r5, #0xe8]!
      0x00414100: 0xeb9c2b8a	bhi	#0xefb4b4
      0x00414104: 0xe6e55a3e	cdplo	p5, #5, c14, c10, c6, #7
Invalid instruction at 0x00414108, skipping.
      0x0041410c: 0xe31dc73e	cdplo	p13, #0xc, c1, c7, c3, #7
      0x00414110: 0xd561c119	stmibne	r1, {r0, r2, r4, r6, r7, r8, sp, lr} ^
      0x00414114: 0xa0012a3f	svclo	#0x2a01a0
      0x00414118: 0xa6f81011	tstne	r0, r6, lsr #17
      0x0041411c: 0x1111813f	svclo	#0x811111
      0x00414120: 0x49555555	ldrbpl	r5, [r5, #-0x549]
      0x00414124: 0x5555c53f	svclo	#0xc55555
      0x00414128: 0x0000e03f	svclo	#0xe00000
      0x0041412c: 0x0231c1e3	bic	r3, r1, #0x80000000
      0x00414130: 0x0310a0e1	mov	r1, r3
      0x00414134: 0x1eff2fe1	bx	lr
      0x00414138: 0xf0412de9	push	{r4, r5, r6, r7, r8, lr}
      0x0041413c: 0x64619fe5	ldr	r6, [pc, #0x164]
      0x00414140: 0x41ca16e0	ands	ip, r6, r1, asr #20
      0x00414144: 0x0040a0e1	mov	r4, r0
      0x00414148: 0x0150a0e1	mov	r5, r1
      0x0041414c: 0x0130a0e1	mov	r3, r1
      0x00414150: 0x0270a0e1	mov	r7, r2
      0x00414154: 0x2100001a	bne	#0x4141e0
      0x00414158: 0x0231c1e3	bic	r3, r1, #0x80000000
      0x0041415c: 0x003093e1	orrs	r3, r3, r0
      0x00414160: 0x1c00000a	beq	#0x4141d8
      0x00414164: 0x40319fe5	ldr	r3, [pc, #0x140]
      0x00414168: 0x0020a0e3	mov	r2, #0
bl    at 0x0041416c: hooking 0xb90200eb	bl	#0x414c58 -> 0xb7af03eb	bl	#0x500050
      0x00414170: 0x38319fe5	ldr	r3, [pc, #0x138]
      0x00414174: 0x030057e1	cmp	r7, r3
      0x00414178: 0x0130a0a1	movge	r3, r1
      0x0041417c: 0x43ca06a0	andge	ip, r6, r3, asr #20
      0x00414180: 0x0040a0e1	mov	r4, r0
      0x00414184: 0x0150a0e1	mov	r5, r1
      0x00414188: 0x36c04ca2	subge	ip, ip, #0x36
      0x0041418c: 0x0e0000ba	blt	#0x4141cc
      0x00414190: 0x1c219fe5	ldr	r2, [pc, #0x11c]
      0x00414194: 0x0cc087e0	add	ip, r7, ip
      0x00414198: 0x02005ce1	cmp	ip, r2
      0x0041419c: 0x150000ca	bgt	#0x4141f8
      0x004141a0: 0x00005ce3	cmp	ip, #0
      0x004141a4: 0x2d0000ca	bgt	#0x414260
      0x004141a8: 0x35007ce3	cmn	ip, #0x35
      0x004141ac: 0x200000aa	bge	#0x414234
      0x004141b0: 0x00319fe5	ldr	r3, [pc, #0x100]
      0x004141b4: 0x030057e1	cmp	r7, r3
      0x004141b8: 0x0e0000ca	bgt	#0x4141f8
      0x004141bc: 0x000055e3	cmp	r5, #0
      0x004141c0: 0xc0108fe2	add	r1, pc, #0xc0
      0x004141c4: 0x030091e8	ldm	r1, {r0, r1}
      0x004141c8: 0x2b0000ba	blt	#0x41427c
      0x004141cc: 0xb4308fe2	add	r3, pc, #0xb4
      0x004141d0: 0x0c0093e8	ldm	r3, {r2, r3}
bl    at 0x004141d4: hooking 0x9f0200eb	bl	#0x414c58 -> 0x9daf03eb	bl	#0x500050
      0x004141d8: 0xf041bde8	pop	{r4, r5, r6, r7, r8, lr}
      0x004141dc: 0x1eff2fe1	bx	lr
      0x004141e0: 0x06005ce1	cmp	ip, r6
      0x004141e4: 0xe9ffff1a	bne	#0x414190
      0x004141e8: 0x0020a0e1	mov	r2, r0
bl    at 0x004141ec: hooking 0x930100eb	bl	#0x414840 -> 0x97af03eb	bl	#0x500050
      0x004141f0: 0xf041bde8	pop	{r4, r5, r6, r7, r8, lr}
      0x004141f4: 0x1eff2fe1	bx	lr
      0x004141f8: 0x000055e3	cmp	r5, #0
      0x004141fc: 0x8c108fe2	add	r1, pc, #0x8c
      0x00414200: 0x030091e8	ldm	r1, {r0, r1}
      0x00414204: 0x040000ba	blt	#0x41421c
      0x00414208: 0x80308fe2	add	r3, pc, #0x80
      0x0041420c: 0x0c0093e8	ldm	r3, {r2, r3}
bl    at 0x00414210: hooking 0x900200eb	bl	#0x414c58 -> 0x8eaf03eb	bl	#0x500050
      0x00414214: 0xf041bde8	pop	{r4, r5, r6, r7, r8, lr}
      0x00414218: 0x1eff2fe1	bx	lr
      0x0041421c: 0x6c308fe2	add	r3, pc, #0x6c
      0x00414220: 0x0c0093e8	ldm	r3, {r2, r3}
      0x00414224: 0x6c108fe2	add	r1, pc, #0x6c
      0x00414228: 0x030091e8	ldm	r1, {r0, r1}
bl    at 0x0041422c: hooking 0x890200eb	bl	#0x414c58 -> 0x87af03eb	bl	#0x500050
b     at 0x00414230: hooking 0xf7ffffea	b	#0x414214 -> 0x72af03eb	bl	#0x500000
      0x00414234: 0x7f34c3e3	bic	r3, r3, #0x7f000000
      0x00414238: 0x0f36c3e3	bic	r3, r3, #0xf00000
      0x0041423c: 0x36c08ce2	add	ip, ip, #0x36
      0x00414240: 0x0c5a83e1	orr	r5, r3, ip, lsl #20
      0x00414244: 0x0400a0e1	mov	r0, r4
      0x00414248: 0x0510a0e1	mov	r1, r5
      0x0041424c: 0x0020a0e3	mov	r2, #0
      0x00414250: 0x64309fe5	ldr	r3, [pc, #0x64]
bl    at 0x00414254: hooking 0x7f0200eb	bl	#0x414c58 -> 0x7daf03eb	bl	#0x500050
      0x00414258: 0xf041bde8	pop	{r4, r5, r6, r7, r8, lr}
      0x0041425c: 0x1eff2fe1	bx	lr
      0x00414260: 0x7f34c3e3	bic	r3, r3, #0x7f000000
      0x00414264: 0x0f36c3e3	bic	r3, r3, #0xf00000
      0x00414268: 0x0c5a83e1	orr	r5, r3, ip, lsl #20
      0x0041426c: 0x0400a0e1	mov	r0, r4
      0x00414270: 0x0510a0e1	mov	r1, r5
      0x00414274: 0xf041bde8	pop	{r4, r5, r6, r7, r8, lr}
      0x00414278: 0x1eff2fe1	bx	lr
      0x0041427c: 0x1c108fe2	add	r1, pc, #0x1c
      0x00414280: 0x030091e8	ldm	r1, {r0, r1}
b     at 0x00414284: hooking 0xd0ffffea	b	#0x4141cc -> 0x5daf03eb	bl	#0x500000
      0x00414288: 0x59f3f8c2	rscsgt	pc, r8, #0x64000001
Invalid instruction at 0x0041428c, skipping.
      0x00414290: 0x9c750088	stmdahi	r0, {r2, r3, r4, r7, r8, sl, ip, sp, lr}
      0x00414294: 0x3ce4377e	mrcvc	p4, #1, lr, c7, c12, #1
      0x00414298: 0x9c750088	stmdahi	r0, {r2, r3, r4, r7, r8, sl, ip, sp, lr}
      0x0041429c: 0x3ce437fe	mrc2	p4, #1, lr, c7, c12, #1
      0x004142a0: 0x59f3f8c2	rscsgt	pc, r8, #0x64000001
Invalid instruction at 0x004142a4, skipping.
      0x004142a8: 0xff070000	strdeq	r0, r1, [r0], -pc
      0x004142ac: 0x00005043	cmpmi	r0, #0
Invalid instruction at 0x004142b0, skipping.
      0x004142b4: 0xfe070000	strdeq	r0, r1, [r0], -lr
      0x004142b8: 0x50c30000	andeq	ip, r0, r0, asr r3
      0x004142bc: 0x0000903c	ldclo	p0, c0, [r0], {0}
      0x004142c0: 0x70402de9	push	{r4, r5, r6, lr}
      0x004142c4: 0xffc0a0e3	mov	ip, #0xff
      0x004142c8: 0x07cc8ce3	orr	ip, ip, #0x700
      0x004142cc: 0x214a1ce0	ands	r4, ip, r1, lsr #20
      0x004142d0: 0x235a1c10	andsne	r5, ip, r3, lsr #20
      0x004142d4: 0x0c003411	teqne	r4, ip
      0x004142d8: 0x0c003511	teqne	r5, ip
      0x004142dc: 0x7500000b	bleq	#0x4144b8
      0x004142e0: 0x054084e0	add	r4, r4, r5
      0x004142e4: 0x036021e0	eor	r6, r1, r3
      0x004142e8: 0x8c1ac1e1	bic	r1, r1, ip, lsl #21
      0x004142ec: 0x8c3ac3e1	bic	r3, r3, ip, lsl #21
      0x004142f0: 0x015690e1	orrs	r5, r0, r1, lsl #12
      0x004142f4: 0x03569211	orrsne	r5, r2, r3, lsl #12
      0x004142f8: 0x011681e3	orr	r1, r1, #0x100000
      0x004142fc: 0x013683e3	orr	r3, r3, #0x100000
      0x00414300: 0x1d00000a	beq	#0x41437c
      0x00414304: 0x90c28ee0	umull	ip, lr, r0, r2
      0x00414308: 0x0050a0e3	mov	r5, #0
      0x0041430c: 0x91e2a5e0	umlal	lr, r5, r1, r2
      0x00414310: 0x022106e2	and	r2, r6, #0x80000000
      0x00414314: 0x90e3a5e0	umlal	lr, r5, r0, r3
      0x00414318: 0x0060a0e3	mov	r6, #0
      0x0041431c: 0x9153a6e0	umlal	r5, r6, r1, r3
      0x00414320: 0x00003ce3	teq	ip, #0
      0x00414324: 0x01e08e13	orrne	lr, lr, #1
      0x00414328: 0xff4044e2	sub	r4, r4, #0xff
      0x0041432c: 0x020c56e3	cmp	r6, #0x200
      0x00414330: 0x034cc4e2	sbc	r4, r4, #0x300
      0x00414334: 0x0200002a	bhs	#0x414344
      0x00414338: 0x8ee0b0e1	lsls	lr, lr, #1
      0x0041433c: 0x0550b5e0	adcs	r5, r5, r5
      0x00414340: 0x0660a6e0	adc	r6, r6, r6
      0x00414344: 0x861582e1	orr	r1, r2, r6, lsl #11
      0x00414348: 0xa51a81e1	orr	r1, r1, r5, lsr #21
      0x0041434c: 0x8505a0e1	lsl	r0, r5, #0xb
      0x00414350: 0xae0a80e1	orr	r0, r0, lr, lsr #21
      0x00414354: 0x8ee5a0e1	lsl	lr, lr, #0xb
      0x00414358: 0xfdc054e2	subs	ip, r4, #0xfd
      0x0041435c: 0x070c5c83	cmphi	ip, #0x700
      0x00414360: 0x1100008a	bhi	#0x4143ac
      0x00414364: 0x02015ee3	cmp	lr, #0x80000000
      0x00414368: 0xa0e0b001	lsrseq	lr, r0, #1
      0x0041436c: 0x0000b0e2	adcs	r0, r0, #0
      0x00414370: 0x041aa1e0	adc	r1, r1, r4, lsl #20
      0x00414374: 0x7040bde8	pop	{r4, r5, r6, lr}
      0x00414378: 0x1eff2fe1	bx	lr
      0x0041437c: 0x026106e2	and	r6, r6, #0x80000000
      0x00414380: 0x011086e1	orr	r1, r6, r1
      0x00414384: 0x020080e1	orr	r0, r0, r2
      0x00414388: 0x031021e0	eor	r1, r1, r3
      0x0041438c: 0xac4054e0	subs	r4, r4, ip, lsr #1
      0x00414390: 0x0c5074c0	rsbsgt	r5, r4, ip
      0x00414394: 0x041a81c1	orrgt	r1, r1, r4, lsl #20
      0x00414398: 0x7040bdc8	popgt	{r4, r5, r6, lr}
      0x0041439c: 0x1eff2fc1	bxgt	lr
      0x004143a0: 0x011681e3	orr	r1, r1, #0x100000
      0x004143a4: 0x00e0a0e3	mov	lr, #0
      0x004143a8: 0x014054e2	subs	r4, r4, #1
      0x004143ac: 0x5d0000ca	bgt	#0x414528
      0x004143b0: 0x360074e3	cmn	r4, #0x36
      0x004143b4: 0x0000a0d3	movle	r0, #0
      0x004143b8: 0x021101d2	andle	r1, r1, #0x80000000
      0x004143bc: 0x7040bdd8	pople	{r4, r5, r6, lr}
      0x004143c0: 0x1eff2fd1	bxle	lr
      0x004143c4: 0x004064e2	rsb	r4, r4, #0
      0x004143c8: 0x204054e2	subs	r4, r4, #0x20
      0x004143cc: 0x1a0000aa	bge	#0x41443c
      0x004143d0: 0x0c4094e2	adds	r4, r4, #0xc
      0x004143d4: 0x0c0000ca	bgt	#0x41440c
      0x004143d8: 0x144084e2	add	r4, r4, #0x14
      0x004143dc: 0x205064e2	rsb	r5, r4, #0x20
      0x004143e0: 0x1035a0e1	lsl	r3, r0, r5
      0x004143e4: 0x3004a0e1	lsr	r0, r0, r4
      0x004143e8: 0x110580e1	orr	r0, r0, r1, lsl r5
      0x004143ec: 0x022101e2	and	r2, r1, #0x80000000
      0x004143f0: 0x0211c1e3	bic	r1, r1, #0x80000000
      0x004143f4: 0xa30f90e0	adds	r0, r0, r3, lsr #31
      0x004143f8: 0x3114a2e0	adc	r1, r2, r1, lsr r4
      0x004143fc: 0x83e09ee1	orrs	lr, lr, r3, lsl #1
      0x00414400: 0xa30fc001	biceq	r0, r0, r3, lsr #31
      0x00414404: 0x7040bde8	pop	{r4, r5, r6, lr}
      0x00414408: 0x1eff2fe1	bx	lr
      0x0041440c: 0x0c4064e2	rsb	r4, r4, #0xc
      0x00414410: 0x205064e2	rsb	r5, r4, #0x20
      0x00414414: 0x1034a0e1	lsl	r3, r0, r4
      0x00414418: 0x3005a0e1	lsr	r0, r0, r5
      0x0041441c: 0x110480e1	orr	r0, r0, r1, lsl r4
      0x00414420: 0x021101e2	and	r1, r1, #0x80000000
      0x00414424: 0xa30f90e0	adds	r0, r0, r3, lsr #31
      0x00414428: 0x0010a1e2	adc	r1, r1, #0
      0x0041442c: 0x83e09ee1	orrs	lr, lr, r3, lsl #1
      0x00414430: 0xa30fc001	biceq	r0, r0, r3, lsr #31
      0x00414434: 0x7040bde8	pop	{r4, r5, r6, lr}
      0x00414438: 0x1eff2fe1	bx	lr
      0x0041443c: 0x205064e2	rsb	r5, r4, #0x20
      0x00414440: 0x10e58ee1	orr	lr, lr, r0, lsl r5
      0x00414444: 0x3034a0e1	lsr	r3, r0, r4
      0x00414448: 0x113583e1	orr	r3, r3, r1, lsl r5
      0x0041444c: 0x3104a0e1	lsr	r0, r1, r4
      0x00414450: 0x021101e2	and	r1, r1, #0x80000000
      0x00414454: 0x3104c0e1	bic	r0, r0, r1, lsr r4
      0x00414458: 0xa30f80e0	add	r0, r0, r3, lsr #31
      0x0041445c: 0x83e09ee1	orrs	lr, lr, r3, lsl #1
      0x00414460: 0xa30fc001	biceq	r0, r0, r3, lsr #31
      0x00414464: 0x7040bde8	pop	{r4, r5, r6, lr}
      0x00414468: 0x1eff2fe1	bx	lr
      0x0041446c: 0x000034e3	teq	r4, #0
      0x00414470: 0x0800001a	bne	#0x414498
      0x00414474: 0x026101e2	and	r6, r1, #0x80000000
      0x00414478: 0x8000b0e1	lsls	r0, r0, #1
      0x0041447c: 0x0110a1e0	adc	r1, r1, r1
      0x00414480: 0x010611e3	tst	r1, #0x100000
      0x00414484: 0x01404402	subeq	r4, r4, #1
      0x00414488: 0xfaffff0a	beq	#0x414478
      0x0041448c: 0x061081e1	orr	r1, r1, r6
      0x00414490: 0x000035e3	teq	r5, #0
      0x00414494: 0x1eff2f11	bxne	lr
      0x00414498: 0x026103e2	and	r6, r3, #0x80000000
      0x0041449c: 0x8220b0e1	lsls	r2, r2, #1
      0x004144a0: 0x0330a3e0	adc	r3, r3, r3
      0x004144a4: 0x010613e3	tst	r3, #0x100000
      0x004144a8: 0x01504502	subeq	r5, r5, #1
      0x004144ac: 0xfaffff0a	beq	#0x41449c
      0x004144b0: 0x063083e1	orr	r3, r3, r6
      0x004144b4: 0x1eff2fe1	bx	lr
      0x004144b8: 0x0c0034e1	teq	r4, ip
      0x004144bc: 0x235a0ce0	and	r5, ip, r3, lsr #20
      0x004144c0: 0x0c003511	teqne	r5, ip
      0x004144c4: 0x0700000a	beq	#0x4144e8
      0x004144c8: 0x816090e1	orrs	r6, r0, r1, lsl #1
      0x004144cc: 0x83609211	orrsne	r6, r2, r3, lsl #1
      0x004144d0: 0xe5ffff1a	bne	#0x41446c
      0x004144d4: 0x031021e0	eor	r1, r1, r3
      0x004144d8: 0x021101e2	and	r1, r1, #0x80000000
      0x004144dc: 0x0000a0e3	mov	r0, #0
      0x004144e0: 0x7040bde8	pop	{r4, r5, r6, lr}
      0x004144e4: 0x1eff2fe1	bx	lr
      0x004144e8: 0x816090e1	orrs	r6, r0, r1, lsl #1
      0x004144ec: 0x0200a001	moveq	r0, r2
      0x004144f0: 0x0310a001	moveq	r1, r3
      0x004144f4: 0x83609211	orrsne	r6, r2, r3, lsl #1
      0x004144f8: 0x1000000a	beq	#0x414540
      0x004144fc: 0x0c0034e1	teq	r4, ip
      0x00414500: 0x0100001a	bne	#0x41450c
      0x00414504: 0x016690e1	orrs	r6, r0, r1, lsl #12
      0x00414508: 0x0c00001a	bne	#0x414540
      0x0041450c: 0x0c0035e1	teq	r5, ip
      0x00414510: 0x0300001a	bne	#0x414524
      0x00414514: 0x036692e1	orrs	r6, r2, r3, lsl #12
      0x00414518: 0x0200a011	movne	r0, r2
      0x0041451c: 0x0310a011	movne	r1, r3
      0x00414520: 0x0600001a	bne	#0x414540
      0x00414524: 0x031021e0	eor	r1, r1, r3
      0x00414528: 0x021101e2	and	r1, r1, #0x80000000
      0x0041452c: 0x7f1481e3	orr	r1, r1, #0x7f000000
      0x00414530: 0x0f1681e3	orr	r1, r1, #0xf00000
      0x00414534: 0x0000a0e3	mov	r0, #0
      0x00414538: 0x7040bde8	pop	{r4, r5, r6, lr}
      0x0041453c: 0x1eff2fe1	bx	lr
      0x00414540: 0x7f1481e3	orr	r1, r1, #0x7f000000
      0x00414544: 0x3e1781e3	orr	r1, r1, #0xf80000
      0x00414548: 0x7040bde8	pop	{r4, r5, r6, lr}
      0x0041454c: 0x1eff2fe1	bx	lr
      0x00414550: 0xffc0a0e3	mov	ip, #0xff
      0x00414554: 0xa02b1ce0	ands	r2, ip, r0, lsr #23
      0x00414558: 0xa13b1c10	andsne	r3, ip, r1, lsr #23
      0x0041455c: 0x0c003211	teqne	r2, ip
      0x00414560: 0x0c003311	teqne	r3, ip
      0x00414564: 0x3e00000a	beq	#0x414664
      0x00414568: 0x032082e0	add	r2, r2, r3
      0x0041456c: 0x01c020e0	eor	ip, r0, r1
      0x00414570: 0x8004b0e1	lsls	r0, r0, #9
      0x00414574: 0x8114b011	lslsne	r1, r1, #9
      0x00414578: 0x1000000a	beq	#0x4145c0
      0x0041457c: 0x0233a0e3	mov	r3, #0x8000000
      0x00414580: 0xa00283e1	orr	r0, r3, r0, lsr #5
      0x00414584: 0xa11283e1	orr	r1, r3, r1, lsr #5
      0x00414588: 0x903181e0	umull	r3, r1, r0, r1
      0x0041458c: 0x02010ce2	and	r0, ip, #0x80000000
      0x00414590: 0x020551e3	cmp	r1, #0x800000
      0x00414594: 0x8110a031	lsllo	r1, r1, #1
      0x00414598: 0xa31f8131	orrlo	r1, r1, r3, lsr #31
      0x0041459c: 0x8330a031	lsllo	r3, r3, #1
      0x004145a0: 0x010080e1	orr	r0, r0, r1
      0x004145a4: 0x7f20c2e2	sbc	r2, r2, #0x7f
      0x004145a8: 0xfd0052e3	cmp	r2, #0xfd
      0x004145ac: 0x0f00008a	bhi	#0x4145f0
      0x004145b0: 0x020153e3	cmp	r3, #0x80000000
      0x004145b4: 0x820ba0e0	adc	r0, r0, r2, lsl #23
      0x004145b8: 0x0100c003	biceq	r0, r0, #1
      0x004145bc: 0x1eff2fe1	bx	lr
      0x004145c0: 0x000030e3	teq	r0, #0
      0x004145c4: 0x02c10ce2	and	ip, ip, #0x80000000
      0x004145c8: 0x8114a001	lsleq	r1, r1, #9
      0x004145cc: 0xa0048ce1	orr	r0, ip, r0, lsr #9
      0x004145d0: 0xa10480e1	orr	r0, r0, r1, lsr #9
      0x004145d4: 0x7f2052e2	subs	r2, r2, #0x7f
      0x004145d8: 0xff3072c2	rsbsgt	r3, r2, #0xff
      0x004145dc: 0x820b80c1	orrgt	r0, r0, r2, lsl #23
      0x004145e0: 0x1eff2fc1	bxgt	lr
      0x004145e4: 0x020580e3	orr	r0, r0, #0x800000
      0x004145e8: 0x0030a0e3	mov	r3, #0
      0x004145ec: 0x012052e2	subs	r2, r2, #1
      0x004145f0: 0x350000ca	bgt	#0x4146cc
      0x004145f4: 0x190072e3	cmn	r2, #0x19
      0x004145f8: 0x020100d2	andle	r0, r0, #0x80000000
      0x004145fc: 0x1eff2fd1	bxle	lr
      0x00414600: 0x002062e2	rsb	r2, r2, #0
      0x00414604: 0x8010b0e1	lsls	r1, r0, #1
      0x00414608: 0x3112a0e1	lsr	r1, r1, r2
      0x0041460c: 0x202062e2	rsb	r2, r2, #0x20
      0x00414610: 0x10c2a0e1	lsl	ip, r0, r2
      0x00414614: 0x6100b0e1	rrxs	r0, r1
      0x00414618: 0x0000a0e2	adc	r0, r0, #0
      0x0041461c: 0x8c3093e1	orrs	r3, r3, ip, lsl #1
      0x00414620: 0xac0fc001	biceq	r0, r0, ip, lsr #31
      0x00414624: 0x1eff2fe1	bx	lr
      0x00414628: 0x000032e3	teq	r2, #0
      0x0041462c: 0x02c100e2	and	ip, r0, #0x80000000
      0x00414630: 0x8000a001	lsleq	r0, r0, #1
      0x00414634: 0x02051003	tsteq	r0, #0x800000
      0x00414638: 0x01204202	subeq	r2, r2, #1
      0x0041463c: 0xfbffff0a	beq	#0x414630
      0x00414640: 0x0c0080e1	orr	r0, r0, ip
      0x00414644: 0x000033e3	teq	r3, #0
      0x00414648: 0x02c101e2	and	ip, r1, #0x80000000
      0x0041464c: 0x8110a001	lsleq	r1, r1, #1
      0x00414650: 0x02051103	tsteq	r1, #0x800000
      0x00414654: 0x01304302	subeq	r3, r3, #1
      0x00414658: 0xfbffff0a	beq	#0x41464c
      0x0041465c: 0x0c1081e1	orr	r1, r1, ip
b     at 0x00414660: hooking 0xc0ffffea	b	#0x414568 -> 0x66ae03eb	bl	#0x500000
      0x00414664: 0xa13b0ce0	and	r3, ip, r1, lsr #23
      0x00414668: 0x0c0032e1	teq	r2, ip
      0x0041466c: 0x0c003311	teqne	r3, ip
      0x00414670: 0x0500000a	beq	#0x41468c
      0x00414674: 0x02c1d0e3	bics	ip, r0, #0x80000000
      0x00414678: 0x02c1d113	bicsne	ip, r1, #0x80000000
      0x0041467c: 0xe9ffff1a	bne	#0x414628
      0x00414680: 0x010020e0	eor	r0, r0, r1
      0x00414684: 0x020100e2	and	r0, r0, #0x80000000
      0x00414688: 0x1eff2fe1	bx	lr
      0x0041468c: 0x000030e3	teq	r0, #0
      0x00414690: 0x02013013	teqne	r0, #0x80000000
      0x00414694: 0x0100a001	moveq	r0, r1
      0x00414698: 0x00003113	teqne	r1, #0
      0x0041469c: 0x02013113	teqne	r1, #0x80000000
      0x004146a0: 0x0d00000a	beq	#0x4146dc
      0x004146a4: 0x0c0032e1	teq	r2, ip
      0x004146a8: 0x0100001a	bne	#0x4146b4
      0x004146ac: 0x8024b0e1	lsls	r2, r0, #9
      0x004146b0: 0x0900001a	bne	#0x4146dc
      0x004146b4: 0x0c0033e1	teq	r3, ip
      0x004146b8: 0x0200001a	bne	#0x4146c8
      0x004146bc: 0x8134b0e1	lsls	r3, r1, #9
      0x004146c0: 0x0100a011	movne	r0, r1
      0x004146c4: 0x0400001a	bne	#0x4146dc
      0x004146c8: 0x010020e0	eor	r0, r0, r1
      0x004146cc: 0x020100e2	and	r0, r0, #0x80000000
      0x004146d0: 0x7f0480e3	orr	r0, r0, #0x7f000000
      0x004146d4: 0x020580e3	orr	r0, r0, #0x800000
      0x004146d8: 0x1eff2fe1	bx	lr
      0x004146dc: 0x7f0480e3	orr	r0, r0, #0x7f000000
      0x004146e0: 0x030580e3	orr	r0, r0, #0xc00000
      0x004146e4: 0x1eff2fe1	bx	lr
      0x004146e8: 0x000051e3	cmp	r1, #0
      0x004146ec: 0x4300000a	beq	#0x414800
      0x004146f0: 0x01c020e0	eor	ip, r0, r1
      0x004146f4: 0x00106142	rsbmi	r1, r1, #0
      0x004146f8: 0x012051e2	subs	r2, r1, #1
      0x004146fc: 0x2700000a	beq	#0x4147a0
      0x00414700: 0x0030b0e1	movs	r3, r0
      0x00414704: 0x00306042	rsbmi	r3, r0, #0
      0x00414708: 0x010053e1	cmp	r3, r1
      0x0041470c: 0x2600009a	bls	#0x4147ac
      0x00414710: 0x020011e1	tst	r1, r2
      0x00414714: 0x2800000a	beq	#0x4147bc
      0x00414718: 0x0e0211e3	tst	r1, #0xe0000000
      0x0041471c: 0x8111a001	lsleq	r1, r1, #3
      0x00414720: 0x0820a003	moveq	r2, #8
      0x00414724: 0x0120a013	movne	r2, #1
      0x00414728: 0x010251e3	cmp	r1, #0x10000000
      0x0041472c: 0x03005131	cmplo	r1, r3
      0x00414730: 0x0112a031	lsllo	r1, r1, #4
      0x00414734: 0x0222a031	lsllo	r2, r2, #4
      0x00414738: 0xfaffff3a	blo	#0x414728
      0x0041473c: 0x020151e3	cmp	r1, #0x80000000
      0x00414740: 0x03005131	cmplo	r1, r3
      0x00414744: 0x8110a031	lsllo	r1, r1, #1
      0x00414748: 0x8220a031	lsllo	r2, r2, #1
      0x0041474c: 0xfaffff3a	blo	#0x41473c
      0x00414750: 0x0000a0e3	mov	r0, #0
      0x00414754: 0x010053e1	cmp	r3, r1
      0x00414758: 0x01304320	subhs	r3, r3, r1
      0x0041475c: 0x02008021	orrhs	r0, r0, r2
      0x00414760: 0xa10053e1	cmp	r3, r1, lsr #1
      0x00414764: 0xa1304320	subhs	r3, r3, r1, lsr #1
      0x00414768: 0xa2008021	orrhs	r0, r0, r2, lsr #1
      0x0041476c: 0x210153e1	cmp	r3, r1, lsr #2
      0x00414770: 0x21314320	subhs	r3, r3, r1, lsr #2
      0x00414774: 0x22018021	orrhs	r0, r0, r2, lsr #2
      0x00414778: 0xa10153e1	cmp	r3, r1, lsr #3
      0x0041477c: 0xa1314320	subhs	r3, r3, r1, lsr #3
      0x00414780: 0xa2018021	orrhs	r0, r0, r2, lsr #3
      0x00414784: 0x000053e3	cmp	r3, #0
      0x00414788: 0x2222b011	lsrsne	r2, r2, #4
      0x0041478c: 0x2112a011	lsrne	r1, r1, #4
      0x00414790: 0xefffff1a	bne	#0x414754
      0x00414794: 0x00005ce3	cmp	ip, #0
      0x00414798: 0x00006042	rsbmi	r0, r0, #0
      0x0041479c: 0x1eff2fe1	bx	lr
      0x004147a0: 0x00003ce1	teq	ip, r0
      0x004147a4: 0x00006042	rsbmi	r0, r0, #0
      0x004147a8: 0x1eff2fe1	bx	lr
      0x004147ac: 0x0000a033	movlo	r0, #0
      0x004147b0: 0xcc0fa001	asreq	r0, ip, #0x1f
      0x004147b4: 0x01008003	orreq	r0, r0, #1
      0x004147b8: 0x1eff2fe1	bx	lr
      0x004147bc: 0x010851e3	cmp	r1, #0x10000
      0x004147c0: 0x2118a021	lsrhs	r1, r1, #0x10
      0x004147c4: 0x1020a023	movhs	r2, #0x10
      0x004147c8: 0x0020a033	movlo	r2, #0
      0x004147cc: 0x010c51e3	cmp	r1, #0x100
      0x004147d0: 0x2114a021	lsrhs	r1, r1, #8
      0x004147d4: 0x08208222	addhs	r2, r2, #8
      0x004147d8: 0x100051e3	cmp	r1, #0x10
      0x004147dc: 0x2112a021	lsrhs	r1, r1, #4
      0x004147e0: 0x04208222	addhs	r2, r2, #4
      0x004147e4: 0x040051e3	cmp	r1, #4
      0x004147e8: 0x03208282	addhi	r2, r2, #3
      0x004147ec: 0xa1208290	addls	r2, r2, r1, lsr #1
      0x004147f0: 0x00005ce3	cmp	ip, #0
      0x004147f4: 0x3302a0e1	lsr	r0, r3, r2
      0x004147f8: 0x00006042	rsbmi	r0, r0, #0
      0x004147fc: 0x1eff2fe1	bx	lr
      0x00414800: 0x000050e3	cmp	r0, #0
      0x00414804: 0x0201e0c3	mvngt	r0, #0x80000000
      0x00414808: 0x0201a0b3	movlt	r0, #0x80000000
b     at 0x0041480c: hooking 0x070000ea	b	#0x414830 -> 0xfbad03eb	bl	#0x500000
      0x00414810: 0x000051e3	cmp	r1, #0
      0x00414814: 0xf9ffff0a	beq	#0x414800
      0x00414818: 0x03402de9	push	{r0, r1, lr}
bl    at 0x0041481c: hooking 0xb3ffffeb	bl	#0x4146f0 -> 0x0bae03eb	bl	#0x500050
      0x00414820: 0x0640bde8	pop	{r1, r2, lr}
      0x00414824: 0x920003e0	mul	r3, r2, r0
      0x00414828: 0x031041e0	sub	r1, r1, r3
      0x0041482c: 0x1eff2fe1	bx	lr
      0x00414830: 0x1eff2fe1	bx	lr
      0x00414834: 0x021121e2	eor	r1, r1, #0x80000000
b     at 0x00414838: hooking 0x000000ea	b	#0x414840 -> 0xf0ad03eb	bl	#0x500000
      0x0041483c: 0x023123e2	eor	r3, r3, #0x80000000
      0x00414840: 0x30402de9	push	{r4, r5, lr}
      0x00414844: 0x8140a0e1	lsl	r4, r1, #1
      0x00414848: 0x8350a0e1	lsl	r5, r3, #1
      0x0041484c: 0x050034e1	teq	r4, r5
      0x00414850: 0x02003001	teqeq	r0, r2
      0x00414854: 0x00c09411	orrsne	ip, r4, r0
      0x00414858: 0x02c09511	orrsne	ip, r5, r2
      0x0041485c: 0xc4caf011	mvnsne	ip, r4, asr #21
      0x00414860: 0xc5caf011	mvnsne	ip, r5, asr #21
      0x00414864: 0x8c00000a	beq	#0x414a9c
      0x00414868: 0xa44aa0e1	lsr	r4, r4, #0x15
      0x0041486c: 0xa55a74e0	rsbs	r5, r4, r5, lsr #21
      0x00414870: 0x005065b2	rsblt	r5, r5, #0
      0x00414874: 0x060000da	ble	#0x414894
      0x00414878: 0x054084e0	add	r4, r4, r5
      0x0041487c: 0x022020e0	eor	r2, r0, r2
      0x00414880: 0x033021e0	eor	r3, r1, r3
      0x00414884: 0x000022e0	eor	r0, r2, r0
      0x00414888: 0x011023e0	eor	r1, r3, r1
      0x0041488c: 0x022020e0	eor	r2, r0, r2
      0x00414890: 0x033021e0	eor	r3, r1, r3
      0x00414894: 0x360055e3	cmp	r5, #0x36
      0x00414898: 0x3040bd88	pophi	{r4, r5, lr}
      0x0041489c: 0x1eff2f81	bxhi	lr
      0x004148a0: 0x020111e3	tst	r1, #0x80000000
      0x004148a4: 0x0116a0e1	lsl	r1, r1, #0xc
      0x004148a8: 0x01c6a0e3	mov	ip, #0x100000
      0x004148ac: 0x21168ce1	orr	r1, ip, r1, lsr #12
      0x004148b0: 0x0100000a	beq	#0x4148bc
      0x004148b4: 0x000070e2	rsbs	r0, r0, #0
      0x004148b8: 0x0010e1e2	rsc	r1, r1, #0
      0x004148bc: 0x020113e3	tst	r3, #0x80000000
      0x004148c0: 0x0336a0e1	lsl	r3, r3, #0xc
      0x004148c4: 0x23368ce1	orr	r3, ip, r3, lsr #12
      0x004148c8: 0x0100000a	beq	#0x4148d4
      0x004148cc: 0x002072e2	rsbs	r2, r2, #0
      0x004148d0: 0x0030e3e2	rsc	r3, r3, #0
      0x004148d4: 0x050034e1	teq	r4, r5
      0x004148d8: 0x6900000a	beq	#0x414a84
      0x004148dc: 0x014044e2	sub	r4, r4, #1
      0x004148e0: 0x20e075e2	rsbs	lr, r5, #0x20
      0x004148e4: 0x050000ba	blt	#0x414900
      0x004148e8: 0x12cea0e1	lsl	ip, r2, lr
      0x004148ec: 0x320590e0	adds	r0, r0, r2, lsr r5
      0x004148f0: 0x0010a1e2	adc	r1, r1, #0
      0x004148f4: 0x130e90e0	adds	r0, r0, r3, lsl lr
      0x004148f8: 0x5315b1e0	adcs	r1, r1, r3, asr r5
b     at 0x004148fc: hooking 0x060000ea	b	#0x41491c -> 0xbfad03eb	bl	#0x500000
      0x00414900: 0x205045e2	sub	r5, r5, #0x20
      0x00414904: 0x20e08ee2	add	lr, lr, #0x20
      0x00414908: 0x010052e3	cmp	r2, #1
      0x0041490c: 0x13cea0e1	lsl	ip, r3, lr
      0x00414910: 0x02c08c23	orrhs	ip, ip, #2
      0x00414914: 0x530590e0	adds	r0, r0, r3, asr r5
      0x00414918: 0xc31fb1e0	adcs	r1, r1, r3, asr #31
      0x0041491c: 0x025101e2	and	r5, r1, #0x80000000
      0x00414920: 0x0200005a	bpl	#0x414930
      0x00414924: 0x00c07ce2	rsbs	ip, ip, #0
      0x00414928: 0x0000f0e2	rscs	r0, r0, #0
      0x0041492c: 0x0010e1e2	rsc	r1, r1, #0
      0x00414930: 0x010651e3	cmp	r1, #0x100000
      0x00414934: 0x0f00003a	blo	#0x414978
      0x00414938: 0x020651e3	cmp	r1, #0x200000
      0x0041493c: 0x0600003a	blo	#0x41495c
      0x00414940: 0xa110b0e1	lsrs	r1, r1, #1
      0x00414944: 0x6000b0e1	rrxs	r0, r0
      0x00414948: 0x6cc0a0e1	rrx	ip, ip
      0x0041494c: 0x014084e2	add	r4, r4, #1
      0x00414950: 0x842aa0e1	lsl	r2, r4, #0x15
      0x00414954: 0x010572e3	cmn	r2, #0x400000
      0x00414958: 0x6b00002a	bhs	#0x414b0c
      0x0041495c: 0x02015ce3	cmp	ip, #0x80000000
      0x00414960: 0xa0c0b001	lsrseq	ip, r0, #1
      0x00414964: 0x0000b0e2	adcs	r0, r0, #0
      0x00414968: 0x041aa1e0	adc	r1, r1, r4, lsl #20
      0x0041496c: 0x051081e1	orr	r1, r1, r5
      0x00414970: 0x3040bde8	pop	{r4, r5, lr}
      0x00414974: 0x1eff2fe1	bx	lr
      0x00414978: 0x8cc0b0e1	lsls	ip, ip, #1
      0x0041497c: 0x0000b0e0	adcs	r0, r0, r0
      0x00414980: 0x0110a1e0	adc	r1, r1, r1
      0x00414984: 0x014054e2	subs	r4, r4, #1
      0x00414988: 0x01065123	cmphs	r1, #0x100000
      0x0041498c: 0xf2ffff2a	bhs	#0x41495c
      0x00414990: 0x000031e3	teq	r1, #0
      0x00414994: 0x1430a013	movne	r3, #0x14
      0x00414998: 0x3430a003	moveq	r3, #0x34
      0x0041499c: 0x0010a001	moveq	r1, r0
      0x004149a0: 0x0000a003	moveq	r0, #0
      0x004149a4: 0x0120a0e1	mov	r2, r1
      0x004149a8: 0x010852e3	cmp	r2, #0x10000
      0x004149ac: 0x2228a021	lsrhs	r2, r2, #0x10
      0x004149b0: 0x10304322	subhs	r3, r3, #0x10
      0x004149b4: 0x010c52e3	cmp	r2, #0x100
      0x004149b8: 0x2224a021	lsrhs	r2, r2, #8
      0x004149bc: 0x08304322	subhs	r3, r3, #8
      0x004149c0: 0x100052e3	cmp	r2, #0x10
      0x004149c4: 0x2222a021	lsrhs	r2, r2, #4
      0x004149c8: 0x04304322	subhs	r3, r3, #4
      0x004149cc: 0x040052e3	cmp	r2, #4
      0x004149d0: 0x02304322	subhs	r3, r3, #2
      0x004149d4: 0xa2304330	sublo	r3, r3, r2, lsr #1
      0x004149d8: 0xa23143e0	sub	r3, r3, r2, lsr #3
      0x004149dc: 0x202053e2	subs	r2, r3, #0x20
      0x004149e0: 0x070000aa	bge	#0x414a04
      0x004149e4: 0x0c2092e2	adds	r2, r2, #0xc
      0x004149e8: 0x040000da	ble	#0x414a00
      0x004149ec: 0x14c082e2	add	ip, r2, #0x14
      0x004149f0: 0x0c2062e2	rsb	r2, r2, #0xc
      0x004149f4: 0x110ca0e1	lsl	r0, r1, ip
      0x004149f8: 0x3112a0e1	lsr	r1, r1, r2
b     at 0x004149fc: hooking 0x040000ea	b	#0x414a14 -> 0x7fad03eb	bl	#0x500000
      0x00414a00: 0x142082e2	add	r2, r2, #0x14
      0x00414a04: 0x20c062d2	rsble	ip, r2, #0x20
      0x00414a08: 0x1112a0e1	lsl	r1, r1, r2
      0x00414a0c: 0x301c81d1	orrle	r1, r1, r0, lsr ip
      0x00414a10: 0x1002a0d1	lslle	r0, r0, r2
      0x00414a14: 0x034054e0	subs	r4, r4, r3
      0x00414a18: 0x041a81a0	addge	r1, r1, r4, lsl #20
      0x00414a1c: 0x051081a1	orrge	r1, r1, r5
      0x00414a20: 0x3040bda8	popge	{r4, r5, lr}
      0x00414a24: 0x1eff2fa1	bxge	lr
      0x00414a28: 0x0440e0e1	mvn	r4, r4
      0x00414a2c: 0x1f4054e2	subs	r4, r4, #0x1f
      0x00414a30: 0x0f0000aa	bge	#0x414a74
      0x00414a34: 0x0c4094e2	adds	r4, r4, #0xc
      0x00414a38: 0x060000ca	bgt	#0x414a58
      0x00414a3c: 0x144084e2	add	r4, r4, #0x14
      0x00414a40: 0x202064e2	rsb	r2, r4, #0x20
      0x00414a44: 0x3004a0e1	lsr	r0, r0, r4
      0x00414a48: 0x110280e1	orr	r0, r0, r1, lsl r2
      0x00414a4c: 0x311485e1	orr	r1, r5, r1, lsr r4
      0x00414a50: 0x3040bde8	pop	{r4, r5, lr}
      0x00414a54: 0x1eff2fe1	bx	lr
      0x00414a58: 0x0c4064e2	rsb	r4, r4, #0xc
      0x00414a5c: 0x202064e2	rsb	r2, r4, #0x20
      0x00414a60: 0x3002a0e1	lsr	r0, r0, r2
      0x00414a64: 0x110480e1	orr	r0, r0, r1, lsl r4
      0x00414a68: 0x0510a0e1	mov	r1, r5
      0x00414a6c: 0x3040bde8	pop	{r4, r5, lr}
      0x00414a70: 0x1eff2fe1	bx	lr
      0x00414a74: 0x3104a0e1	lsr	r0, r1, r4
      0x00414a78: 0x0510a0e1	mov	r1, r5
      0x00414a7c: 0x3040bde8	pop	{r4, r5, lr}
      0x00414a80: 0x1eff2fe1	bx	lr
      0x00414a84: 0x000034e3	teq	r4, #0
      0x00414a88: 0x013623e2	eor	r3, r3, #0x100000
      0x00414a8c: 0x01162102	eoreq	r1, r1, #0x100000
      0x00414a90: 0x01408402	addeq	r4, r4, #1
      0x00414a94: 0x01504512	subne	r5, r5, #1
b     at 0x00414a98: hooking 0x8fffffea	b	#0x4148dc -> 0x58ad03eb	bl	#0x500000
      0x00414a9c: 0xc4caf0e1	mvns	ip, r4, asr #21
      0x00414aa0: 0xc5caf011	mvnsne	ip, r5, asr #21
      0x00414aa4: 0x1d00000a	beq	#0x414b20
      0x00414aa8: 0x050034e1	teq	r4, r5
      0x00414aac: 0x02003001	teqeq	r0, r2
      0x00414ab0: 0x0400000a	beq	#0x414ac8
      0x00414ab4: 0x00c094e1	orrs	ip, r4, r0
      0x00414ab8: 0x0310a001	moveq	r1, r3
      0x00414abc: 0x0200a001	moveq	r0, r2
      0x00414ac0: 0x3040bde8	pop	{r4, r5, lr}
      0x00414ac4: 0x1eff2fe1	bx	lr
      0x00414ac8: 0x030031e1	teq	r1, r3
      0x00414acc: 0x0010a013	movne	r1, #0
      0x00414ad0: 0x0000a013	movne	r0, #0
      0x00414ad4: 0x3040bd18	popne	{r4, r5, lr}
      0x00414ad8: 0x1eff2f11	bxne	lr
      0x00414adc: 0xa4cab0e1	lsrs	ip, r4, #0x15
      0x00414ae0: 0x0400001a	bne	#0x414af8
      0x00414ae4: 0x8000b0e1	lsls	r0, r0, #1
      0x00414ae8: 0x0110b1e0	adcs	r1, r1, r1
      0x00414aec: 0x02118123	orrhs	r1, r1, #0x80000000
      0x00414af0: 0x3040bde8	pop	{r4, r5, lr}
      0x00414af4: 0x1eff2fe1	bx	lr
      0x00414af8: 0x014594e2	adds	r4, r4, #0x400000
      0x00414afc: 0x01168132	addlo	r1, r1, #0x100000
      0x00414b00: 0x3040bd38	poplo	{r4, r5, lr}
      0x00414b04: 0x1eff2f31	bxlo	lr
      0x00414b08: 0x025101e2	and	r5, r1, #0x80000000
      0x00414b0c: 0x7f1485e3	orr	r1, r5, #0x7f000000
      0x00414b10: 0x0f1681e3	orr	r1, r1, #0xf00000
      0x00414b14: 0x0000a0e3	mov	r0, #0
      0x00414b18: 0x3040bde8	pop	{r4, r5, lr}
      0x00414b1c: 0x1eff2fe1	bx	lr
      0x00414b20: 0xc4caf0e1	mvns	ip, r4, asr #21
      0x00414b24: 0x0310a011	movne	r1, r3
      0x00414b28: 0x0200a011	movne	r0, r2
      0x00414b2c: 0xc5caf001	mvnseq	ip, r5, asr #21
      0x00414b30: 0x0130a011	movne	r3, r1
      0x00414b34: 0x0020a011	movne	r2, r0
      0x00414b38: 0x014690e1	orrs	r4, r0, r1, lsl #12
      0x00414b3c: 0x03569201	orrseq	r5, r2, r3, lsl #12
      0x00414b40: 0x03003101	teqeq	r1, r3
      0x00414b44: 0x02178113	orrne	r1, r1, #0x80000
      0x00414b48: 0x3040bde8	pop	{r4, r5, lr}
      0x00414b4c: 0x1eff2fe1	bx	lr
      0x00414b50: 0x000030e3	teq	r0, #0
      0x00414b54: 0x0010a003	moveq	r1, #0
      0x00414b58: 0x1eff2f01	bxeq	lr
      0x00414b5c: 0x30402de9	push	{r4, r5, lr}
      0x00414b60: 0x014ba0e3	mov	r4, #0x400
      0x00414b64: 0x324084e2	add	r4, r4, #0x32
      0x00414b68: 0x0050a0e3	mov	r5, #0
      0x00414b6c: 0x0010a0e3	mov	r1, #0
b     at 0x00414b70: hooking 0x86ffffea	b	#0x414990 -> 0x22ad03eb	bl	#0x500000
      0x00414b74: 0x000030e3	teq	r0, #0
      0x00414b78: 0x0010a003	moveq	r1, #0
      0x00414b7c: 0x1eff2f01	bxeq	lr
      0x00414b80: 0x30402de9	push	{r4, r5, lr}
      0x00414b84: 0x014ba0e3	mov	r4, #0x400
      0x00414b88: 0x324084e2	add	r4, r4, #0x32
      0x00414b8c: 0x025110e2	ands	r5, r0, #0x80000000
      0x00414b90: 0x00006042	rsbmi	r0, r0, #0
      0x00414b94: 0x0010a0e3	mov	r1, #0
b     at 0x00414b98: hooking 0x7cffffea	b	#0x414990 -> 0x18ad03eb	bl	#0x500000
      0x00414b9c: 0x8020b0e1	lsls	r2, r0, #1
      0x00414ba0: 0xc211a0e1	asr	r1, r2, #3
      0x00414ba4: 0x6110a0e1	rrx	r1, r1
      0x00414ba8: 0x020ea0e1	lsl	r0, r2, #0x1c
      0x00414bac: 0xff341212	andsne	r3, r2, #0xff000000
      0x00414bb0: 0xff043313	teqne	r3, #0xff000000
      0x00414bb4: 0x0e132112	eorne	r1, r1, #0x38000000
      0x00414bb8: 0x1eff2f11	bxne	lr
      0x00414bbc: 0xff24d2e3	bics	r2, r2, #0xff000000
      0x00414bc0: 0x1eff2f01	bxeq	lr
      0x00414bc4: 0xff0433e3	teq	r3, #0xff000000
      0x00414bc8: 0x02178103	orreq	r1, r1, #0x80000
      0x00414bcc: 0x1eff2f01	bxeq	lr
      0x00414bd0: 0x30402de9	push	{r4, r5, lr}
      0x00414bd4: 0x0e4da0e3	mov	r4, #0x380
      0x00414bd8: 0x025101e2	and	r5, r1, #0x80000000
      0x00414bdc: 0x0211c1e3	bic	r1, r1, #0x80000000
b     at 0x00414be0: hooking 0x6affffea	b	#0x414990 -> 0x06ad03eb	bl	#0x500000
      0x00414be4: 0x012090e1	orrs	r2, r0, r1
      0x00414be8: 0x1eff2f01	bxeq	lr
      0x00414bec: 0x30402de9	push	{r4, r5, lr}
      0x00414bf0: 0x0050a0e3	mov	r5, #0
b     at 0x00414bf4: hooking 0x060000ea	b	#0x414c14 -> 0x01ad03eb	bl	#0x500000
      0x00414bf8: 0x012090e1	orrs	r2, r0, r1
      0x00414bfc: 0x1eff2f01	bxeq	lr
      0x00414c00: 0x30402de9	push	{r4, r5, lr}
      0x00414c04: 0x025111e2	ands	r5, r1, #0x80000000
      0x00414c08: 0x0100005a	bpl	#0x414c14
      0x00414c0c: 0x000070e2	rsbs	r0, r0, #0
      0x00414c10: 0x0010e1e2	rsc	r1, r1, #0
      0x00414c14: 0x014ba0e3	mov	r4, #0x400
      0x00414c18: 0x324084e2	add	r4, r4, #0x32
      0x00414c1c: 0x21cbb0e1	lsrs	ip, r1, #0x16
      0x00414c20: 0x42ffff0a	beq	#0x414930
      0x00414c24: 0x0320a0e3	mov	r2, #3
      0x00414c28: 0xacc1b0e1	lsrs	ip, ip, #3
      0x00414c2c: 0x03208212	addne	r2, r2, #3
      0x00414c30: 0xacc1b0e1	lsrs	ip, ip, #3
      0x00414c34: 0x03208212	addne	r2, r2, #3
      0x00414c38: 0xac2182e0	add	r2, r2, ip, lsr #3
      0x00414c3c: 0x203062e2	rsb	r3, r2, #0x20
      0x00414c40: 0x10c3a0e1	lsl	ip, r0, r3
      0x00414c44: 0x3002a0e1	lsr	r0, r0, r2
      0x00414c48: 0x110380e1	orr	r0, r0, r1, lsl r3
      0x00414c4c: 0x3112a0e1	lsr	r1, r1, r2
      0x00414c50: 0x024084e0	add	r4, r4, r2
b     at 0x00414c54: hooking 0x35ffffea	b	#0x414930 -> 0xe9ac03eb	bl	#0x500000
      0x00414c58: 0x70402de9	push	{r4, r5, r6, lr}
      0x00414c5c: 0xffc0a0e3	mov	ip, #0xff
      0x00414c60: 0x07cc8ce3	orr	ip, ip, #0x700
      0x00414c64: 0x214a1ce0	ands	r4, ip, r1, lsr #20
      0x00414c68: 0x235a1c10	andsne	r5, ip, r3, lsr #20
      0x00414c6c: 0x0c003411	teqne	r4, ip
      0x00414c70: 0x0c003511	teqne	r5, ip
      0x00414c74: 0x7500000b	bleq	#0x414e50
      0x00414c78: 0x054084e0	add	r4, r4, r5
      0x00414c7c: 0x036021e0	eor	r6, r1, r3
      0x00414c80: 0x8c1ac1e1	bic	r1, r1, ip, lsl #21
      0x00414c84: 0x8c3ac3e1	bic	r3, r3, ip, lsl #21
      0x00414c88: 0x015690e1	orrs	r5, r0, r1, lsl #12
      0x00414c8c: 0x03569211	orrsne	r5, r2, r3, lsl #12
      0x00414c90: 0x011681e3	orr	r1, r1, #0x100000
      0x00414c94: 0x013683e3	orr	r3, r3, #0x100000
      0x00414c98: 0x1d00000a	beq	#0x414d14
      0x00414c9c: 0x90c28ee0	umull	ip, lr, r0, r2
      0x00414ca0: 0x0050a0e3	mov	r5, #0
      0x00414ca4: 0x91e2a5e0	umlal	lr, r5, r1, r2
      0x00414ca8: 0x022106e2	and	r2, r6, #0x80000000
      0x00414cac: 0x90e3a5e0	umlal	lr, r5, r0, r3
      0x00414cb0: 0x0060a0e3	mov	r6, #0
      0x00414cb4: 0x9153a6e0	umlal	r5, r6, r1, r3
      0x00414cb8: 0x00003ce3	teq	ip, #0
      0x00414cbc: 0x01e08e13	orrne	lr, lr, #1
      0x00414cc0: 0xff4044e2	sub	r4, r4, #0xff
      0x00414cc4: 0x020c56e3	cmp	r6, #0x200
      0x00414cc8: 0x034cc4e2	sbc	r4, r4, #0x300
      0x00414ccc: 0x0200002a	bhs	#0x414cdc
      0x00414cd0: 0x8ee0b0e1	lsls	lr, lr, #1
      0x00414cd4: 0x0550b5e0	adcs	r5, r5, r5
      0x00414cd8: 0x0660a6e0	adc	r6, r6, r6
      0x00414cdc: 0x861582e1	orr	r1, r2, r6, lsl #11
      0x00414ce0: 0xa51a81e1	orr	r1, r1, r5, lsr #21
      0x00414ce4: 0x8505a0e1	lsl	r0, r5, #0xb
      0x00414ce8: 0xae0a80e1	orr	r0, r0, lr, lsr #21
      0x00414cec: 0x8ee5a0e1	lsl	lr, lr, #0xb
      0x00414cf0: 0xfdc054e2	subs	ip, r4, #0xfd
      0x00414cf4: 0x070c5c83	cmphi	ip, #0x700
      0x00414cf8: 0x1100008a	bhi	#0x414d44
      0x00414cfc: 0x02015ee3	cmp	lr, #0x80000000
      0x00414d00: 0xa0e0b001	lsrseq	lr, r0, #1
      0x00414d04: 0x0000b0e2	adcs	r0, r0, #0
      0x00414d08: 0x041aa1e0	adc	r1, r1, r4, lsl #20
      0x00414d0c: 0x7040bde8	pop	{r4, r5, r6, lr}
      0x00414d10: 0x1eff2fe1	bx	lr
      0x00414d14: 0x026106e2	and	r6, r6, #0x80000000
      0x00414d18: 0x011086e1	orr	r1, r6, r1
      0x00414d1c: 0x020080e1	orr	r0, r0, r2
      0x00414d20: 0x031021e0	eor	r1, r1, r3
      0x00414d24: 0xac4054e0	subs	r4, r4, ip, lsr #1
      0x00414d28: 0x0c5074c0	rsbsgt	r5, r4, ip
      0x00414d2c: 0x041a81c1	orrgt	r1, r1, r4, lsl #20
      0x00414d30: 0x7040bdc8	popgt	{r4, r5, r6, lr}
      0x00414d34: 0x1eff2fc1	bxgt	lr
      0x00414d38: 0x011681e3	orr	r1, r1, #0x100000
      0x00414d3c: 0x00e0a0e3	mov	lr, #0
      0x00414d40: 0x014054e2	subs	r4, r4, #1
      0x00414d44: 0x5d0000ca	bgt	#0x414ec0
      0x00414d48: 0x360074e3	cmn	r4, #0x36
      0x00414d4c: 0x0000a0d3	movle	r0, #0
      0x00414d50: 0x021101d2	andle	r1, r1, #0x80000000
      0x00414d54: 0x7040bdd8	pople	{r4, r5, r6, lr}
      0x00414d58: 0x1eff2fd1	bxle	lr
      0x00414d5c: 0x004064e2	rsb	r4, r4, #0
      0x00414d60: 0x204054e2	subs	r4, r4, #0x20
      0x00414d64: 0x1a0000aa	bge	#0x414dd4
      0x00414d68: 0x0c4094e2	adds	r4, r4, #0xc
      0x00414d6c: 0x0c0000ca	bgt	#0x414da4
      0x00414d70: 0x144084e2	add	r4, r4, #0x14
      0x00414d74: 0x205064e2	rsb	r5, r4, #0x20
      0x00414d78: 0x1035a0e1	lsl	r3, r0, r5
      0x00414d7c: 0x3004a0e1	lsr	r0, r0, r4
      0x00414d80: 0x110580e1	orr	r0, r0, r1, lsl r5
      0x00414d84: 0x022101e2	and	r2, r1, #0x80000000
      0x00414d88: 0x0211c1e3	bic	r1, r1, #0x80000000
      0x00414d8c: 0xa30f90e0	adds	r0, r0, r3, lsr #31
      0x00414d90: 0x3114a2e0	adc	r1, r2, r1, lsr r4
      0x00414d94: 0x83e09ee1	orrs	lr, lr, r3, lsl #1
      0x00414d98: 0xa30fc001	biceq	r0, r0, r3, lsr #31
      0x00414d9c: 0x7040bde8	pop	{r4, r5, r6, lr}
      0x00414da0: 0x1eff2fe1	bx	lr
      0x00414da4: 0x0c4064e2	rsb	r4, r4, #0xc
      0x00414da8: 0x205064e2	rsb	r5, r4, #0x20
      0x00414dac: 0x1034a0e1	lsl	r3, r0, r4
      0x00414db0: 0x3005a0e1	lsr	r0, r0, r5
      0x00414db4: 0x110480e1	orr	r0, r0, r1, lsl r4
      0x00414db8: 0x021101e2	and	r1, r1, #0x80000000
      0x00414dbc: 0xa30f90e0	adds	r0, r0, r3, lsr #31
      0x00414dc0: 0x0010a1e2	adc	r1, r1, #0
      0x00414dc4: 0x83e09ee1	orrs	lr, lr, r3, lsl #1
      0x00414dc8: 0xa30fc001	biceq	r0, r0, r3, lsr #31
      0x00414dcc: 0x7040bde8	pop	{r4, r5, r6, lr}
      0x00414dd0: 0x1eff2fe1	bx	lr
      0x00414dd4: 0x205064e2	rsb	r5, r4, #0x20
      0x00414dd8: 0x10e58ee1	orr	lr, lr, r0, lsl r5
      0x00414ddc: 0x3034a0e1	lsr	r3, r0, r4
      0x00414de0: 0x113583e1	orr	r3, r3, r1, lsl r5
      0x00414de4: 0x3104a0e1	lsr	r0, r1, r4
      0x00414de8: 0x021101e2	and	r1, r1, #0x80000000
      0x00414dec: 0x3104c0e1	bic	r0, r0, r1, lsr r4
      0x00414df0: 0xa30f80e0	add	r0, r0, r3, lsr #31
      0x00414df4: 0x83e09ee1	orrs	lr, lr, r3, lsl #1
      0x00414df8: 0xa30fc001	biceq	r0, r0, r3, lsr #31
      0x00414dfc: 0x7040bde8	pop	{r4, r5, r6, lr}
      0x00414e00: 0x1eff2fe1	bx	lr
      0x00414e04: 0x000034e3	teq	r4, #0
      0x00414e08: 0x0800001a	bne	#0x414e30
      0x00414e0c: 0x026101e2	and	r6, r1, #0x80000000
      0x00414e10: 0x8000b0e1	lsls	r0, r0, #1
      0x00414e14: 0x0110a1e0	adc	r1, r1, r1
      0x00414e18: 0x010611e3	tst	r1, #0x100000
      0x00414e1c: 0x01404402	subeq	r4, r4, #1
      0x00414e20: 0xfaffff0a	beq	#0x414e10
      0x00414e24: 0x061081e1	orr	r1, r1, r6
      0x00414e28: 0x000035e3	teq	r5, #0
      0x00414e2c: 0x1eff2f11	bxne	lr
      0x00414e30: 0x026103e2	and	r6, r3, #0x80000000
      0x00414e34: 0x8220b0e1	lsls	r2, r2, #1
      0x00414e38: 0x0330a3e0	adc	r3, r3, r3
      0x00414e3c: 0x010613e3	tst	r3, #0x100000
      0x00414e40: 0x01504502	subeq	r5, r5, #1
      0x00414e44: 0xfaffff0a	beq	#0x414e34
      0x00414e48: 0x063083e1	orr	r3, r3, r6
      0x00414e4c: 0x1eff2fe1	bx	lr
      0x00414e50: 0x0c0034e1	teq	r4, ip
      0x00414e54: 0x235a0ce0	and	r5, ip, r3, lsr #20
      0x00414e58: 0x0c003511	teqne	r5, ip
      0x00414e5c: 0x0700000a	beq	#0x414e80
      0x00414e60: 0x816090e1	orrs	r6, r0, r1, lsl #1
      0x00414e64: 0x83609211	orrsne	r6, r2, r3, lsl #1
      0x00414e68: 0xe5ffff1a	bne	#0x414e04
      0x00414e6c: 0x031021e0	eor	r1, r1, r3
      0x00414e70: 0x021101e2	and	r1, r1, #0x80000000
      0x00414e74: 0x0000a0e3	mov	r0, #0
      0x00414e78: 0x7040bde8	pop	{r4, r5, r6, lr}
      0x00414e7c: 0x1eff2fe1	bx	lr
      0x00414e80: 0x816090e1	orrs	r6, r0, r1, lsl #1
      0x00414e84: 0x0200a001	moveq	r0, r2
      0x00414e88: 0x0310a001	moveq	r1, r3
      0x00414e8c: 0x83609211	orrsne	r6, r2, r3, lsl #1
      0x00414e90: 0x1000000a	beq	#0x414ed8
      0x00414e94: 0x0c0034e1	teq	r4, ip
      0x00414e98: 0x0100001a	bne	#0x414ea4
      0x00414e9c: 0x016690e1	orrs	r6, r0, r1, lsl #12
      0x00414ea0: 0x0c00001a	bne	#0x414ed8
      0x00414ea4: 0x0c0035e1	teq	r5, ip
      0x00414ea8: 0x0300001a	bne	#0x414ebc
      0x00414eac: 0x036692e1	orrs	r6, r2, r3, lsl #12
      0x00414eb0: 0x0200a011	movne	r0, r2
      0x00414eb4: 0x0310a011	movne	r1, r3
      0x00414eb8: 0x0600001a	bne	#0x414ed8
      0x00414ebc: 0x031021e0	eor	r1, r1, r3
      0x00414ec0: 0x021101e2	and	r1, r1, #0x80000000
      0x00414ec4: 0x7f1481e3	orr	r1, r1, #0x7f000000
      0x00414ec8: 0x0f1681e3	orr	r1, r1, #0xf00000
      0x00414ecc: 0x0000a0e3	mov	r0, #0
      0x00414ed0: 0x7040bde8	pop	{r4, r5, r6, lr}
      0x00414ed4: 0x1eff2fe1	bx	lr
      0x00414ed8: 0x7f1481e3	orr	r1, r1, #0x7f000000
      0x00414edc: 0x3e1781e3	orr	r1, r1, #0xf80000
      0x00414ee0: 0x7040bde8	pop	{r4, r5, r6, lr}
      0x00414ee4: 0x1eff2fe1	bx	lr
      0x00414ee8: 0x70402de9	push	{r4, r5, r6, lr}
      0x00414eec: 0xffc0a0e3	mov	ip, #0xff
      0x00414ef0: 0x07cc8ce3	orr	ip, ip, #0x700
      0x00414ef4: 0x214a1ce0	ands	r4, ip, r1, lsr #20
      0x00414ef8: 0x235a1c10	andsne	r5, ip, r3, lsr #20
      0x00414efc: 0x0c003411	teqne	r4, ip
      0x00414f00: 0x0c003511	teqne	r5, ip
      0x00414f04: 0x5e00000b	bleq	#0x415084
      0x00414f08: 0x054044e0	sub	r4, r4, r5
      0x00414f0c: 0x03e021e0	eor	lr, r1, r3
      0x00414f10: 0x035692e1	orrs	r5, r2, r3, lsl #12
      0x00414f14: 0x0116a0e1	lsl	r1, r1, #0xc
      0x00414f18: 0x4c00000a	beq	#0x415050
      0x00414f1c: 0x0336a0e1	lsl	r3, r3, #0xc
      0x00414f20: 0x0152a0e3	mov	r5, #0x10000000
      0x00414f24: 0x233285e1	orr	r3, r5, r3, lsr #4
      0x00414f28: 0x223c83e1	orr	r3, r3, r2, lsr #24
      0x00414f2c: 0x0224a0e1	lsl	r2, r2, #8
      0x00414f30: 0x215285e1	orr	r5, r5, r1, lsr #4
      0x00414f34: 0x205c85e1	orr	r5, r5, r0, lsr #24
      0x00414f38: 0x0064a0e1	lsl	r6, r0, #8
      0x00414f3c: 0x02110ee2	and	r1, lr, #0x80000000
      0x00414f40: 0x030055e1	cmp	r5, r3
      0x00414f44: 0x02005601	cmpeq	r6, r2
      0x00414f48: 0xfd40a4e2	adc	r4, r4, #0xfd
      0x00414f4c: 0x034c84e2	add	r4, r4, #0x300
      0x00414f50: 0x0100002a	bhs	#0x414f5c
      0x00414f54: 0xa330b0e1	lsrs	r3, r3, #1
      0x00414f58: 0x6220a0e1	rrx	r2, r2
      0x00414f5c: 0x026056e0	subs	r6, r6, r2
      0x00414f60: 0x0350c5e0	sbc	r5, r5, r3
      0x00414f64: 0xa330b0e1	lsrs	r3, r3, #1
      0x00414f68: 0x6220a0e1	rrx	r2, r2
      0x00414f6c: 0x0106a0e3	mov	r0, #0x100000
      0x00414f70: 0x02c7a0e3	mov	ip, #0x80000
      0x00414f74: 0x02e056e0	subs	lr, r6, r2
      0x00414f78: 0x03e0d5e0	sbcs	lr, r5, r3
      0x00414f7c: 0x02604620	subhs	r6, r6, r2
      0x00414f80: 0x0e50a021	movhs	r5, lr
      0x00414f84: 0x0c008021	orrhs	r0, r0, ip
      0x00414f88: 0xa330b0e1	lsrs	r3, r3, #1
      0x00414f8c: 0x6220a0e1	rrx	r2, r2
      0x00414f90: 0x02e056e0	subs	lr, r6, r2
      0x00414f94: 0x03e0d5e0	sbcs	lr, r5, r3
      0x00414f98: 0x02604620	subhs	r6, r6, r2
      0x00414f9c: 0x0e50a021	movhs	r5, lr
      0x00414fa0: 0xac008021	orrhs	r0, r0, ip, lsr #1
      0x00414fa4: 0xa330b0e1	lsrs	r3, r3, #1
      0x00414fa8: 0x6220a0e1	rrx	r2, r2
      0x00414fac: 0x02e056e0	subs	lr, r6, r2
      0x00414fb0: 0x03e0d5e0	sbcs	lr, r5, r3
      0x00414fb4: 0x02604620	subhs	r6, r6, r2
      0x00414fb8: 0x0e50a021	movhs	r5, lr
      0x00414fbc: 0x2c018021	orrhs	r0, r0, ip, lsr #2
      0x00414fc0: 0xa330b0e1	lsrs	r3, r3, #1
      0x00414fc4: 0x6220a0e1	rrx	r2, r2
      0x00414fc8: 0x02e056e0	subs	lr, r6, r2
      0x00414fcc: 0x03e0d5e0	sbcs	lr, r5, r3
      0x00414fd0: 0x02604620	subhs	r6, r6, r2
      0x00414fd4: 0x0e50a021	movhs	r5, lr
      0x00414fd8: 0xac018021	orrhs	r0, r0, ip, lsr #3
      0x00414fdc: 0x06e095e1	orrs	lr, r5, r6
      0x00414fe0: 0x0d00000a	beq	#0x41501c
      0x00414fe4: 0x0552a0e1	lsl	r5, r5, #4
      0x00414fe8: 0x265e85e1	orr	r5, r5, r6, lsr #28
      0x00414fec: 0x0662a0e1	lsl	r6, r6, #4
      0x00414ff0: 0x8331a0e1	lsl	r3, r3, #3
      0x00414ff4: 0xa23e83e1	orr	r3, r3, r2, lsr #29
      0x00414ff8: 0x8221a0e1	lsl	r2, r2, #3
      0x00414ffc: 0x2cc2b0e1	lsrs	ip, ip, #4
      0x00415000: 0xdbffff1a	bne	#0x414f74
      0x00415004: 0x010611e3	tst	r1, #0x100000
      0x00415008: 0x0600001a	bne	#0x415028
      0x0041500c: 0x001081e1	orr	r1, r1, r0
      0x00415010: 0x0000a0e3	mov	r0, #0
      0x00415014: 0x02c1a0e3	mov	ip, #0x80000000
b     at 0x00415018: hooking 0xd5ffffea	b	#0x414f74 -> 0xf8ab03eb	bl	#0x500000
      0x0041501c: 0x010611e3	tst	r1, #0x100000
      0x00415020: 0x00108101	orreq	r1, r1, r0
      0x00415024: 0x0000a003	moveq	r0, #0
      0x00415028: 0xfdc054e2	subs	ip, r4, #0xfd
      0x0041502c: 0x070c5c83	cmphi	ip, #0x700
      0x00415030: 0x43ffff8a	bhi	#0x414d44
      0x00415034: 0x03c055e0	subs	ip, r5, r3
      0x00415038: 0x02c05600	subseq	ip, r6, r2
      0x0041503c: 0xa0c0b001	lsrseq	ip, r0, #1
      0x00415040: 0x0000b0e2	adcs	r0, r0, #0
      0x00415044: 0x041aa1e0	adc	r1, r1, r4, lsl #20
      0x00415048: 0x7040bde8	pop	{r4, r5, r6, lr}
      0x0041504c: 0x1eff2fe1	bx	lr
      0x00415050: 0x02e10ee2	and	lr, lr, #0x80000000
      0x00415054: 0x21168ee1	orr	r1, lr, r1, lsr #12
      0x00415058: 0xac4094e0	adds	r4, r4, ip, lsr #1
      0x0041505c: 0x0c5074c0	rsbsgt	r5, r4, ip
      0x00415060: 0x041a81c1	orrgt	r1, r1, r4, lsl #20
      0x00415064: 0x7040bdc8	popgt	{r4, r5, r6, lr}
      0x00415068: 0x1eff2fc1	bxgt	lr
      0x0041506c: 0x011681e3	orr	r1, r1, #0x100000
      0x00415070: 0x00e0a0e3	mov	lr, #0
      0x00415074: 0x014054e2	subs	r4, r4, #1
b     at 0x00415078: hooking 0x31ffffea	b	#0x414d44 -> 0xe0ab03eb	bl	#0x500000
      0x0041507c: 0x06e085e1	orr	lr, r5, r6
b     at 0x00415080: hooking 0x2fffffea	b	#0x414d44 -> 0xdeab03eb	bl	#0x500000
      0x00415084: 0x235a0ce0	and	r5, ip, r3, lsr #20
      0x00415088: 0x0c0034e1	teq	r4, ip
      0x0041508c: 0x0c003501	teqeq	r5, ip
      0x00415090: 0x90ffff0a	beq	#0x414ed8
      0x00415094: 0x0c0034e1	teq	r4, ip
      0x00415098: 0x0600001a	bne	#0x4150b8
      0x0041509c: 0x014690e1	orrs	r4, r0, r1, lsl #12
      0x004150a0: 0x8cffff1a	bne	#0x414ed8
      0x004150a4: 0x0c0035e1	teq	r5, ip
      0x004150a8: 0x83ffff1a	bne	#0x414ebc
      0x004150ac: 0x0200a0e1	mov	r0, r2
      0x004150b0: 0x0310a0e1	mov	r1, r3
b     at 0x004150b4: hooking 0x87ffffea	b	#0x414ed8 -> 0xd1ab03eb	bl	#0x500000
      0x004150b8: 0x0c0035e1	teq	r5, ip
      0x004150bc: 0x0400001a	bne	#0x4150d4
      0x004150c0: 0x035692e1	orrs	r5, r2, r3, lsl #12
      0x004150c4: 0x68ffff0a	beq	#0x414e6c
      0x004150c8: 0x0200a0e1	mov	r0, r2
      0x004150cc: 0x0310a0e1	mov	r1, r3
b     at 0x004150d0: hooking 0x80ffffea	b	#0x414ed8 -> 0xcaab03eb	bl	#0x500000
      0x004150d4: 0x816090e1	orrs	r6, r0, r1, lsl #1
      0x004150d8: 0x83609211	orrsne	r6, r2, r3, lsl #1
      0x004150dc: 0x48ffff1a	bne	#0x414e04
      0x004150e0: 0x814090e1	orrs	r4, r0, r1, lsl #1
      0x004150e4: 0x74ffff1a	bne	#0x414ebc
      0x004150e8: 0x835092e1	orrs	r5, r2, r3, lsl #1
      0x004150ec: 0x5effff1a	bne	#0x414e6c
b     at 0x004150f0: hooking 0x78ffffea	b	#0x414ed8 -> 0xc2ab03eb	bl	#0x500000
      0x004150f4: 0x00c0e0e3	mvn	ip, #0
b     at 0x004150f8: hooking 0x020000ea	b	#0x415108 -> 0xc0ab03eb	bl	#0x500000
      0x004150fc: 0x01c0a0e3	mov	ip, #1
b     at 0x00415100: hooking 0x000000ea	b	#0x415108 -> 0xbeab03eb	bl	#0x500000
      0x00415104: 0x01c0a0e3	mov	ip, #1
      0x00415108: 0x04c02de5	str	ip, [sp, #-4]!
      0x0041510c: 0x81c0a0e1	lsl	ip, r1, #1
      0x00415110: 0xcccaf0e1	mvns	ip, ip, asr #21
      0x00415114: 0x83c0a0e1	lsl	ip, r3, #1
      0x00415118: 0xcccaf011	mvnsne	ip, ip, asr #21
      0x0041511c: 0x0e00000a	beq	#0x41515c
      0x00415120: 0x04d08de2	add	sp, sp, #4
      0x00415124: 0x81c090e1	orrs	ip, r0, r1, lsl #1
      0x00415128: 0x83c09201	orrseq	ip, r2, r3, lsl #1
      0x0041512c: 0x03003111	teqne	r1, r3
      0x00415130: 0x02003001	teqeq	r0, r2
      0x00415134: 0x0000a003	moveq	r0, #0
      0x00415138: 0x1eff2f01	bxeq	lr
      0x0041513c: 0x000070e3	cmn	r0, #0
      0x00415140: 0x030031e1	teq	r1, r3
      0x00415144: 0x03005151	cmppl	r1, r3
      0x00415148: 0x02005001	cmpeq	r0, r2
      0x0041514c: 0xc30fa021	asrhs	r0, r3, #0x1f
      0x00415150: 0xc30fe031	mvnlo	r0, r3, asr #31
      0x00415154: 0x010080e3	orr	r0, r0, #1
      0x00415158: 0x1eff2fe1	bx	lr
      0x0041515c: 0x81c0a0e1	lsl	ip, r1, #1
      0x00415160: 0xcccaf0e1	mvns	ip, ip, asr #21
      0x00415164: 0x0100001a	bne	#0x415170
      0x00415168: 0x01c690e1	orrs	ip, r0, r1, lsl #12
      0x0041516c: 0x0400001a	bne	#0x415184
      0x00415170: 0x83c0a0e1	lsl	ip, r3, #1
      0x00415174: 0xcccaf0e1	mvns	ip, ip, asr #21
      0x00415178: 0xe8ffff1a	bne	#0x415120
      0x0041517c: 0x03c692e1	orrs	ip, r2, r3, lsl #12
      0x00415180: 0xe6ffff0a	beq	#0x415120
      0x00415184: 0x04009de4	pop	{r0}
      0x00415188: 0x1eff2fe1	bx	lr
      0x0041518c: 0x00c0a0e1	mov	ip, r0
      0x00415190: 0x0200a0e1	mov	r0, r2
      0x00415194: 0x0c20a0e1	mov	r2, ip
      0x00415198: 0x01c0a0e1	mov	ip, r1
      0x0041519c: 0x0310a0e1	mov	r1, r3
      0x004151a0: 0x0c30a0e1	mov	r3, ip
b     at 0x004151a4: hooking 0xffffffea	b	#0x4151a8 -> 0x95ab03eb	bl	#0x500000
      0x004151a8: 0x01402de9	push	{r0, lr}
bl    at 0x004151ac: hooking 0xd4ffffeb	bl	#0x415104 -> 0xa7ab03eb	bl	#0x500050
      0x004151b0: 0x000050e3	cmp	r0, #0
      0x004151b4: 0x00007043	cmnmi	r0, #0
      0x004151b8: 0x0140bde8	pop	{r0, lr}
      0x004151bc: 0x1eff2fe1	bx	lr
      0x004151c0: 0x08e02de5	str	lr, [sp, #-8]!
bl    at 0x004151c4: hooking 0xf7ffffeb	bl	#0x4151a8 -> 0xa1ab03eb	bl	#0x500050
      0x004151c8: 0x0100a003	moveq	r0, #1
      0x004151cc: 0x0000a013	movne	r0, #0
      0x004151d0: 0x08e09de4	ldr	lr, [sp], #8
      0x004151d4: 0x1eff2fe1	bx	lr
      0x004151d8: 0x08e02de5	str	lr, [sp, #-8]!
bl    at 0x004151dc: hooking 0xf1ffffeb	bl	#0x4151a8 -> 0x9bab03eb	bl	#0x500050
      0x004151e0: 0x0100a033	movlo	r0, #1
      0x004151e4: 0x0000a023	movhs	r0, #0
      0x004151e8: 0x08e09de4	ldr	lr, [sp], #8
      0x004151ec: 0x1eff2fe1	bx	lr
      0x004151f0: 0x08e02de5	str	lr, [sp, #-8]!
bl    at 0x004151f4: hooking 0xebffffeb	bl	#0x4151a8 -> 0x95ab03eb	bl	#0x500050
      0x004151f8: 0x0100a093	movls	r0, #1
      0x004151fc: 0x0000a083	movhi	r0, #0
      0x00415200: 0x08e09de4	ldr	lr, [sp], #8
      0x00415204: 0x1eff2fe1	bx	lr
      0x00415208: 0x08e02de5	str	lr, [sp, #-8]!
bl    at 0x0041520c: hooking 0xdeffffeb	bl	#0x41518c -> 0x8fab03eb	bl	#0x500050
      0x00415210: 0x0100a093	movls	r0, #1
      0x00415214: 0x0000a083	movhi	r0, #0
      0x00415218: 0x08e09de4	ldr	lr, [sp], #8
      0x0041521c: 0x1eff2fe1	bx	lr
      0x00415220: 0x08e02de5	str	lr, [sp, #-8]!
bl    at 0x00415224: hooking 0xd8ffffeb	bl	#0x41518c -> 0x89ab03eb	bl	#0x500050
      0x00415228: 0x0100a033	movlo	r0, #1
      0x0041522c: 0x0000a023	movhs	r0, #0
      0x00415230: 0x08e09de4	ldr	lr, [sp], #8
      0x00415234: 0x1eff2fe1	bx	lr
      0x00415238: 0x81c0a0e1	lsl	ip, r1, #1
      0x0041523c: 0xcccaf0e1	mvns	ip, ip, asr #21
      0x00415240: 0x0100001a	bne	#0x41524c
      0x00415244: 0x01c690e1	orrs	ip, r0, r1, lsl #12
      0x00415248: 0x0600001a	bne	#0x415268
      0x0041524c: 0x83c0a0e1	lsl	ip, r3, #1
      0x00415250: 0xcccaf0e1	mvns	ip, ip, asr #21
      0x00415254: 0x0100001a	bne	#0x415260
      0x00415258: 0x03c692e1	orrs	ip, r2, r3, lsl #12
      0x0041525c: 0x0100001a	bne	#0x415268
      0x00415260: 0x0000a0e3	mov	r0, #0
      0x00415264: 0x1eff2fe1	bx	lr
      0x00415268: 0x0100a0e3	mov	r0, #1
      0x0041526c: 0x1eff2fe1	bx	lr
      0x00415270: 0x8120a0e1	lsl	r2, r1, #1
      0x00415274: 0x022692e2	adds	r2, r2, #0x200000
      0x00415278: 0x0c00002a	bhs	#0x4152b0
      0x0041527c: 0x0900005a	bpl	#0x4152a8
      0x00415280: 0x3e3ee0e3	mvn	r3, #0x3e0
      0x00415284: 0xc22a53e0	subs	r2, r3, r2, asr #21
      0x00415288: 0x0a00009a	bls	#0x4152b8
      0x0041528c: 0x8135a0e1	lsl	r3, r1, #0xb
      0x00415290: 0x023183e3	orr	r3, r3, #0x80000000
      0x00415294: 0xa03a83e1	orr	r3, r3, r0, lsr #21
      0x00415298: 0x020111e3	tst	r1, #0x80000000
      0x0041529c: 0x3302a0e1	lsr	r0, r3, r2
      0x004152a0: 0x00006012	rsbne	r0, r0, #0
      0x004152a4: 0x1eff2fe1	bx	lr
      0x004152a8: 0x0000a0e3	mov	r0, #0
      0x004152ac: 0x1eff2fe1	bx	lr
      0x004152b0: 0x010690e1	orrs	r0, r0, r1, lsl #12
      0x004152b4: 0x0200001a	bne	#0x4152c4
      0x004152b8: 0x020111e2	ands	r0, r1, #0x80000000
      0x004152bc: 0x0201e003	mvneq	r0, #0x80000000
      0x004152c0: 0x1eff2fe1	bx	lr
      0x004152c4: 0x0000a0e3	mov	r0, #0
      0x004152c8: 0x1eff2fe1	bx	lr
      0x004152cc: 0x8120a0e1	lsl	r2, r1, #1
      0x004152d0: 0x073252e2	subs	r3, r2, #0x70000000
      0x004152d4: 0x02c65322	subshs	ip, r3, #0x200000
      0x004152d8: 0x7fc57c22	rsbshs	ip, ip, #0x1fc00000
      0x004152dc: 0x0600009a	bls	#0x4152fc
      0x004152e0: 0x02c101e2	and	ip, r1, #0x80000000
      0x004152e4: 0x8021a0e1	lsl	r2, r0, #3
      0x004152e8: 0xa00e8ce1	orr	r0, ip, r0, lsr #29
      0x004152ec: 0x020152e3	cmp	r2, #0x80000000
      0x004152f0: 0x0301a0e0	adc	r0, r0, r3, lsl #2
      0x004152f4: 0x0100c003	biceq	r0, r0, #1
      0x004152f8: 0x1eff2fe1	bx	lr
      0x004152fc: 0x010111e3	tst	r1, #0x40000000
      0x00415300: 0x0f00001a	bne	#0x415344
      0x00415304: 0x2e2693e2	adds	r2, r3, #0x2e00000
      0x00415308: 0x020101b2	andlt	r0, r1, #0x80000000
      0x0041530c: 0x1eff2fb1	bxlt	lr
      0x00415310: 0x011681e3	orr	r1, r1, #0x100000
      0x00415314: 0xa22aa0e1	lsr	r2, r2, #0x15
      0x00415318: 0x182062e2	rsb	r2, r2, #0x18
      0x0041531c: 0x20c062e2	rsb	ip, r2, #0x20
      0x00415320: 0x103cb0e1	lsls	r3, r0, ip
      0x00415324: 0x3002a0e1	lsr	r0, r0, r2
      0x00415328: 0x01008013	orrne	r0, r0, #1
      0x0041532c: 0x8135a0e1	lsl	r3, r1, #0xb
      0x00415330: 0xa335a0e1	lsr	r3, r3, #0xb
      0x00415334: 0x130c80e1	orr	r0, r0, r3, lsl ip
      0x00415338: 0x3332a0e1	lsr	r3, r3, r2
      0x0041533c: 0x8330a0e1	lsl	r3, r3, #1
b     at 0x00415340: hooking 0xe6ffffea	b	#0x4152e0 -> 0x2eab03eb	bl	#0x500000
      0x00415344: 0xc23af0e1	mvns	r3, r2, asr #21
      0x00415348: 0x0300001a	bne	#0x41535c
      0x0041534c: 0x013690e1	orrs	r3, r0, r1, lsl #12
      0x00415350: 0x7f04a013	movne	r0, #0x7f000000
      0x00415354: 0x03058013	orrne	r0, r0, #0xc00000
      0x00415358: 0x1eff2f11	bxne	lr
      0x0041535c: 0x020101e2	and	r0, r1, #0x80000000
      0x00415360: 0x7f0480e3	orr	r0, r0, #0x7f000000
      0x00415364: 0x020580e3	orr	r0, r0, #0x800000
      0x00415368: 0x1eff2fe1	bx	lr
      0x0041536c: 0x020120e2	eor	r0, r0, #0x80000000
b     at 0x00415370: hooking 0x000000ea	b	#0x415378 -> 0x22ab03eb	bl	#0x500000
      0x00415374: 0x021121e2	eor	r1, r1, #0x80000000
      0x00415378: 0x8020b0e1	lsls	r2, r0, #1
      0x0041537c: 0x8130b011	lslsne	r3, r1, #1
      0x00415380: 0x03003211	teqne	r2, r3
      0x00415384: 0x42ccf011	mvnsne	ip, r2, asr #24
      0x00415388: 0x43ccf011	mvnsne	ip, r3, asr #24
      0x0041538c: 0x4700000a	beq	#0x4154b0
      0x00415390: 0x222ca0e1	lsr	r2, r2, #0x18
      0x00415394: 0x233c72e0	rsbs	r3, r2, r3, lsr #24
      0x00415398: 0x032082c0	addgt	r2, r2, r3
      0x0041539c: 0x011020c0	eorgt	r1, r0, r1
      0x004153a0: 0x000021c0	eorgt	r0, r1, r0
      0x004153a4: 0x011020c0	eorgt	r1, r0, r1
      0x004153a8: 0x003063b2	rsblt	r3, r3, #0
      0x004153ac: 0x190053e3	cmp	r3, #0x19
      0x004153b0: 0x1eff2f81	bxhi	lr
      0x004153b4: 0x020110e3	tst	r0, #0x80000000
      0x004153b8: 0x020580e3	orr	r0, r0, #0x800000
      0x004153bc: 0xff04c0e3	bic	r0, r0, #0xff000000
      0x004153c0: 0x00006012	rsbne	r0, r0, #0
      0x004153c4: 0x020111e3	tst	r1, #0x80000000
      0x004153c8: 0x021581e3	orr	r1, r1, #0x800000
      0x004153cc: 0xff14c1e3	bic	r1, r1, #0xff000000
      0x004153d0: 0x00106112	rsbne	r1, r1, #0
      0x004153d4: 0x030032e1	teq	r2, r3
      0x004153d8: 0x2e00000a	beq	#0x415498
      0x004153dc: 0x012042e2	sub	r2, r2, #1
      0x004153e0: 0x510390e0	adds	r0, r0, r1, asr r3
      0x004153e4: 0x203063e2	rsb	r3, r3, #0x20
      0x004153e8: 0x1113a0e1	lsl	r1, r1, r3
      0x004153ec: 0x023100e2	and	r3, r0, #0x80000000
      0x004153f0: 0x0100005a	bpl	#0x4153fc
      0x004153f4: 0x001071e2	rsbs	r1, r1, #0
      0x004153f8: 0x0000e0e2	rsc	r0, r0, #0
      0x004153fc: 0x020550e3	cmp	r0, #0x800000
      0x00415400: 0x0b00003a	blo	#0x415434
      0x00415404: 0x010450e3	cmp	r0, #0x1000000
      0x00415408: 0x0400003a	blo	#0x415420
      0x0041540c: 0xa000b0e1	lsrs	r0, r0, #1
      0x00415410: 0x6110a0e1	rrx	r1, r1
      0x00415414: 0x012082e2	add	r2, r2, #1
      0x00415418: 0xfe0052e3	cmp	r2, #0xfe
      0x0041541c: 0x3800002a	bhs	#0x415504
      0x00415420: 0x020151e3	cmp	r1, #0x80000000
      0x00415424: 0x820ba0e0	adc	r0, r0, r2, lsl #23
      0x00415428: 0x0100c003	biceq	r0, r0, #1
      0x0041542c: 0x030080e1	orr	r0, r0, r3
      0x00415430: 0x1eff2fe1	bx	lr
      0x00415434: 0x8110b0e1	lsls	r1, r1, #1
      0x00415438: 0x0000a0e0	adc	r0, r0, r0
      0x0041543c: 0x012052e2	subs	r2, r2, #1
      0x00415440: 0x02055023	cmphs	r0, #0x800000
      0x00415444: 0xf5ffff2a	bhs	#0x415420
      0x00415448: 0x20c6b0e1	lsrs	ip, r0, #0xc
      0x0041544c: 0x0006a001	lsleq	r0, r0, #0xc
      0x00415450: 0x0c204202	subeq	r2, r2, #0xc
      0x00415454: 0xff0810e3	tst	r0, #0xff0000
      0x00415458: 0x0004a001	lsleq	r0, r0, #8
      0x0041545c: 0x08204202	subeq	r2, r2, #8
      0x00415460: 0x0f0610e3	tst	r0, #0xf00000
      0x00415464: 0x0002a001	lsleq	r0, r0, #4
      0x00415468: 0x04204202	subeq	r2, r2, #4
      0x0041546c: 0x030510e3	tst	r0, #0xc00000
      0x00415470: 0x0001a001	lsleq	r0, r0, #2
      0x00415474: 0x02204202	subeq	r2, r2, #2
      0x00415478: 0x020550e3	cmp	r0, #0x800000
      0x0041547c: 0x8000a031	lsllo	r0, r0, #1
      0x00415480: 0x0020d2e2	sbcs	r2, r2, #0
      0x00415484: 0x820b80a0	addge	r0, r0, r2, lsl #23
      0x00415488: 0x002062b2	rsblt	r2, r2, #0
      0x0041548c: 0x030080a1	orrge	r0, r0, r3
      0x00415490: 0x300283b1	orrlt	r0, r3, r0, lsr r2
      0x00415494: 0x1eff2fe1	bx	lr
      0x00415498: 0x000032e3	teq	r2, #0
      0x0041549c: 0x021521e2	eor	r1, r1, #0x800000
      0x004154a0: 0x02052002	eoreq	r0, r0, #0x800000
      0x004154a4: 0x01208202	addeq	r2, r2, #1
      0x004154a8: 0x01304312	subne	r3, r3, #1
b     at 0x004154ac: hooking 0xcaffffea	b	#0x4153dc -> 0xd3aa03eb	bl	#0x500000
      0x004154b0: 0x8130a0e1	lsl	r3, r1, #1
      0x004154b4: 0x42ccf0e1	mvns	ip, r2, asr #24
      0x004154b8: 0x43ccf011	mvnsne	ip, r3, asr #24
      0x004154bc: 0x1300000a	beq	#0x415510
      0x004154c0: 0x030032e1	teq	r2, r3
      0x004154c4: 0x0200000a	beq	#0x4154d4
      0x004154c8: 0x000032e3	teq	r2, #0
      0x004154cc: 0x0100a001	moveq	r0, r1
      0x004154d0: 0x1eff2fe1	bx	lr
      0x004154d4: 0x010030e1	teq	r0, r1
      0x004154d8: 0x0000a013	movne	r0, #0
      0x004154dc: 0x1eff2f11	bxne	lr
      0x004154e0: 0xff0412e3	tst	r2, #0xff000000
      0x004154e4: 0x0200001a	bne	#0x4154f4
      0x004154e8: 0x8000b0e1	lsls	r0, r0, #1
      0x004154ec: 0x02018023	orrhs	r0, r0, #0x80000000
      0x004154f0: 0x1eff2fe1	bx	lr
      0x004154f4: 0x022492e2	adds	r2, r2, #0x2000000
      0x004154f8: 0x02058032	addlo	r0, r0, #0x800000
      0x004154fc: 0x1eff2f31	bxlo	lr
      0x00415500: 0x023100e2	and	r3, r0, #0x80000000
      0x00415504: 0x7f0483e3	orr	r0, r3, #0x7f000000
      0x00415508: 0x020580e3	orr	r0, r0, #0x800000
      0x0041550c: 0x1eff2fe1	bx	lr
      0x00415510: 0x422cf0e1	mvns	r2, r2, asr #24
      0x00415514: 0x0100a011	movne	r0, r1
      0x00415518: 0x433cf001	mvnseq	r3, r3, asr #24
      0x0041551c: 0x0010a011	movne	r1, r0
      0x00415520: 0x8024b0e1	lsls	r2, r0, #9
      0x00415524: 0x8134b001	lslseq	r3, r1, #9
      0x00415528: 0x01003001	teqeq	r0, r1
      0x0041552c: 0x01058013	orrne	r0, r0, #0x400000
      0x00415530: 0x1eff2fe1	bx	lr
      0x00415534: 0x0030a0e3	mov	r3, #0
b     at 0x00415538: hooking 0x010000ea	b	#0x415544 -> 0xb0aa03eb	bl	#0x500000
      0x0041553c: 0x023110e2	ands	r3, r0, #0x80000000
      0x00415540: 0x00006042	rsbmi	r0, r0, #0
      0x00415544: 0x00c0b0e1	movs	ip, r0
      0x00415548: 0x1eff2f01	bxeq	lr
      0x0041554c: 0x4b3483e3	orr	r3, r3, #0x4b000000
      0x00415550: 0x0010a0e1	mov	r1, r0
      0x00415554: 0x0000a0e3	mov	r0, #0
b     at 0x00415558: hooking 0x0f0000ea	b	#0x41559c -> 0xa8aa03eb	bl	#0x500000
      0x0041555c: 0x012090e1	orrs	r2, r0, r1
      0x00415560: 0x1eff2f01	bxeq	lr
      0x00415564: 0x0030a0e3	mov	r3, #0
b     at 0x00415568: hooking 0x050000ea	b	#0x415584 -> 0xa4aa03eb	bl	#0x500000
      0x0041556c: 0x012090e1	orrs	r2, r0, r1
      0x00415570: 0x1eff2f01	bxeq	lr
      0x00415574: 0x023111e2	ands	r3, r1, #0x80000000
      0x00415578: 0x0100005a	bpl	#0x415584
      0x0041557c: 0x000070e2	rsbs	r0, r0, #0
      0x00415580: 0x0010e1e2	rsc	r1, r1, #0
      0x00415584: 0x01c0b0e1	movs	ip, r1
      0x00415588: 0x00c0a001	moveq	ip, r0
      0x0041558c: 0x0010a001	moveq	r1, r0
      0x00415590: 0x0000a003	moveq	r0, #0
      0x00415594: 0x5b3483e3	orr	r3, r3, #0x5b000000
      0x00415598: 0x01324302	subeq	r3, r3, #0x10000000
      0x0041559c: 0x023543e2	sub	r3, r3, #0x800000
      0x004155a0: 0x1720a0e3	mov	r2, #0x17
      0x004155a4: 0x01085ce3	cmp	ip, #0x10000
      0x004155a8: 0x2cc8a021	lsrhs	ip, ip, #0x10
      0x004155ac: 0x10204222	subhs	r2, r2, #0x10
      0x004155b0: 0x010c5ce3	cmp	ip, #0x100
      0x004155b4: 0x2cc4a021	lsrhs	ip, ip, #8
      0x004155b8: 0x08204222	subhs	r2, r2, #8
      0x004155bc: 0x10005ce3	cmp	ip, #0x10
      0x004155c0: 0x2cc2a021	lsrhs	ip, ip, #4
      0x004155c4: 0x04204222	subhs	r2, r2, #4
      0x004155c8: 0x04005ce3	cmp	ip, #4
      0x004155cc: 0x02204222	subhs	r2, r2, #2
      0x004155d0: 0xac204230	sublo	r2, r2, ip, lsr #1
      0x004155d4: 0xac2152e0	subs	r2, r2, ip, lsr #3
      0x004155d8: 0x823b43e0	sub	r3, r3, r2, lsl #23
      0x004155dc: 0x060000ba	blt	#0x4155fc
      0x004155e0: 0x113283e0	add	r3, r3, r1, lsl r2
      0x004155e4: 0x10c2a0e1	lsl	ip, r0, r2
      0x004155e8: 0x202062e2	rsb	r2, r2, #0x20
      0x004155ec: 0x02015ce3	cmp	ip, #0x80000000
      0x004155f0: 0x3002a3e0	adc	r0, r3, r0, lsr r2
      0x004155f4: 0x0100c003	biceq	r0, r0, #1
      0x004155f8: 0x1eff2fe1	bx	lr
      0x004155fc: 0x202082e2	add	r2, r2, #0x20
      0x00415600: 0x11c2a0e1	lsl	ip, r1, r2
      0x00415604: 0x202062e2	rsb	r2, r2, #0x20
      0x00415608: 0x8c0090e1	orrs	r0, r0, ip, lsl #1
      0x0041560c: 0x3102a3e0	adc	r0, r3, r1, lsr r2
      0x00415610: 0xac0fc001	biceq	r0, r0, ip, lsr #31
      0x00415614: 0x1eff2fe1	bx	lr
      0x00415618: 0x04309fe5	ldr	r3, [pc, #4]
      0x0041561c: 0x000093e5	ldr	r0, [r3]
      0x00415620: 0x1eff2fe1	bx	lr
      0x00415624: 0x98664000	umaaleq	r6, r0, r8, r6
      0x00415628: 0x10402de9	push	{r4, lr}
      0x0041562c: 0x10309fe5	ldr	r3, [pc, #0x10]
      0x00415630: 0x0010a0e1	mov	r1, r0
      0x00415634: 0x000093e5	ldr	r0, [r3]
bl    at 0x00415638: hooking 0x0a0000eb	bl	#0x415668 -> 0x84aa03eb	bl	#0x500050
      0x0041563c: 0x1040bde8	pop	{r4, lr}
      0x00415640: 0x1eff2fe1	bx	lr
      0x00415644: 0x98664000	umaaleq	r6, r0, r8, r6
      0x00415648: 0x10402de9	push	{r4, lr}
      0x0041564c: 0x10309fe5	ldr	r3, [pc, #0x10]
      0x00415650: 0x0010a0e1	mov	r1, r0
      0x00415654: 0x000093e5	ldr	r0, [r3]
bl    at 0x00415658: hooking 0x890200eb	bl	#0x416084 -> 0x7caa03eb	bl	#0x500050
      0x0041565c: 0x1040bde8	pop	{r4, lr}
      0x00415660: 0x1eff2fe1	bx	lr
      0x00415664: 0x98664000	umaaleq	r6, r0, r8, r6
      0x00415668: 0xf04f2de9	push	{r4, r5, r6, r7, r8, sb, sl, fp, lr}
      0x0041566c: 0x0b5081e2	add	r5, r1, #0xb
      0x00415670: 0x160055e3	cmp	r5, #0x16
      0x00415674: 0x0cd04de2	sub	sp, sp, #0xc
      0x00415678: 0x0060a0e1	mov	r6, r0
      0x0041567c: 0x2300008a	bhi	#0x415710
      0x00415680: 0x100051e3	cmp	r1, #0x10
      0x00415684: 0x1a00008a	bhi	#0x4156f4
bl    at 0x00415688: hooking 0x2a0200eb	bl	#0x415f38 -> 0x70aa03eb	bl	#0x500050
      0x0041568c: 0x1050a0e3	mov	r5, #0x10
      0x00415690: 0x1830a0e3	mov	r3, #0x18
      0x00415694: 0x0200a0e3	mov	r0, #2
      0x00415698: 0x6c779fe5	ldr	r7, [pc, #0x76c]
      0x0041569c: 0x033087e0	add	r3, r7, r3
      0x004156a0: 0x044093e5	ldr	r4, [r3, #4]
      0x004156a4: 0x082043e2	sub	r2, r3, #8
      0x004156a8: 0x020054e1	cmp	r4, r2
      0x004156ac: 0x3b00000a	beq	#0x4157a0
      0x004156b0: 0x043094e5	ldr	r3, [r4, #4]
      0x004156b4: 0x0330c3e3	bic	r3, r3, #3
      0x004156b8: 0x033084e0	add	r3, r4, r3
      0x004156bc: 0x042093e5	ldr	r2, [r3, #4]
      0x004156c0: 0x0c1094e5	ldr	r1, [r4, #0xc]
      0x004156c4: 0x08c094e5	ldr	ip, [r4, #8]
      0x004156c8: 0x012082e3	orr	r2, r2, #1
      0x004156cc: 0x0c108ce5	str	r1, [ip, #0xc]
      0x004156d0: 0x0600a0e1	mov	r0, r6
      0x004156d4: 0x08c081e5	str	ip, [r1, #8]
      0x004156d8: 0x084084e2	add	r4, r4, #8
      0x004156dc: 0x042083e5	str	r2, [r3, #4]
bl    at 0x004156e0: hooking 0x150200eb	bl	#0x415f3c -> 0x5aaa03eb	bl	#0x500050
      0x004156e4: 0x0400a0e1	mov	r0, r4
      0x004156e8: 0x0cd08de2	add	sp, sp, #0xc
      0x004156ec: 0xf04fbde8	pop	{r4, r5, r6, r7, r8, sb, sl, fp, lr}
      0x004156f0: 0x1eff2fe1	bx	lr
      0x004156f4: 0x0c30a0e3	mov	r3, #0xc
      0x004156f8: 0x0040a0e3	mov	r4, #0
      0x004156fc: 0x003086e5	str	r3, [r6]
      0x00415700: 0x0400a0e1	mov	r0, r4
      0x00415704: 0x0cd08de2	add	sp, sp, #0xc
      0x00415708: 0xf04fbde8	pop	{r4, r5, r6, r7, r8, sb, sl, fp, lr}
      0x0041570c: 0x1eff2fe1	bx	lr
      0x00415710: 0x0750c5e3	bic	r5, r5, #7
      0x00415714: 0x050051e1	cmp	r1, r5
      0x00415718: 0x0010a093	movls	r1, #0
      0x0041571c: 0x0110a083	movhi	r1, #1
      0x00415720: 0xa53f91e1	orrs	r3, r1, r5, lsr #31
      0x00415724: 0xf2ffff1a	bne	#0x4156f4
bl    at 0x00415728: hooking 0x020200eb	bl	#0x415f38 -> 0x48aa03eb	bl	#0x500050
      0x0041572c: 0x7e0f55e3	cmp	r5, #0x1f8
      0x00415730: 0x2701003a	blo	#0x415bd4
      0x00415734: 0xa534b0e1	lsrs	r3, r5, #9
      0x00415738: 0xaa00000a	beq	#0x4159e8
      0x0041573c: 0x040053e3	cmp	r3, #4
      0x00415740: 0x0901008a	bhi	#0x415b6c
      0x00415744: 0x2533a0e1	lsr	r3, r5, #6
      0x00415748: 0x390083e2	add	r0, r3, #0x39
      0x0041574c: 0x38c083e2	add	ip, r3, #0x38
      0x00415750: 0x8011a0e1	lsl	r1, r0, #3
      0x00415754: 0xb0769fe5	ldr	r7, [pc, #0x6b0]
      0x00415758: 0x011087e0	add	r1, r7, r1
      0x0041575c: 0x044091e5	ldr	r4, [r1, #4]
      0x00415760: 0x081041e2	sub	r1, r1, #8
      0x00415764: 0x040051e1	cmp	r1, r4
      0x00415768: 0x0500001a	bne	#0x415784
b     at 0x0041576c: hooking 0x0f0000ea	b	#0x4157b0 -> 0x23aa03eb	bl	#0x500000
      0x00415770: 0x000052e3	cmp	r2, #0
      0x00415774: 0xcfffffaa	bge	#0x4156b8
      0x00415778: 0x0c4094e5	ldr	r4, [r4, #0xc]
      0x0041577c: 0x040051e1	cmp	r1, r4
      0x00415780: 0x0a00000a	beq	#0x4157b0
      0x00415784: 0x043094e5	ldr	r3, [r4, #4]
      0x00415788: 0x0330c3e3	bic	r3, r3, #3
      0x0041578c: 0x052043e0	sub	r2, r3, r5
      0x00415790: 0x0f0052e3	cmp	r2, #0xf
      0x00415794: 0xf5ffffda	ble	#0x415770
      0x00415798: 0x0c00a0e1	mov	r0, ip
b     at 0x0041579c: hooking 0x030000ea	b	#0x4157b0 -> 0x17aa03eb	bl	#0x500000
      0x004157a0: 0x0c4093e5	ldr	r4, [r3, #0xc]
      0x004157a4: 0x040053e1	cmp	r3, r4
      0x004157a8: 0x02008002	addeq	r0, r0, #2
      0x004157ac: 0xbfffff1a	bne	#0x4156b0
      0x004157b0: 0x104097e5	ldr	r4, [r7, #0x10]
      0x004157b4: 0x54c69fe5	ldr	ip, [pc, #0x654]
      0x004157b8: 0x0c0054e1	cmp	r4, ip
      0x004157bc: 0x04309705	ldreq	r3, [r7, #4]
      0x004157c0: 0x1800000a	beq	#0x415828
      0x004157c4: 0x043094e5	ldr	r3, [r4, #4]
      0x004157c8: 0x0330c3e3	bic	r3, r3, #3
      0x004157cc: 0x052043e0	sub	r2, r3, r5
      0x004157d0: 0x0f0052e3	cmp	r2, #0xf
      0x004157d4: 0x010100ca	bgt	#0x415be0
      0x004157d8: 0x000052e3	cmp	r2, #0
      0x004157dc: 0x14c087e5	str	ip, [r7, #0x14]
      0x004157e0: 0x10c087e5	str	ip, [r7, #0x10]
      0x004157e4: 0xb00000aa	bge	#0x415aac
      0x004157e8: 0x020c53e3	cmp	r3, #0x200
      0x004157ec: 0xc300002a	bhs	#0x415b00
      0x004157f0: 0x0180a0e3	mov	r8, #1
      0x004157f4: 0x041097e5	ldr	r1, [r7, #4]
      0x004157f8: 0xa331a0e1	lsr	r3, r3, #3
      0x004157fc: 0x08e083e0	add	lr, r3, r8
      0x00415800: 0x4331a0e1	asr	r3, r3, #2
      0x00415804: 0x183381e1	orr	r3, r1, r8, lsl r3
      0x00415808: 0x8e2187e0	add	r2, r7, lr, lsl #3
      0x0041580c: 0x8e1197e7	ldr	r1, [r7, lr, lsl #3]
      0x00415810: 0x082042e2	sub	r2, r2, #8
      0x00415814: 0x0c2084e5	str	r2, [r4, #0xc]
      0x00415818: 0x081084e5	str	r1, [r4, #8]
      0x0041581c: 0x043087e5	str	r3, [r7, #4]
      0x00415820: 0x8e4187e7	str	r4, [r7, lr, lsl #3]
      0x00415824: 0x0c4081e5	str	r4, [r1, #0xc]
      0x00415828: 0x0110a0e3	mov	r1, #1
      0x0041582c: 0x4021a0e1	asr	r2, r0, #2
      0x00415830: 0x11e2a0e1	lsl	lr, r1, r2
      0x00415834: 0x03005ee1	cmp	lr, r3
      0x00415838: 0x6e00009a	bls	#0x4159f8
      0x0041583c: 0x084097e5	ldr	r4, [r7, #8]
      0x00415840: 0x048094e5	ldr	r8, [r4, #4]
      0x00415844: 0x0380c8e3	bic	r8, r8, #3
      0x00415848: 0x050058e1	cmp	r8, r5
      0x0041584c: 0x0020a023	movhs	r2, #0
      0x00415850: 0x0120a033	movlo	r2, #1
      0x00415854: 0x053048e0	sub	r3, r8, r5
      0x00415858: 0x0f0053e3	cmp	r3, #0xf
      0x0041585c: 0x012082d3	orrle	r2, r2, #1
      0x00415860: 0x000052e3	cmp	r2, #0
      0x00415864: 0x9800000a	beq	#0x415acc
      0x00415868: 0xa4959fe5	ldr	sb, [pc, #0x5a4]
      0x0041586c: 0x082497e5	ldr	r2, [r7, #0x408]
      0x00415870: 0x003099e5	ldr	r3, [sb]
      0x00415874: 0x010072e3	cmn	r2, #1
      0x00415878: 0x033085e0	add	r3, r5, r3
      0x0041587c: 0x013a8312	addne	r3, r3, #0x1000
      0x00415880: 0x0f308312	addne	r3, r3, #0xf
      0x00415884: 0xff2ec313	bicne	r2, r3, #0xff0
      0x00415888: 0x10208302	addeq	r2, r3, #0x10
      0x0041588c: 0x0f20c213	bicne	r2, r2, #0xf
      0x00415890: 0x0210a0e1	mov	r1, r2
      0x00415894: 0x0600a0e1	mov	r0, r6
      0x00415898: 0x00208de5	str	r2, [sp]
bl    at 0x0041589c: hooking 0xa70100eb	bl	#0x415f40 -> 0xeba903eb	bl	#0x500050
      0x004158a0: 0x010070e3	cmn	r0, #1
      0x004158a4: 0x08a084e0	add	sl, r4, r8
      0x004158a8: 0x00b0a0e1	mov	fp, r0
      0x004158ac: 0x00209de5	ldr	r2, [sp]
      0x004158b0: 0x1701000a	beq	#0x415d14
      0x004158b4: 0x070054e1	cmp	r4, r7
      0x004158b8: 0x00005a11	cmpne	sl, r0
      0x004158bc: 0x1401008a	bhi	#0x415d14
      0x004158c0: 0x043099e5	ldr	r3, [sb, #4]
      0x004158c4: 0x00005ae1	cmp	sl, r0
      0x004158c8: 0x033082e0	add	r3, r2, r3
      0x004158cc: 0x043089e5	str	r3, [sb, #4]
      0x004158d0: 0x0601000a	beq	#0x415cf0
      0x004158d4: 0x081497e5	ldr	r1, [r7, #0x408]
      0x004158d8: 0x010071e3	cmn	r1, #1
      0x004158dc: 0x0aa04b10	subne	sl, fp, sl
      0x004158e0: 0x03308a10	addne	r3, sl, r3
      0x004158e4: 0x08b48705	streq	fp, [r7, #0x408]
      0x004158e8: 0x04308915	strne	r3, [sb, #4]
      0x004158ec: 0x07301be2	ands	r3, fp, #7
      0x004158f0: 0xd000001a	bne	#0x415c38
      0x004158f4: 0x02a08be0	add	sl, fp, r2
      0x004158f8: 0x00a06ae2	rsb	sl, sl, #0
      0x004158fc: 0x0aaaa0e1	lsl	sl, sl, #0x14
      0x00415900: 0x2aaaa0e1	lsr	sl, sl, #0x14
      0x00415904: 0x0a10a0e1	mov	r1, sl
      0x00415908: 0x0600a0e1	mov	r0, r6
      0x0041590c: 0x04308de5	str	r3, [sp, #4]
      0x00415910: 0x00208de5	str	r2, [sp]
bl    at 0x00415914: hooking 0x890100eb	bl	#0x415f40 -> 0xcda903eb	bl	#0x500050
      0x00415918: 0x0c009de8	ldm	sp, {r2, r3}
      0x0041591c: 0x010070e3	cmn	r0, #1
      0x00415920: 0x03a0a001	moveq	sl, r3
      0x00415924: 0x0100000a	beq	#0x415930
      0x00415928: 0x0b2040e0	sub	r2, r0, fp
      0x0041592c: 0x0a2082e0	add	r2, r2, sl
      0x00415930: 0x043099e5	ldr	r3, [sb, #4]
      0x00415934: 0x012082e3	orr	r2, r2, #1
      0x00415938: 0x03308ae0	add	r3, sl, r3
      0x0041593c: 0x070054e1	cmp	r4, r7
      0x00415940: 0x08b087e5	str	fp, [r7, #8]
      0x00415944: 0x043089e5	str	r3, [sb, #4]
      0x00415948: 0x04208be5	str	r2, [fp, #4]
      0x0041594c: 0x0701000a	beq	#0x415d70
      0x00415950: 0x0f0058e3	cmp	r8, #0xf
      0x00415954: 0x0130a093	movls	r3, #1
      0x00415958: 0x04308b95	strls	r3, [fp, #4]
      0x0041595c: 0x1d00009a	bls	#0x4159d8
      0x00415960: 0x0500a0e3	mov	r0, #5
      0x00415964: 0x041094e5	ldr	r1, [r4, #4]
      0x00415968: 0x0c2048e2	sub	r2, r8, #0xc
      0x0041596c: 0x0720c2e3	bic	r2, r2, #7
      0x00415970: 0x011001e2	and	r1, r1, #1
      0x00415974: 0x021081e1	orr	r1, r1, r2
      0x00415978: 0x0f0052e3	cmp	r2, #0xf
      0x0041597c: 0x022084e0	add	r2, r4, r2
      0x00415980: 0x041084e5	str	r1, [r4, #4]
      0x00415984: 0x040082e5	str	r0, [r2, #4]
      0x00415988: 0x080082e5	str	r0, [r2, #8]
      0x0041598c: 0x0801008a	bhi	#0x415db4
      0x00415990: 0x0b40a0e1	mov	r4, fp
      0x00415994: 0x04209be5	ldr	r2, [fp, #4]
      0x00415998: 0x2c1099e5	ldr	r1, [sb, #0x2c]
      0x0041599c: 0x030051e1	cmp	r1, r3
      0x004159a0: 0x301099e5	ldr	r1, [sb, #0x30]
      0x004159a4: 0x2c308935	strlo	r3, [sb, #0x2c]
      0x004159a8: 0x030051e1	cmp	r1, r3
      0x004159ac: 0x30308935	strlo	r3, [sb, #0x30]
      0x004159b0: 0x0320c2e3	bic	r2, r2, #3
      0x004159b4: 0x053042e0	sub	r3, r2, r5
      0x004159b8: 0x0f0053e3	cmp	r3, #0xf
      0x004159bc: 0x0010a0c3	movgt	r1, #0
      0x004159c0: 0x0110a0d3	movle	r1, #1
      0x004159c4: 0x050052e1	cmp	r2, r5
      0x004159c8: 0x0120a021	movhs	r2, r1
      0x004159cc: 0x01208133	orrlo	r2, r1, #1
      0x004159d0: 0x000052e3	cmp	r2, #0
      0x004159d4: 0x3c00000a	beq	#0x415acc
      0x004159d8: 0x0600a0e1	mov	r0, r6
bl    at 0x004159dc: hooking 0x560100eb	bl	#0x415f3c -> 0x9ba903eb	bl	#0x500050
      0x004159e0: 0x0040a0e3	mov	r4, #0
b     at 0x004159e4: hooking 0x45ffffea	b	#0x415700 -> 0x85a903eb	bl	#0x500000
      0x004159e8: 0x021ca0e3	mov	r1, #0x200
      0x004159ec: 0x4000a0e3	mov	r0, #0x40
      0x004159f0: 0x3fc0a0e3	mov	ip, #0x3f
b     at 0x004159f4: hooking 0x56ffffea	b	#0x415754 -> 0x81a903eb	bl	#0x500000
      0x004159f8: 0x03001ee1	tst	lr, r3
      0x004159fc: 0x0800001a	bne	#0x415a24
      0x00415a00: 0x1ee1a0e1	lsl	lr, lr, r1
      0x00415a04: 0x0300c0e3	bic	r0, r0, #3
      0x00415a08: 0x03001ee1	tst	lr, r3
      0x00415a0c: 0x040080e2	add	r0, r0, #4
      0x00415a10: 0x0300001a	bne	#0x415a24
      0x00415a14: 0x8ee0a0e1	lsl	lr, lr, #1
      0x00415a18: 0x03001ee1	tst	lr, r3
      0x00415a1c: 0x040080e2	add	r0, r0, #4
      0x00415a20: 0xfbffff0a	beq	#0x415a14
      0x00415a24: 0x809187e0	add	sb, r7, r0, lsl #3
      0x00415a28: 0x0910a0e1	mov	r1, sb
      0x00415a2c: 0x0040a0e1	mov	r4, r0
      0x00415a30: 0x0c8091e5	ldr	r8, [r1, #0xc]
      0x00415a34: 0x080051e1	cmp	r1, r8
      0x00415a38: 0x0500001a	bne	#0x415a54
b     at 0x00415a3c: hooking 0x530000ea	b	#0x415b90 -> 0x6fa903eb	bl	#0x500000
      0x00415a40: 0x000052e3	cmp	r2, #0
      0x00415a44: 0x560000aa	bge	#0x415ba4
      0x00415a48: 0x0c8098e5	ldr	r8, [r8, #0xc]
      0x00415a4c: 0x080051e1	cmp	r1, r8
      0x00415a50: 0x4e00000a	beq	#0x415b90
      0x00415a54: 0x043098e5	ldr	r3, [r8, #4]
      0x00415a58: 0x0330c3e3	bic	r3, r3, #3
      0x00415a5c: 0x052043e0	sub	r2, r3, r5
      0x00415a60: 0x0f0052e3	cmp	r2, #0xf
      0x00415a64: 0xf5ffffda	ble	#0x415a40
      0x00415a68: 0x0c1098e5	ldr	r1, [r8, #0xc]
      0x00415a6c: 0x08e098e5	ldr	lr, [r8, #8]
      0x00415a70: 0x014085e3	orr	r4, r5, #1
      0x00415a74: 0x044088e5	str	r4, [r8, #4]
      0x00415a78: 0x055088e0	add	r5, r8, r5
      0x00415a7c: 0x014082e3	orr	r4, r2, #1
      0x00415a80: 0x0c108ee5	str	r1, [lr, #0xc]
      0x00415a84: 0x0600a0e1	mov	r0, r6
      0x00415a88: 0x08e081e5	str	lr, [r1, #8]
      0x00415a8c: 0x145087e5	str	r5, [r7, #0x14]
      0x00415a90: 0x105087e5	str	r5, [r7, #0x10]
      0x00415a94: 0x101085e9	stmib	r5, {r4, ip}
      0x00415a98: 0x0cc085e5	str	ip, [r5, #0xc]
      0x00415a9c: 0x032088e7	str	r2, [r8, r3]
bl    at 0x00415aa0: hooking 0x250100eb	bl	#0x415f3c -> 0x6aa903eb	bl	#0x500050
      0x00415aa4: 0x084088e2	add	r4, r8, #8
b     at 0x00415aa8: hooking 0x14ffffea	b	#0x415700 -> 0x54a903eb	bl	#0x500000
      0x00415aac: 0x033084e0	add	r3, r4, r3
      0x00415ab0: 0x042093e5	ldr	r2, [r3, #4]
      0x00415ab4: 0x012082e3	orr	r2, r2, #1
      0x00415ab8: 0x0600a0e1	mov	r0, r6
      0x00415abc: 0x042083e5	str	r2, [r3, #4]
      0x00415ac0: 0x084084e2	add	r4, r4, #8
bl    at 0x00415ac4: hooking 0x1c0100eb	bl	#0x415f3c -> 0x61a903eb	bl	#0x500050
b     at 0x00415ac8: hooking 0x0cffffea	b	#0x415700 -> 0x4ca903eb	bl	#0x500000
      0x00415acc: 0x012085e3	orr	r2, r5, #1
      0x00415ad0: 0x013083e3	orr	r3, r3, #1
      0x00415ad4: 0x055084e0	add	r5, r4, r5
      0x00415ad8: 0x042084e5	str	r2, [r4, #4]
      0x00415adc: 0x0600a0e1	mov	r0, r6
      0x00415ae0: 0x085087e5	str	r5, [r7, #8]
      0x00415ae4: 0x084084e2	add	r4, r4, #8
      0x00415ae8: 0x043085e5	str	r3, [r5, #4]
bl    at 0x00415aec: hooking 0x120100eb	bl	#0x415f3c -> 0x57a903eb	bl	#0x500050
      0x00415af0: 0x0400a0e1	mov	r0, r4
      0x00415af4: 0x0cd08de2	add	sp, sp, #0xc
      0x00415af8: 0xf04fbde8	pop	{r4, r5, r6, r7, r8, sb, sl, fp, lr}
      0x00415afc: 0x1eff2fe1	bx	lr
      0x00415b00: 0xa324a0e1	lsr	r2, r3, #9
      0x00415b04: 0x040052e3	cmp	r2, #4
      0x00415b08: 0x4100009a	bls	#0x415c14
      0x00415b0c: 0x140052e3	cmp	r2, #0x14
      0x00415b10: 0x8800008a	bhi	#0x415d38
      0x00415b14: 0x5c8082e2	add	r8, r2, #0x5c
      0x00415b18: 0x8881a0e1	lsl	r8, r8, #3
      0x00415b1c: 0x5b1082e2	add	r1, r2, #0x5b
      0x00415b20: 0x08e087e0	add	lr, r7, r8
      0x00415b24: 0x082097e7	ldr	r2, [r7, r8]
      0x00415b28: 0x08e04ee2	sub	lr, lr, #8
      0x00415b2c: 0x02005ee1	cmp	lr, r2
      0x00415b30: 0x7a00000a	beq	#0x415d20
      0x00415b34: 0x041092e5	ldr	r1, [r2, #4]
      0x00415b38: 0x0310c1e3	bic	r1, r1, #3
      0x00415b3c: 0x030051e1	cmp	r1, r3
      0x00415b40: 0x0200009a	bls	#0x415b50
      0x00415b44: 0x082092e5	ldr	r2, [r2, #8]
      0x00415b48: 0x02005ee1	cmp	lr, r2
      0x00415b4c: 0xf8ffff1a	bne	#0x415b34
      0x00415b50: 0x0ce092e5	ldr	lr, [r2, #0xc]
      0x00415b54: 0x043097e5	ldr	r3, [r7, #4]
      0x00415b58: 0x0ce084e5	str	lr, [r4, #0xc]
      0x00415b5c: 0x082084e5	str	r2, [r4, #8]
      0x00415b60: 0x08408ee5	str	r4, [lr, #8]
      0x00415b64: 0x0c4082e5	str	r4, [r2, #0xc]
b     at 0x00415b68: hooking 0x2effffea	b	#0x415828 -> 0x24a903eb	bl	#0x500000
      0x00415b6c: 0x140053e3	cmp	r3, #0x14
      0x00415b70: 0x2c00009a	bls	#0x415c28
      0x00415b74: 0x540053e3	cmp	r3, #0x54
      0x00415b78: 0x7500008a	bhi	#0x415d54
      0x00415b7c: 0x2536a0e1	lsr	r3, r5, #0xc
      0x00415b80: 0x6f0083e2	add	r0, r3, #0x6f
      0x00415b84: 0x6ec083e2	add	ip, r3, #0x6e
      0x00415b88: 0x8011a0e1	lsl	r1, r0, #3
b     at 0x00415b8c: hooking 0xf0feffea	b	#0x415754 -> 0x1ba903eb	bl	#0x500000
      0x00415b90: 0x014084e2	add	r4, r4, #1
      0x00415b94: 0x030014e3	tst	r4, #3
      0x00415b98: 0x081081e2	add	r1, r1, #8
      0x00415b9c: 0xa3ffff1a	bne	#0x415a30
b     at 0x00415ba0: hooking 0x3d0000ea	b	#0x415c9c -> 0x16a903eb	bl	#0x500000
      0x00415ba4: 0x0840a0e1	mov	r4, r8
      0x00415ba8: 0x033088e0	add	r3, r8, r3
      0x00415bac: 0x042093e5	ldr	r2, [r3, #4]
      0x00415bb0: 0x0c1098e5	ldr	r1, [r8, #0xc]
      0x00415bb4: 0x08c0b4e5	ldr	ip, [r4, #8]!
      0x00415bb8: 0x012082e3	orr	r2, r2, #1
      0x00415bbc: 0x042083e5	str	r2, [r3, #4]
      0x00415bc0: 0x0600a0e1	mov	r0, r6
      0x00415bc4: 0x0c108ce5	str	r1, [ip, #0xc]
      0x00415bc8: 0x08c081e5	str	ip, [r1, #8]
bl    at 0x00415bcc: hooking 0xda0000eb	bl	#0x415f3c -> 0x1fa903eb	bl	#0x500050
b     at 0x00415bd0: hooking 0xcafeffea	b	#0x415700 -> 0x0aa903eb	bl	#0x500000
      0x00415bd4: 0xa501a0e1	lsr	r0, r5, #3
      0x00415bd8: 0x083085e2	add	r3, r5, #8
b     at 0x00415bdc: hooking 0xadfeffea	b	#0x415698 -> 0x07a903eb	bl	#0x500000
      0x00415be0: 0x01e085e3	orr	lr, r5, #1
      0x00415be4: 0x011082e3	orr	r1, r2, #1
      0x00415be8: 0x055084e0	add	r5, r4, r5
      0x00415bec: 0x04e084e5	str	lr, [r4, #4]
      0x00415bf0: 0x0600a0e1	mov	r0, r6
      0x00415bf4: 0x145087e5	str	r5, [r7, #0x14]
      0x00415bf8: 0x105087e5	str	r5, [r7, #0x10]
      0x00415bfc: 0x0cc085e5	str	ip, [r5, #0xc]
      0x00415c00: 0x021085e9	stmib	r5, {r1, ip}
      0x00415c04: 0x032084e7	str	r2, [r4, r3]
bl    at 0x00415c08: hooking 0xcb0000eb	bl	#0x415f3c -> 0x10a903eb	bl	#0x500050
      0x00415c0c: 0x084084e2	add	r4, r4, #8
b     at 0x00415c10: hooking 0xbafeffea	b	#0x415700 -> 0xfaa803eb	bl	#0x500000
      0x00415c14: 0x2323a0e1	lsr	r2, r3, #6
      0x00415c18: 0x398082e2	add	r8, r2, #0x39
      0x00415c1c: 0x8881a0e1	lsl	r8, r8, #3
      0x00415c20: 0x381082e2	add	r1, r2, #0x38
b     at 0x00415c24: hooking 0xbdffffea	b	#0x415b20 -> 0xf5a803eb	bl	#0x500000
      0x00415c28: 0x5c0083e2	add	r0, r3, #0x5c
      0x00415c2c: 0x5bc083e2	add	ip, r3, #0x5b
      0x00415c30: 0x8011a0e1	lsl	r1, r0, #3
b     at 0x00415c34: hooking 0xc6feffea	b	#0x415754 -> 0xf1a803eb	bl	#0x500000
      0x00415c38: 0x081063e2	rsb	r1, r3, #8
      0x00415c3c: 0x01b08be0	add	fp, fp, r1
      0x00415c40: 0x011a63e2	rsb	r1, r3, #0x1000
      0x00415c44: 0x02208be0	add	r2, fp, r2
      0x00415c48: 0x081081e2	add	r1, r1, #8
      0x00415c4c: 0x021041e0	sub	r1, r1, r2
      0x00415c50: 0x01aaa0e1	lsl	sl, r1, #0x14
      0x00415c54: 0x2aaaa0e1	lsr	sl, sl, #0x14
      0x00415c58: 0x0a10a0e1	mov	r1, sl
      0x00415c5c: 0x0600a0e1	mov	r0, r6
      0x00415c60: 0x04308de5	str	r3, [sp, #4]
      0x00415c64: 0x00208de5	str	r2, [sp]
bl    at 0x00415c68: hooking 0xb40000eb	bl	#0x415f40 -> 0xf8a803eb	bl	#0x500050
      0x00415c6c: 0x010070e3	cmn	r0, #1
      0x00415c70: 0x0c009de8	ldm	sp, {r2, r3}
      0x00415c74: 0x2bffff1a	bne	#0x415928
      0x00415c78: 0x083043e2	sub	r3, r3, #8
      0x00415c7c: 0x032082e0	add	r2, r2, r3
      0x00415c80: 0x0b2042e0	sub	r2, r2, fp
      0x00415c84: 0x00a0a0e3	mov	sl, #0
b     at 0x00415c88: hooking 0x28ffffea	b	#0x415930 -> 0xdca803eb	bl	#0x500000
      0x00415c8c: 0x083019e4	ldr	r3, [sb], #-8
      0x00415c90: 0x090053e1	cmp	r3, sb
      0x00415c94: 0x010040e2	sub	r0, r0, #1
      0x00415c98: 0x5900001a	bne	#0x415e04
      0x00415c9c: 0x030010e3	tst	r0, #3
      0x00415ca0: 0xf9ffff1a	bne	#0x415c8c
      0x00415ca4: 0x043097e5	ldr	r3, [r7, #4]
      0x00415ca8: 0x0e30c3e1	bic	r3, r3, lr
      0x00415cac: 0x043087e5	str	r3, [r7, #4]
      0x00415cb0: 0x8ee0b0e1	lsls	lr, lr, #1
      0x00415cb4: 0x0120a013	movne	r2, #1
      0x00415cb8: 0x0020a003	moveq	r2, #0
      0x00415cbc: 0x03005ee1	cmp	lr, r3
      0x00415cc0: 0x0020a083	movhi	r2, #0
      0x00415cc4: 0x01200292	andls	r2, r2, #1
      0x00415cc8: 0x000052e3	cmp	r2, #0
      0x00415ccc: 0xdafeff0a	beq	#0x41583c
      0x00415cd0: 0x03001ee1	tst	lr, r3
      0x00415cd4: 0x0300001a	bne	#0x415ce8
      0x00415cd8: 0x8ee0a0e1	lsl	lr, lr, #1
      0x00415cdc: 0x03001ee1	tst	lr, r3
      0x00415ce0: 0x044084e2	add	r4, r4, #4
      0x00415ce4: 0xfbffff0a	beq	#0x415cd8
      0x00415ce8: 0x0400a0e1	mov	r0, r4
b     at 0x00415cec: hooking 0x4cffffea	b	#0x415a24 -> 0xc3a803eb	bl	#0x500000
      0x00415cf0: 0x0a1aa0e1	lsl	r1, sl, #0x14
      0x00415cf4: 0x211aa0e1	lsr	r1, r1, #0x14
      0x00415cf8: 0x000051e3	cmp	r1, #0
      0x00415cfc: 0xf4feff1a	bne	#0x4158d4
      0x00415d00: 0x022088e0	add	r2, r8, r2
      0x00415d04: 0x084097e5	ldr	r4, [r7, #8]
      0x00415d08: 0x012082e3	orr	r2, r2, #1
      0x00415d0c: 0x042084e5	str	r2, [r4, #4]
b     at 0x00415d10: hooking 0x20ffffea	b	#0x415998 -> 0xbaa803eb	bl	#0x500000
      0x00415d14: 0x084097e5	ldr	r4, [r7, #8]
      0x00415d18: 0x042094e5	ldr	r2, [r4, #4]
b     at 0x00415d1c: hooking 0x23ffffea	b	#0x4159b0 -> 0xb7a803eb	bl	#0x500000
      0x00415d20: 0x0180a0e3	mov	r8, #1
      0x00415d24: 0x043097e5	ldr	r3, [r7, #4]
      0x00415d28: 0x4111a0e1	asr	r1, r1, #2
      0x00415d2c: 0x183183e1	orr	r3, r3, r8, lsl r1
      0x00415d30: 0x043087e5	str	r3, [r7, #4]
b     at 0x00415d34: hooking 0x87ffffea	b	#0x415b58 -> 0xb1a803eb	bl	#0x500000
      0x00415d38: 0x540052e3	cmp	r2, #0x54
      0x00415d3c: 0x0d00008a	bhi	#0x415d78
      0x00415d40: 0x2326a0e1	lsr	r2, r3, #0xc
      0x00415d44: 0x6f8082e2	add	r8, r2, #0x6f
      0x00415d48: 0x8881a0e1	lsl	r8, r8, #3
      0x00415d4c: 0x6e1082e2	add	r1, r2, #0x6e
b     at 0x00415d50: hooking 0x72ffffea	b	#0x415b20 -> 0xaaa803eb	bl	#0x500000
      0x00415d54: 0x550f53e3	cmp	r3, #0x154
      0x00415d58: 0x0d00008a	bhi	#0x415d94
      0x00415d5c: 0xa537a0e1	lsr	r3, r5, #0xf
      0x00415d60: 0x780083e2	add	r0, r3, #0x78
      0x00415d64: 0x77c083e2	add	ip, r3, #0x77
      0x00415d68: 0x8011a0e1	lsl	r1, r0, #3
b     at 0x00415d6c: hooking 0x78feffea	b	#0x415754 -> 0xa3a803eb	bl	#0x500000
      0x00415d70: 0x0b40a0e1	mov	r4, fp
b     at 0x00415d74: hooking 0x07ffffea	b	#0x415998 -> 0xa1a803eb	bl	#0x500000
      0x00415d78: 0x550f52e3	cmp	r2, #0x154
      0x00415d7c: 0x1300008a	bhi	#0x415dd0
      0x00415d80: 0xa327a0e1	lsr	r2, r3, #0xf
      0x00415d84: 0x788082e2	add	r8, r2, #0x78
      0x00415d88: 0x8881a0e1	lsl	r8, r8, #3
      0x00415d8c: 0x771082e2	add	r1, r2, #0x77
b     at 0x00415d90: hooking 0x62ffffea	b	#0x415b20 -> 0x9aa803eb	bl	#0x500000
      0x00415d94: 0x7c209fe5	ldr	r2, [pc, #0x7c]
      0x00415d98: 0x020053e1	cmp	r3, r2
      0x00415d9c: 0x1400008a	bhi	#0x415df4
      0x00415da0: 0x2539a0e1	lsr	r3, r5, #0x12
      0x00415da4: 0x7d0083e2	add	r0, r3, #0x7d
      0x00415da8: 0x7cc083e2	add	ip, r3, #0x7c
      0x00415dac: 0x8011a0e1	lsl	r1, r0, #3
b     at 0x00415db0: hooking 0x67feffea	b	#0x415754 -> 0x92a803eb	bl	#0x500000
      0x00415db4: 0x081084e2	add	r1, r4, #8
      0x00415db8: 0x0600a0e1	mov	r0, r6
bl    at 0x00415dbc: hooking 0xb00000eb	bl	#0x416084 -> 0xa3a803eb	bl	#0x500050
      0x00415dc0: 0x084097e5	ldr	r4, [r7, #8]
      0x00415dc4: 0x043099e5	ldr	r3, [sb, #4]
      0x00415dc8: 0x042094e5	ldr	r2, [r4, #4]
b     at 0x00415dcc: hooking 0xf1feffea	b	#0x415998 -> 0x8ba803eb	bl	#0x500000
      0x00415dd0: 0x40109fe5	ldr	r1, [pc, #0x40]
      0x00415dd4: 0x010052e1	cmp	r2, r1
      0x00415dd8: 0x2329a091	lsrls	r2, r3, #0x12
      0x00415ddc: 0x7d808292	addls	r8, r2, #0x7d
      0x00415de0: 0x8881a091	lslls	r8, r8, #3
      0x00415de4: 0x7c108292	addls	r1, r2, #0x7c
      0x00415de8: 0xfe8fa083	movhi	r8, #0x3f8
      0x00415dec: 0x7e10a083	movhi	r1, #0x7e
b     at 0x00415df0: hooking 0x4affffea	b	#0x415b20 -> 0x82a803eb	bl	#0x500000
      0x00415df4: 0xfe1fa0e3	mov	r1, #0x3f8
      0x00415df8: 0x7f00a0e3	mov	r0, #0x7f
      0x00415dfc: 0x7ec0a0e3	mov	ip, #0x7e
b     at 0x00415e00: hooking 0x53feffea	b	#0x415754 -> 0x7ea803eb	bl	#0x500000
      0x00415e04: 0x043097e5	ldr	r3, [r7, #4]
b     at 0x00415e08: hooking 0xa8ffffea	b	#0x415cb0 -> 0x7ca803eb	bl	#0x500000
      0x00415e0c: 0xc86a4000	subeq	r6, r0, r8, asr #21
      0x00415e10: 0xd06a4000	ldrdeq	r6, r7, [r0], #-0xa0
      0x00415e14: 0xd86e4000	ldrdeq	r6, r7, [r0], #-0xe8
      0x00415e18: 0x54050000	andeq	r0, r0, r4, asr r5
      0x00415e1c: 0x0f0052e3	cmp	r2, #0xf
      0x00415e20: 0x3500009a	bls	#0x415efc
      0x00415e24: 0x013080e1	orr	r3, r0, r1
      0x00415e28: 0x030013e3	tst	r3, #3
      0x00415e2c: 0x3e00001a	bne	#0x415f2c
      0x00415e30: 0xf0412de9	push	{r4, r5, r6, r7, r8, lr}
      0x00415e34: 0x108042e2	sub	r8, r2, #0x10
      0x00415e38: 0x2882a0e1	lsr	r8, r8, #4
      0x00415e3c: 0x207081e2	add	r7, r1, #0x20
      0x00415e40: 0x087287e0	add	r7, r7, r8, lsl #4
      0x00415e44: 0x103081e2	add	r3, r1, #0x10
      0x00415e48: 0x10c080e2	add	ip, r0, #0x10
      0x00415e4c: 0x106013e5	ldr	r6, [r3, #-0x10]
      0x00415e50: 0x0c5013e5	ldr	r5, [r3, #-0xc]
      0x00415e54: 0x104013e9	ldmdb	r3, {r4, lr}
      0x00415e58: 0x103083e2	add	r3, r3, #0x10
      0x00415e5c: 0x070053e1	cmp	r3, r7
      0x00415e60: 0x10600ce5	str	r6, [ip, #-0x10]
      0x00415e64: 0x0c500ce5	str	r5, [ip, #-0xc]
      0x00415e68: 0x10400ce9	stmdb	ip, {r4, lr}
      0x00415e6c: 0x10c08ce2	add	ip, ip, #0x10
      0x00415e70: 0xf5ffff1a	bne	#0x415e4c
      0x00415e74: 0x01c088e2	add	ip, r8, #1
      0x00415e78: 0x0cc2a0e1	lsl	ip, ip, #4
      0x00415e7c: 0x0c0012e3	tst	r2, #0xc
      0x00415e80: 0x0fe002e2	and	lr, r2, #0xf
      0x00415e84: 0x0c1081e0	add	r1, r1, ip
      0x00415e88: 0x0e20a001	moveq	r2, lr
      0x00415e8c: 0x0cc080e0	add	ip, r0, ip
      0x00415e90: 0x0d00000a	beq	#0x415ecc
      0x00415e94: 0x0140a0e1	mov	r4, r1
      0x00415e98: 0x04e04ee2	sub	lr, lr, #4
      0x00415e9c: 0x2ee1a0e1	lsr	lr, lr, #2
      0x00415ea0: 0x0e618ce0	add	r6, ip, lr, lsl #2
      0x00415ea4: 0x04304ce2	sub	r3, ip, #4
      0x00415ea8: 0x045094e4	ldr	r5, [r4], #4
      0x00415eac: 0x0450a3e5	str	r5, [r3, #4]!
      0x00415eb0: 0x060053e1	cmp	r3, r6
      0x00415eb4: 0xfbffff1a	bne	#0x415ea8
      0x00415eb8: 0x01e08ee2	add	lr, lr, #1
      0x00415ebc: 0x0ee1a0e1	lsl	lr, lr, #2
      0x00415ec0: 0x0ec08ce0	add	ip, ip, lr
      0x00415ec4: 0x0e1081e0	add	r1, r1, lr
      0x00415ec8: 0x032002e2	and	r2, r2, #3
      0x00415ecc: 0x000052e3	cmp	r2, #0
      0x00415ed0: 0x012042e2	sub	r2, r2, #1
      0x00415ed4: 0x01208212	addne	r2, r2, #1
      0x00415ed8: 0x02308110	addne	r3, r1, r2
      0x00415edc: 0x01204c12	subne	r2, ip, #1
      0x00415ee0: 0x0300000a	beq	#0x415ef4
      0x00415ee4: 0x01c0d1e4	ldrb	ip, [r1], #1
      0x00415ee8: 0x030051e1	cmp	r1, r3
      0x00415eec: 0x01c0e2e5	strb	ip, [r2, #1]!
      0x00415ef0: 0xfbffff1a	bne	#0x415ee4
      0x00415ef4: 0xf041bde8	pop	{r4, r5, r6, r7, r8, lr}
      0x00415ef8: 0x1eff2fe1	bx	lr
      0x00415efc: 0x000052e3	cmp	r2, #0
      0x00415f00: 0x00c0a0e1	mov	ip, r0
      0x00415f04: 0x012042e2	sub	r2, r2, #1
      0x00415f08: 0x1eff2f01	bxeq	lr
      0x00415f0c: 0x012082e2	add	r2, r2, #1
      0x00415f10: 0x023081e0	add	r3, r1, r2
      0x00415f14: 0x01204ce2	sub	r2, ip, #1
      0x00415f18: 0x01c0d1e4	ldrb	ip, [r1], #1
      0x00415f1c: 0x030051e1	cmp	r1, r3
      0x00415f20: 0x01c0e2e5	strb	ip, [r2, #1]!
      0x00415f24: 0xfbffff1a	bne	#0x415f18
      0x00415f28: 0x1eff2fe1	bx	lr
      0x00415f2c: 0x012042e2	sub	r2, r2, #1
      0x00415f30: 0x00c0a0e1	mov	ip, r0
b     at 0x00415f34: hooking 0xf4ffffea	b	#0x415f0c -> 0x31a803eb	bl	#0x500000
      0x00415f38: 0x1eff2fe1	bx	lr
      0x00415f3c: 0x1eff2fe1	bx	lr
      0x00415f40: 0x0030a0e3	mov	r3, #0
      0x00415f44: 0x70402de9	push	{r4, r5, r6, lr}
      0x00415f48: 0x30409fe5	ldr	r4, [pc, #0x30]
      0x00415f4c: 0x0050a0e1	mov	r5, r0
      0x00415f50: 0x0100a0e1	mov	r0, r1
      0x00415f54: 0x003084e5	str	r3, [r4]
bl    at 0x00415f58: hooking 0x480100eb	bl	#0x416480 -> 0x3ca803eb	bl	#0x500050
      0x00415f5c: 0x010070e3	cmn	r0, #1
      0x00415f60: 0x0100000a	beq	#0x415f6c
      0x00415f64: 0x7040bde8	pop	{r4, r5, r6, lr}
      0x00415f68: 0x1eff2fe1	bx	lr
      0x00415f6c: 0x003094e5	ldr	r3, [r4]
      0x00415f70: 0x000053e3	cmp	r3, #0
      0x00415f74: 0x00308515	strne	r3, [r5]
      0x00415f78: 0x7040bde8	pop	{r4, r5, r6, lr}
      0x00415f7c: 0x1eff2fe1	bx	lr
      0x00415f80: 0x106f4000	subeq	r6, r0, r0, lsl pc
      0x00415f84: 0xf0412de9	push	{r4, r5, r6, r7, r8, lr}
      0x00415f88: 0x0140a0e1	mov	r4, r1
      0x00415f8c: 0xe4709fe5	ldr	r7, [pc, #0xe4]
      0x00415f90: 0x0060a0e1	mov	r6, r0
bl    at 0x00415f94: hooking 0xe7ffffeb	bl	#0x415f38 -> 0x2da803eb	bl	#0x500050
      0x00415f98: 0x083097e5	ldr	r3, [r7, #8]
      0x00415f9c: 0x045093e5	ldr	r5, [r3, #4]
      0x00415fa0: 0xfe1e64e2	rsb	r1, r4, #0xfe0
      0x00415fa4: 0x0f1081e2	add	r1, r1, #0xf
      0x00415fa8: 0x0350c5e3	bic	r5, r5, #3
      0x00415fac: 0x051081e0	add	r1, r1, r5
      0x00415fb0: 0xff1ec1e3	bic	r1, r1, #0xff0
      0x00415fb4: 0x0f10c1e3	bic	r1, r1, #0xf
      0x00415fb8: 0x014a41e2	sub	r4, r1, #0x1000
      0x00415fbc: 0x010a54e3	cmp	r4, #0x1000
      0x00415fc0: 0x060000ba	blt	#0x415fe0
      0x00415fc4: 0x0010a0e3	mov	r1, #0
      0x00415fc8: 0x0600a0e1	mov	r0, r6
bl    at 0x00415fcc: hooking 0xdbffffeb	bl	#0x415f40 -> 0x1fa803eb	bl	#0x500050
      0x00415fd0: 0x083097e5	ldr	r3, [r7, #8]
      0x00415fd4: 0x053083e0	add	r3, r3, r5
      0x00415fd8: 0x030050e1	cmp	r0, r3
      0x00415fdc: 0x0400000a	beq	#0x415ff4
      0x00415fe0: 0x0600a0e1	mov	r0, r6
bl    at 0x00415fe4: hooking 0xd4ffffeb	bl	#0x415f3c -> 0x19a803eb	bl	#0x500050
      0x00415fe8: 0x0000a0e3	mov	r0, #0
      0x00415fec: 0xf041bde8	pop	{r4, r5, r6, r7, r8, lr}
      0x00415ff0: 0x1eff2fe1	bx	lr
      0x00415ff4: 0x001064e2	rsb	r1, r4, #0
      0x00415ff8: 0x0600a0e1	mov	r0, r6
bl    at 0x00415ffc: hooking 0xcfffffeb	bl	#0x415f40 -> 0x13a803eb	bl	#0x500050
      0x00416000: 0x010070e3	cmn	r0, #1
      0x00416004: 0x0c00000a	beq	#0x41603c
      0x00416008: 0x6c309fe5	ldr	r3, [pc, #0x6c]
      0x0041600c: 0x082097e5	ldr	r2, [r7, #8]
      0x00416010: 0x001093e5	ldr	r1, [r3]
      0x00416014: 0x045045e0	sub	r5, r5, r4
      0x00416018: 0x015085e3	orr	r5, r5, #1
      0x0041601c: 0x0600a0e1	mov	r0, r6
      0x00416020: 0x041041e0	sub	r1, r1, r4
      0x00416024: 0x045082e5	str	r5, [r2, #4]
      0x00416028: 0x001083e5	str	r1, [r3]
bl    at 0x0041602c: hooking 0xc2ffffeb	bl	#0x415f3c -> 0x07a803eb	bl	#0x500050
      0x00416030: 0x0100a0e3	mov	r0, #1
      0x00416034: 0xf041bde8	pop	{r4, r5, r6, r7, r8, lr}
      0x00416038: 0x1eff2fe1	bx	lr
      0x0041603c: 0x0010a0e3	mov	r1, #0
      0x00416040: 0x0600a0e1	mov	r0, r6
bl    at 0x00416044: hooking 0xbdffffeb	bl	#0x415f40 -> 0x01a803eb	bl	#0x500050
      0x00416048: 0x082097e5	ldr	r2, [r7, #8]
      0x0041604c: 0x023040e0	sub	r3, r0, r2
      0x00416050: 0x0f0053e3	cmp	r3, #0xf
      0x00416054: 0xe1ffffda	ble	#0x415fe0
      0x00416058: 0x20109fe5	ldr	r1, [pc, #0x20]
      0x0041605c: 0x00c091e5	ldr	ip, [r1]
      0x00416060: 0x14109fe5	ldr	r1, [pc, #0x14]
      0x00416064: 0x013083e3	orr	r3, r3, #1
      0x00416068: 0x0c0040e0	sub	r0, r0, ip
      0x0041606c: 0x043082e5	str	r3, [r2, #4]
      0x00416070: 0x000081e5	str	r0, [r1]
b     at 0x00416074: hooking 0xd9ffffea	b	#0x415fe0 -> 0xe1a703eb	bl	#0x500000
      0x00416078: 0xc86a4000	subeq	r6, r0, r8, asr #21
      0x0041607c: 0xdc6e4000	ldrdeq	r6, r7, [r0], #-0xec
      0x00416080: 0xd06e4000	ldrdeq	r6, r7, [r0], #-0xe0
      0x00416084: 0xf0412de9	push	{r4, r5, r6, r7, r8, lr}
      0x00416088: 0x005051e2	subs	r5, r1, #0
      0x0041608c: 0x3200000a	beq	#0x41615c
      0x00416090: 0x0040a0e1	mov	r4, r0
bl    at 0x00416094: hooking 0xa7ffffeb	bl	#0x415f38 -> 0xeda703eb	bl	#0x500050
      0x00416098: 0x040015e5	ldr	r0, [r5, #-4]
      0x0041609c: 0xb0e29fe5	ldr	lr, [pc, #0x2b0]
      0x004160a0: 0x0130c0e3	bic	r3, r0, #1
      0x004160a4: 0x08c045e2	sub	ip, r5, #8
      0x004160a8: 0x03108ce0	add	r1, ip, r3
      0x004160ac: 0x08609ee5	ldr	r6, [lr, #8]
      0x004160b0: 0x042091e5	ldr	r2, [r1, #4]
      0x004160b4: 0x010056e1	cmp	r6, r1
      0x004160b8: 0x0320c2e3	bic	r2, r2, #3
      0x004160bc: 0x6300000a	beq	#0x416250
      0x004160c0: 0x010010e3	tst	r0, #1
      0x004160c4: 0x042081e5	str	r2, [r1, #4]
      0x004160c8: 0x020081e0	add	r0, r1, r2
      0x004160cc: 0x2400001a	bne	#0x416164
      0x004160d0: 0x087015e5	ldr	r7, [r5, #-8]
      0x004160d4: 0x07c04ce0	sub	ip, ip, r7
      0x004160d8: 0x08509ce5	ldr	r5, [ip, #8]
      0x004160dc: 0x040090e5	ldr	r0, [r0, #4]
      0x004160e0: 0x08608ee2	add	r6, lr, #8
      0x004160e4: 0x060055e1	cmp	r5, r6
      0x004160e8: 0x073083e0	add	r3, r3, r7
      0x004160ec: 0x010000e2	and	r0, r0, #1
      0x004160f0: 0x4800000a	beq	#0x416218
      0x004160f4: 0x0c709ce5	ldr	r7, [ip, #0xc]
      0x004160f8: 0x000050e3	cmp	r0, #0
      0x004160fc: 0x0c7085e5	str	r7, [r5, #0xc]
      0x00416100: 0x085087e5	str	r5, [r7, #8]
      0x00416104: 0x7000000a	beq	#0x4162cc
      0x00416108: 0x012083e3	orr	r2, r3, #1
      0x0041610c: 0x04208ce5	str	r2, [ip, #4]
      0x00416110: 0x003081e5	str	r3, [r1]
      0x00416114: 0x020c53e3	cmp	r3, #0x200
      0x00416118: 0x2500002a	bhs	#0x4161b4
      0x0041611c: 0x0150a0e3	mov	r5, #1
      0x00416120: 0x04009ee5	ldr	r0, [lr, #4]
      0x00416124: 0xa331a0e1	lsr	r3, r3, #3
      0x00416128: 0x052083e0	add	r2, r3, r5
      0x0041612c: 0x4331a0e1	asr	r3, r3, #2
      0x00416130: 0x153380e1	orr	r3, r0, r5, lsl r3
      0x00416134: 0x82118ee0	add	r1, lr, r2, lsl #3
      0x00416138: 0x82019ee7	ldr	r0, [lr, r2, lsl #3]
      0x0041613c: 0x081041e2	sub	r1, r1, #8
      0x00416140: 0x0c108ce5	str	r1, [ip, #0xc]
      0x00416144: 0x08008ce5	str	r0, [ip, #8]
      0x00416148: 0x04308ee5	str	r3, [lr, #4]
      0x0041614c: 0x82c18ee7	str	ip, [lr, r2, lsl #3]
      0x00416150: 0x0cc080e5	str	ip, [r0, #0xc]
      0x00416154: 0x0400a0e1	mov	r0, r4
bl    at 0x00416158: hooking 0x77ffffeb	bl	#0x415f3c -> 0xbca703eb	bl	#0x500050
      0x0041615c: 0xf041bde8	pop	{r4, r5, r6, r7, r8, lr}
      0x00416160: 0x1eff2fe1	bx	lr
      0x00416164: 0x040090e5	ldr	r0, [r0, #4]
      0x00416168: 0x010010e3	tst	r0, #1
      0x0041616c: 0x0b00001a	bne	#0x4161a0
      0x00416170: 0x023083e0	add	r3, r3, r2
      0x00416174: 0x08608ee2	add	r6, lr, #8
      0x00416178: 0x082091e5	ldr	r2, [r1, #8]
      0x0041617c: 0x060052e1	cmp	r2, r6
      0x00416180: 0x010083e3	orr	r0, r3, #1
      0x00416184: 0x5c00000a	beq	#0x4162fc
      0x00416188: 0x0c1091e5	ldr	r1, [r1, #0xc]
      0x0041618c: 0x0c1082e5	str	r1, [r2, #0xc]
      0x00416190: 0x082081e5	str	r2, [r1, #8]
      0x00416194: 0x04008ce5	str	r0, [ip, #4]
      0x00416198: 0x03308ce7	str	r3, [ip, r3]
b     at 0x0041619c: hooking 0xdcffffea	b	#0x416114 -> 0x97a703eb	bl	#0x500000
      0x004161a0: 0x012083e3	orr	r2, r3, #1
      0x004161a4: 0x020c53e3	cmp	r3, #0x200
      0x004161a8: 0x042005e5	str	r2, [r5, #-4]
      0x004161ac: 0x003081e5	str	r3, [r1]
      0x004161b0: 0xd9ffff3a	blo	#0x41611c
      0x004161b4: 0xa324a0e1	lsr	r2, r3, #9
      0x004161b8: 0x040052e3	cmp	r2, #4
      0x004161bc: 0x3900008a	bhi	#0x4162a8
      0x004161c0: 0x2323a0e1	lsr	r2, r3, #6
      0x004161c4: 0x395082e2	add	r5, r2, #0x39
      0x004161c8: 0x8551a0e1	lsl	r5, r5, #3
      0x004161cc: 0x381082e2	add	r1, r2, #0x38
      0x004161d0: 0x05008ee0	add	r0, lr, r5
      0x004161d4: 0x05209ee7	ldr	r2, [lr, r5]
      0x004161d8: 0x080040e2	sub	r0, r0, #8
      0x004161dc: 0x020050e1	cmp	r0, r2
      0x004161e0: 0x3f00000a	beq	#0x4162e4
      0x004161e4: 0x041092e5	ldr	r1, [r2, #4]
      0x004161e8: 0x0310c1e3	bic	r1, r1, #3
      0x004161ec: 0x030051e1	cmp	r1, r3
      0x004161f0: 0x0200009a	bls	#0x416200
      0x004161f4: 0x082092e5	ldr	r2, [r2, #8]
      0x004161f8: 0x020050e1	cmp	r0, r2
      0x004161fc: 0xf8ffff1a	bne	#0x4161e4
      0x00416200: 0x0c0092e5	ldr	r0, [r2, #0xc]
      0x00416204: 0x0c008ce5	str	r0, [ip, #0xc]
      0x00416208: 0x08208ce5	str	r2, [ip, #8]
      0x0041620c: 0x08c080e5	str	ip, [r0, #8]
      0x00416210: 0x0cc082e5	str	ip, [r2, #0xc]
b     at 0x00416214: hooking 0xceffffea	b	#0x416154 -> 0x79a703eb	bl	#0x500000
      0x00416218: 0x000050e3	cmp	r0, #0
      0x0041621c: 0x01208313	orrne	r2, r3, #1
      0x00416220: 0x04208c15	strne	r2, [ip, #4]
      0x00416224: 0x00308115	strne	r3, [r1]
      0x00416228: 0xc9ffff1a	bne	#0x416154
      0x0041622c: 0x081081e2	add	r1, r1, #8
      0x00416230: 0x033082e0	add	r3, r2, r3
      0x00416234: 0x060091e8	ldm	r1, {r1, r2}
      0x00416238: 0x010083e3	orr	r0, r3, #1
      0x0041623c: 0x0c2081e5	str	r2, [r1, #0xc]
      0x00416240: 0x081082e5	str	r1, [r2, #8]
      0x00416244: 0x04008ce5	str	r0, [ip, #4]
      0x00416248: 0x03308ce7	str	r3, [ip, r3]
b     at 0x0041624c: hooking 0xc0ffffea	b	#0x416154 -> 0x6ba703eb	bl	#0x500000
      0x00416250: 0x010010e3	tst	r0, #1
      0x00416254: 0x023083e0	add	r3, r3, r2
      0x00416258: 0x0600001a	bne	#0x416278
      0x0041625c: 0x082015e5	ldr	r2, [r5, #-8]
      0x00416260: 0x02c04ce0	sub	ip, ip, r2
      0x00416264: 0x08008ce2	add	r0, ip, #8
      0x00416268: 0x030090e8	ldm	r0, {r0, r1}
      0x0041626c: 0x0c1080e5	str	r1, [r0, #0xc]
      0x00416270: 0x080081e5	str	r0, [r1, #8]
      0x00416274: 0x023083e0	add	r3, r3, r2
      0x00416278: 0xd8209fe5	ldr	r2, [pc, #0xd8]
      0x0041627c: 0x002092e5	ldr	r2, [r2]
      0x00416280: 0x030052e1	cmp	r2, r3
      0x00416284: 0x013083e3	orr	r3, r3, #1
      0x00416288: 0x04308ce5	str	r3, [ip, #4]
      0x0041628c: 0x08c08ee5	str	ip, [lr, #8]
      0x00416290: 0xafffff8a	bhi	#0x416154
      0x00416294: 0xc0309fe5	ldr	r3, [pc, #0xc0]
      0x00416298: 0x0400a0e1	mov	r0, r4
      0x0041629c: 0x001093e5	ldr	r1, [r3]
bl    at 0x004162a0: hooking 0x37ffffeb	bl	#0x415f84 -> 0x6aa703eb	bl	#0x500050
b     at 0x004162a4: hooking 0xaaffffea	b	#0x416154 -> 0x55a703eb	bl	#0x500000
      0x004162a8: 0x140052e3	cmp	r2, #0x14
      0x004162ac: 0x0800009a	bls	#0x4162d4
      0x004162b0: 0x540052e3	cmp	r2, #0x54
      0x004162b4: 0x1600008a	bhi	#0x416314
      0x004162b8: 0x2326a0e1	lsr	r2, r3, #0xc
      0x004162bc: 0x6f5082e2	add	r5, r2, #0x6f
      0x004162c0: 0x8551a0e1	lsl	r5, r5, #3
      0x004162c4: 0x6e1082e2	add	r1, r2, #0x6e
b     at 0x004162c8: hooking 0xc0ffffea	b	#0x4161d0 -> 0x4ca703eb	bl	#0x500000
      0x004162cc: 0x023083e0	add	r3, r3, r2
b     at 0x004162d0: hooking 0xa8ffffea	b	#0x416178 -> 0x4aa703eb	bl	#0x500000
      0x004162d4: 0x5c5082e2	add	r5, r2, #0x5c
      0x004162d8: 0x8551a0e1	lsl	r5, r5, #3
      0x004162dc: 0x5b1082e2	add	r1, r2, #0x5b
b     at 0x004162e0: hooking 0xbaffffea	b	#0x4161d0 -> 0x46a703eb	bl	#0x500000
      0x004162e4: 0x0150a0e3	mov	r5, #1
      0x004162e8: 0x04309ee5	ldr	r3, [lr, #4]
      0x004162ec: 0x4111a0e1	asr	r1, r1, #2
      0x004162f0: 0x151183e1	orr	r1, r3, r5, lsl r1
      0x004162f4: 0x04108ee5	str	r1, [lr, #4]
b     at 0x004162f8: hooking 0xc1ffffea	b	#0x416204 -> 0x40a703eb	bl	#0x500000
      0x004162fc: 0x14c08ee5	str	ip, [lr, #0x14]
      0x00416300: 0x10c08ee5	str	ip, [lr, #0x10]
      0x00416304: 0x0c608ce5	str	r6, [ip, #0xc]
      0x00416308: 0x41008ce9	stmib	ip, {r0, r6}
      0x0041630c: 0x03308ce7	str	r3, [ip, r3]
b     at 0x00416310: hooking 0x8fffffea	b	#0x416154 -> 0x3aa703eb	bl	#0x500000
      0x00416314: 0x550f52e3	cmp	r2, #0x154
      0x00416318: 0x0400008a	bhi	#0x416330
      0x0041631c: 0xa327a0e1	lsr	r2, r3, #0xf
      0x00416320: 0x785082e2	add	r5, r2, #0x78
      0x00416324: 0x8551a0e1	lsl	r5, r5, #3
      0x00416328: 0x771082e2	add	r1, r2, #0x77
b     at 0x0041632c: hooking 0xa7ffffea	b	#0x4161d0 -> 0x33a703eb	bl	#0x500000
      0x00416330: 0x28109fe5	ldr	r1, [pc, #0x28]
      0x00416334: 0x010052e1	cmp	r2, r1
      0x00416338: 0x2329a091	lsrls	r2, r3, #0x12
      0x0041633c: 0x7d508292	addls	r5, r2, #0x7d
      0x00416340: 0x8551a091	lslls	r5, r5, #3
      0x00416344: 0x7c108292	addls	r1, r2, #0x7c
      0x00416348: 0xfe5fa083	movhi	r5, #0x3f8
      0x0041634c: 0x7e10a083	movhi	r1, #0x7e
b     at 0x00416350: hooking 0x9effffea	b	#0x4161d0 -> 0x2aa703eb	bl	#0x500000
      0x00416354: 0xc86a4000	subeq	r6, r0, r8, asr #21
      0x00416358: 0xd46e4000	ldrdeq	r6, r7, [r0], #-0xe4
      0x0041635c: 0xd86e4000	ldrdeq	r6, r7, [r0], #-0xe8
      0x00416360: 0x54050000	andeq	r0, r0, r4, asr r5
      0x00416364: 0x70402de9	push	{r4, r5, r6, lr}
      0x00416368: 0x0140a0e1	mov	r4, r1
      0x0041636c: 0x001091e5	ldr	r1, [r1]
      0x00416370: 0x000051e3	cmp	r1, #0
      0x00416374: 0x0050a0e1	mov	r5, r0
      0x00416378: 0xf9ffff1b	blne	#0x416364
      0x0041637c: 0x0410a0e1	mov	r1, r4
      0x00416380: 0x0500a0e1	mov	r0, r5
bl    at 0x00416384: hooking 0x3effffeb	bl	#0x416084 -> 0x31a703eb	bl	#0x500050
      0x00416388: 0x7040bde8	pop	{r4, r5, r6, lr}
      0x0041638c: 0x1eff2fe1	bx	lr
      0x00416390: 0xe4309fe5	ldr	r3, [pc, #0xe4]
      0x00416394: 0x003093e5	ldr	r3, [r3]
      0x00416398: 0x000053e1	cmp	r3, r0
      0x0041639c: 0x1eff2f01	bxeq	lr
      0x004163a0: 0x4c3090e5	ldr	r3, [r0, #0x4c]
      0x004163a4: 0x000053e3	cmp	r3, #0
      0x004163a8: 0x70402de9	push	{r4, r5, r6, lr}
      0x004163ac: 0x0050a0e1	mov	r5, r0
      0x004163b0: 0x0f00000a	beq	#0x4163f4
      0x004163b4: 0x0060a0e3	mov	r6, #0
      0x004163b8: 0x061093e7	ldr	r1, [r3, r6]
      0x004163bc: 0x000051e3	cmp	r1, #0
      0x004163c0: 0x0500000a	beq	#0x4163dc
      0x004163c4: 0x004091e5	ldr	r4, [r1]
      0x004163c8: 0x0500a0e1	mov	r0, r5
bl    at 0x004163cc: hooking 0x2cffffeb	bl	#0x416084 -> 0x1fa703eb	bl	#0x500050
      0x004163d0: 0x001054e2	subs	r1, r4, #0
      0x004163d4: 0xfaffff1a	bne	#0x4163c4
      0x004163d8: 0x4c3095e5	ldr	r3, [r5, #0x4c]
      0x004163dc: 0x046086e2	add	r6, r6, #4
      0x004163e0: 0x800056e3	cmp	r6, #0x80
      0x004163e4: 0xf3ffff1a	bne	#0x4163b8
      0x004163e8: 0x0310a0e1	mov	r1, r3
      0x004163ec: 0x0500a0e1	mov	r0, r5
bl    at 0x004163f0: hooking 0x23ffffeb	bl	#0x416084 -> 0x16a703eb	bl	#0x500050
      0x004163f4: 0x401095e5	ldr	r1, [r5, #0x40]
      0x004163f8: 0x000051e3	cmp	r1, #0
      0x004163fc: 0x0500a011	movne	r0, r5
      0x00416400: 0x1fffff1b	blne	#0x416084
      0x00416404: 0x481195e5	ldr	r1, [r5, #0x148]
      0x00416408: 0x000051e3	cmp	r1, #0
      0x0041640c: 0x0800000a	beq	#0x416434
      0x00416410: 0x536f85e2	add	r6, r5, #0x14c
      0x00416414: 0x060051e1	cmp	r1, r6
      0x00416418: 0x0500000a	beq	#0x416434
      0x0041641c: 0x004091e5	ldr	r4, [r1]
      0x00416420: 0x0500a0e1	mov	r0, r5
bl    at 0x00416424: hooking 0x16ffffeb	bl	#0x416084 -> 0x09a703eb	bl	#0x500050
      0x00416428: 0x040056e1	cmp	r6, r4
      0x0041642c: 0x0410a0e1	mov	r1, r4
      0x00416430: 0xf9ffff1a	bne	#0x41641c
      0x00416434: 0x541095e5	ldr	r1, [r5, #0x54]
      0x00416438: 0x000051e3	cmp	r1, #0
      0x0041643c: 0x0500a011	movne	r0, r5
      0x00416440: 0x0fffff1b	blne	#0x416084
      0x00416444: 0x383095e5	ldr	r3, [r5, #0x38]
      0x00416448: 0x000053e3	cmp	r3, #0
      0x0041644c: 0x0800000a	beq	#0x416474
      0x00416450: 0x3c3095e5	ldr	r3, [r5, #0x3c]
      0x00416454: 0x0500a0e1	mov	r0, r5
      0x00416458: 0x0fe0a0e1	mov	lr, pc
      0x0041645c: 0x13ff2fe1	bx	r3
      0x00416460: 0xe01295e5	ldr	r1, [r5, #0x2e0]
      0x00416464: 0x000051e3	cmp	r1, #0
      0x00416468: 0x0500a011	movne	r0, r5
      0x0041646c: 0x7040bd18	popne	{r4, r5, r6, lr}
      0x00416470: 0xbbffff1a	bne	#0x416364
      0x00416474: 0x7040bde8	pop	{r4, r5, r6, lr}
      0x00416478: 0x1eff2fe1	bx	lr
      0x0041647c: 0x98664000	umaaleq	r6, r0, r8, r6
      0x00416480: 0x1c209fe5	ldr	r2, [pc, #0x1c]
      0x00416484: 0x003092e5	ldr	r3, [r2]
      0x00416488: 0x18109fe5	ldr	r1, [pc, #0x18]
      0x0041648c: 0x000053e3	cmp	r3, #0
      0x00416490: 0x0130a001	moveq	r3, r1
      0x00416494: 0x000083e0	add	r0, r3, r0
      0x00416498: 0x000082e5	str	r0, [r2]
      0x0041649c: 0x0300a0e1	mov	r0, r3
      0x004164a0: 0x1eff2fe1	bx	lr
      0x004164a4: 0x0c6f4000	subeq	r6, r0, ip, lsl #30
load_address         = 0x00400000
text_start           = 0x00410000
text_end             = 0x004164b0
omit_addresses       = []
hook_b               = 0x00500000
hook_bl              = 0x00500050
hook_br              = 0x005000a0
hook_blr             = 0x005000c8
hooking ./sample_kissfft from 0x00010000 to 0x000164b0
      0x00410000: 0x10482de9	push	{r4, fp, lr}
      0x00410004: 0x08b08de2	add	fp, sp, #8
      0x00410008: 0x24d04de2	sub	sp, sp, #0x24
      0x0041000c: 0x20000be5	str	r0, [fp, #-0x20]
      0x00410010: 0x24100be5	str	r1, [fp, #-0x24]
      0x00410014: 0x28200be5	str	r2, [fp, #-0x28]
      0x00410018: 0x2c300be5	str	r3, [fp, #-0x2c]
      0x0041001c: 0x28301be5	ldr	r3, [fp, #-0x28]
      0x00410020: 0x423f83e2	add	r3, r3, #0x108
      0x00410024: 0x14300be5	str	r3, [fp, #-0x14]
      0x00410028: 0x2c301be5	ldr	r3, [fp, #-0x2c]
      0x0041002c: 0x8331a0e1	lsl	r3, r3, #3
      0x00410030: 0x20201be5	ldr	r2, [fp, #-0x20]
      0x00410034: 0x033082e0	add	r3, r2, r3
      0x00410038: 0x10300be5	str	r3, [fp, #-0x10]
      0x0041003c: 0x10301be5	ldr	r3, [fp, #-0x10]
      0x00410040: 0x002093e5	ldr	r2, [r3]
      0x00410044: 0x14301be5	ldr	r3, [fp, #-0x14]
      0x00410048: 0x003093e5	ldr	r3, [r3]
      0x0041004c: 0x0310a0e1	mov	r1, r3
      0x00410050: 0x0200a0e1	mov	r0, r2
bl    at 0x00410054: hooking 0x3d1100eb	bl	#0x414550 -> 0xfdbf03eb	bl	#0x500050
      0x00410058: 0x0030a0e1	mov	r3, r0
      0x0041005c: 0x0340a0e1	mov	r4, r3
      0x00410060: 0x10301be5	ldr	r3, [fp, #-0x10]
      0x00410064: 0x042093e5	ldr	r2, [r3, #4]
      0x00410068: 0x14301be5	ldr	r3, [fp, #-0x14]
      0x0041006c: 0x043093e5	ldr	r3, [r3, #4]
      0x00410070: 0x0310a0e1	mov	r1, r3
      0x00410074: 0x0200a0e1	mov	r0, r2
bl    at 0x00410078: hooking 0x341100eb	bl	#0x414550 -> 0xf4bf03eb	bl	#0x500050
      0x0041007c: 0x0030a0e1	mov	r3, r0
      0x00410080: 0x0310a0e1	mov	r1, r3
      0x00410084: 0x0400a0e1	mov	r0, r4
bl    at 0x00410088: hooking 0xb91400eb	bl	#0x415374 -> 0xf0bf03eb	bl	#0x500050
      0x0041008c: 0x0030a0e1	mov	r3, r0
      0x00410090: 0x1c300be5	str	r3, [fp, #-0x1c]
      0x00410094: 0x10301be5	ldr	r3, [fp, #-0x10]
      0x00410098: 0x002093e5	ldr	r2, [r3]
      0x0041009c: 0x14301be5	ldr	r3, [fp, #-0x14]
      0x004100a0: 0x043093e5	ldr	r3, [r3, #4]
      0x004100a4: 0x0310a0e1	mov	r1, r3
      0x004100a8: 0x0200a0e1	mov	r0, r2
bl    at 0x004100ac: hooking 0x271100eb	bl	#0x414550 -> 0xe7bf03eb	bl	#0x500050
      0x004100b0: 0x0030a0e1	mov	r3, r0
      0x004100b4: 0x0340a0e1	mov	r4, r3
      0x004100b8: 0x10301be5	ldr	r3, [fp, #-0x10]
      0x004100bc: 0x042093e5	ldr	r2, [r3, #4]
      0x004100c0: 0x14301be5	ldr	r3, [fp, #-0x14]
      0x004100c4: 0x003093e5	ldr	r3, [r3]
      0x004100c8: 0x0310a0e1	mov	r1, r3
      0x004100cc: 0x0200a0e1	mov	r0, r2
bl    at 0x004100d0: hooking 0x1e1100eb	bl	#0x414550 -> 0xdebf03eb	bl	#0x500050
      0x004100d4: 0x0030a0e1	mov	r3, r0
      0x004100d8: 0x0310a0e1	mov	r1, r3
      0x004100dc: 0x0400a0e1	mov	r0, r4
bl    at 0x004100e0: hooking 0xa41400eb	bl	#0x415378 -> 0xdabf03eb	bl	#0x500050
      0x004100e4: 0x0030a0e1	mov	r3, r0
      0x004100e8: 0x18300be5	str	r3, [fp, #-0x18]
      0x004100ec: 0x24301be5	ldr	r3, [fp, #-0x24]
      0x004100f0: 0x8331a0e1	lsl	r3, r3, #3
      0x004100f4: 0x14201be5	ldr	r2, [fp, #-0x14]
      0x004100f8: 0x033082e0	add	r3, r2, r3
      0x004100fc: 0x14300be5	str	r3, [fp, #-0x14]
      0x00410100: 0x20301be5	ldr	r3, [fp, #-0x20]
      0x00410104: 0x003093e5	ldr	r3, [r3]
      0x00410108: 0x1c201be5	ldr	r2, [fp, #-0x1c]
      0x0041010c: 0x0210a0e1	mov	r1, r2
      0x00410110: 0x0300a0e1	mov	r0, r3
bl    at 0x00410114: hooking 0x961400eb	bl	#0x415374 -> 0xcdbf03eb	bl	#0x500050
      0x00410118: 0x0030a0e1	mov	r3, r0
      0x0041011c: 0x0320a0e1	mov	r2, r3
      0x00410120: 0x10301be5	ldr	r3, [fp, #-0x10]
      0x00410124: 0x002083e5	str	r2, [r3]
      0x00410128: 0x20301be5	ldr	r3, [fp, #-0x20]
      0x0041012c: 0x043093e5	ldr	r3, [r3, #4]
      0x00410130: 0x18201be5	ldr	r2, [fp, #-0x18]
      0x00410134: 0x0210a0e1	mov	r1, r2
      0x00410138: 0x0300a0e1	mov	r0, r3
bl    at 0x0041013c: hooking 0x8c1400eb	bl	#0x415374 -> 0xc3bf03eb	bl	#0x500050
      0x00410140: 0x0030a0e1	mov	r3, r0
      0x00410144: 0x0320a0e1	mov	r2, r3
      0x00410148: 0x10301be5	ldr	r3, [fp, #-0x10]
      0x0041014c: 0x042083e5	str	r2, [r3, #4]
      0x00410150: 0x20301be5	ldr	r3, [fp, #-0x20]
      0x00410154: 0x003093e5	ldr	r3, [r3]
      0x00410158: 0x1c201be5	ldr	r2, [fp, #-0x1c]
      0x0041015c: 0x0210a0e1	mov	r1, r2
      0x00410160: 0x0300a0e1	mov	r0, r3
bl    at 0x00410164: hooking 0x831400eb	bl	#0x415378 -> 0xb9bf03eb	bl	#0x500050
      0x00410168: 0x0030a0e1	mov	r3, r0
      0x0041016c: 0x0320a0e1	mov	r2, r3
      0x00410170: 0x20301be5	ldr	r3, [fp, #-0x20]
      0x00410174: 0x002083e5	str	r2, [r3]
      0x00410178: 0x20301be5	ldr	r3, [fp, #-0x20]
      0x0041017c: 0x043093e5	ldr	r3, [r3, #4]
      0x00410180: 0x18201be5	ldr	r2, [fp, #-0x18]
      0x00410184: 0x0210a0e1	mov	r1, r2
      0x00410188: 0x0300a0e1	mov	r0, r3
bl    at 0x0041018c: hooking 0x791400eb	bl	#0x415378 -> 0xafbf03eb	bl	#0x500050
      0x00410190: 0x0030a0e1	mov	r3, r0
      0x00410194: 0x0320a0e1	mov	r2, r3
      0x00410198: 0x20301be5	ldr	r3, [fp, #-0x20]
      0x0041019c: 0x042083e5	str	r2, [r3, #4]
      0x004101a0: 0x10301be5	ldr	r3, [fp, #-0x10]
      0x004101a4: 0x083083e2	add	r3, r3, #8
      0x004101a8: 0x10300be5	str	r3, [fp, #-0x10]
      0x004101ac: 0x20301be5	ldr	r3, [fp, #-0x20]
      0x004101b0: 0x083083e2	add	r3, r3, #8
      0x004101b4: 0x20300be5	str	r3, [fp, #-0x20]
      0x004101b8: 0x2c301be5	ldr	r3, [fp, #-0x2c]
      0x004101bc: 0x013043e2	sub	r3, r3, #1
      0x004101c0: 0x2c300be5	str	r3, [fp, #-0x2c]
      0x004101c4: 0x2c301be5	ldr	r3, [fp, #-0x2c]
      0x004101c8: 0x000053e3	cmp	r3, #0
      0x004101cc: 0x9affff1a	bne	#0x41003c
      0x004101d0: 0x0000a0e1	mov	r0, r0
      0x004101d4: 0x0000a0e1	mov	r0, r0
      0x004101d8: 0x08d04be2	sub	sp, fp, #8
      0x004101dc: 0x1048bde8	pop	{r4, fp, lr}
      0x004101e0: 0x1eff2fe1	bx	lr
      0x004101e4: 0x10482de9	push	{r4, fp, lr}
      0x004101e8: 0x08b08de2	add	fp, sp, #8
      0x004101ec: 0x5cd04de2	sub	sp, sp, #0x5c
      0x004101f0: 0x58000be5	str	r0, [fp, #-0x58]
      0x004101f4: 0x5c100be5	str	r1, [fp, #-0x5c]
      0x004101f8: 0x60200be5	str	r2, [fp, #-0x60]
      0x004101fc: 0x64300be5	str	r3, [fp, #-0x64]
      0x00410200: 0x64301be5	ldr	r3, [fp, #-0x64]
      0x00410204: 0x1c300be5	str	r3, [fp, #-0x1c]
      0x00410208: 0x64301be5	ldr	r3, [fp, #-0x64]
      0x0041020c: 0x8330a0e1	lsl	r3, r3, #1
      0x00410210: 0x20300be5	str	r3, [fp, #-0x20]
      0x00410214: 0x64201be5	ldr	r2, [fp, #-0x64]
      0x00410218: 0x0230a0e1	mov	r3, r2
      0x0041021c: 0x8330a0e1	lsl	r3, r3, #1
      0x00410220: 0x023083e0	add	r3, r3, r2
      0x00410224: 0x24300be5	str	r3, [fp, #-0x24]
      0x00410228: 0x60301be5	ldr	r3, [fp, #-0x60]
      0x0041022c: 0x423f83e2	add	r3, r3, #0x108
      0x00410230: 0x10300be5	str	r3, [fp, #-0x10]
      0x00410234: 0x10301be5	ldr	r3, [fp, #-0x10]
      0x00410238: 0x14300be5	str	r3, [fp, #-0x14]
      0x0041023c: 0x14301be5	ldr	r3, [fp, #-0x14]
      0x00410240: 0x18300be5	str	r3, [fp, #-0x18]
      0x00410244: 0x64301be5	ldr	r3, [fp, #-0x64]
      0x00410248: 0x8331a0e1	lsl	r3, r3, #3
      0x0041024c: 0x58201be5	ldr	r2, [fp, #-0x58]
      0x00410250: 0x033082e0	add	r3, r2, r3
      0x00410254: 0x002093e5	ldr	r2, [r3]
      0x00410258: 0x10301be5	ldr	r3, [fp, #-0x10]
      0x0041025c: 0x003093e5	ldr	r3, [r3]
      0x00410260: 0x0310a0e1	mov	r1, r3
      0x00410264: 0x0200a0e1	mov	r0, r2
bl    at 0x00410268: hooking 0xb81000eb	bl	#0x414550 -> 0x78bf03eb	bl	#0x500050
      0x0041026c: 0x0030a0e1	mov	r3, r0
      0x00410270: 0x0340a0e1	mov	r4, r3
      0x00410274: 0x64301be5	ldr	r3, [fp, #-0x64]
      0x00410278: 0x8331a0e1	lsl	r3, r3, #3
      0x0041027c: 0x58201be5	ldr	r2, [fp, #-0x58]
      0x00410280: 0x033082e0	add	r3, r2, r3
      0x00410284: 0x042093e5	ldr	r2, [r3, #4]
      0x00410288: 0x10301be5	ldr	r3, [fp, #-0x10]
      0x0041028c: 0x043093e5	ldr	r3, [r3, #4]
      0x00410290: 0x0310a0e1	mov	r1, r3
      0x00410294: 0x0200a0e1	mov	r0, r2
bl    at 0x00410298: hooking 0xac1000eb	bl	#0x414550 -> 0x6cbf03eb	bl	#0x500050
      0x0041029c: 0x0030a0e1	mov	r3, r0
      0x004102a0: 0x0310a0e1	mov	r1, r3
      0x004102a4: 0x0400a0e1	mov	r0, r4
bl    at 0x004102a8: hooking 0x311400eb	bl	#0x415374 -> 0x68bf03eb	bl	#0x500050
      0x004102ac: 0x0030a0e1	mov	r3, r0
      0x004102b0: 0x54300be5	str	r3, [fp, #-0x54]
      0x004102b4: 0x64301be5	ldr	r3, [fp, #-0x64]
      0x004102b8: 0x8331a0e1	lsl	r3, r3, #3
      0x004102bc: 0x58201be5	ldr	r2, [fp, #-0x58]
      0x004102c0: 0x033082e0	add	r3, r2, r3
      0x004102c4: 0x002093e5	ldr	r2, [r3]
      0x004102c8: 0x10301be5	ldr	r3, [fp, #-0x10]
      0x004102cc: 0x043093e5	ldr	r3, [r3, #4]
      0x004102d0: 0x0310a0e1	mov	r1, r3
      0x004102d4: 0x0200a0e1	mov	r0, r2
bl    at 0x004102d8: hooking 0x9c1000eb	bl	#0x414550 -> 0x5cbf03eb	bl	#0x500050
      0x004102dc: 0x0030a0e1	mov	r3, r0
      0x004102e0: 0x0340a0e1	mov	r4, r3
      0x004102e4: 0x64301be5	ldr	r3, [fp, #-0x64]
      0x004102e8: 0x8331a0e1	lsl	r3, r3, #3
      0x004102ec: 0x58201be5	ldr	r2, [fp, #-0x58]
      0x004102f0: 0x033082e0	add	r3, r2, r3
      0x004102f4: 0x042093e5	ldr	r2, [r3, #4]
      0x004102f8: 0x10301be5	ldr	r3, [fp, #-0x10]
      0x004102fc: 0x003093e5	ldr	r3, [r3]
      0x00410300: 0x0310a0e1	mov	r1, r3
      0x00410304: 0x0200a0e1	mov	r0, r2
bl    at 0x00410308: hooking 0x901000eb	bl	#0x414550 -> 0x50bf03eb	bl	#0x500050
      0x0041030c: 0x0030a0e1	mov	r3, r0
      0x00410310: 0x0310a0e1	mov	r1, r3
      0x00410314: 0x0400a0e1	mov	r0, r4
bl    at 0x00410318: hooking 0x161400eb	bl	#0x415378 -> 0x4cbf03eb	bl	#0x500050
      0x0041031c: 0x0030a0e1	mov	r3, r0
      0x00410320: 0x50300be5	str	r3, [fp, #-0x50]
      0x00410324: 0x20301be5	ldr	r3, [fp, #-0x20]
      0x00410328: 0x8331a0e1	lsl	r3, r3, #3
      0x0041032c: 0x58201be5	ldr	r2, [fp, #-0x58]
      0x00410330: 0x033082e0	add	r3, r2, r3
      0x00410334: 0x002093e5	ldr	r2, [r3]
      0x00410338: 0x14301be5	ldr	r3, [fp, #-0x14]
      0x0041033c: 0x003093e5	ldr	r3, [r3]
      0x00410340: 0x0310a0e1	mov	r1, r3
      0x00410344: 0x0200a0e1	mov	r0, r2
bl    at 0x00410348: hooking 0x801000eb	bl	#0x414550 -> 0x40bf03eb	bl	#0x500050
      0x0041034c: 0x0030a0e1	mov	r3, r0
      0x00410350: 0x0340a0e1	mov	r4, r3
      0x00410354: 0x20301be5	ldr	r3, [fp, #-0x20]
      0x00410358: 0x8331a0e1	lsl	r3, r3, #3
      0x0041035c: 0x58201be5	ldr	r2, [fp, #-0x58]
      0x00410360: 0x033082e0	add	r3, r2, r3
      0x00410364: 0x042093e5	ldr	r2, [r3, #4]
      0x00410368: 0x14301be5	ldr	r3, [fp, #-0x14]
      0x0041036c: 0x043093e5	ldr	r3, [r3, #4]
      0x00410370: 0x0310a0e1	mov	r1, r3
      0x00410374: 0x0200a0e1	mov	r0, r2
bl    at 0x00410378: hooking 0x741000eb	bl	#0x414550 -> 0x34bf03eb	bl	#0x500050
      0x0041037c: 0x0030a0e1	mov	r3, r0
      0x00410380: 0x0310a0e1	mov	r1, r3
      0x00410384: 0x0400a0e1	mov	r0, r4
bl    at 0x00410388: hooking 0xf91300eb	bl	#0x415374 -> 0x30bf03eb	bl	#0x500050
      0x0041038c: 0x0030a0e1	mov	r3, r0
      0x00410390: 0x4c300be5	str	r3, [fp, #-0x4c]
      0x00410394: 0x20301be5	ldr	r3, [fp, #-0x20]
      0x00410398: 0x8331a0e1	lsl	r3, r3, #3
      0x0041039c: 0x58201be5	ldr	r2, [fp, #-0x58]
      0x004103a0: 0x033082e0	add	r3, r2, r3
      0x004103a4: 0x002093e5	ldr	r2, [r3]
      0x004103a8: 0x14301be5	ldr	r3, [fp, #-0x14]
      0x004103ac: 0x043093e5	ldr	r3, [r3, #4]
      0x004103b0: 0x0310a0e1	mov	r1, r3
      0x004103b4: 0x0200a0e1	mov	r0, r2
bl    at 0x004103b8: hooking 0x641000eb	bl	#0x414550 -> 0x24bf03eb	bl	#0x500050
      0x004103bc: 0x0030a0e1	mov	r3, r0
      0x004103c0: 0x0340a0e1	mov	r4, r3
      0x004103c4: 0x20301be5	ldr	r3, [fp, #-0x20]
      0x004103c8: 0x8331a0e1	lsl	r3, r3, #3
      0x004103cc: 0x58201be5	ldr	r2, [fp, #-0x58]
      0x004103d0: 0x033082e0	add	r3, r2, r3
      0x004103d4: 0x042093e5	ldr	r2, [r3, #4]
      0x004103d8: 0x14301be5	ldr	r3, [fp, #-0x14]
      0x004103dc: 0x003093e5	ldr	r3, [r3]
      0x004103e0: 0x0310a0e1	mov	r1, r3
      0x004103e4: 0x0200a0e1	mov	r0, r2
bl    at 0x004103e8: hooking 0x581000eb	bl	#0x414550 -> 0x18bf03eb	bl	#0x500050
      0x004103ec: 0x0030a0e1	mov	r3, r0
      0x004103f0: 0x0310a0e1	mov	r1, r3
      0x004103f4: 0x0400a0e1	mov	r0, r4
bl    at 0x004103f8: hooking 0xde1300eb	bl	#0x415378 -> 0x14bf03eb	bl	#0x500050
      0x004103fc: 0x0030a0e1	mov	r3, r0
      0x00410400: 0x48300be5	str	r3, [fp, #-0x48]
      0x00410404: 0x24301be5	ldr	r3, [fp, #-0x24]
      0x00410408: 0x8331a0e1	lsl	r3, r3, #3
      0x0041040c: 0x58201be5	ldr	r2, [fp, #-0x58]
      0x00410410: 0x033082e0	add	r3, r2, r3
      0x00410414: 0x002093e5	ldr	r2, [r3]
      0x00410418: 0x18301be5	ldr	r3, [fp, #-0x18]
      0x0041041c: 0x003093e5	ldr	r3, [r3]
      0x00410420: 0x0310a0e1	mov	r1, r3
      0x00410424: 0x0200a0e1	mov	r0, r2
bl    at 0x00410428: hooking 0x481000eb	bl	#0x414550 -> 0x08bf03eb	bl	#0x500050
      0x0041042c: 0x0030a0e1	mov	r3, r0
      0x00410430: 0x0340a0e1	mov	r4, r3
      0x00410434: 0x24301be5	ldr	r3, [fp, #-0x24]
      0x00410438: 0x8331a0e1	lsl	r3, r3, #3
      0x0041043c: 0x58201be5	ldr	r2, [fp, #-0x58]
      0x00410440: 0x033082e0	add	r3, r2, r3
      0x00410444: 0x042093e5	ldr	r2, [r3, #4]
      0x00410448: 0x18301be5	ldr	r3, [fp, #-0x18]
      0x0041044c: 0x043093e5	ldr	r3, [r3, #4]
      0x00410450: 0x0310a0e1	mov	r1, r3
      0x00410454: 0x0200a0e1	mov	r0, r2
bl    at 0x00410458: hooking 0x3c1000eb	bl	#0x414550 -> 0xfcbe03eb	bl	#0x500050
      0x0041045c: 0x0030a0e1	mov	r3, r0
      0x00410460: 0x0310a0e1	mov	r1, r3
      0x00410464: 0x0400a0e1	mov	r0, r4
bl    at 0x00410468: hooking 0xc11300eb	bl	#0x415374 -> 0xf8be03eb	bl	#0x500050
      0x0041046c: 0x0030a0e1	mov	r3, r0
      0x00410470: 0x44300be5	str	r3, [fp, #-0x44]
      0x00410474: 0x24301be5	ldr	r3, [fp, #-0x24]
      0x00410478: 0x8331a0e1	lsl	r3, r3, #3
      0x0041047c: 0x58201be5	ldr	r2, [fp, #-0x58]
      0x00410480: 0x033082e0	add	r3, r2, r3
      0x00410484: 0x002093e5	ldr	r2, [r3]
      0x00410488: 0x18301be5	ldr	r3, [fp, #-0x18]
      0x0041048c: 0x043093e5	ldr	r3, [r3, #4]
      0x00410490: 0x0310a0e1	mov	r1, r3
      0x00410494: 0x0200a0e1	mov	r0, r2
bl    at 0x00410498: hooking 0x2c1000eb	bl	#0x414550 -> 0xecbe03eb	bl	#0x500050
      0x0041049c: 0x0030a0e1	mov	r3, r0
      0x004104a0: 0x0340a0e1	mov	r4, r3
      0x004104a4: 0x24301be5	ldr	r3, [fp, #-0x24]
      0x004104a8: 0x8331a0e1	lsl	r3, r3, #3
      0x004104ac: 0x58201be5	ldr	r2, [fp, #-0x58]
      0x004104b0: 0x033082e0	add	r3, r2, r3
      0x004104b4: 0x042093e5	ldr	r2, [r3, #4]
      0x004104b8: 0x18301be5	ldr	r3, [fp, #-0x18]
      0x004104bc: 0x003093e5	ldr	r3, [r3]
      0x004104c0: 0x0310a0e1	mov	r1, r3
      0x004104c4: 0x0200a0e1	mov	r0, r2
bl    at 0x004104c8: hooking 0x201000eb	bl	#0x414550 -> 0xe0be03eb	bl	#0x500050
      0x004104cc: 0x0030a0e1	mov	r3, r0
      0x004104d0: 0x0310a0e1	mov	r1, r3
      0x004104d4: 0x0400a0e1	mov	r0, r4
bl    at 0x004104d8: hooking 0xa61300eb	bl	#0x415378 -> 0xdcbe03eb	bl	#0x500050
      0x004104dc: 0x0030a0e1	mov	r3, r0
      0x004104e0: 0x40300be5	str	r3, [fp, #-0x40]
      0x004104e4: 0x58301be5	ldr	r3, [fp, #-0x58]
      0x004104e8: 0x003093e5	ldr	r3, [r3]
      0x004104ec: 0x4c201be5	ldr	r2, [fp, #-0x4c]
      0x004104f0: 0x0210a0e1	mov	r1, r2
      0x004104f4: 0x0300a0e1	mov	r0, r3
bl    at 0x004104f8: hooking 0x9d1300eb	bl	#0x415374 -> 0xd4be03eb	bl	#0x500050
      0x004104fc: 0x0030a0e1	mov	r3, r0
      0x00410500: 0x2c300be5	str	r3, [fp, #-0x2c]
      0x00410504: 0x58301be5	ldr	r3, [fp, #-0x58]
      0x00410508: 0x043093e5	ldr	r3, [r3, #4]
      0x0041050c: 0x48201be5	ldr	r2, [fp, #-0x48]
      0x00410510: 0x0210a0e1	mov	r1, r2
      0x00410514: 0x0300a0e1	mov	r0, r3
bl    at 0x00410518: hooking 0x951300eb	bl	#0x415374 -> 0xccbe03eb	bl	#0x500050
      0x0041051c: 0x0030a0e1	mov	r3, r0
      0x00410520: 0x28300be5	str	r3, [fp, #-0x28]
      0x00410524: 0x58301be5	ldr	r3, [fp, #-0x58]
      0x00410528: 0x003093e5	ldr	r3, [r3]
      0x0041052c: 0x4c201be5	ldr	r2, [fp, #-0x4c]
      0x00410530: 0x0210a0e1	mov	r1, r2
      0x00410534: 0x0300a0e1	mov	r0, r3
bl    at 0x00410538: hooking 0x8e1300eb	bl	#0x415378 -> 0xc4be03eb	bl	#0x500050
      0x0041053c: 0x0030a0e1	mov	r3, r0
      0x00410540: 0x0320a0e1	mov	r2, r3
      0x00410544: 0x58301be5	ldr	r3, [fp, #-0x58]
      0x00410548: 0x002083e5	str	r2, [r3]
      0x0041054c: 0x58301be5	ldr	r3, [fp, #-0x58]
      0x00410550: 0x043093e5	ldr	r3, [r3, #4]
      0x00410554: 0x48201be5	ldr	r2, [fp, #-0x48]
      0x00410558: 0x0210a0e1	mov	r1, r2
      0x0041055c: 0x0300a0e1	mov	r0, r3
bl    at 0x00410560: hooking 0x841300eb	bl	#0x415378 -> 0xbabe03eb	bl	#0x500050
      0x00410564: 0x0030a0e1	mov	r3, r0
      0x00410568: 0x0320a0e1	mov	r2, r3
      0x0041056c: 0x58301be5	ldr	r3, [fp, #-0x58]
      0x00410570: 0x042083e5	str	r2, [r3, #4]
      0x00410574: 0x54301be5	ldr	r3, [fp, #-0x54]
      0x00410578: 0x44201be5	ldr	r2, [fp, #-0x44]
      0x0041057c: 0x0210a0e1	mov	r1, r2
      0x00410580: 0x0300a0e1	mov	r0, r3
bl    at 0x00410584: hooking 0x7b1300eb	bl	#0x415378 -> 0xb1be03eb	bl	#0x500050
      0x00410588: 0x0030a0e1	mov	r3, r0
      0x0041058c: 0x3c300be5	str	r3, [fp, #-0x3c]
      0x00410590: 0x50301be5	ldr	r3, [fp, #-0x50]
      0x00410594: 0x40201be5	ldr	r2, [fp, #-0x40]
      0x00410598: 0x0210a0e1	mov	r1, r2
      0x0041059c: 0x0300a0e1	mov	r0, r3
bl    at 0x004105a0: hooking 0x741300eb	bl	#0x415378 -> 0xaabe03eb	bl	#0x500050
      0x004105a4: 0x0030a0e1	mov	r3, r0
      0x004105a8: 0x38300be5	str	r3, [fp, #-0x38]
      0x004105ac: 0x54301be5	ldr	r3, [fp, #-0x54]
      0x004105b0: 0x44201be5	ldr	r2, [fp, #-0x44]
      0x004105b4: 0x0210a0e1	mov	r1, r2
      0x004105b8: 0x0300a0e1	mov	r0, r3
bl    at 0x004105bc: hooking 0x6c1300eb	bl	#0x415374 -> 0xa3be03eb	bl	#0x500050
      0x004105c0: 0x0030a0e1	mov	r3, r0
      0x004105c4: 0x34300be5	str	r3, [fp, #-0x34]
      0x004105c8: 0x50301be5	ldr	r3, [fp, #-0x50]
      0x004105cc: 0x40201be5	ldr	r2, [fp, #-0x40]
      0x004105d0: 0x0210a0e1	mov	r1, r2
      0x004105d4: 0x0300a0e1	mov	r0, r3
bl    at 0x004105d8: hooking 0x651300eb	bl	#0x415374 -> 0x9cbe03eb	bl	#0x500050
      0x004105dc: 0x0030a0e1	mov	r3, r0
      0x004105e0: 0x30300be5	str	r3, [fp, #-0x30]
      0x004105e4: 0x58301be5	ldr	r3, [fp, #-0x58]
      0x004105e8: 0x000093e5	ldr	r0, [r3]
      0x004105ec: 0x3c101be5	ldr	r1, [fp, #-0x3c]
      0x004105f0: 0x20301be5	ldr	r3, [fp, #-0x20]
      0x004105f4: 0x8331a0e1	lsl	r3, r3, #3
      0x004105f8: 0x58201be5	ldr	r2, [fp, #-0x58]
      0x004105fc: 0x034082e0	add	r4, r2, r3
bl    at 0x00410600: hooking 0x5b1300eb	bl	#0x415374 -> 0x92be03eb	bl	#0x500050
      0x00410604: 0x0030a0e1	mov	r3, r0
      0x00410608: 0x003084e5	str	r3, [r4]
      0x0041060c: 0x58301be5	ldr	r3, [fp, #-0x58]
      0x00410610: 0x040093e5	ldr	r0, [r3, #4]
      0x00410614: 0x38101be5	ldr	r1, [fp, #-0x38]
      0x00410618: 0x20301be5	ldr	r3, [fp, #-0x20]
      0x0041061c: 0x8331a0e1	lsl	r3, r3, #3
      0x00410620: 0x58201be5	ldr	r2, [fp, #-0x58]
      0x00410624: 0x034082e0	add	r4, r2, r3
bl    at 0x00410628: hooking 0x511300eb	bl	#0x415374 -> 0x88be03eb	bl	#0x500050
      0x0041062c: 0x0030a0e1	mov	r3, r0
      0x00410630: 0x043084e5	str	r3, [r4, #4]
      0x00410634: 0x5c301be5	ldr	r3, [fp, #-0x5c]
      0x00410638: 0x8331a0e1	lsl	r3, r3, #3
      0x0041063c: 0x10201be5	ldr	r2, [fp, #-0x10]
      0x00410640: 0x033082e0	add	r3, r2, r3
      0x00410644: 0x10300be5	str	r3, [fp, #-0x10]
      0x00410648: 0x5c301be5	ldr	r3, [fp, #-0x5c]
      0x0041064c: 0x0332a0e1	lsl	r3, r3, #4
      0x00410650: 0x14201be5	ldr	r2, [fp, #-0x14]
      0x00410654: 0x033082e0	add	r3, r2, r3
      0x00410658: 0x14300be5	str	r3, [fp, #-0x14]
      0x0041065c: 0x5c201be5	ldr	r2, [fp, #-0x5c]
      0x00410660: 0x0230a0e1	mov	r3, r2
      0x00410664: 0x8330a0e1	lsl	r3, r3, #1
      0x00410668: 0x023083e0	add	r3, r3, r2
      0x0041066c: 0x8331a0e1	lsl	r3, r3, #3
      0x00410670: 0x0320a0e1	mov	r2, r3
      0x00410674: 0x18301be5	ldr	r3, [fp, #-0x18]
      0x00410678: 0x023083e0	add	r3, r3, r2
      0x0041067c: 0x18300be5	str	r3, [fp, #-0x18]
      0x00410680: 0x58301be5	ldr	r3, [fp, #-0x58]
      0x00410684: 0x003093e5	ldr	r3, [r3]
      0x00410688: 0x3c201be5	ldr	r2, [fp, #-0x3c]
      0x0041068c: 0x0210a0e1	mov	r1, r2
      0x00410690: 0x0300a0e1	mov	r0, r3
bl    at 0x00410694: hooking 0x371300eb	bl	#0x415378 -> 0x6dbe03eb	bl	#0x500050
      0x00410698: 0x0030a0e1	mov	r3, r0
      0x0041069c: 0x0320a0e1	mov	r2, r3
      0x004106a0: 0x58301be5	ldr	r3, [fp, #-0x58]
      0x004106a4: 0x002083e5	str	r2, [r3]
      0x004106a8: 0x58301be5	ldr	r3, [fp, #-0x58]
      0x004106ac: 0x043093e5	ldr	r3, [r3, #4]
      0x004106b0: 0x38201be5	ldr	r2, [fp, #-0x38]
      0x004106b4: 0x0210a0e1	mov	r1, r2
      0x004106b8: 0x0300a0e1	mov	r0, r3
bl    at 0x004106bc: hooking 0x2d1300eb	bl	#0x415378 -> 0x63be03eb	bl	#0x500050
      0x004106c0: 0x0030a0e1	mov	r3, r0
      0x004106c4: 0x0320a0e1	mov	r2, r3
      0x004106c8: 0x58301be5	ldr	r3, [fp, #-0x58]
      0x004106cc: 0x042083e5	str	r2, [r3, #4]
      0x004106d0: 0x60301be5	ldr	r3, [fp, #-0x60]
      0x004106d4: 0x043093e5	ldr	r3, [r3, #4]
      0x004106d8: 0x000053e3	cmp	r3, #0
      0x004106dc: 0x2400000a	beq	#0x410774
      0x004106e0: 0x2c001be5	ldr	r0, [fp, #-0x2c]
      0x004106e4: 0x30101be5	ldr	r1, [fp, #-0x30]
      0x004106e8: 0x64301be5	ldr	r3, [fp, #-0x64]
      0x004106ec: 0x8331a0e1	lsl	r3, r3, #3
      0x004106f0: 0x58201be5	ldr	r2, [fp, #-0x58]
      0x004106f4: 0x034082e0	add	r4, r2, r3
bl    at 0x004106f8: hooking 0x1d1300eb	bl	#0x415374 -> 0x54be03eb	bl	#0x500050
      0x004106fc: 0x0030a0e1	mov	r3, r0
      0x00410700: 0x003084e5	str	r3, [r4]
      0x00410704: 0x28001be5	ldr	r0, [fp, #-0x28]
      0x00410708: 0x34101be5	ldr	r1, [fp, #-0x34]
      0x0041070c: 0x64301be5	ldr	r3, [fp, #-0x64]
      0x00410710: 0x8331a0e1	lsl	r3, r3, #3
      0x00410714: 0x58201be5	ldr	r2, [fp, #-0x58]
      0x00410718: 0x034082e0	add	r4, r2, r3
bl    at 0x0041071c: hooking 0x151300eb	bl	#0x415378 -> 0x4bbe03eb	bl	#0x500050
      0x00410720: 0x0030a0e1	mov	r3, r0
      0x00410724: 0x043084e5	str	r3, [r4, #4]
      0x00410728: 0x2c001be5	ldr	r0, [fp, #-0x2c]
      0x0041072c: 0x30101be5	ldr	r1, [fp, #-0x30]
      0x00410730: 0x24301be5	ldr	r3, [fp, #-0x24]
      0x00410734: 0x8331a0e1	lsl	r3, r3, #3
      0x00410738: 0x58201be5	ldr	r2, [fp, #-0x58]
      0x0041073c: 0x034082e0	add	r4, r2, r3
bl    at 0x00410740: hooking 0x0c1300eb	bl	#0x415378 -> 0x42be03eb	bl	#0x500050
      0x00410744: 0x0030a0e1	mov	r3, r0
      0x00410748: 0x003084e5	str	r3, [r4]
      0x0041074c: 0x28001be5	ldr	r0, [fp, #-0x28]
      0x00410750: 0x34101be5	ldr	r1, [fp, #-0x34]
      0x00410754: 0x24301be5	ldr	r3, [fp, #-0x24]
      0x00410758: 0x8331a0e1	lsl	r3, r3, #3
      0x0041075c: 0x58201be5	ldr	r2, [fp, #-0x58]
      0x00410760: 0x034082e0	add	r4, r2, r3
bl    at 0x00410764: hooking 0x021300eb	bl	#0x415374 -> 0x39be03eb	bl	#0x500050
      0x00410768: 0x0030a0e1	mov	r3, r0
      0x0041076c: 0x043084e5	str	r3, [r4, #4]
b     at 0x00410770: hooking 0x230000ea	b	#0x410804 -> 0x22be03eb	bl	#0x500000
      0x00410774: 0x2c001be5	ldr	r0, [fp, #-0x2c]
      0x00410778: 0x30101be5	ldr	r1, [fp, #-0x30]
      0x0041077c: 0x64301be5	ldr	r3, [fp, #-0x64]
      0x00410780: 0x8331a0e1	lsl	r3, r3, #3
      0x00410784: 0x58201be5	ldr	r2, [fp, #-0x58]
      0x00410788: 0x034082e0	add	r4, r2, r3
bl    at 0x0041078c: hooking 0xf91200eb	bl	#0x415378 -> 0x2fbe03eb	bl	#0x500050
      0x00410790: 0x0030a0e1	mov	r3, r0
      0x00410794: 0x003084e5	str	r3, [r4]
      0x00410798: 0x28001be5	ldr	r0, [fp, #-0x28]
      0x0041079c: 0x34101be5	ldr	r1, [fp, #-0x34]
      0x004107a0: 0x64301be5	ldr	r3, [fp, #-0x64]
      0x004107a4: 0x8331a0e1	lsl	r3, r3, #3
      0x004107a8: 0x58201be5	ldr	r2, [fp, #-0x58]
      0x004107ac: 0x034082e0	add	r4, r2, r3
bl    at 0x004107b0: hooking 0xef1200eb	bl	#0x415374 -> 0x26be03eb	bl	#0x500050
      0x004107b4: 0x0030a0e1	mov	r3, r0
      0x004107b8: 0x043084e5	str	r3, [r4, #4]
      0x004107bc: 0x2c001be5	ldr	r0, [fp, #-0x2c]
      0x004107c0: 0x30101be5	ldr	r1, [fp, #-0x30]
      0x004107c4: 0x24301be5	ldr	r3, [fp, #-0x24]
      0x004107c8: 0x8331a0e1	lsl	r3, r3, #3
      0x004107cc: 0x58201be5	ldr	r2, [fp, #-0x58]
      0x004107d0: 0x034082e0	add	r4, r2, r3
bl    at 0x004107d4: hooking 0xe61200eb	bl	#0x415374 -> 0x1dbe03eb	bl	#0x500050
      0x004107d8: 0x0030a0e1	mov	r3, r0
      0x004107dc: 0x003084e5	str	r3, [r4]
      0x004107e0: 0x28001be5	ldr	r0, [fp, #-0x28]
      0x004107e4: 0x34101be5	ldr	r1, [fp, #-0x34]
      0x004107e8: 0x24301be5	ldr	r3, [fp, #-0x24]
      0x004107ec: 0x8331a0e1	lsl	r3, r3, #3
      0x004107f0: 0x58201be5	ldr	r2, [fp, #-0x58]
      0x004107f4: 0x034082e0	add	r4, r2, r3
bl    at 0x004107f8: hooking 0xde1200eb	bl	#0x415378 -> 0x14be03eb	bl	#0x500050
      0x004107fc: 0x0030a0e1	mov	r3, r0
      0x00410800: 0x043084e5	str	r3, [r4, #4]
      0x00410804: 0x58301be5	ldr	r3, [fp, #-0x58]
      0x00410808: 0x083083e2	add	r3, r3, #8
      0x0041080c: 0x58300be5	str	r3, [fp, #-0x58]
      0x00410810: 0x1c301be5	ldr	r3, [fp, #-0x1c]
      0x00410814: 0x013043e2	sub	r3, r3, #1
      0x00410818: 0x1c300be5	str	r3, [fp, #-0x1c]
      0x0041081c: 0x1c301be5	ldr	r3, [fp, #-0x1c]
      0x00410820: 0x000053e3	cmp	r3, #0
      0x00410824: 0x86feff1a	bne	#0x410244
      0x00410828: 0x0000a0e1	mov	r0, r0
      0x0041082c: 0x0000a0e1	mov	r0, r0
      0x00410830: 0x08d04be2	sub	sp, fp, #8
      0x00410834: 0x1048bde8	pop	{r4, fp, lr}
      0x00410838: 0x1eff2fe1	bx	lr
      0x0041083c: 0x30482de9	push	{r4, r5, fp, lr}
      0x00410840: 0x0cb08de2	add	fp, sp, #0xc
      0x00410844: 0x50d04de2	sub	sp, sp, #0x50
      0x00410848: 0x50000be5	str	r0, [fp, #-0x50]
      0x0041084c: 0x54100be5	str	r1, [fp, #-0x54]
      0x00410850: 0x58200be5	str	r2, [fp, #-0x58]
      0x00410854: 0x5c300be5	str	r3, [fp, #-0x5c]
      0x00410858: 0x5c301be5	ldr	r3, [fp, #-0x5c]
      0x0041085c: 0x10300be5	str	r3, [fp, #-0x10]
      0x00410860: 0x5c301be5	ldr	r3, [fp, #-0x5c]
      0x00410864: 0x8330a0e1	lsl	r3, r3, #1
      0x00410868: 0x1c300be5	str	r3, [fp, #-0x1c]
      0x0041086c: 0x54301be5	ldr	r3, [fp, #-0x54]
      0x00410870: 0x5c201be5	ldr	r2, [fp, #-0x5c]
      0x00410874: 0x920303e0	mul	r3, r2, r3
      0x00410878: 0x58101be5	ldr	r1, [fp, #-0x58]
      0x0041087c: 0x213083e2	add	r3, r3, #0x21
      0x00410880: 0x4c204be2	sub	r2, fp, #0x4c
      0x00410884: 0x8331a0e1	lsl	r3, r3, #3
      0x00410888: 0x033081e0	add	r3, r1, r3
      0x0041088c: 0x030093e8	ldm	r3, {r0, r1}
      0x00410890: 0x030082e8	stm	r2, {r0, r1}
      0x00410894: 0x58301be5	ldr	r3, [fp, #-0x58]
      0x00410898: 0x423f83e2	add	r3, r3, #0x108
      0x0041089c: 0x18300be5	str	r3, [fp, #-0x18]
      0x004108a0: 0x18301be5	ldr	r3, [fp, #-0x18]
      0x004108a4: 0x14300be5	str	r3, [fp, #-0x14]
      0x004108a8: 0x5c301be5	ldr	r3, [fp, #-0x5c]
      0x004108ac: 0x8331a0e1	lsl	r3, r3, #3
      0x004108b0: 0x50201be5	ldr	r2, [fp, #-0x50]
      0x004108b4: 0x033082e0	add	r3, r2, r3
      0x004108b8: 0x002093e5	ldr	r2, [r3]
      0x004108bc: 0x14301be5	ldr	r3, [fp, #-0x14]
      0x004108c0: 0x003093e5	ldr	r3, [r3]
      0x004108c4: 0x0310a0e1	mov	r1, r3
      0x004108c8: 0x0200a0e1	mov	r0, r2
bl    at 0x004108cc: hooking 0x1f0f00eb	bl	#0x414550 -> 0xdfbd03eb	bl	#0x500050
      0x004108d0: 0x0030a0e1	mov	r3, r0
      0x004108d4: 0x0340a0e1	mov	r4, r3
      0x004108d8: 0x5c301be5	ldr	r3, [fp, #-0x5c]
      0x004108dc: 0x8331a0e1	lsl	r3, r3, #3
      0x004108e0: 0x50201be5	ldr	r2, [fp, #-0x50]
      0x004108e4: 0x033082e0	add	r3, r2, r3
      0x004108e8: 0x042093e5	ldr	r2, [r3, #4]
      0x004108ec: 0x14301be5	ldr	r3, [fp, #-0x14]
      0x004108f0: 0x043093e5	ldr	r3, [r3, #4]
      0x004108f4: 0x0310a0e1	mov	r1, r3
      0x004108f8: 0x0200a0e1	mov	r0, r2
bl    at 0x004108fc: hooking 0x130f00eb	bl	#0x414550 -> 0xd3bd03eb	bl	#0x500050
      0x00410900: 0x0030a0e1	mov	r3, r0
      0x00410904: 0x0310a0e1	mov	r1, r3
      0x00410908: 0x0400a0e1	mov	r0, r4
bl    at 0x0041090c: hooking 0x981200eb	bl	#0x415374 -> 0xcfbd03eb	bl	#0x500050
      0x00410910: 0x0030a0e1	mov	r3, r0
      0x00410914: 0x3c300be5	str	r3, [fp, #-0x3c]
      0x00410918: 0x5c301be5	ldr	r3, [fp, #-0x5c]
      0x0041091c: 0x8331a0e1	lsl	r3, r3, #3
      0x00410920: 0x50201be5	ldr	r2, [fp, #-0x50]
      0x00410924: 0x033082e0	add	r3, r2, r3
      0x00410928: 0x002093e5	ldr	r2, [r3]
      0x0041092c: 0x14301be5	ldr	r3, [fp, #-0x14]
      0x00410930: 0x043093e5	ldr	r3, [r3, #4]
      0x00410934: 0x0310a0e1	mov	r1, r3
      0x00410938: 0x0200a0e1	mov	r0, r2
bl    at 0x0041093c: hooking 0x030f00eb	bl	#0x414550 -> 0xc3bd03eb	bl	#0x500050
      0x00410940: 0x0030a0e1	mov	r3, r0
      0x00410944: 0x0340a0e1	mov	r4, r3
      0x00410948: 0x5c301be5	ldr	r3, [fp, #-0x5c]
      0x0041094c: 0x8331a0e1	lsl	r3, r3, #3
      0x00410950: 0x50201be5	ldr	r2, [fp, #-0x50]
      0x00410954: 0x033082e0	add	r3, r2, r3
      0x00410958: 0x042093e5	ldr	r2, [r3, #4]
      0x0041095c: 0x14301be5	ldr	r3, [fp, #-0x14]
      0x00410960: 0x003093e5	ldr	r3, [r3]
      0x00410964: 0x0310a0e1	mov	r1, r3
      0x00410968: 0x0200a0e1	mov	r0, r2
bl    at 0x0041096c: hooking 0xf70e00eb	bl	#0x414550 -> 0xb7bd03eb	bl	#0x500050
      0x00410970: 0x0030a0e1	mov	r3, r0
      0x00410974: 0x0310a0e1	mov	r1, r3
      0x00410978: 0x0400a0e1	mov	r0, r4
bl    at 0x0041097c: hooking 0x7d1200eb	bl	#0x415378 -> 0xb3bd03eb	bl	#0x500050
      0x00410980: 0x0030a0e1	mov	r3, r0
      0x00410984: 0x38300be5	str	r3, [fp, #-0x38]
      0x00410988: 0x1c301be5	ldr	r3, [fp, #-0x1c]
      0x0041098c: 0x8331a0e1	lsl	r3, r3, #3
      0x00410990: 0x50201be5	ldr	r2, [fp, #-0x50]
      0x00410994: 0x033082e0	add	r3, r2, r3
      0x00410998: 0x002093e5	ldr	r2, [r3]
      0x0041099c: 0x18301be5	ldr	r3, [fp, #-0x18]
      0x004109a0: 0x003093e5	ldr	r3, [r3]
      0x004109a4: 0x0310a0e1	mov	r1, r3
      0x004109a8: 0x0200a0e1	mov	r0, r2
bl    at 0x004109ac: hooking 0xe70e00eb	bl	#0x414550 -> 0xa7bd03eb	bl	#0x500050
      0x004109b0: 0x0030a0e1	mov	r3, r0
      0x004109b4: 0x0340a0e1	mov	r4, r3
      0x004109b8: 0x1c301be5	ldr	r3, [fp, #-0x1c]
      0x004109bc: 0x8331a0e1	lsl	r3, r3, #3
      0x004109c0: 0x50201be5	ldr	r2, [fp, #-0x50]
      0x004109c4: 0x033082e0	add	r3, r2, r3
      0x004109c8: 0x042093e5	ldr	r2, [r3, #4]
      0x004109cc: 0x18301be5	ldr	r3, [fp, #-0x18]
      0x004109d0: 0x043093e5	ldr	r3, [r3, #4]
      0x004109d4: 0x0310a0e1	mov	r1, r3
      0x004109d8: 0x0200a0e1	mov	r0, r2
bl    at 0x004109dc: hooking 0xdb0e00eb	bl	#0x414550 -> 0x9bbd03eb	bl	#0x500050
      0x004109e0: 0x0030a0e1	mov	r3, r0
      0x004109e4: 0x0310a0e1	mov	r1, r3
      0x004109e8: 0x0400a0e1	mov	r0, r4
bl    at 0x004109ec: hooking 0x601200eb	bl	#0x415374 -> 0x97bd03eb	bl	#0x500050
      0x004109f0: 0x0030a0e1	mov	r3, r0
      0x004109f4: 0x34300be5	str	r3, [fp, #-0x34]
      0x004109f8: 0x1c301be5	ldr	r3, [fp, #-0x1c]
      0x004109fc: 0x8331a0e1	lsl	r3, r3, #3
      0x00410a00: 0x50201be5	ldr	r2, [fp, #-0x50]
      0x00410a04: 0x033082e0	add	r3, r2, r3
      0x00410a08: 0x002093e5	ldr	r2, [r3]
      0x00410a0c: 0x18301be5	ldr	r3, [fp, #-0x18]
      0x00410a10: 0x043093e5	ldr	r3, [r3, #4]
      0x00410a14: 0x0310a0e1	mov	r1, r3
      0x00410a18: 0x0200a0e1	mov	r0, r2
bl    at 0x00410a1c: hooking 0xcb0e00eb	bl	#0x414550 -> 0x8bbd03eb	bl	#0x500050
      0x00410a20: 0x0030a0e1	mov	r3, r0
      0x00410a24: 0x0340a0e1	mov	r4, r3
      0x00410a28: 0x1c301be5	ldr	r3, [fp, #-0x1c]
      0x00410a2c: 0x8331a0e1	lsl	r3, r3, #3
      0x00410a30: 0x50201be5	ldr	r2, [fp, #-0x50]
      0x00410a34: 0x033082e0	add	r3, r2, r3
      0x00410a38: 0x042093e5	ldr	r2, [r3, #4]
      0x00410a3c: 0x18301be5	ldr	r3, [fp, #-0x18]
      0x00410a40: 0x003093e5	ldr	r3, [r3]
      0x00410a44: 0x0310a0e1	mov	r1, r3
      0x00410a48: 0x0200a0e1	mov	r0, r2
bl    at 0x00410a4c: hooking 0xbf0e00eb	bl	#0x414550 -> 0x7fbd03eb	bl	#0x500050
      0x00410a50: 0x0030a0e1	mov	r3, r0
      0x00410a54: 0x0310a0e1	mov	r1, r3
      0x00410a58: 0x0400a0e1	mov	r0, r4
bl    at 0x00410a5c: hooking 0x451200eb	bl	#0x415378 -> 0x7bbd03eb	bl	#0x500050
      0x00410a60: 0x0030a0e1	mov	r3, r0
      0x00410a64: 0x30300be5	str	r3, [fp, #-0x30]
      0x00410a68: 0x3c301be5	ldr	r3, [fp, #-0x3c]
      0x00410a6c: 0x34201be5	ldr	r2, [fp, #-0x34]
      0x00410a70: 0x0210a0e1	mov	r1, r2
      0x00410a74: 0x0300a0e1	mov	r0, r3
bl    at 0x00410a78: hooking 0x3e1200eb	bl	#0x415378 -> 0x74bd03eb	bl	#0x500050
      0x00410a7c: 0x0030a0e1	mov	r3, r0
      0x00410a80: 0x2c300be5	str	r3, [fp, #-0x2c]
      0x00410a84: 0x38301be5	ldr	r3, [fp, #-0x38]
      0x00410a88: 0x30201be5	ldr	r2, [fp, #-0x30]
      0x00410a8c: 0x0210a0e1	mov	r1, r2
      0x00410a90: 0x0300a0e1	mov	r0, r3
bl    at 0x00410a94: hooking 0x371200eb	bl	#0x415378 -> 0x6dbd03eb	bl	#0x500050
      0x00410a98: 0x0030a0e1	mov	r3, r0
      0x00410a9c: 0x28300be5	str	r3, [fp, #-0x28]
      0x00410aa0: 0x3c301be5	ldr	r3, [fp, #-0x3c]
      0x00410aa4: 0x34201be5	ldr	r2, [fp, #-0x34]
      0x00410aa8: 0x0210a0e1	mov	r1, r2
      0x00410aac: 0x0300a0e1	mov	r0, r3
bl    at 0x00410ab0: hooking 0x2f1200eb	bl	#0x415374 -> 0x66bd03eb	bl	#0x500050
      0x00410ab4: 0x0030a0e1	mov	r3, r0
      0x00410ab8: 0x44300be5	str	r3, [fp, #-0x44]
      0x00410abc: 0x38301be5	ldr	r3, [fp, #-0x38]
      0x00410ac0: 0x30201be5	ldr	r2, [fp, #-0x30]
      0x00410ac4: 0x0210a0e1	mov	r1, r2
      0x00410ac8: 0x0300a0e1	mov	r0, r3
bl    at 0x00410acc: hooking 0x281200eb	bl	#0x415374 -> 0x5fbd03eb	bl	#0x500050
      0x00410ad0: 0x0030a0e1	mov	r3, r0
      0x00410ad4: 0x40300be5	str	r3, [fp, #-0x40]
      0x00410ad8: 0x54301be5	ldr	r3, [fp, #-0x54]
      0x00410adc: 0x8331a0e1	lsl	r3, r3, #3
      0x00410ae0: 0x14201be5	ldr	r2, [fp, #-0x14]
      0x00410ae4: 0x033082e0	add	r3, r2, r3
      0x00410ae8: 0x14300be5	str	r3, [fp, #-0x14]
      0x00410aec: 0x54301be5	ldr	r3, [fp, #-0x54]
      0x00410af0: 0x0332a0e1	lsl	r3, r3, #4
      0x00410af4: 0x18201be5	ldr	r2, [fp, #-0x18]
      0x00410af8: 0x033082e0	add	r3, r2, r3
      0x00410afc: 0x18300be5	str	r3, [fp, #-0x18]
      0x00410b00: 0x50301be5	ldr	r3, [fp, #-0x50]
      0x00410b04: 0x003093e5	ldr	r3, [r3]
      0x00410b08: 0x0300a0e1	mov	r0, r3
bl    at 0x00410b0c: hooking 0x221000eb	bl	#0x414b9c -> 0x4fbd03eb	bl	#0x500050
      0x00410b10: 0x0040a0e1	mov	r4, r0
      0x00410b14: 0x0150a0e1	mov	r5, r1
      0x00410b18: 0x2c301be5	ldr	r3, [fp, #-0x2c]
      0x00410b1c: 0x0300a0e1	mov	r0, r3
bl    at 0x00410b20: hooking 0x1d1000eb	bl	#0x414b9c -> 0x4abd03eb	bl	#0x500050
      0x00410b24: 0x0020a0e3	mov	r2, #0
      0x00410b28: 0x40329fe5	ldr	r3, [pc, #0x240]
bl    at 0x00410b2c: hooking 0x491000eb	bl	#0x414c58 -> 0x47bd03eb	bl	#0x500050
      0x00410b30: 0x0020a0e1	mov	r2, r0
      0x00410b34: 0x0130a0e1	mov	r3, r1
      0x00410b38: 0x0400a0e1	mov	r0, r4
      0x00410b3c: 0x0510a0e1	mov	r1, r5
bl    at 0x00410b40: hooking 0x3d0f00eb	bl	#0x41483c -> 0x42bd03eb	bl	#0x500050
      0x00410b44: 0x0020a0e1	mov	r2, r0
      0x00410b48: 0x0130a0e1	mov	r3, r1
      0x00410b4c: 0x0200a0e1	mov	r0, r2
      0x00410b50: 0x0310a0e1	mov	r1, r3
      0x00410b54: 0x5c301be5	ldr	r3, [fp, #-0x5c]
      0x00410b58: 0x8331a0e1	lsl	r3, r3, #3
      0x00410b5c: 0x50201be5	ldr	r2, [fp, #-0x50]
      0x00410b60: 0x034082e0	add	r4, r2, r3
bl    at 0x00410b64: hooking 0xd81100eb	bl	#0x4152cc -> 0x39bd03eb	bl	#0x500050
      0x00410b68: 0x0030a0e1	mov	r3, r0
      0x00410b6c: 0x003084e5	str	r3, [r4]
      0x00410b70: 0x50301be5	ldr	r3, [fp, #-0x50]
      0x00410b74: 0x043093e5	ldr	r3, [r3, #4]
      0x00410b78: 0x0300a0e1	mov	r0, r3
bl    at 0x00410b7c: hooking 0x061000eb	bl	#0x414b9c -> 0x33bd03eb	bl	#0x500050
      0x00410b80: 0x0040a0e1	mov	r4, r0
      0x00410b84: 0x0150a0e1	mov	r5, r1
      0x00410b88: 0x28301be5	ldr	r3, [fp, #-0x28]
      0x00410b8c: 0x0300a0e1	mov	r0, r3
bl    at 0x00410b90: hooking 0x011000eb	bl	#0x414b9c -> 0x2ebd03eb	bl	#0x500050
      0x00410b94: 0x0020a0e3	mov	r2, #0
      0x00410b98: 0xd0319fe5	ldr	r3, [pc, #0x1d0]
bl    at 0x00410b9c: hooking 0x2d1000eb	bl	#0x414c58 -> 0x2bbd03eb	bl	#0x500050
      0x00410ba0: 0x0020a0e1	mov	r2, r0
      0x00410ba4: 0x0130a0e1	mov	r3, r1
      0x00410ba8: 0x0400a0e1	mov	r0, r4
      0x00410bac: 0x0510a0e1	mov	r1, r5
bl    at 0x00410bb0: hooking 0x210f00eb	bl	#0x41483c -> 0x26bd03eb	bl	#0x500050
      0x00410bb4: 0x0020a0e1	mov	r2, r0
      0x00410bb8: 0x0130a0e1	mov	r3, r1
      0x00410bbc: 0x0200a0e1	mov	r0, r2
      0x00410bc0: 0x0310a0e1	mov	r1, r3
      0x00410bc4: 0x5c301be5	ldr	r3, [fp, #-0x5c]
      0x00410bc8: 0x8331a0e1	lsl	r3, r3, #3
      0x00410bcc: 0x50201be5	ldr	r2, [fp, #-0x50]
      0x00410bd0: 0x034082e0	add	r4, r2, r3
bl    at 0x00410bd4: hooking 0xbc1100eb	bl	#0x4152cc -> 0x1dbd03eb	bl	#0x500050
      0x00410bd8: 0x0030a0e1	mov	r3, r0
      0x00410bdc: 0x043084e5	str	r3, [r4, #4]
      0x00410be0: 0x44301be5	ldr	r3, [fp, #-0x44]
      0x00410be4: 0x48201be5	ldr	r2, [fp, #-0x48]
      0x00410be8: 0x0210a0e1	mov	r1, r2
      0x00410bec: 0x0300a0e1	mov	r0, r3
bl    at 0x00410bf0: hooking 0x560e00eb	bl	#0x414550 -> 0x16bd03eb	bl	#0x500050
      0x00410bf4: 0x0030a0e1	mov	r3, r0
      0x00410bf8: 0x44300be5	str	r3, [fp, #-0x44]
      0x00410bfc: 0x40301be5	ldr	r3, [fp, #-0x40]
      0x00410c00: 0x48201be5	ldr	r2, [fp, #-0x48]
      0x00410c04: 0x0210a0e1	mov	r1, r2
      0x00410c08: 0x0300a0e1	mov	r0, r3
bl    at 0x00410c0c: hooking 0x4f0e00eb	bl	#0x414550 -> 0x0fbd03eb	bl	#0x500050
      0x00410c10: 0x0030a0e1	mov	r3, r0
      0x00410c14: 0x40300be5	str	r3, [fp, #-0x40]
      0x00410c18: 0x50301be5	ldr	r3, [fp, #-0x50]
      0x00410c1c: 0x003093e5	ldr	r3, [r3]
      0x00410c20: 0x2c201be5	ldr	r2, [fp, #-0x2c]
      0x00410c24: 0x0210a0e1	mov	r1, r2
      0x00410c28: 0x0300a0e1	mov	r0, r3
bl    at 0x00410c2c: hooking 0xd11100eb	bl	#0x415378 -> 0x07bd03eb	bl	#0x500050
      0x00410c30: 0x0030a0e1	mov	r3, r0
      0x00410c34: 0x0320a0e1	mov	r2, r3
      0x00410c38: 0x50301be5	ldr	r3, [fp, #-0x50]
      0x00410c3c: 0x002083e5	str	r2, [r3]
      0x00410c40: 0x50301be5	ldr	r3, [fp, #-0x50]
      0x00410c44: 0x043093e5	ldr	r3, [r3, #4]
      0x00410c48: 0x28201be5	ldr	r2, [fp, #-0x28]
      0x00410c4c: 0x0210a0e1	mov	r1, r2
      0x00410c50: 0x0300a0e1	mov	r0, r3
bl    at 0x00410c54: hooking 0xc71100eb	bl	#0x415378 -> 0xfdbc03eb	bl	#0x500050
      0x00410c58: 0x0030a0e1	mov	r3, r0
      0x00410c5c: 0x0320a0e1	mov	r2, r3
      0x00410c60: 0x50301be5	ldr	r3, [fp, #-0x50]
      0x00410c64: 0x042083e5	str	r2, [r3, #4]
      0x00410c68: 0x5c301be5	ldr	r3, [fp, #-0x5c]
      0x00410c6c: 0x8331a0e1	lsl	r3, r3, #3
      0x00410c70: 0x50201be5	ldr	r2, [fp, #-0x50]
      0x00410c74: 0x033082e0	add	r3, r2, r3
      0x00410c78: 0x000093e5	ldr	r0, [r3]
      0x00410c7c: 0x40101be5	ldr	r1, [fp, #-0x40]
      0x00410c80: 0x1c301be5	ldr	r3, [fp, #-0x1c]
      0x00410c84: 0x8331a0e1	lsl	r3, r3, #3
      0x00410c88: 0x50201be5	ldr	r2, [fp, #-0x50]
      0x00410c8c: 0x034082e0	add	r4, r2, r3
bl    at 0x00410c90: hooking 0xb81100eb	bl	#0x415378 -> 0xeebc03eb	bl	#0x500050
      0x00410c94: 0x0030a0e1	mov	r3, r0
      0x00410c98: 0x003084e5	str	r3, [r4]
      0x00410c9c: 0x5c301be5	ldr	r3, [fp, #-0x5c]
      0x00410ca0: 0x8331a0e1	lsl	r3, r3, #3
      0x00410ca4: 0x50201be5	ldr	r2, [fp, #-0x50]
      0x00410ca8: 0x033082e0	add	r3, r2, r3
      0x00410cac: 0x040093e5	ldr	r0, [r3, #4]
      0x00410cb0: 0x44101be5	ldr	r1, [fp, #-0x44]
      0x00410cb4: 0x1c301be5	ldr	r3, [fp, #-0x1c]
      0x00410cb8: 0x8331a0e1	lsl	r3, r3, #3
      0x00410cbc: 0x50201be5	ldr	r2, [fp, #-0x50]
      0x00410cc0: 0x034082e0	add	r4, r2, r3
bl    at 0x00410cc4: hooking 0xaa1100eb	bl	#0x415374 -> 0xe1bc03eb	bl	#0x500050
      0x00410cc8: 0x0030a0e1	mov	r3, r0
      0x00410ccc: 0x043084e5	str	r3, [r4, #4]
      0x00410cd0: 0x5c301be5	ldr	r3, [fp, #-0x5c]
      0x00410cd4: 0x8331a0e1	lsl	r3, r3, #3
      0x00410cd8: 0x50201be5	ldr	r2, [fp, #-0x50]
      0x00410cdc: 0x033082e0	add	r3, r2, r3
      0x00410ce0: 0x000093e5	ldr	r0, [r3]
      0x00410ce4: 0x40101be5	ldr	r1, [fp, #-0x40]
      0x00410ce8: 0x5c301be5	ldr	r3, [fp, #-0x5c]
      0x00410cec: 0x8331a0e1	lsl	r3, r3, #3
      0x00410cf0: 0x50201be5	ldr	r2, [fp, #-0x50]
      0x00410cf4: 0x034082e0	add	r4, r2, r3
bl    at 0x00410cf8: hooking 0x9d1100eb	bl	#0x415374 -> 0xd4bc03eb	bl	#0x500050
      0x00410cfc: 0x0030a0e1	mov	r3, r0
      0x00410d00: 0x003084e5	str	r3, [r4]
      0x00410d04: 0x5c301be5	ldr	r3, [fp, #-0x5c]
      0x00410d08: 0x8331a0e1	lsl	r3, r3, #3
      0x00410d0c: 0x50201be5	ldr	r2, [fp, #-0x50]
      0x00410d10: 0x033082e0	add	r3, r2, r3
      0x00410d14: 0x040093e5	ldr	r0, [r3, #4]
      0x00410d18: 0x44101be5	ldr	r1, [fp, #-0x44]
      0x00410d1c: 0x5c301be5	ldr	r3, [fp, #-0x5c]
      0x00410d20: 0x8331a0e1	lsl	r3, r3, #3
      0x00410d24: 0x50201be5	ldr	r2, [fp, #-0x50]
      0x00410d28: 0x034082e0	add	r4, r2, r3
bl    at 0x00410d2c: hooking 0x911100eb	bl	#0x415378 -> 0xc7bc03eb	bl	#0x500050
      0x00410d30: 0x0030a0e1	mov	r3, r0
      0x00410d34: 0x043084e5	str	r3, [r4, #4]
      0x00410d38: 0x50301be5	ldr	r3, [fp, #-0x50]
      0x00410d3c: 0x083083e2	add	r3, r3, #8
      0x00410d40: 0x50300be5	str	r3, [fp, #-0x50]
      0x00410d44: 0x10301be5	ldr	r3, [fp, #-0x10]
      0x00410d48: 0x013043e2	sub	r3, r3, #1
      0x00410d4c: 0x10300be5	str	r3, [fp, #-0x10]
      0x00410d50: 0x10301be5	ldr	r3, [fp, #-0x10]
      0x00410d54: 0x000053e3	cmp	r3, #0
      0x00410d58: 0xd2feff1a	bne	#0x4108a8
      0x00410d5c: 0x0000a0e1	mov	r0, r0
      0x00410d60: 0x0000a0e1	mov	r0, r0
      0x00410d64: 0x0cd04be2	sub	sp, fp, #0xc
      0x00410d68: 0x3048bde8	pop	{r4, r5, fp, lr}
      0x00410d6c: 0x1eff2fe1	bx	lr
      0x00410d70: 0x0000e03f	svclo	#0xe00000
      0x00410d74: 0x10482de9	push	{r4, fp, lr}
      0x00410d78: 0x08b08de2	add	fp, sp, #8
      0x00410d7c: 0xacd04de2	sub	sp, sp, #0xac
      0x00410d80: 0xa8000be5	str	r0, [fp, #-0xa8]
      0x00410d84: 0xac100be5	str	r1, [fp, #-0xac]
      0x00410d88: 0xb0200be5	str	r2, [fp, #-0xb0]
      0x00410d8c: 0xb4300be5	str	r3, [fp, #-0xb4]
      0x00410d90: 0xb0301be5	ldr	r3, [fp, #-0xb0]
      0x00410d94: 0x423f83e2	add	r3, r3, #0x108
      0x00410d98: 0x28300be5	str	r3, [fp, #-0x28]
      0x00410d9c: 0xb4301be5	ldr	r3, [fp, #-0xb4]
      0x00410da0: 0xac201be5	ldr	r2, [fp, #-0xac]
      0x00410da4: 0x920303e0	mul	r3, r2, r3
      0x00410da8: 0x8331a0e1	lsl	r3, r3, #3
      0x00410dac: 0x28201be5	ldr	r2, [fp, #-0x28]
      0x00410db0: 0x032082e0	add	r2, r2, r3
      0x00410db4: 0x9c304be2	sub	r3, fp, #0x9c
      0x00410db8: 0x030092e8	ldm	r2, {r0, r1}
      0x00410dbc: 0x030083e8	stm	r3, {r0, r1}
      0x00410dc0: 0xb4301be5	ldr	r3, [fp, #-0xb4]
      0x00410dc4: 0xac201be5	ldr	r2, [fp, #-0xac]
      0x00410dc8: 0x920303e0	mul	r3, r2, r3
      0x00410dcc: 0x0332a0e1	lsl	r3, r3, #4
      0x00410dd0: 0x28201be5	ldr	r2, [fp, #-0x28]
      0x00410dd4: 0x032082e0	add	r2, r2, r3
      0x00410dd8: 0xa4304be2	sub	r3, fp, #0xa4
      0x00410ddc: 0x030092e8	ldm	r2, {r0, r1}
      0x00410de0: 0x030083e8	stm	r3, {r0, r1}
      0x00410de4: 0xa8301be5	ldr	r3, [fp, #-0xa8]
      0x00410de8: 0x10300be5	str	r3, [fp, #-0x10]
      0x00410dec: 0xb4301be5	ldr	r3, [fp, #-0xb4]
      0x00410df0: 0x8331a0e1	lsl	r3, r3, #3
      0x00410df4: 0x10201be5	ldr	r2, [fp, #-0x10]
      0x00410df8: 0x033082e0	add	r3, r2, r3
      0x00410dfc: 0x14300be5	str	r3, [fp, #-0x14]
      0x00410e00: 0xb4301be5	ldr	r3, [fp, #-0xb4]
      0x00410e04: 0x0332a0e1	lsl	r3, r3, #4
      0x00410e08: 0x10201be5	ldr	r2, [fp, #-0x10]
      0x00410e0c: 0x033082e0	add	r3, r2, r3
      0x00410e10: 0x18300be5	str	r3, [fp, #-0x18]
      0x00410e14: 0xb4201be5	ldr	r2, [fp, #-0xb4]
      0x00410e18: 0x0230a0e1	mov	r3, r2
      0x00410e1c: 0x8330a0e1	lsl	r3, r3, #1
      0x00410e20: 0x023083e0	add	r3, r3, r2
      0x00410e24: 0x8331a0e1	lsl	r3, r3, #3
      0x00410e28: 0x0320a0e1	mov	r2, r3
      0x00410e2c: 0x10301be5	ldr	r3, [fp, #-0x10]
      0x00410e30: 0x023083e0	add	r3, r3, r2
      0x00410e34: 0x1c300be5	str	r3, [fp, #-0x1c]
      0x00410e38: 0xb4301be5	ldr	r3, [fp, #-0xb4]
      0x00410e3c: 0x8332a0e1	lsl	r3, r3, #5
      0x00410e40: 0x10201be5	ldr	r2, [fp, #-0x10]
      0x00410e44: 0x033082e0	add	r3, r2, r3
      0x00410e48: 0x20300be5	str	r3, [fp, #-0x20]
      0x00410e4c: 0xb0301be5	ldr	r3, [fp, #-0xb0]
      0x00410e50: 0x423f83e2	add	r3, r3, #0x108
      0x00410e54: 0x2c300be5	str	r3, [fp, #-0x2c]
      0x00410e58: 0x0030a0e3	mov	r3, #0
      0x00410e5c: 0x24300be5	str	r3, [fp, #-0x24]
b     at 0x00410e60: hooking 0x570200ea	b	#0x4117c4 -> 0x66bc03eb	bl	#0x500000
      0x00410e64: 0x10201be5	ldr	r2, [fp, #-0x10]
      0x00410e68: 0x94304be2	sub	r3, fp, #0x94
      0x00410e6c: 0x030092e8	ldm	r2, {r0, r1}
      0x00410e70: 0x030083e8	stm	r3, {r0, r1}
      0x00410e74: 0x14301be5	ldr	r3, [fp, #-0x14]
      0x00410e78: 0x000093e5	ldr	r0, [r3]
      0x00410e7c: 0x24301be5	ldr	r3, [fp, #-0x24]
      0x00410e80: 0xac201be5	ldr	r2, [fp, #-0xac]
      0x00410e84: 0x920303e0	mul	r3, r2, r3
      0x00410e88: 0x8331a0e1	lsl	r3, r3, #3
      0x00410e8c: 0x2c201be5	ldr	r2, [fp, #-0x2c]
      0x00410e90: 0x033082e0	add	r3, r2, r3
      0x00410e94: 0x003093e5	ldr	r3, [r3]
      0x00410e98: 0x0310a0e1	mov	r1, r3
bl    at 0x00410e9c: hooking 0xab0d00eb	bl	#0x414550 -> 0x6bbc03eb	bl	#0x500050
      0x00410ea0: 0x0030a0e1	mov	r3, r0
      0x00410ea4: 0x0340a0e1	mov	r4, r3
      0x00410ea8: 0x14301be5	ldr	r3, [fp, #-0x14]
      0x00410eac: 0x040093e5	ldr	r0, [r3, #4]
      0x00410eb0: 0x24301be5	ldr	r3, [fp, #-0x24]
      0x00410eb4: 0xac201be5	ldr	r2, [fp, #-0xac]
      0x00410eb8: 0x920303e0	mul	r3, r2, r3
      0x00410ebc: 0x8331a0e1	lsl	r3, r3, #3
      0x00410ec0: 0x2c201be5	ldr	r2, [fp, #-0x2c]
      0x00410ec4: 0x033082e0	add	r3, r2, r3
      0x00410ec8: 0x043093e5	ldr	r3, [r3, #4]
      0x00410ecc: 0x0310a0e1	mov	r1, r3
bl    at 0x00410ed0: hooking 0x9e0d00eb	bl	#0x414550 -> 0x5ebc03eb	bl	#0x500050
      0x00410ed4: 0x0030a0e1	mov	r3, r0
      0x00410ed8: 0x0310a0e1	mov	r1, r3
      0x00410edc: 0x0400a0e1	mov	r0, r4
bl    at 0x00410ee0: hooking 0x231100eb	bl	#0x415374 -> 0x5abc03eb	bl	#0x500050
      0x00410ee4: 0x0030a0e1	mov	r3, r0
      0x00410ee8: 0x8c300be5	str	r3, [fp, #-0x8c]
      0x00410eec: 0x14301be5	ldr	r3, [fp, #-0x14]
      0x00410ef0: 0x000093e5	ldr	r0, [r3]
      0x00410ef4: 0x24301be5	ldr	r3, [fp, #-0x24]
      0x00410ef8: 0xac201be5	ldr	r2, [fp, #-0xac]
      0x00410efc: 0x920303e0	mul	r3, r2, r3
      0x00410f00: 0x8331a0e1	lsl	r3, r3, #3
      0x00410f04: 0x2c201be5	ldr	r2, [fp, #-0x2c]
      0x00410f08: 0x033082e0	add	r3, r2, r3
      0x00410f0c: 0x043093e5	ldr	r3, [r3, #4]
      0x00410f10: 0x0310a0e1	mov	r1, r3
bl    at 0x00410f14: hooking 0x8d0d00eb	bl	#0x414550 -> 0x4dbc03eb	bl	#0x500050
      0x00410f18: 0x0030a0e1	mov	r3, r0
      0x00410f1c: 0x0340a0e1	mov	r4, r3
      0x00410f20: 0x14301be5	ldr	r3, [fp, #-0x14]
      0x00410f24: 0x040093e5	ldr	r0, [r3, #4]
      0x00410f28: 0x24301be5	ldr	r3, [fp, #-0x24]
      0x00410f2c: 0xac201be5	ldr	r2, [fp, #-0xac]
      0x00410f30: 0x920303e0	mul	r3, r2, r3
      0x00410f34: 0x8331a0e1	lsl	r3, r3, #3
      0x00410f38: 0x2c201be5	ldr	r2, [fp, #-0x2c]
      0x00410f3c: 0x033082e0	add	r3, r2, r3
      0x00410f40: 0x003093e5	ldr	r3, [r3]
      0x00410f44: 0x0310a0e1	mov	r1, r3
bl    at 0x00410f48: hooking 0x800d00eb	bl	#0x414550 -> 0x40bc03eb	bl	#0x500050
      0x00410f4c: 0x0030a0e1	mov	r3, r0
      0x00410f50: 0x0310a0e1	mov	r1, r3
      0x00410f54: 0x0400a0e1	mov	r0, r4
bl    at 0x00410f58: hooking 0x061100eb	bl	#0x415378 -> 0x3cbc03eb	bl	#0x500050
      0x00410f5c: 0x0030a0e1	mov	r3, r0
      0x00410f60: 0x88300be5	str	r3, [fp, #-0x88]
      0x00410f64: 0x18301be5	ldr	r3, [fp, #-0x18]
      0x00410f68: 0x000093e5	ldr	r0, [r3]
      0x00410f6c: 0x24301be5	ldr	r3, [fp, #-0x24]
      0x00410f70: 0xac201be5	ldr	r2, [fp, #-0xac]
      0x00410f74: 0x920303e0	mul	r3, r2, r3
      0x00410f78: 0x0332a0e1	lsl	r3, r3, #4
      0x00410f7c: 0x2c201be5	ldr	r2, [fp, #-0x2c]
      0x00410f80: 0x033082e0	add	r3, r2, r3
      0x00410f84: 0x003093e5	ldr	r3, [r3]
      0x00410f88: 0x0310a0e1	mov	r1, r3
bl    at 0x00410f8c: hooking 0x6f0d00eb	bl	#0x414550 -> 0x2fbc03eb	bl	#0x500050
      0x00410f90: 0x0030a0e1	mov	r3, r0
      0x00410f94: 0x0340a0e1	mov	r4, r3
      0x00410f98: 0x18301be5	ldr	r3, [fp, #-0x18]
      0x00410f9c: 0x040093e5	ldr	r0, [r3, #4]
      0x00410fa0: 0x24301be5	ldr	r3, [fp, #-0x24]
      0x00410fa4: 0xac201be5	ldr	r2, [fp, #-0xac]
      0x00410fa8: 0x920303e0	mul	r3, r2, r3
      0x00410fac: 0x0332a0e1	lsl	r3, r3, #4
      0x00410fb0: 0x2c201be5	ldr	r2, [fp, #-0x2c]
      0x00410fb4: 0x033082e0	add	r3, r2, r3
      0x00410fb8: 0x043093e5	ldr	r3, [r3, #4]
      0x00410fbc: 0x0310a0e1	mov	r1, r3
bl    at 0x00410fc0: hooking 0x620d00eb	bl	#0x414550 -> 0x22bc03eb	bl	#0x500050
      0x00410fc4: 0x0030a0e1	mov	r3, r0
      0x00410fc8: 0x0310a0e1	mov	r1, r3
      0x00410fcc: 0x0400a0e1	mov	r0, r4
bl    at 0x00410fd0: hooking 0xe71000eb	bl	#0x415374 -> 0x1ebc03eb	bl	#0x500050
      0x00410fd4: 0x0030a0e1	mov	r3, r0
      0x00410fd8: 0x84300be5	str	r3, [fp, #-0x84]
      0x00410fdc: 0x18301be5	ldr	r3, [fp, #-0x18]
      0x00410fe0: 0x000093e5	ldr	r0, [r3]
      0x00410fe4: 0x24301be5	ldr	r3, [fp, #-0x24]
      0x00410fe8: 0xac201be5	ldr	r2, [fp, #-0xac]
      0x00410fec: 0x920303e0	mul	r3, r2, r3
      0x00410ff0: 0x0332a0e1	lsl	r3, r3, #4
      0x00410ff4: 0x2c201be5	ldr	r2, [fp, #-0x2c]
      0x00410ff8: 0x033082e0	add	r3, r2, r3
      0x00410ffc: 0x043093e5	ldr	r3, [r3, #4]
      0x00411000: 0x0310a0e1	mov	r1, r3
bl    at 0x00411004: hooking 0x510d00eb	bl	#0x414550 -> 0x11bc03eb	bl	#0x500050
      0x00411008: 0x0030a0e1	mov	r3, r0
      0x0041100c: 0x0340a0e1	mov	r4, r3
      0x00411010: 0x18301be5	ldr	r3, [fp, #-0x18]
      0x00411014: 0x040093e5	ldr	r0, [r3, #4]
      0x00411018: 0x24301be5	ldr	r3, [fp, #-0x24]
      0x0041101c: 0xac201be5	ldr	r2, [fp, #-0xac]
      0x00411020: 0x920303e0	mul	r3, r2, r3
      0x00411024: 0x0332a0e1	lsl	r3, r3, #4
      0x00411028: 0x2c201be5	ldr	r2, [fp, #-0x2c]
      0x0041102c: 0x033082e0	add	r3, r2, r3
      0x00411030: 0x003093e5	ldr	r3, [r3]
      0x00411034: 0x0310a0e1	mov	r1, r3
bl    at 0x00411038: hooking 0x440d00eb	bl	#0x414550 -> 0x04bc03eb	bl	#0x500050
      0x0041103c: 0x0030a0e1	mov	r3, r0
      0x00411040: 0x0310a0e1	mov	r1, r3
      0x00411044: 0x0400a0e1	mov	r0, r4
bl    at 0x00411048: hooking 0xca1000eb	bl	#0x415378 -> 0x00bc03eb	bl	#0x500050
      0x0041104c: 0x0030a0e1	mov	r3, r0
      0x00411050: 0x80300be5	str	r3, [fp, #-0x80]
      0x00411054: 0x1c301be5	ldr	r3, [fp, #-0x1c]
      0x00411058: 0x000093e5	ldr	r0, [r3]
      0x0041105c: 0x24301be5	ldr	r3, [fp, #-0x24]
      0x00411060: 0xac201be5	ldr	r2, [fp, #-0xac]
      0x00411064: 0x930202e0	mul	r2, r3, r2
      0x00411068: 0x0230a0e1	mov	r3, r2
      0x0041106c: 0x8330a0e1	lsl	r3, r3, #1
      0x00411070: 0x023083e0	add	r3, r3, r2
      0x00411074: 0x8331a0e1	lsl	r3, r3, #3
      0x00411078: 0x0320a0e1	mov	r2, r3
      0x0041107c: 0x2c301be5	ldr	r3, [fp, #-0x2c]
      0x00411080: 0x023083e0	add	r3, r3, r2
      0x00411084: 0x003093e5	ldr	r3, [r3]
      0x00411088: 0x0310a0e1	mov	r1, r3
bl    at 0x0041108c: hooking 0x2f0d00eb	bl	#0x414550 -> 0xefbb03eb	bl	#0x500050
      0x00411090: 0x0030a0e1	mov	r3, r0
      0x00411094: 0x0340a0e1	mov	r4, r3
      0x00411098: 0x1c301be5	ldr	r3, [fp, #-0x1c]
      0x0041109c: 0x040093e5	ldr	r0, [r3, #4]
      0x004110a0: 0x24301be5	ldr	r3, [fp, #-0x24]
      0x004110a4: 0xac201be5	ldr	r2, [fp, #-0xac]
      0x004110a8: 0x930202e0	mul	r2, r3, r2
      0x004110ac: 0x0230a0e1	mov	r3, r2
      0x004110b0: 0x8330a0e1	lsl	r3, r3, #1
      0x004110b4: 0x023083e0	add	r3, r3, r2
      0x004110b8: 0x8331a0e1	lsl	r3, r3, #3
      0x004110bc: 0x0320a0e1	mov	r2, r3
      0x004110c0: 0x2c301be5	ldr	r3, [fp, #-0x2c]
      0x004110c4: 0x023083e0	add	r3, r3, r2
      0x004110c8: 0x043093e5	ldr	r3, [r3, #4]
      0x004110cc: 0x0310a0e1	mov	r1, r3
bl    at 0x004110d0: hooking 0x1e0d00eb	bl	#0x414550 -> 0xdebb03eb	bl	#0x500050
      0x004110d4: 0x0030a0e1	mov	r3, r0
      0x004110d8: 0x0310a0e1	mov	r1, r3
      0x004110dc: 0x0400a0e1	mov	r0, r4
bl    at 0x004110e0: hooking 0xa31000eb	bl	#0x415374 -> 0xdabb03eb	bl	#0x500050
      0x004110e4: 0x0030a0e1	mov	r3, r0
      0x004110e8: 0x7c300be5	str	r3, [fp, #-0x7c]
      0x004110ec: 0x1c301be5	ldr	r3, [fp, #-0x1c]
      0x004110f0: 0x000093e5	ldr	r0, [r3]
      0x004110f4: 0x24301be5	ldr	r3, [fp, #-0x24]
      0x004110f8: 0xac201be5	ldr	r2, [fp, #-0xac]
      0x004110fc: 0x930202e0	mul	r2, r3, r2
      0x00411100: 0x0230a0e1	mov	r3, r2
      0x00411104: 0x8330a0e1	lsl	r3, r3, #1
      0x00411108: 0x023083e0	add	r3, r3, r2
      0x0041110c: 0x8331a0e1	lsl	r3, r3, #3
      0x00411110: 0x0320a0e1	mov	r2, r3
      0x00411114: 0x2c301be5	ldr	r3, [fp, #-0x2c]
      0x00411118: 0x023083e0	add	r3, r3, r2
      0x0041111c: 0x043093e5	ldr	r3, [r3, #4]
      0x00411120: 0x0310a0e1	mov	r1, r3
bl    at 0x00411124: hooking 0x090d00eb	bl	#0x414550 -> 0xc9bb03eb	bl	#0x500050
      0x00411128: 0x0030a0e1	mov	r3, r0
      0x0041112c: 0x0340a0e1	mov	r4, r3
      0x00411130: 0x1c301be5	ldr	r3, [fp, #-0x1c]
      0x00411134: 0x040093e5	ldr	r0, [r3, #4]
      0x00411138: 0x24301be5	ldr	r3, [fp, #-0x24]
      0x0041113c: 0xac201be5	ldr	r2, [fp, #-0xac]
      0x00411140: 0x930202e0	mul	r2, r3, r2
      0x00411144: 0x0230a0e1	mov	r3, r2
      0x00411148: 0x8330a0e1	lsl	r3, r3, #1
      0x0041114c: 0x023083e0	add	r3, r3, r2
      0x00411150: 0x8331a0e1	lsl	r3, r3, #3
      0x00411154: 0x0320a0e1	mov	r2, r3
      0x00411158: 0x2c301be5	ldr	r3, [fp, #-0x2c]
      0x0041115c: 0x023083e0	add	r3, r3, r2
      0x00411160: 0x003093e5	ldr	r3, [r3]
      0x00411164: 0x0310a0e1	mov	r1, r3
bl    at 0x00411168: hooking 0xf80c00eb	bl	#0x414550 -> 0xb8bb03eb	bl	#0x500050
      0x0041116c: 0x0030a0e1	mov	r3, r0
      0x00411170: 0x0310a0e1	mov	r1, r3
      0x00411174: 0x0400a0e1	mov	r0, r4
bl    at 0x00411178: hooking 0x7e1000eb	bl	#0x415378 -> 0xb4bb03eb	bl	#0x500050
      0x0041117c: 0x0030a0e1	mov	r3, r0
      0x00411180: 0x78300be5	str	r3, [fp, #-0x78]
      0x00411184: 0x20301be5	ldr	r3, [fp, #-0x20]
      0x00411188: 0x000093e5	ldr	r0, [r3]
      0x0041118c: 0x24301be5	ldr	r3, [fp, #-0x24]
      0x00411190: 0xac201be5	ldr	r2, [fp, #-0xac]
      0x00411194: 0x920303e0	mul	r3, r2, r3
      0x00411198: 0x8332a0e1	lsl	r3, r3, #5
      0x0041119c: 0x2c201be5	ldr	r2, [fp, #-0x2c]
      0x004111a0: 0x033082e0	add	r3, r2, r3
      0x004111a4: 0x003093e5	ldr	r3, [r3]
      0x004111a8: 0x0310a0e1	mov	r1, r3
bl    at 0x004111ac: hooking 0xe70c00eb	bl	#0x414550 -> 0xa7bb03eb	bl	#0x500050
      0x004111b0: 0x0030a0e1	mov	r3, r0
      0x004111b4: 0x0340a0e1	mov	r4, r3
      0x004111b8: 0x20301be5	ldr	r3, [fp, #-0x20]
      0x004111bc: 0x040093e5	ldr	r0, [r3, #4]
      0x004111c0: 0x24301be5	ldr	r3, [fp, #-0x24]
      0x004111c4: 0xac201be5	ldr	r2, [fp, #-0xac]
      0x004111c8: 0x920303e0	mul	r3, r2, r3
      0x004111cc: 0x8332a0e1	lsl	r3, r3, #5
      0x004111d0: 0x2c201be5	ldr	r2, [fp, #-0x2c]
      0x004111d4: 0x033082e0	add	r3, r2, r3
      0x004111d8: 0x043093e5	ldr	r3, [r3, #4]
      0x004111dc: 0x0310a0e1	mov	r1, r3
bl    at 0x004111e0: hooking 0xda0c00eb	bl	#0x414550 -> 0x9abb03eb	bl	#0x500050
      0x004111e4: 0x0030a0e1	mov	r3, r0
      0x004111e8: 0x0310a0e1	mov	r1, r3
      0x004111ec: 0x0400a0e1	mov	r0, r4
bl    at 0x004111f0: hooking 0x5f1000eb	bl	#0x415374 -> 0x96bb03eb	bl	#0x500050
      0x004111f4: 0x0030a0e1	mov	r3, r0
      0x004111f8: 0x74300be5	str	r3, [fp, #-0x74]
      0x004111fc: 0x20301be5	ldr	r3, [fp, #-0x20]
      0x00411200: 0x000093e5	ldr	r0, [r3]
      0x00411204: 0x24301be5	ldr	r3, [fp, #-0x24]
      0x00411208: 0xac201be5	ldr	r2, [fp, #-0xac]
      0x0041120c: 0x920303e0	mul	r3, r2, r3
      0x00411210: 0x8332a0e1	lsl	r3, r3, #5
      0x00411214: 0x2c201be5	ldr	r2, [fp, #-0x2c]
      0x00411218: 0x033082e0	add	r3, r2, r3
      0x0041121c: 0x043093e5	ldr	r3, [r3, #4]
      0x00411220: 0x0310a0e1	mov	r1, r3
bl    at 0x00411224: hooking 0xc90c00eb	bl	#0x414550 -> 0x89bb03eb	bl	#0x500050
      0x00411228: 0x0030a0e1	mov	r3, r0
      0x0041122c: 0x0340a0e1	mov	r4, r3
      0x00411230: 0x20301be5	ldr	r3, [fp, #-0x20]
      0x00411234: 0x040093e5	ldr	r0, [r3, #4]
      0x00411238: 0x24301be5	ldr	r3, [fp, #-0x24]
      0x0041123c: 0xac201be5	ldr	r2, [fp, #-0xac]
      0x00411240: 0x920303e0	mul	r3, r2, r3
      0x00411244: 0x8332a0e1	lsl	r3, r3, #5
      0x00411248: 0x2c201be5	ldr	r2, [fp, #-0x2c]
      0x0041124c: 0x033082e0	add	r3, r2, r3
      0x00411250: 0x003093e5	ldr	r3, [r3]
      0x00411254: 0x0310a0e1	mov	r1, r3
bl    at 0x00411258: hooking 0xbc0c00eb	bl	#0x414550 -> 0x7cbb03eb	bl	#0x500050
      0x0041125c: 0x0030a0e1	mov	r3, r0
      0x00411260: 0x0310a0e1	mov	r1, r3
      0x00411264: 0x0400a0e1	mov	r0, r4
bl    at 0x00411268: hooking 0x421000eb	bl	#0x415378 -> 0x78bb03eb	bl	#0x500050
      0x0041126c: 0x0030a0e1	mov	r3, r0
      0x00411270: 0x70300be5	str	r3, [fp, #-0x70]
      0x00411274: 0x8c301be5	ldr	r3, [fp, #-0x8c]
      0x00411278: 0x74201be5	ldr	r2, [fp, #-0x74]
      0x0041127c: 0x0210a0e1	mov	r1, r2
      0x00411280: 0x0300a0e1	mov	r0, r3
bl    at 0x00411284: hooking 0x3b1000eb	bl	#0x415378 -> 0x71bb03eb	bl	#0x500050
      0x00411288: 0x0030a0e1	mov	r3, r0
      0x0041128c: 0x5c300be5	str	r3, [fp, #-0x5c]
      0x00411290: 0x88301be5	ldr	r3, [fp, #-0x88]
      0x00411294: 0x70201be5	ldr	r2, [fp, #-0x70]
      0x00411298: 0x0210a0e1	mov	r1, r2
      0x0041129c: 0x0300a0e1	mov	r0, r3
bl    at 0x004112a0: hooking 0x341000eb	bl	#0x415378 -> 0x6abb03eb	bl	#0x500050
      0x004112a4: 0x0030a0e1	mov	r3, r0
      0x004112a8: 0x58300be5	str	r3, [fp, #-0x58]
      0x004112ac: 0x8c301be5	ldr	r3, [fp, #-0x8c]
      0x004112b0: 0x74201be5	ldr	r2, [fp, #-0x74]
      0x004112b4: 0x0210a0e1	mov	r1, r2
      0x004112b8: 0x0300a0e1	mov	r0, r3
bl    at 0x004112bc: hooking 0x2c1000eb	bl	#0x415374 -> 0x63bb03eb	bl	#0x500050
      0x004112c0: 0x0030a0e1	mov	r3, r0
      0x004112c4: 0x44300be5	str	r3, [fp, #-0x44]
      0x004112c8: 0x88301be5	ldr	r3, [fp, #-0x88]
      0x004112cc: 0x70201be5	ldr	r2, [fp, #-0x70]
      0x004112d0: 0x0210a0e1	mov	r1, r2
      0x004112d4: 0x0300a0e1	mov	r0, r3
bl    at 0x004112d8: hooking 0x251000eb	bl	#0x415374 -> 0x5cbb03eb	bl	#0x500050
      0x004112dc: 0x0030a0e1	mov	r3, r0
      0x004112e0: 0x40300be5	str	r3, [fp, #-0x40]
      0x004112e4: 0x84301be5	ldr	r3, [fp, #-0x84]
      0x004112e8: 0x7c201be5	ldr	r2, [fp, #-0x7c]
      0x004112ec: 0x0210a0e1	mov	r1, r2
      0x004112f0: 0x0300a0e1	mov	r0, r3
bl    at 0x004112f4: hooking 0x1f1000eb	bl	#0x415378 -> 0x55bb03eb	bl	#0x500050
      0x004112f8: 0x0030a0e1	mov	r3, r0
      0x004112fc: 0x54300be5	str	r3, [fp, #-0x54]
      0x00411300: 0x80301be5	ldr	r3, [fp, #-0x80]
      0x00411304: 0x78201be5	ldr	r2, [fp, #-0x78]
      0x00411308: 0x0210a0e1	mov	r1, r2
      0x0041130c: 0x0300a0e1	mov	r0, r3
bl    at 0x00411310: hooking 0x181000eb	bl	#0x415378 -> 0x4ebb03eb	bl	#0x500050
      0x00411314: 0x0030a0e1	mov	r3, r0
      0x00411318: 0x50300be5	str	r3, [fp, #-0x50]
      0x0041131c: 0x84301be5	ldr	r3, [fp, #-0x84]
      0x00411320: 0x7c201be5	ldr	r2, [fp, #-0x7c]
      0x00411324: 0x0210a0e1	mov	r1, r2
      0x00411328: 0x0300a0e1	mov	r0, r3
bl    at 0x0041132c: hooking 0x101000eb	bl	#0x415374 -> 0x47bb03eb	bl	#0x500050
      0x00411330: 0x0030a0e1	mov	r3, r0
      0x00411334: 0x4c300be5	str	r3, [fp, #-0x4c]
      0x00411338: 0x80301be5	ldr	r3, [fp, #-0x80]
      0x0041133c: 0x78201be5	ldr	r2, [fp, #-0x78]
      0x00411340: 0x0210a0e1	mov	r1, r2
      0x00411344: 0x0300a0e1	mov	r0, r3
bl    at 0x00411348: hooking 0x091000eb	bl	#0x415374 -> 0x40bb03eb	bl	#0x500050
      0x0041134c: 0x0030a0e1	mov	r3, r0
      0x00411350: 0x48300be5	str	r3, [fp, #-0x48]
      0x00411354: 0x10301be5	ldr	r3, [fp, #-0x10]
      0x00411358: 0x004093e5	ldr	r4, [r3]
      0x0041135c: 0x5c301be5	ldr	r3, [fp, #-0x5c]
      0x00411360: 0x54201be5	ldr	r2, [fp, #-0x54]
      0x00411364: 0x0210a0e1	mov	r1, r2
      0x00411368: 0x0300a0e1	mov	r0, r3
bl    at 0x0041136c: hooking 0x011000eb	bl	#0x415378 -> 0x37bb03eb	bl	#0x500050
      0x00411370: 0x0030a0e1	mov	r3, r0
      0x00411374: 0x0310a0e1	mov	r1, r3
      0x00411378: 0x0400a0e1	mov	r0, r4
bl    at 0x0041137c: hooking 0xfd0f00eb	bl	#0x415378 -> 0x33bb03eb	bl	#0x500050
      0x00411380: 0x0030a0e1	mov	r3, r0
      0x00411384: 0x0320a0e1	mov	r2, r3
      0x00411388: 0x10301be5	ldr	r3, [fp, #-0x10]
      0x0041138c: 0x002083e5	str	r2, [r3]
      0x00411390: 0x10301be5	ldr	r3, [fp, #-0x10]
      0x00411394: 0x044093e5	ldr	r4, [r3, #4]
      0x00411398: 0x58301be5	ldr	r3, [fp, #-0x58]
      0x0041139c: 0x50201be5	ldr	r2, [fp, #-0x50]
      0x004113a0: 0x0210a0e1	mov	r1, r2
      0x004113a4: 0x0300a0e1	mov	r0, r3
bl    at 0x004113a8: hooking 0xf20f00eb	bl	#0x415378 -> 0x28bb03eb	bl	#0x500050
      0x004113ac: 0x0030a0e1	mov	r3, r0
      0x004113b0: 0x0310a0e1	mov	r1, r3
      0x004113b4: 0x0400a0e1	mov	r0, r4
bl    at 0x004113b8: hooking 0xee0f00eb	bl	#0x415378 -> 0x24bb03eb	bl	#0x500050
      0x004113bc: 0x0030a0e1	mov	r3, r0
      0x004113c0: 0x0320a0e1	mov	r2, r3
      0x004113c4: 0x10301be5	ldr	r3, [fp, #-0x10]
      0x004113c8: 0x042083e5	str	r2, [r3, #4]
      0x004113cc: 0x94401be5	ldr	r4, [fp, #-0x94]
      0x004113d0: 0x5c301be5	ldr	r3, [fp, #-0x5c]
      0x004113d4: 0x9c201be5	ldr	r2, [fp, #-0x9c]
      0x004113d8: 0x0210a0e1	mov	r1, r2
      0x004113dc: 0x0300a0e1	mov	r0, r3
bl    at 0x004113e0: hooking 0x5a0c00eb	bl	#0x414550 -> 0x1abb03eb	bl	#0x500050
      0x004113e4: 0x0030a0e1	mov	r3, r0
      0x004113e8: 0x0310a0e1	mov	r1, r3
      0x004113ec: 0x0400a0e1	mov	r0, r4
bl    at 0x004113f0: hooking 0xe00f00eb	bl	#0x415378 -> 0x16bb03eb	bl	#0x500050
      0x004113f4: 0x0030a0e1	mov	r3, r0
      0x004113f8: 0x0340a0e1	mov	r4, r3
      0x004113fc: 0x54301be5	ldr	r3, [fp, #-0x54]
      0x00411400: 0xa4201be5	ldr	r2, [fp, #-0xa4]
      0x00411404: 0x0210a0e1	mov	r1, r2
      0x00411408: 0x0300a0e1	mov	r0, r3
bl    at 0x0041140c: hooking 0x4f0c00eb	bl	#0x414550 -> 0x0fbb03eb	bl	#0x500050
      0x00411410: 0x0030a0e1	mov	r3, r0
      0x00411414: 0x0310a0e1	mov	r1, r3
      0x00411418: 0x0400a0e1	mov	r0, r4
bl    at 0x0041141c: hooking 0xd50f00eb	bl	#0x415378 -> 0x0bbb03eb	bl	#0x500050
      0x00411420: 0x0030a0e1	mov	r3, r0
      0x00411424: 0x6c300be5	str	r3, [fp, #-0x6c]
      0x00411428: 0x90401be5	ldr	r4, [fp, #-0x90]
      0x0041142c: 0x58301be5	ldr	r3, [fp, #-0x58]
      0x00411430: 0x9c201be5	ldr	r2, [fp, #-0x9c]
      0x00411434: 0x0210a0e1	mov	r1, r2
      0x00411438: 0x0300a0e1	mov	r0, r3
bl    at 0x0041143c: hooking 0x430c00eb	bl	#0x414550 -> 0x03bb03eb	bl	#0x500050
      0x00411440: 0x0030a0e1	mov	r3, r0
      0x00411444: 0x0310a0e1	mov	r1, r3
      0x00411448: 0x0400a0e1	mov	r0, r4
bl    at 0x0041144c: hooking 0xc90f00eb	bl	#0x415378 -> 0xffba03eb	bl	#0x500050
      0x00411450: 0x0030a0e1	mov	r3, r0
      0x00411454: 0x0340a0e1	mov	r4, r3
      0x00411458: 0x50301be5	ldr	r3, [fp, #-0x50]
      0x0041145c: 0xa4201be5	ldr	r2, [fp, #-0xa4]
      0x00411460: 0x0210a0e1	mov	r1, r2
      0x00411464: 0x0300a0e1	mov	r0, r3
bl    at 0x00411468: hooking 0x380c00eb	bl	#0x414550 -> 0xf8ba03eb	bl	#0x500050
      0x0041146c: 0x0030a0e1	mov	r3, r0
      0x00411470: 0x0310a0e1	mov	r1, r3
      0x00411474: 0x0400a0e1	mov	r0, r4
bl    at 0x00411478: hooking 0xbe0f00eb	bl	#0x415378 -> 0xf4ba03eb	bl	#0x500050
      0x0041147c: 0x0030a0e1	mov	r3, r0
      0x00411480: 0x68300be5	str	r3, [fp, #-0x68]
      0x00411484: 0x40301be5	ldr	r3, [fp, #-0x40]
      0x00411488: 0x98201be5	ldr	r2, [fp, #-0x98]
      0x0041148c: 0x0210a0e1	mov	r1, r2
      0x00411490: 0x0300a0e1	mov	r0, r3
bl    at 0x00411494: hooking 0x2d0c00eb	bl	#0x414550 -> 0xedba03eb	bl	#0x500050
      0x00411498: 0x0030a0e1	mov	r3, r0
      0x0041149c: 0x0340a0e1	mov	r4, r3
      0x004114a0: 0x48301be5	ldr	r3, [fp, #-0x48]
      0x004114a4: 0xa0201be5	ldr	r2, [fp, #-0xa0]
      0x004114a8: 0x0210a0e1	mov	r1, r2
      0x004114ac: 0x0300a0e1	mov	r0, r3
bl    at 0x004114b0: hooking 0x260c00eb	bl	#0x414550 -> 0xe6ba03eb	bl	#0x500050
      0x004114b4: 0x0030a0e1	mov	r3, r0
      0x004114b8: 0x0310a0e1	mov	r1, r3
      0x004114bc: 0x0400a0e1	mov	r0, r4
bl    at 0x004114c0: hooking 0xac0f00eb	bl	#0x415378 -> 0xe2ba03eb	bl	#0x500050
      0x004114c4: 0x0030a0e1	mov	r3, r0
      0x004114c8: 0x64300be5	str	r3, [fp, #-0x64]
      0x004114cc: 0x44301be5	ldr	r3, [fp, #-0x44]
      0x004114d0: 0x98201be5	ldr	r2, [fp, #-0x98]
      0x004114d4: 0x0210a0e1	mov	r1, r2
      0x004114d8: 0x0300a0e1	mov	r0, r3
bl    at 0x004114dc: hooking 0x1b0c00eb	bl	#0x414550 -> 0xdbba03eb	bl	#0x500050
      0x004114e0: 0x0030a0e1	mov	r3, r0
      0x004114e4: 0x024123e2	eor	r4, r3, #0x80000000
      0x004114e8: 0x4c301be5	ldr	r3, [fp, #-0x4c]
      0x004114ec: 0xa0201be5	ldr	r2, [fp, #-0xa0]
      0x004114f0: 0x0210a0e1	mov	r1, r2
      0x004114f4: 0x0300a0e1	mov	r0, r3
bl    at 0x004114f8: hooking 0x140c00eb	bl	#0x414550 -> 0xd4ba03eb	bl	#0x500050
      0x004114fc: 0x0030a0e1	mov	r3, r0
      0x00411500: 0x0310a0e1	mov	r1, r3
      0x00411504: 0x0400a0e1	mov	r0, r4
bl    at 0x00411508: hooking 0x990f00eb	bl	#0x415374 -> 0xd0ba03eb	bl	#0x500050
      0x0041150c: 0x0030a0e1	mov	r3, r0
      0x00411510: 0x60300be5	str	r3, [fp, #-0x60]
      0x00411514: 0x6c301be5	ldr	r3, [fp, #-0x6c]
      0x00411518: 0x64201be5	ldr	r2, [fp, #-0x64]
      0x0041151c: 0x0210a0e1	mov	r1, r2
      0x00411520: 0x0300a0e1	mov	r0, r3
bl    at 0x00411524: hooking 0x920f00eb	bl	#0x415374 -> 0xc9ba03eb	bl	#0x500050
      0x00411528: 0x0030a0e1	mov	r3, r0
      0x0041152c: 0x0320a0e1	mov	r2, r3
      0x00411530: 0x14301be5	ldr	r3, [fp, #-0x14]
      0x00411534: 0x002083e5	str	r2, [r3]
      0x00411538: 0x68301be5	ldr	r3, [fp, #-0x68]
      0x0041153c: 0x60201be5	ldr	r2, [fp, #-0x60]
      0x00411540: 0x0210a0e1	mov	r1, r2
      0x00411544: 0x0300a0e1	mov	r0, r3
bl    at 0x00411548: hooking 0x890f00eb	bl	#0x415374 -> 0xc0ba03eb	bl	#0x500050
      0x0041154c: 0x0030a0e1	mov	r3, r0
      0x00411550: 0x0320a0e1	mov	r2, r3
      0x00411554: 0x14301be5	ldr	r3, [fp, #-0x14]
      0x00411558: 0x042083e5	str	r2, [r3, #4]
      0x0041155c: 0x6c301be5	ldr	r3, [fp, #-0x6c]
      0x00411560: 0x64201be5	ldr	r2, [fp, #-0x64]
      0x00411564: 0x0210a0e1	mov	r1, r2
      0x00411568: 0x0300a0e1	mov	r0, r3
bl    at 0x0041156c: hooking 0x810f00eb	bl	#0x415378 -> 0xb7ba03eb	bl	#0x500050
      0x00411570: 0x0030a0e1	mov	r3, r0
      0x00411574: 0x0320a0e1	mov	r2, r3
      0x00411578: 0x20301be5	ldr	r3, [fp, #-0x20]
      0x0041157c: 0x002083e5	str	r2, [r3]
      0x00411580: 0x68301be5	ldr	r3, [fp, #-0x68]
      0x00411584: 0x60201be5	ldr	r2, [fp, #-0x60]
      0x00411588: 0x0210a0e1	mov	r1, r2
      0x0041158c: 0x0300a0e1	mov	r0, r3
bl    at 0x00411590: hooking 0x780f00eb	bl	#0x415378 -> 0xaeba03eb	bl	#0x500050
      0x00411594: 0x0030a0e1	mov	r3, r0
      0x00411598: 0x0320a0e1	mov	r2, r3
      0x0041159c: 0x20301be5	ldr	r3, [fp, #-0x20]
      0x004115a0: 0x042083e5	str	r2, [r3, #4]
      0x004115a4: 0x94401be5	ldr	r4, [fp, #-0x94]
      0x004115a8: 0x5c301be5	ldr	r3, [fp, #-0x5c]
      0x004115ac: 0xa4201be5	ldr	r2, [fp, #-0xa4]
      0x004115b0: 0x0210a0e1	mov	r1, r2
      0x004115b4: 0x0300a0e1	mov	r0, r3
bl    at 0x004115b8: hooking 0xe40b00eb	bl	#0x414550 -> 0xa4ba03eb	bl	#0x500050
      0x004115bc: 0x0030a0e1	mov	r3, r0
      0x004115c0: 0x0310a0e1	mov	r1, r3
      0x004115c4: 0x0400a0e1	mov	r0, r4
bl    at 0x004115c8: hooking 0x6a0f00eb	bl	#0x415378 -> 0xa0ba03eb	bl	#0x500050
      0x004115cc: 0x0030a0e1	mov	r3, r0
      0x004115d0: 0x0340a0e1	mov	r4, r3
      0x004115d4: 0x54301be5	ldr	r3, [fp, #-0x54]
      0x004115d8: 0x9c201be5	ldr	r2, [fp, #-0x9c]
      0x004115dc: 0x0210a0e1	mov	r1, r2
      0x004115e0: 0x0300a0e1	mov	r0, r3
bl    at 0x004115e4: hooking 0xd90b00eb	bl	#0x414550 -> 0x99ba03eb	bl	#0x500050
      0x004115e8: 0x0030a0e1	mov	r3, r0
      0x004115ec: 0x0310a0e1	mov	r1, r3
      0x004115f0: 0x0400a0e1	mov	r0, r4
bl    at 0x004115f4: hooking 0x5f0f00eb	bl	#0x415378 -> 0x95ba03eb	bl	#0x500050
      0x004115f8: 0x0030a0e1	mov	r3, r0
      0x004115fc: 0x3c300be5	str	r3, [fp, #-0x3c]
      0x00411600: 0x90401be5	ldr	r4, [fp, #-0x90]
      0x00411604: 0x58301be5	ldr	r3, [fp, #-0x58]
      0x00411608: 0xa4201be5	ldr	r2, [fp, #-0xa4]
      0x0041160c: 0x0210a0e1	mov	r1, r2
      0x00411610: 0x0300a0e1	mov	r0, r3
bl    at 0x00411614: hooking 0xcd0b00eb	bl	#0x414550 -> 0x8dba03eb	bl	#0x500050
      0x00411618: 0x0030a0e1	mov	r3, r0
      0x0041161c: 0x0310a0e1	mov	r1, r3
      0x00411620: 0x0400a0e1	mov	r0, r4
bl    at 0x00411624: hooking 0x530f00eb	bl	#0x415378 -> 0x89ba03eb	bl	#0x500050
      0x00411628: 0x0030a0e1	mov	r3, r0
      0x0041162c: 0x0340a0e1	mov	r4, r3
      0x00411630: 0x50301be5	ldr	r3, [fp, #-0x50]
      0x00411634: 0x9c201be5	ldr	r2, [fp, #-0x9c]
      0x00411638: 0x0210a0e1	mov	r1, r2
      0x0041163c: 0x0300a0e1	mov	r0, r3
bl    at 0x00411640: hooking 0xc20b00eb	bl	#0x414550 -> 0x82ba03eb	bl	#0x500050
      0x00411644: 0x0030a0e1	mov	r3, r0
      0x00411648: 0x0310a0e1	mov	r1, r3
      0x0041164c: 0x0400a0e1	mov	r0, r4
bl    at 0x00411650: hooking 0x480f00eb	bl	#0x415378 -> 0x7eba03eb	bl	#0x500050
      0x00411654: 0x0030a0e1	mov	r3, r0
      0x00411658: 0x38300be5	str	r3, [fp, #-0x38]
      0x0041165c: 0x48301be5	ldr	r3, [fp, #-0x48]
      0x00411660: 0x98201be5	ldr	r2, [fp, #-0x98]
      0x00411664: 0x0210a0e1	mov	r1, r2
      0x00411668: 0x0300a0e1	mov	r0, r3
bl    at 0x0041166c: hooking 0xb70b00eb	bl	#0x414550 -> 0x77ba03eb	bl	#0x500050
      0x00411670: 0x0030a0e1	mov	r3, r0
      0x00411674: 0x0340a0e1	mov	r4, r3
      0x00411678: 0x40301be5	ldr	r3, [fp, #-0x40]
      0x0041167c: 0xa0201be5	ldr	r2, [fp, #-0xa0]
      0x00411680: 0x0210a0e1	mov	r1, r2
      0x00411684: 0x0300a0e1	mov	r0, r3
bl    at 0x00411688: hooking 0xb00b00eb	bl	#0x414550 -> 0x70ba03eb	bl	#0x500050
      0x0041168c: 0x0030a0e1	mov	r3, r0
      0x00411690: 0x0310a0e1	mov	r1, r3
      0x00411694: 0x0400a0e1	mov	r0, r4
bl    at 0x00411698: hooking 0x350f00eb	bl	#0x415374 -> 0x6cba03eb	bl	#0x500050
      0x0041169c: 0x0030a0e1	mov	r3, r0
      0x004116a0: 0x34300be5	str	r3, [fp, #-0x34]
      0x004116a4: 0x44301be5	ldr	r3, [fp, #-0x44]
      0x004116a8: 0xa0201be5	ldr	r2, [fp, #-0xa0]
      0x004116ac: 0x0210a0e1	mov	r1, r2
      0x004116b0: 0x0300a0e1	mov	r0, r3
bl    at 0x004116b4: hooking 0xa50b00eb	bl	#0x414550 -> 0x65ba03eb	bl	#0x500050
      0x004116b8: 0x0030a0e1	mov	r3, r0
      0x004116bc: 0x0340a0e1	mov	r4, r3
      0x004116c0: 0x4c301be5	ldr	r3, [fp, #-0x4c]
      0x004116c4: 0x98201be5	ldr	r2, [fp, #-0x98]
      0x004116c8: 0x0210a0e1	mov	r1, r2
      0x004116cc: 0x0300a0e1	mov	r0, r3
bl    at 0x004116d0: hooking 0x9e0b00eb	bl	#0x414550 -> 0x5eba03eb	bl	#0x500050
      0x004116d4: 0x0030a0e1	mov	r3, r0
      0x004116d8: 0x0310a0e1	mov	r1, r3
      0x004116dc: 0x0400a0e1	mov	r0, r4
bl    at 0x004116e0: hooking 0x230f00eb	bl	#0x415374 -> 0x5aba03eb	bl	#0x500050
      0x004116e4: 0x0030a0e1	mov	r3, r0
      0x004116e8: 0x30300be5	str	r3, [fp, #-0x30]
      0x004116ec: 0x3c301be5	ldr	r3, [fp, #-0x3c]
      0x004116f0: 0x34201be5	ldr	r2, [fp, #-0x34]
      0x004116f4: 0x0210a0e1	mov	r1, r2
      0x004116f8: 0x0300a0e1	mov	r0, r3
bl    at 0x004116fc: hooking 0x1d0f00eb	bl	#0x415378 -> 0x53ba03eb	bl	#0x500050
      0x00411700: 0x0030a0e1	mov	r3, r0
      0x00411704: 0x0320a0e1	mov	r2, r3
      0x00411708: 0x18301be5	ldr	r3, [fp, #-0x18]
      0x0041170c: 0x002083e5	str	r2, [r3]
      0x00411710: 0x38301be5	ldr	r3, [fp, #-0x38]
      0x00411714: 0x30201be5	ldr	r2, [fp, #-0x30]
      0x00411718: 0x0210a0e1	mov	r1, r2
      0x0041171c: 0x0300a0e1	mov	r0, r3
bl    at 0x00411720: hooking 0x140f00eb	bl	#0x415378 -> 0x4aba03eb	bl	#0x500050
      0x00411724: 0x0030a0e1	mov	r3, r0
      0x00411728: 0x0320a0e1	mov	r2, r3
      0x0041172c: 0x18301be5	ldr	r3, [fp, #-0x18]
      0x00411730: 0x042083e5	str	r2, [r3, #4]
      0x00411734: 0x3c301be5	ldr	r3, [fp, #-0x3c]
      0x00411738: 0x34201be5	ldr	r2, [fp, #-0x34]
      0x0041173c: 0x0210a0e1	mov	r1, r2
      0x00411740: 0x0300a0e1	mov	r0, r3
bl    at 0x00411744: hooking 0x0a0f00eb	bl	#0x415374 -> 0x41ba03eb	bl	#0x500050
      0x00411748: 0x0030a0e1	mov	r3, r0
      0x0041174c: 0x0320a0e1	mov	r2, r3
      0x00411750: 0x1c301be5	ldr	r3, [fp, #-0x1c]
      0x00411754: 0x002083e5	str	r2, [r3]
      0x00411758: 0x38301be5	ldr	r3, [fp, #-0x38]
      0x0041175c: 0x30201be5	ldr	r2, [fp, #-0x30]
      0x00411760: 0x0210a0e1	mov	r1, r2
      0x00411764: 0x0300a0e1	mov	r0, r3
bl    at 0x00411768: hooking 0x010f00eb	bl	#0x415374 -> 0x38ba03eb	bl	#0x500050
      0x0041176c: 0x0030a0e1	mov	r3, r0
      0x00411770: 0x0320a0e1	mov	r2, r3
      0x00411774: 0x1c301be5	ldr	r3, [fp, #-0x1c]
      0x00411778: 0x042083e5	str	r2, [r3, #4]
      0x0041177c: 0x10301be5	ldr	r3, [fp, #-0x10]
      0x00411780: 0x083083e2	add	r3, r3, #8
      0x00411784: 0x10300be5	str	r3, [fp, #-0x10]
      0x00411788: 0x14301be5	ldr	r3, [fp, #-0x14]
      0x0041178c: 0x083083e2	add	r3, r3, #8
      0x00411790: 0x14300be5	str	r3, [fp, #-0x14]
      0x00411794: 0x18301be5	ldr	r3, [fp, #-0x18]
      0x00411798: 0x083083e2	add	r3, r3, #8
      0x0041179c: 0x18300be5	str	r3, [fp, #-0x18]
      0x004117a0: 0x1c301be5	ldr	r3, [fp, #-0x1c]
      0x004117a4: 0x083083e2	add	r3, r3, #8
      0x004117a8: 0x1c300be5	str	r3, [fp, #-0x1c]
      0x004117ac: 0x20301be5	ldr	r3, [fp, #-0x20]
      0x004117b0: 0x083083e2	add	r3, r3, #8
      0x004117b4: 0x20300be5	str	r3, [fp, #-0x20]
      0x004117b8: 0x24301be5	ldr	r3, [fp, #-0x24]
      0x004117bc: 0x013083e2	add	r3, r3, #1
      0x004117c0: 0x24300be5	str	r3, [fp, #-0x24]
      0x004117c4: 0x24201be5	ldr	r2, [fp, #-0x24]
      0x004117c8: 0xb4301be5	ldr	r3, [fp, #-0xb4]
      0x004117cc: 0x030052e1	cmp	r2, r3
      0x004117d0: 0xa3fdffba	blt	#0x410e64
      0x004117d4: 0x0000a0e1	mov	r0, r0
      0x004117d8: 0x0000a0e1	mov	r0, r0
      0x004117dc: 0x08d04be2	sub	sp, fp, #8
      0x004117e0: 0x1048bde8	pop	{r4, fp, lr}
      0x004117e4: 0x1eff2fe1	bx	lr
      0x004117e8: 0x10482de9	push	{r4, fp, lr}
      0x004117ec: 0x08b08de2	add	fp, sp, #8
      0x004117f0: 0x3cd04de2	sub	sp, sp, #0x3c
      0x004117f4: 0x38000be5	str	r0, [fp, #-0x38]
      0x004117f8: 0x3c100be5	str	r1, [fp, #-0x3c]
      0x004117fc: 0x40200be5	str	r2, [fp, #-0x40]
      0x00411800: 0x44300be5	str	r3, [fp, #-0x44]
      0x00411804: 0x40301be5	ldr	r3, [fp, #-0x40]
      0x00411808: 0x423f83e2	add	r3, r3, #0x108
      0x0041180c: 0x24300be5	str	r3, [fp, #-0x24]
      0x00411810: 0x40301be5	ldr	r3, [fp, #-0x40]
      0x00411814: 0x003093e5	ldr	r3, [r3]
      0x00411818: 0x28300be5	str	r3, [fp, #-0x28]
      0x0041181c: 0x04309be5	ldr	r3, [fp, #4]
      0x00411820: 0x8331a0e1	lsl	r3, r3, #3
      0x00411824: 0x0300a0e1	mov	r0, r3
bl    at 0x00411828: hooking 0x7e0f00eb	bl	#0x415628 -> 0x08ba03eb	bl	#0x500050
      0x0041182c: 0x0030a0e1	mov	r3, r0
      0x00411830: 0x2c300be5	str	r3, [fp, #-0x2c]
      0x00411834: 0x0030a0e3	mov	r3, #0
      0x00411838: 0x10300be5	str	r3, [fp, #-0x10]
b     at 0x0041183c: hooking 0xa80000ea	b	#0x411ae4 -> 0xefb903eb	bl	#0x500000
      0x00411840: 0x10301be5	ldr	r3, [fp, #-0x10]
      0x00411844: 0x14300be5	str	r3, [fp, #-0x14]
      0x00411848: 0x0030a0e3	mov	r3, #0
      0x0041184c: 0x18300be5	str	r3, [fp, #-0x18]
b     at 0x00411850: hooking 0x110000ea	b	#0x41189c -> 0xeab903eb	bl	#0x500000
      0x00411854: 0x14301be5	ldr	r3, [fp, #-0x14]
      0x00411858: 0x8331a0e1	lsl	r3, r3, #3
      0x0041185c: 0x38201be5	ldr	r2, [fp, #-0x38]
      0x00411860: 0x031082e0	add	r1, r2, r3
      0x00411864: 0x18301be5	ldr	r3, [fp, #-0x18]
      0x00411868: 0x8331a0e1	lsl	r3, r3, #3
      0x0041186c: 0x2c201be5	ldr	r2, [fp, #-0x2c]
      0x00411870: 0x033082e0	add	r3, r2, r3
      0x00411874: 0x0120a0e1	mov	r2, r1
      0x00411878: 0x030092e8	ldm	r2, {r0, r1}
      0x0041187c: 0x030083e8	stm	r3, {r0, r1}
      0x00411880: 0x14201be5	ldr	r2, [fp, #-0x14]
      0x00411884: 0x44301be5	ldr	r3, [fp, #-0x44]
      0x00411888: 0x033082e0	add	r3, r2, r3
      0x0041188c: 0x14300be5	str	r3, [fp, #-0x14]
      0x00411890: 0x18301be5	ldr	r3, [fp, #-0x18]
      0x00411894: 0x013083e2	add	r3, r3, #1
      0x00411898: 0x18300be5	str	r3, [fp, #-0x18]
      0x0041189c: 0x18201be5	ldr	r2, [fp, #-0x18]
      0x004118a0: 0x04309be5	ldr	r3, [fp, #4]
      0x004118a4: 0x030052e1	cmp	r2, r3
      0x004118a8: 0xe9ffffba	blt	#0x411854
      0x004118ac: 0x10301be5	ldr	r3, [fp, #-0x10]
      0x004118b0: 0x14300be5	str	r3, [fp, #-0x14]
      0x004118b4: 0x0030a0e3	mov	r3, #0
      0x004118b8: 0x18300be5	str	r3, [fp, #-0x18]
b     at 0x004118bc: hooking 0x810000ea	b	#0x411ac8 -> 0xcfb903eb	bl	#0x500000
      0x004118c0: 0x0030a0e3	mov	r3, #0
      0x004118c4: 0x20300be5	str	r3, [fp, #-0x20]
      0x004118c8: 0x14301be5	ldr	r3, [fp, #-0x14]
      0x004118cc: 0x8331a0e1	lsl	r3, r3, #3
      0x004118d0: 0x38201be5	ldr	r2, [fp, #-0x38]
      0x004118d4: 0x033082e0	add	r3, r2, r3
      0x004118d8: 0x2c201be5	ldr	r2, [fp, #-0x2c]
      0x004118dc: 0x030092e8	ldm	r2, {r0, r1}
      0x004118e0: 0x030083e8	stm	r3, {r0, r1}
      0x004118e4: 0x0130a0e3	mov	r3, #1
      0x004118e8: 0x1c300be5	str	r3, [fp, #-0x1c]
b     at 0x004118ec: hooking 0x6a0000ea	b	#0x411a9c -> 0xc3b903eb	bl	#0x500000
      0x004118f0: 0x14301be5	ldr	r3, [fp, #-0x14]
      0x004118f4: 0x3c201be5	ldr	r2, [fp, #-0x3c]
      0x004118f8: 0x930202e0	mul	r2, r3, r2
      0x004118fc: 0x20301be5	ldr	r3, [fp, #-0x20]
      0x00411900: 0x033082e0	add	r3, r2, r3
      0x00411904: 0x20300be5	str	r3, [fp, #-0x20]
      0x00411908: 0x20201be5	ldr	r2, [fp, #-0x20]
      0x0041190c: 0x28301be5	ldr	r3, [fp, #-0x28]
      0x00411910: 0x030052e1	cmp	r2, r3
      0x00411914: 0x030000ba	blt	#0x411928
      0x00411918: 0x20201be5	ldr	r2, [fp, #-0x20]
      0x0041191c: 0x28301be5	ldr	r3, [fp, #-0x28]
      0x00411920: 0x033042e0	sub	r3, r2, r3
      0x00411924: 0x20300be5	str	r3, [fp, #-0x20]
      0x00411928: 0x1c301be5	ldr	r3, [fp, #-0x1c]
      0x0041192c: 0x8331a0e1	lsl	r3, r3, #3
      0x00411930: 0x2c201be5	ldr	r2, [fp, #-0x2c]
      0x00411934: 0x033082e0	add	r3, r2, r3
      0x00411938: 0x000093e5	ldr	r0, [r3]
      0x0041193c: 0x20301be5	ldr	r3, [fp, #-0x20]
      0x00411940: 0x8331a0e1	lsl	r3, r3, #3
      0x00411944: 0x24201be5	ldr	r2, [fp, #-0x24]
      0x00411948: 0x033082e0	add	r3, r2, r3
      0x0041194c: 0x003093e5	ldr	r3, [r3]
      0x00411950: 0x0310a0e1	mov	r1, r3
bl    at 0x00411954: hooking 0xfd0a00eb	bl	#0x414550 -> 0xbdb903eb	bl	#0x500050
      0x00411958: 0x0030a0e1	mov	r3, r0
      0x0041195c: 0x0340a0e1	mov	r4, r3
      0x00411960: 0x1c301be5	ldr	r3, [fp, #-0x1c]
      0x00411964: 0x8331a0e1	lsl	r3, r3, #3
      0x00411968: 0x2c201be5	ldr	r2, [fp, #-0x2c]
      0x0041196c: 0x033082e0	add	r3, r2, r3
      0x00411970: 0x040093e5	ldr	r0, [r3, #4]
      0x00411974: 0x20301be5	ldr	r3, [fp, #-0x20]
      0x00411978: 0x8331a0e1	lsl	r3, r3, #3
      0x0041197c: 0x24201be5	ldr	r2, [fp, #-0x24]
      0x00411980: 0x033082e0	add	r3, r2, r3
      0x00411984: 0x043093e5	ldr	r3, [r3, #4]
      0x00411988: 0x0310a0e1	mov	r1, r3
bl    at 0x0041198c: hooking 0xef0a00eb	bl	#0x414550 -> 0xafb903eb	bl	#0x500050
      0x00411990: 0x0030a0e1	mov	r3, r0
      0x00411994: 0x0310a0e1	mov	r1, r3
      0x00411998: 0x0400a0e1	mov	r0, r4
bl    at 0x0041199c: hooking 0x740e00eb	bl	#0x415374 -> 0xabb903eb	bl	#0x500050
      0x004119a0: 0x0030a0e1	mov	r3, r0
      0x004119a4: 0x34300be5	str	r3, [fp, #-0x34]
      0x004119a8: 0x1c301be5	ldr	r3, [fp, #-0x1c]
      0x004119ac: 0x8331a0e1	lsl	r3, r3, #3
      0x004119b0: 0x2c201be5	ldr	r2, [fp, #-0x2c]
      0x004119b4: 0x033082e0	add	r3, r2, r3
      0x004119b8: 0x000093e5	ldr	r0, [r3]
      0x004119bc: 0x20301be5	ldr	r3, [fp, #-0x20]
      0x004119c0: 0x8331a0e1	lsl	r3, r3, #3
      0x004119c4: 0x24201be5	ldr	r2, [fp, #-0x24]
      0x004119c8: 0x033082e0	add	r3, r2, r3
      0x004119cc: 0x043093e5	ldr	r3, [r3, #4]
      0x004119d0: 0x0310a0e1	mov	r1, r3
bl    at 0x004119d4: hooking 0xdd0a00eb	bl	#0x414550 -> 0x9db903eb	bl	#0x500050
      0x004119d8: 0x0030a0e1	mov	r3, r0
      0x004119dc: 0x0340a0e1	mov	r4, r3
      0x004119e0: 0x1c301be5	ldr	r3, [fp, #-0x1c]
      0x004119e4: 0x8331a0e1	lsl	r3, r3, #3
      0x004119e8: 0x2c201be5	ldr	r2, [fp, #-0x2c]
      0x004119ec: 0x033082e0	add	r3, r2, r3
      0x004119f0: 0x040093e5	ldr	r0, [r3, #4]
      0x004119f4: 0x20301be5	ldr	r3, [fp, #-0x20]
      0x004119f8: 0x8331a0e1	lsl	r3, r3, #3
      0x004119fc: 0x24201be5	ldr	r2, [fp, #-0x24]
      0x00411a00: 0x033082e0	add	r3, r2, r3
      0x00411a04: 0x003093e5	ldr	r3, [r3]
      0x00411a08: 0x0310a0e1	mov	r1, r3
bl    at 0x00411a0c: hooking 0xcf0a00eb	bl	#0x414550 -> 0x8fb903eb	bl	#0x500050
      0x00411a10: 0x0030a0e1	mov	r3, r0
      0x00411a14: 0x0310a0e1	mov	r1, r3
      0x00411a18: 0x0400a0e1	mov	r0, r4
bl    at 0x00411a1c: hooking 0x550e00eb	bl	#0x415378 -> 0x8bb903eb	bl	#0x500050
      0x00411a20: 0x0030a0e1	mov	r3, r0
      0x00411a24: 0x30300be5	str	r3, [fp, #-0x30]
      0x00411a28: 0x14301be5	ldr	r3, [fp, #-0x14]
      0x00411a2c: 0x8331a0e1	lsl	r3, r3, #3
      0x00411a30: 0x38201be5	ldr	r2, [fp, #-0x38]
      0x00411a34: 0x033082e0	add	r3, r2, r3
      0x00411a38: 0x000093e5	ldr	r0, [r3]
      0x00411a3c: 0x34101be5	ldr	r1, [fp, #-0x34]
      0x00411a40: 0x14301be5	ldr	r3, [fp, #-0x14]
      0x00411a44: 0x8331a0e1	lsl	r3, r3, #3
      0x00411a48: 0x38201be5	ldr	r2, [fp, #-0x38]
      0x00411a4c: 0x034082e0	add	r4, r2, r3
bl    at 0x00411a50: hooking 0x480e00eb	bl	#0x415378 -> 0x7eb903eb	bl	#0x500050
      0x00411a54: 0x0030a0e1	mov	r3, r0
      0x00411a58: 0x003084e5	str	r3, [r4]
      0x00411a5c: 0x14301be5	ldr	r3, [fp, #-0x14]
      0x00411a60: 0x8331a0e1	lsl	r3, r3, #3
      0x00411a64: 0x38201be5	ldr	r2, [fp, #-0x38]
      0x00411a68: 0x033082e0	add	r3, r2, r3
      0x00411a6c: 0x040093e5	ldr	r0, [r3, #4]
      0x00411a70: 0x30101be5	ldr	r1, [fp, #-0x30]
      0x00411a74: 0x14301be5	ldr	r3, [fp, #-0x14]
      0x00411a78: 0x8331a0e1	lsl	r3, r3, #3
      0x00411a7c: 0x38201be5	ldr	r2, [fp, #-0x38]
      0x00411a80: 0x034082e0	add	r4, r2, r3
bl    at 0x00411a84: hooking 0x3b0e00eb	bl	#0x415378 -> 0x71b903eb	bl	#0x500050
      0x00411a88: 0x0030a0e1	mov	r3, r0
      0x00411a8c: 0x043084e5	str	r3, [r4, #4]
      0x00411a90: 0x1c301be5	ldr	r3, [fp, #-0x1c]
      0x00411a94: 0x013083e2	add	r3, r3, #1
      0x00411a98: 0x1c300be5	str	r3, [fp, #-0x1c]
      0x00411a9c: 0x1c201be5	ldr	r2, [fp, #-0x1c]
      0x00411aa0: 0x04309be5	ldr	r3, [fp, #4]
      0x00411aa4: 0x030052e1	cmp	r2, r3
      0x00411aa8: 0x90ffffba	blt	#0x4118f0
      0x00411aac: 0x14201be5	ldr	r2, [fp, #-0x14]
      0x00411ab0: 0x44301be5	ldr	r3, [fp, #-0x44]
      0x00411ab4: 0x033082e0	add	r3, r2, r3
      0x00411ab8: 0x14300be5	str	r3, [fp, #-0x14]
      0x00411abc: 0x18301be5	ldr	r3, [fp, #-0x18]
      0x00411ac0: 0x013083e2	add	r3, r3, #1
      0x00411ac4: 0x18300be5	str	r3, [fp, #-0x18]
      0x00411ac8: 0x18201be5	ldr	r2, [fp, #-0x18]
      0x00411acc: 0x04309be5	ldr	r3, [fp, #4]
      0x00411ad0: 0x030052e1	cmp	r2, r3
      0x00411ad4: 0x79ffffba	blt	#0x4118c0
      0x00411ad8: 0x10301be5	ldr	r3, [fp, #-0x10]
      0x00411adc: 0x013083e2	add	r3, r3, #1
      0x00411ae0: 0x10300be5	str	r3, [fp, #-0x10]
      0x00411ae4: 0x10201be5	ldr	r2, [fp, #-0x10]
      0x00411ae8: 0x44301be5	ldr	r3, [fp, #-0x44]
      0x00411aec: 0x030052e1	cmp	r2, r3
      0x00411af0: 0x52ffffba	blt	#0x411840
      0x00411af4: 0x2c001be5	ldr	r0, [fp, #-0x2c]
bl    at 0x00411af8: hooking 0xd20e00eb	bl	#0x415648 -> 0x54b903eb	bl	#0x500050
      0x00411afc: 0x0000a0e1	mov	r0, r0
      0x00411b00: 0x08d04be2	sub	sp, fp, #8
      0x00411b04: 0x1048bde8	pop	{r4, fp, lr}
      0x00411b08: 0x1eff2fe1	bx	lr
      0x00411b0c: 0x00482de9	push	{fp, lr}
      0x00411b10: 0x04b08de2	add	fp, sp, #4
      0x00411b14: 0x28d04de2	sub	sp, sp, #0x28
      0x00411b18: 0x18000be5	str	r0, [fp, #-0x18]
      0x00411b1c: 0x1c100be5	str	r1, [fp, #-0x1c]
      0x00411b20: 0x20200be5	str	r2, [fp, #-0x20]
      0x00411b24: 0x24300be5	str	r3, [fp, #-0x24]
      0x00411b28: 0x18301be5	ldr	r3, [fp, #-0x18]
      0x00411b2c: 0x08300be5	str	r3, [fp, #-8]
      0x00411b30: 0x04309be5	ldr	r3, [fp, #4]
      0x00411b34: 0x042083e2	add	r2, r3, #4
      0x00411b38: 0x04208be5	str	r2, [fp, #4]
      0x00411b3c: 0x003093e5	ldr	r3, [r3]
      0x00411b40: 0x0c300be5	str	r3, [fp, #-0xc]
      0x00411b44: 0x04309be5	ldr	r3, [fp, #4]
      0x00411b48: 0x042083e2	add	r2, r3, #4
      0x00411b4c: 0x04208be5	str	r2, [fp, #4]
      0x00411b50: 0x003093e5	ldr	r3, [r3]
      0x00411b54: 0x10300be5	str	r3, [fp, #-0x10]
      0x00411b58: 0x0c301be5	ldr	r3, [fp, #-0xc]
      0x00411b5c: 0x10201be5	ldr	r2, [fp, #-0x10]
      0x00411b60: 0x920303e0	mul	r3, r2, r3
      0x00411b64: 0x8331a0e1	lsl	r3, r3, #3
      0x00411b68: 0x18201be5	ldr	r2, [fp, #-0x18]
      0x00411b6c: 0x033082e0	add	r3, r2, r3
      0x00411b70: 0x14300be5	str	r3, [fp, #-0x14]
      0x00411b74: 0x10301be5	ldr	r3, [fp, #-0x10]
      0x00411b78: 0x010053e3	cmp	r3, #1
      0x00411b7c: 0x1200001a	bne	#0x411bcc
      0x00411b80: 0x18301be5	ldr	r3, [fp, #-0x18]
      0x00411b84: 0x1c201be5	ldr	r2, [fp, #-0x1c]
      0x00411b88: 0x030092e8	ldm	r2, {r0, r1}
      0x00411b8c: 0x030083e8	stm	r3, {r0, r1}
      0x00411b90: 0x24301be5	ldr	r3, [fp, #-0x24]
      0x00411b94: 0x20201be5	ldr	r2, [fp, #-0x20]
      0x00411b98: 0x920303e0	mul	r3, r2, r3
      0x00411b9c: 0x8331a0e1	lsl	r3, r3, #3
      0x00411ba0: 0x1c201be5	ldr	r2, [fp, #-0x1c]
      0x00411ba4: 0x033082e0	add	r3, r2, r3
      0x00411ba8: 0x1c300be5	str	r3, [fp, #-0x1c]
      0x00411bac: 0x18301be5	ldr	r3, [fp, #-0x18]
      0x00411bb0: 0x083083e2	add	r3, r3, #8
      0x00411bb4: 0x18300be5	str	r3, [fp, #-0x18]
      0x00411bb8: 0x18201be5	ldr	r2, [fp, #-0x18]
      0x00411bbc: 0x14301be5	ldr	r3, [fp, #-0x14]
      0x00411bc0: 0x030052e1	cmp	r2, r3
      0x00411bc4: 0xedffff1a	bne	#0x411b80
b     at 0x00411bc8: hooking 0x1a0000ea	b	#0x411c38 -> 0x0cb903eb	bl	#0x500000
      0x00411bcc: 0x0c301be5	ldr	r3, [fp, #-0xc]
      0x00411bd0: 0x20201be5	ldr	r2, [fp, #-0x20]
      0x00411bd4: 0x930202e0	mul	r2, r3, r2
      0x00411bd8: 0x08309be5	ldr	r3, [fp, #8]
      0x00411bdc: 0x04308de5	str	r3, [sp, #4]
      0x00411be0: 0x04309be5	ldr	r3, [fp, #4]
      0x00411be4: 0x00308de5	str	r3, [sp]
      0x00411be8: 0x24301be5	ldr	r3, [fp, #-0x24]
      0x00411bec: 0x1c101be5	ldr	r1, [fp, #-0x1c]
      0x00411bf0: 0x18001be5	ldr	r0, [fp, #-0x18]
bl    at 0x00411bf4: hooking 0xc4ffffeb	bl	#0x411b0c -> 0x15b903eb	bl	#0x500050
      0x00411bf8: 0x24301be5	ldr	r3, [fp, #-0x24]
      0x00411bfc: 0x20201be5	ldr	r2, [fp, #-0x20]
      0x00411c00: 0x920303e0	mul	r3, r2, r3
      0x00411c04: 0x8331a0e1	lsl	r3, r3, #3
      0x00411c08: 0x1c201be5	ldr	r2, [fp, #-0x1c]
      0x00411c0c: 0x033082e0	add	r3, r2, r3
      0x00411c10: 0x1c300be5	str	r3, [fp, #-0x1c]
      0x00411c14: 0x10301be5	ldr	r3, [fp, #-0x10]
      0x00411c18: 0x8331a0e1	lsl	r3, r3, #3
      0x00411c1c: 0x18201be5	ldr	r2, [fp, #-0x18]
      0x00411c20: 0x033082e0	add	r3, r2, r3
      0x00411c24: 0x18300be5	str	r3, [fp, #-0x18]
      0x00411c28: 0x18201be5	ldr	r2, [fp, #-0x18]
      0x00411c2c: 0x14301be5	ldr	r3, [fp, #-0x14]
      0x00411c30: 0x030052e1	cmp	r2, r3
      0x00411c34: 0xe4ffff1a	bne	#0x411bcc
      0x00411c38: 0x08301be5	ldr	r3, [fp, #-8]
      0x00411c3c: 0x18300be5	str	r3, [fp, #-0x18]
      0x00411c40: 0x0c301be5	ldr	r3, [fp, #-0xc]
      0x00411c44: 0x023043e2	sub	r3, r3, #2
      0x00411c48: 0x030053e3	cmp	r3, #3
      0x00411c4c: 0x03f19f97	ldrls	pc, [pc, r3, lsl #2]
b     at 0x00411c50: hooking 0x1b0000ea	b	#0x411cc4 -> 0xeab803eb	bl	#0x500000
      0x00411c54: 0x641c4000	subeq	r1, r0, r4, ror #24
      0x00411c58: 0x7c1c4000	subeq	r1, r0, ip, ror ip
      0x00411c5c: 0x941c4000	umaaleq	r1, r0, r4, ip
      0x00411c60: 0xac1c4000	subeq	r1, r0, ip, lsr #25
      0x00411c64: 0x10301be5	ldr	r3, [fp, #-0x10]
      0x00411c68: 0x08209be5	ldr	r2, [fp, #8]
      0x00411c6c: 0x20101be5	ldr	r1, [fp, #-0x20]
      0x00411c70: 0x18001be5	ldr	r0, [fp, #-0x18]
bl    at 0x00411c74: hooking 0xe1f8ffeb	bl	#0x410000 -> 0xf5b803eb	bl	#0x500050
b     at 0x00411c78: hooking 0x190000ea	b	#0x411ce4 -> 0xe0b803eb	bl	#0x500000
      0x00411c7c: 0x10301be5	ldr	r3, [fp, #-0x10]
      0x00411c80: 0x08209be5	ldr	r2, [fp, #8]
      0x00411c84: 0x20101be5	ldr	r1, [fp, #-0x20]
      0x00411c88: 0x18001be5	ldr	r0, [fp, #-0x18]
bl    at 0x00411c8c: hooking 0xeafaffeb	bl	#0x41083c -> 0xefb803eb	bl	#0x500050
b     at 0x00411c90: hooking 0x130000ea	b	#0x411ce4 -> 0xdab803eb	bl	#0x500000
      0x00411c94: 0x10301be5	ldr	r3, [fp, #-0x10]
      0x00411c98: 0x08209be5	ldr	r2, [fp, #8]
      0x00411c9c: 0x20101be5	ldr	r1, [fp, #-0x20]
      0x00411ca0: 0x18001be5	ldr	r0, [fp, #-0x18]
bl    at 0x00411ca4: hooking 0x4ef9ffeb	bl	#0x4101e4 -> 0xe9b803eb	bl	#0x500050
b     at 0x00411ca8: hooking 0x0d0000ea	b	#0x411ce4 -> 0xd4b803eb	bl	#0x500000
      0x00411cac: 0x10301be5	ldr	r3, [fp, #-0x10]
      0x00411cb0: 0x08209be5	ldr	r2, [fp, #8]
      0x00411cb4: 0x20101be5	ldr	r1, [fp, #-0x20]
      0x00411cb8: 0x18001be5	ldr	r0, [fp, #-0x18]
bl    at 0x00411cbc: hooking 0x2cfcffeb	bl	#0x410d74 -> 0xe3b803eb	bl	#0x500050
b     at 0x00411cc0: hooking 0x070000ea	b	#0x411ce4 -> 0xceb803eb	bl	#0x500000
      0x00411cc4: 0x0c301be5	ldr	r3, [fp, #-0xc]
      0x00411cc8: 0x00308de5	str	r3, [sp]
      0x00411ccc: 0x10301be5	ldr	r3, [fp, #-0x10]
      0x00411cd0: 0x08209be5	ldr	r2, [fp, #8]
      0x00411cd4: 0x20101be5	ldr	r1, [fp, #-0x20]
      0x00411cd8: 0x18001be5	ldr	r0, [fp, #-0x18]
bl    at 0x00411cdc: hooking 0xc1feffeb	bl	#0x4117e8 -> 0xdbb803eb	bl	#0x500050
      0x00411ce0: 0x0000a0e1	mov	r0, r0
      0x00411ce4: 0x0000a0e1	mov	r0, r0
      0x00411ce8: 0x04d04be2	sub	sp, fp, #4
      0x00411cec: 0x0048bde8	pop	{fp, lr}
      0x00411cf0: 0x1eff2fe1	bx	lr
      0x00411cf4: 0x00482de9	push	{fp, lr}
      0x00411cf8: 0x04b08de2	add	fp, sp, #4
      0x00411cfc: 0x18d04de2	sub	sp, sp, #0x18
      0x00411d00: 0x18000be5	str	r0, [fp, #-0x18]
      0x00411d04: 0x1c100be5	str	r1, [fp, #-0x1c]
      0x00411d08: 0x0430a0e3	mov	r3, #4
      0x00411d0c: 0x08300be5	str	r3, [fp, #-8]
      0x00411d10: 0x18001be5	ldr	r0, [fp, #-0x18]
bl    at 0x00411d14: hooking 0x960b00eb	bl	#0x414b74 -> 0xcdb803eb	bl	#0x500050
      0x00411d18: 0x0020a0e1	mov	r2, r0
      0x00411d1c: 0x0130a0e1	mov	r3, r1
      0x00411d20: 0x0200a0e1	mov	r0, r2
      0x00411d24: 0x0310a0e1	mov	r1, r3
bl    at 0x00411d28: hooking 0x3d0200eb	bl	#0x412624 -> 0xc8b803eb	bl	#0x500050
      0x00411d2c: 0x0020a0e1	mov	r2, r0
      0x00411d30: 0x0130a0e1	mov	r3, r1
      0x00411d34: 0x0200a0e1	mov	r0, r2
      0x00411d38: 0x0310a0e1	mov	r1, r3
bl    at 0x00411d3c: hooking 0x950100eb	bl	#0x412398 -> 0xc3b803eb	bl	#0x500050
      0x00411d40: 0x14000be5	str	r0, [fp, #-0x14]
      0x00411d44: 0x10100be5	str	r1, [fp, #-0x10]
b     at 0x00411d48: hooking 0x1c0000ea	b	#0x411dc0 -> 0xacb803eb	bl	#0x500000
      0x00411d4c: 0x08301be5	ldr	r3, [fp, #-8]
      0x00411d50: 0x020053e3	cmp	r3, #2
      0x00411d54: 0x0500000a	beq	#0x411d70
      0x00411d58: 0x08301be5	ldr	r3, [fp, #-8]
      0x00411d5c: 0x040053e3	cmp	r3, #4
      0x00411d60: 0x0500001a	bne	#0x411d7c
      0x00411d64: 0x0230a0e3	mov	r3, #2
      0x00411d68: 0x08300be5	str	r3, [fp, #-8]
b     at 0x00411d6c: hooking 0x060000ea	b	#0x411d8c -> 0xa3b803eb	bl	#0x500000
      0x00411d70: 0x0330a0e3	mov	r3, #3
      0x00411d74: 0x08300be5	str	r3, [fp, #-8]
b     at 0x00411d78: hooking 0x030000ea	b	#0x411d8c -> 0xa0b803eb	bl	#0x500000
      0x00411d7c: 0x08301be5	ldr	r3, [fp, #-8]
      0x00411d80: 0x023083e2	add	r3, r3, #2
      0x00411d84: 0x08300be5	str	r3, [fp, #-8]
      0x00411d88: 0x0000a0e1	mov	r0, r0
      0x00411d8c: 0x08001be5	ldr	r0, [fp, #-8]
bl    at 0x00411d90: hooking 0x770b00eb	bl	#0x414b74 -> 0xaeb803eb	bl	#0x500050
      0x00411d94: 0x0020a0e1	mov	r2, r0
      0x00411d98: 0x0130a0e1	mov	r3, r1
      0x00411d9c: 0x14104be2	sub	r1, fp, #0x14
      0x00411da0: 0x030091e8	ldm	r1, {r0, r1}
bl    at 0x00411da4: hooking 0x0b0d00eb	bl	#0x4151d8 -> 0xa9b803eb	bl	#0x500050
      0x00411da8: 0x0030a0e1	mov	r3, r0
      0x00411dac: 0x000053e3	cmp	r3, #0
      0x00411db0: 0x0000001a	bne	#0x411db8
b     at 0x00411db4: hooking 0x010000ea	b	#0x411dc0 -> 0x91b803eb	bl	#0x500000
      0x00411db8: 0x18301be5	ldr	r3, [fp, #-0x18]
      0x00411dbc: 0x08300be5	str	r3, [fp, #-8]
      0x00411dc0: 0x18301be5	ldr	r3, [fp, #-0x18]
      0x00411dc4: 0x08101be5	ldr	r1, [fp, #-8]
      0x00411dc8: 0x0300a0e1	mov	r0, r3
bl    at 0x00411dcc: hooking 0x8f0a00eb	bl	#0x414810 -> 0x9fb803eb	bl	#0x500050
      0x00411dd0: 0x0130a0e1	mov	r3, r1
      0x00411dd4: 0x000053e3	cmp	r3, #0
      0x00411dd8: 0xdbffff1a	bne	#0x411d4c
      0x00411ddc: 0x08101be5	ldr	r1, [fp, #-8]
      0x00411de0: 0x18001be5	ldr	r0, [fp, #-0x18]
bl    at 0x00411de4: hooking 0x3f0a00eb	bl	#0x4146e8 -> 0x99b803eb	bl	#0x500050
      0x00411de8: 0x0030a0e1	mov	r3, r0
      0x00411dec: 0x18300be5	str	r3, [fp, #-0x18]
      0x00411df0: 0x1c301be5	ldr	r3, [fp, #-0x1c]
      0x00411df4: 0x042083e2	add	r2, r3, #4
      0x00411df8: 0x1c200be5	str	r2, [fp, #-0x1c]
      0x00411dfc: 0x08201be5	ldr	r2, [fp, #-8]
      0x00411e00: 0x002083e5	str	r2, [r3]
      0x00411e04: 0x1c301be5	ldr	r3, [fp, #-0x1c]
      0x00411e08: 0x042083e2	add	r2, r3, #4
      0x00411e0c: 0x1c200be5	str	r2, [fp, #-0x1c]
      0x00411e10: 0x18201be5	ldr	r2, [fp, #-0x18]
      0x00411e14: 0x002083e5	str	r2, [r3]
      0x00411e18: 0x18301be5	ldr	r3, [fp, #-0x18]
      0x00411e1c: 0x010053e3	cmp	r3, #1
      0x00411e20: 0xe6ffffca	bgt	#0x411dc0
      0x00411e24: 0x0000a0e1	mov	r0, r0
      0x00411e28: 0x0000a0e1	mov	r0, r0
      0x00411e2c: 0x04d04be2	sub	sp, fp, #4
      0x00411e30: 0x0048bde8	pop	{fp, lr}
      0x00411e34: 0x1eff2fe1	bx	lr
      0x00411e38: 0x30482de9	push	{r4, r5, fp, lr}
      0x00411e3c: 0x0cb08de2	add	fp, sp, #0xc
      0x00411e40: 0x30d04de2	sub	sp, sp, #0x30
      0x00411e44: 0x30000be5	str	r0, [fp, #-0x30]
      0x00411e48: 0x34100be5	str	r1, [fp, #-0x34]
      0x00411e4c: 0x38200be5	str	r2, [fp, #-0x38]
      0x00411e50: 0x3c300be5	str	r3, [fp, #-0x3c]
      0x00411e54: 0x0030a0e3	mov	r3, #0
      0x00411e58: 0x10300be5	str	r3, [fp, #-0x10]
      0x00411e5c: 0x30301be5	ldr	r3, [fp, #-0x30]
      0x00411e60: 0x213083e2	add	r3, r3, #0x21
      0x00411e64: 0x8331a0e1	lsl	r3, r3, #3
      0x00411e68: 0x20300be5	str	r3, [fp, #-0x20]
      0x00411e6c: 0x3c301be5	ldr	r3, [fp, #-0x3c]
      0x00411e70: 0x000053e3	cmp	r3, #0
      0x00411e74: 0x0400001a	bne	#0x411e8c
      0x00411e78: 0x20001be5	ldr	r0, [fp, #-0x20]
bl    at 0x00411e7c: hooking 0xe90d00eb	bl	#0x415628 -> 0x73b803eb	bl	#0x500050
      0x00411e80: 0x0030a0e1	mov	r3, r0
      0x00411e84: 0x10300be5	str	r3, [fp, #-0x10]
b     at 0x00411e88: hooking 0x0c0000ea	b	#0x411ec0 -> 0x5cb803eb	bl	#0x500000
      0x00411e8c: 0x38301be5	ldr	r3, [fp, #-0x38]
      0x00411e90: 0x000053e3	cmp	r3, #0
      0x00411e94: 0x0600000a	beq	#0x411eb4
      0x00411e98: 0x3c301be5	ldr	r3, [fp, #-0x3c]
      0x00411e9c: 0x003093e5	ldr	r3, [r3]
      0x00411ea0: 0x20201be5	ldr	r2, [fp, #-0x20]
      0x00411ea4: 0x030052e1	cmp	r2, r3
      0x00411ea8: 0x0100008a	bhi	#0x411eb4
      0x00411eac: 0x38301be5	ldr	r3, [fp, #-0x38]
      0x00411eb0: 0x10300be5	str	r3, [fp, #-0x10]
      0x00411eb4: 0x3c301be5	ldr	r3, [fp, #-0x3c]
      0x00411eb8: 0x20201be5	ldr	r2, [fp, #-0x20]
      0x00411ebc: 0x002083e5	str	r2, [r3]
      0x00411ec0: 0x10301be5	ldr	r3, [fp, #-0x10]
      0x00411ec4: 0x000053e3	cmp	r3, #0
      0x00411ec8: 0x5e00000a	beq	#0x412048
      0x00411ecc: 0x10301be5	ldr	r3, [fp, #-0x10]
      0x00411ed0: 0x30201be5	ldr	r2, [fp, #-0x30]
      0x00411ed4: 0x002083e5	str	r2, [r3]
      0x00411ed8: 0x10301be5	ldr	r3, [fp, #-0x10]
      0x00411edc: 0x34201be5	ldr	r2, [fp, #-0x34]
      0x00411ee0: 0x042083e5	str	r2, [r3, #4]
      0x00411ee4: 0x0030a0e3	mov	r3, #0
      0x00411ee8: 0x14300be5	str	r3, [fp, #-0x14]
b     at 0x00411eec: hooking 0x4c0000ea	b	#0x412024 -> 0x43b803eb	bl	#0x500000
      0x00411ef0: 0x5a3f8fe2	add	r3, pc, #0x168
      0x00411ef4: 0x0c0093e8	ldm	r3, {r2, r3}
      0x00411ef8: 0x2c200be5	str	r2, [fp, #-0x2c]
      0x00411efc: 0x28300be5	str	r3, [fp, #-0x28]
      0x00411f00: 0x0020a0e3	mov	r2, #0
      0x00411f04: 0x0331a0e3	mov	r3, #0xc0000000
      0x00411f08: 0x2c104be2	sub	r1, fp, #0x2c
      0x00411f0c: 0x030091e8	ldm	r1, {r0, r1}
bl    at 0x00411f10: hooking 0x500b00eb	bl	#0x414c58 -> 0x4eb803eb	bl	#0x500050
      0x00411f14: 0x0020a0e1	mov	r2, r0
      0x00411f18: 0x0130a0e1	mov	r3, r1
      0x00411f1c: 0x0240a0e1	mov	r4, r2
      0x00411f20: 0x0350a0e1	mov	r5, r3
      0x00411f24: 0x14001be5	ldr	r0, [fp, #-0x14]
bl    at 0x00411f28: hooking 0x110b00eb	bl	#0x414b74 -> 0x48b803eb	bl	#0x500050
      0x00411f2c: 0x0020a0e1	mov	r2, r0
      0x00411f30: 0x0130a0e1	mov	r3, r1
      0x00411f34: 0x0400a0e1	mov	r0, r4
      0x00411f38: 0x0510a0e1	mov	r1, r5
bl    at 0x00411f3c: hooking 0x450b00eb	bl	#0x414c58 -> 0x43b803eb	bl	#0x500050
      0x00411f40: 0x0020a0e1	mov	r2, r0
      0x00411f44: 0x0130a0e1	mov	r3, r1
      0x00411f48: 0x0240a0e1	mov	r4, r2
      0x00411f4c: 0x0350a0e1	mov	r5, r3
      0x00411f50: 0x30001be5	ldr	r0, [fp, #-0x30]
bl    at 0x00411f54: hooking 0x060b00eb	bl	#0x414b74 -> 0x3db803eb	bl	#0x500050
      0x00411f58: 0x0020a0e1	mov	r2, r0
      0x00411f5c: 0x0130a0e1	mov	r3, r1
      0x00411f60: 0x0400a0e1	mov	r0, r4
      0x00411f64: 0x0510a0e1	mov	r1, r5
bl    at 0x00411f68: hooking 0xde0b00eb	bl	#0x414ee8 -> 0x38b803eb	bl	#0x500050
      0x00411f6c: 0x0020a0e1	mov	r2, r0
      0x00411f70: 0x0130a0e1	mov	r3, r1
      0x00411f74: 0x1c200be5	str	r2, [fp, #-0x1c]
      0x00411f78: 0x18300be5	str	r3, [fp, #-0x18]
      0x00411f7c: 0x10301be5	ldr	r3, [fp, #-0x10]
      0x00411f80: 0x043093e5	ldr	r3, [r3, #4]
      0x00411f84: 0x000053e3	cmp	r3, #0
      0x00411f88: 0x0400000a	beq	#0x411fa0
      0x00411f8c: 0x1c301be5	ldr	r3, [fp, #-0x1c]
      0x00411f90: 0x1c300be5	str	r3, [fp, #-0x1c]
      0x00411f94: 0x18301be5	ldr	r3, [fp, #-0x18]
      0x00411f98: 0x023123e2	eor	r3, r3, #0x80000000
      0x00411f9c: 0x18300be5	str	r3, [fp, #-0x18]
      0x00411fa0: 0x1c104be2	sub	r1, fp, #0x1c
      0x00411fa4: 0x030091e8	ldm	r1, {r0, r1}
bl    at 0x00411fa8: hooking 0xbc0000eb	bl	#0x4122a0 -> 0x28b803eb	bl	#0x500050
      0x00411fac: 0x0020a0e1	mov	r2, r0
      0x00411fb0: 0x0130a0e1	mov	r3, r1
      0x00411fb4: 0x10101be5	ldr	r1, [fp, #-0x10]
      0x00411fb8: 0x420f81e2	add	r0, r1, #0x108
      0x00411fbc: 0x14101be5	ldr	r1, [fp, #-0x14]
      0x00411fc0: 0x8111a0e1	lsl	r1, r1, #3
      0x00411fc4: 0x014080e0	add	r4, r0, r1
      0x00411fc8: 0x0200a0e1	mov	r0, r2
      0x00411fcc: 0x0310a0e1	mov	r1, r3
bl    at 0x00411fd0: hooking 0xbd0c00eb	bl	#0x4152cc -> 0x1eb803eb	bl	#0x500050
      0x00411fd4: 0x0030a0e1	mov	r3, r0
      0x00411fd8: 0x003084e5	str	r3, [r4]
      0x00411fdc: 0x1c104be2	sub	r1, fp, #0x1c
      0x00411fe0: 0x030091e8	ldm	r1, {r0, r1}
bl    at 0x00411fe4: hooking 0x4e0100eb	bl	#0x412524 -> 0x19b803eb	bl	#0x500050
      0x00411fe8: 0x0020a0e1	mov	r2, r0
      0x00411fec: 0x0130a0e1	mov	r3, r1
      0x00411ff0: 0x10101be5	ldr	r1, [fp, #-0x10]
      0x00411ff4: 0x420f81e2	add	r0, r1, #0x108
      0x00411ff8: 0x14101be5	ldr	r1, [fp, #-0x14]
      0x00411ffc: 0x8111a0e1	lsl	r1, r1, #3
      0x00412000: 0x014080e0	add	r4, r0, r1
      0x00412004: 0x0200a0e1	mov	r0, r2
      0x00412008: 0x0310a0e1	mov	r1, r3
bl    at 0x0041200c: hooking 0xae0c00eb	bl	#0x4152cc -> 0x0fb803eb	bl	#0x500050
      0x00412010: 0x0030a0e1	mov	r3, r0
      0x00412014: 0x043084e5	str	r3, [r4, #4]
      0x00412018: 0x14301be5	ldr	r3, [fp, #-0x14]
      0x0041201c: 0x013083e2	add	r3, r3, #1
      0x00412020: 0x14300be5	str	r3, [fp, #-0x14]
      0x00412024: 0x14201be5	ldr	r2, [fp, #-0x14]
      0x00412028: 0x30301be5	ldr	r3, [fp, #-0x30]
      0x0041202c: 0x030052e1	cmp	r2, r3
      0x00412030: 0xaeffffba	blt	#0x411ef0
      0x00412034: 0x10301be5	ldr	r3, [fp, #-0x10]
      0x00412038: 0x083083e2	add	r3, r3, #8
      0x0041203c: 0x0310a0e1	mov	r1, r3
      0x00412040: 0x30001be5	ldr	r0, [fp, #-0x30]
bl    at 0x00412044: hooking 0x2affffeb	bl	#0x411cf4 -> 0x01b803eb	bl	#0x500050
      0x00412048: 0x10301be5	ldr	r3, [fp, #-0x10]
      0x0041204c: 0x0300a0e1	mov	r0, r3
      0x00412050: 0x0cd04be2	sub	sp, fp, #0xc
      0x00412054: 0x3048bde8	pop	{r4, r5, fp, lr}
      0x00412058: 0x1eff2fe1	bx	lr
      0x0041205c: 0x0000a0e1	mov	r0, r0
      0x00412060: 0x182d4454	strbpl	r2, [r4], #-0xd18
      0x00412064: 0xfb210940	strdmi	r2, r3, [sb], -fp
      0x00412068: 0x00482de9	push	{fp, lr}
      0x0041206c: 0x04b08de2	add	fp, sp, #4
      0x00412070: 0x20d04de2	sub	sp, sp, #0x20
      0x00412074: 0x10000be5	str	r0, [fp, #-0x10]
      0x00412078: 0x14100be5	str	r1, [fp, #-0x14]
      0x0041207c: 0x18200be5	str	r2, [fp, #-0x18]
      0x00412080: 0x1c300be5	str	r3, [fp, #-0x1c]
      0x00412084: 0x14201be5	ldr	r2, [fp, #-0x14]
      0x00412088: 0x18301be5	ldr	r3, [fp, #-0x18]
      0x0041208c: 0x030052e1	cmp	r2, r3
      0x00412090: 0x1a00001a	bne	#0x412100
      0x00412094: 0x10301be5	ldr	r3, [fp, #-0x10]
      0x00412098: 0x003093e5	ldr	r3, [r3]
      0x0041209c: 0x8331a0e1	lsl	r3, r3, #3
      0x004120a0: 0x0300a0e1	mov	r0, r3
bl    at 0x004120a4: hooking 0x5f0d00eb	bl	#0x415628 -> 0xe9b703eb	bl	#0x500050
      0x004120a8: 0x0030a0e1	mov	r3, r0
      0x004120ac: 0x08300be5	str	r3, [fp, #-8]
      0x004120b0: 0x10301be5	ldr	r3, [fp, #-0x10]
      0x004120b4: 0x083083e2	add	r3, r3, #8
      0x004120b8: 0x10201be5	ldr	r2, [fp, #-0x10]
      0x004120bc: 0x04208de5	str	r2, [sp, #4]
      0x004120c0: 0x00308de5	str	r3, [sp]
      0x004120c4: 0x1c301be5	ldr	r3, [fp, #-0x1c]
      0x004120c8: 0x0120a0e3	mov	r2, #1
      0x004120cc: 0x14101be5	ldr	r1, [fp, #-0x14]
      0x004120d0: 0x08001be5	ldr	r0, [fp, #-8]
bl    at 0x004120d4: hooking 0x8cfeffeb	bl	#0x411b0c -> 0xddb703eb	bl	#0x500050
      0x004120d8: 0x10301be5	ldr	r3, [fp, #-0x10]
      0x004120dc: 0x003093e5	ldr	r3, [r3]
      0x004120e0: 0x8331a0e1	lsl	r3, r3, #3
      0x004120e4: 0x0320a0e1	mov	r2, r3
      0x004120e8: 0x08101be5	ldr	r1, [fp, #-8]
      0x004120ec: 0x18001be5	ldr	r0, [fp, #-0x18]
bl    at 0x004120f0: hooking 0x490f00eb	bl	#0x415e1c -> 0xd6b703eb	bl	#0x500050
      0x004120f4: 0x08001be5	ldr	r0, [fp, #-8]
bl    at 0x004120f8: hooking 0x520d00eb	bl	#0x415648 -> 0xd4b703eb	bl	#0x500050
b     at 0x004120fc: hooking 0x090000ea	b	#0x412128 -> 0xbfb703eb	bl	#0x500000
      0x00412100: 0x10301be5	ldr	r3, [fp, #-0x10]
      0x00412104: 0x083083e2	add	r3, r3, #8
      0x00412108: 0x10201be5	ldr	r2, [fp, #-0x10]
      0x0041210c: 0x04208de5	str	r2, [sp, #4]
      0x00412110: 0x00308de5	str	r3, [sp]
      0x00412114: 0x1c301be5	ldr	r3, [fp, #-0x1c]
      0x00412118: 0x0120a0e3	mov	r2, #1
      0x0041211c: 0x14101be5	ldr	r1, [fp, #-0x14]
      0x00412120: 0x18001be5	ldr	r0, [fp, #-0x18]
bl    at 0x00412124: hooking 0x78feffeb	bl	#0x411b0c -> 0xc9b703eb	bl	#0x500050
      0x00412128: 0x0000a0e1	mov	r0, r0
      0x0041212c: 0x04d04be2	sub	sp, fp, #4
      0x00412130: 0x0048bde8	pop	{fp, lr}
      0x00412134: 0x1eff2fe1	bx	lr
      0x00412138: 0x00482de9	push	{fp, lr}
      0x0041213c: 0x04b08de2	add	fp, sp, #4
      0x00412140: 0x10d04de2	sub	sp, sp, #0x10
      0x00412144: 0x08000be5	str	r0, [fp, #-8]
      0x00412148: 0x0c100be5	str	r1, [fp, #-0xc]
      0x0041214c: 0x10200be5	str	r2, [fp, #-0x10]
      0x00412150: 0x0130a0e3	mov	r3, #1
      0x00412154: 0x10201be5	ldr	r2, [fp, #-0x10]
      0x00412158: 0x0c101be5	ldr	r1, [fp, #-0xc]
      0x0041215c: 0x08001be5	ldr	r0, [fp, #-8]
bl    at 0x00412160: hooking 0xc0ffffeb	bl	#0x412068 -> 0xbab703eb	bl	#0x500050
      0x00412164: 0x0000a0e1	mov	r0, r0
      0x00412168: 0x04d04be2	sub	sp, fp, #4
      0x0041216c: 0x0048bde8	pop	{fp, lr}
      0x00412170: 0x1eff2fe1	bx	lr
      0x00412174: 0x04b02de5	str	fp, [sp, #-4]!
      0x00412178: 0x00b08de2	add	fp, sp, #0
      0x0041217c: 0x0000a0e1	mov	r0, r0
      0x00412180: 0x00d08be2	add	sp, fp, #0
      0x00412184: 0x04b09de4	pop	{fp}
      0x00412188: 0x1eff2fe1	bx	lr
      0x0041218c: 0x04b02de5	str	fp, [sp, #-4]!
      0x00412190: 0x00b08de2	add	fp, sp, #0
      0x00412194: 0x14d04de2	sub	sp, sp, #0x14
      0x00412198: 0x10000be5	str	r0, [fp, #-0x10]
      0x0041219c: 0x10301be5	ldr	r3, [fp, #-0x10]
      0x004121a0: 0x08300be5	str	r3, [fp, #-8]
b     at 0x004121a4: hooking 0x040000ea	b	#0x4121bc -> 0x95b703eb	bl	#0x500000
      0x004121a8: 0x08301be5	ldr	r3, [fp, #-8]
      0x004121ac: 0xa32fa0e1	lsr	r2, r3, #0x1f
      0x004121b0: 0x033082e0	add	r3, r2, r3
      0x004121b4: 0xc330a0e1	asr	r3, r3, #1
      0x004121b8: 0x08300be5	str	r3, [fp, #-8]
      0x004121bc: 0x08301be5	ldr	r3, [fp, #-8]
      0x004121c0: 0x013003e2	and	r3, r3, #1
      0x004121c4: 0x000053e3	cmp	r3, #0
      0x004121c8: 0xf6ffff0a	beq	#0x4121a8
b     at 0x004121cc: hooking 0x050000ea	b	#0x4121e8 -> 0x8bb703eb	bl	#0x500000
      0x004121d0: 0x08301be5	ldr	r3, [fp, #-8]
      0x004121d4: 0xbc209fe5	ldr	r2, [pc, #0xbc]
      0x004121d8: 0x9312c2e0	smull	r1, r2, r3, r2
      0x004121dc: 0xc33fa0e1	asr	r3, r3, #0x1f
      0x004121e0: 0x033042e0	sub	r3, r2, r3
      0x004121e4: 0x08300be5	str	r3, [fp, #-8]
      0x004121e8: 0x08101be5	ldr	r1, [fp, #-8]
      0x004121ec: 0xa4309fe5	ldr	r3, [pc, #0xa4]
      0x004121f0: 0x9301c2e0	smull	r0, r2, r3, r1
      0x004121f4: 0xc13fa0e1	asr	r3, r1, #0x1f
      0x004121f8: 0x032042e0	sub	r2, r2, r3
      0x004121fc: 0x0230a0e1	mov	r3, r2
      0x00412200: 0x8330a0e1	lsl	r3, r3, #1
      0x00412204: 0x023083e0	add	r3, r3, r2
      0x00412208: 0x032041e0	sub	r2, r1, r3
      0x0041220c: 0x000052e3	cmp	r2, #0
      0x00412210: 0xeeffff0a	beq	#0x4121d0
b     at 0x00412214: hooking 0x060000ea	b	#0x412234 -> 0x79b703eb	bl	#0x500000
      0x00412218: 0x08301be5	ldr	r3, [fp, #-8]
      0x0041221c: 0x78209fe5	ldr	r2, [pc, #0x78]
      0x00412220: 0x9312c2e0	smull	r1, r2, r3, r2
      0x00412224: 0xc220a0e1	asr	r2, r2, #1
      0x00412228: 0xc33fa0e1	asr	r3, r3, #0x1f
      0x0041222c: 0x033042e0	sub	r3, r2, r3
      0x00412230: 0x08300be5	str	r3, [fp, #-8]
      0x00412234: 0x08101be5	ldr	r1, [fp, #-8]
      0x00412238: 0x5c309fe5	ldr	r3, [pc, #0x5c]
      0x0041223c: 0x9123c3e0	smull	r2, r3, r1, r3
      0x00412240: 0xc320a0e1	asr	r2, r3, #1
      0x00412244: 0xc13fa0e1	asr	r3, r1, #0x1f
      0x00412248: 0x032042e0	sub	r2, r2, r3
      0x0041224c: 0x0230a0e1	mov	r3, r2
      0x00412250: 0x0331a0e1	lsl	r3, r3, #2
      0x00412254: 0x023083e0	add	r3, r3, r2
      0x00412258: 0x032041e0	sub	r2, r1, r3
      0x0041225c: 0x000052e3	cmp	r2, #0
      0x00412260: 0xecffff0a	beq	#0x412218
      0x00412264: 0x08301be5	ldr	r3, [fp, #-8]
      0x00412268: 0x010053e3	cmp	r3, #1
      0x0041226c: 0x030000da	ble	#0x412280
      0x00412270: 0x10301be5	ldr	r3, [fp, #-0x10]
      0x00412274: 0x013083e2	add	r3, r3, #1
      0x00412278: 0x10300be5	str	r3, [fp, #-0x10]
b     at 0x0041227c: hooking 0xc6ffffea	b	#0x41219c -> 0x5fb703eb	bl	#0x500000
      0x00412280: 0x0000a0e1	mov	r0, r0
      0x00412284: 0x10301be5	ldr	r3, [fp, #-0x10]
      0x00412288: 0x0300a0e1	mov	r0, r3
      0x0041228c: 0x00d08be2	add	sp, fp, #0
      0x00412290: 0x04b09de4	pop	{fp}
      0x00412294: 0x1eff2fe1	bx	lr
      0x00412298: 0x56555555	ldrbpl	r5, [r5, #-0x556]
      0x0041229c: 0x67666666	strbtvs	r6, [r6], -r7, ror #12
      0x004122a0: 0x04e02de5	str	lr, [sp, #-4]!
      0x004122a4: 0xe0209fe5	ldr	r2, [pc, #0xe0]
      0x004122a8: 0x0231c1e3	bic	r3, r1, #0x80000000
      0x004122ac: 0x020053e1	cmp	r3, r2
      0x004122b0: 0x1cd04de2	sub	sp, sp, #0x1c
      0x004122b4: 0x190000da	ble	#0x412320
      0x004122b8: 0xd0209fe5	ldr	r2, [pc, #0xd0]
      0x004122bc: 0x020053e1	cmp	r3, r2
      0x004122c0: 0x050000da	ble	#0x4122dc
      0x004122c4: 0x0020a0e1	mov	r2, r0
      0x004122c8: 0x0130a0e1	mov	r3, r1
bl    at 0x004122cc: hooking 0x5a0900eb	bl	#0x41483c -> 0x5fb703eb	bl	#0x500050
      0x004122d0: 0x1cd08de2	add	sp, sp, #0x1c
      0x004122d4: 0x04e09de4	pop	{lr}
      0x004122d8: 0x1eff2fe1	bx	lr
      0x004122dc: 0x08208de2	add	r2, sp, #8
bl    at 0x004122e0: hooking 0xfe0000eb	bl	#0x4126e0 -> 0x5ab703eb	bl	#0x500050
      0x004122e4: 0x030000e2	and	r0, r0, #3
      0x004122e8: 0x010050e3	cmp	r0, #1
      0x004122ec: 0x1100000a	beq	#0x412338
      0x004122f0: 0x020050e3	cmp	r0, #2
      0x004122f4: 0x1d00000a	beq	#0x412370
      0x004122f8: 0x000050e3	cmp	r0, #0
      0x004122fc: 0x1500000a	beq	#0x412358
      0x00412300: 0x0110a0e3	mov	r1, #1
      0x00412304: 0x10308de2	add	r3, sp, #0x10
      0x00412308: 0x0c0093e8	ldm	r3, {r2, r3}
      0x0041230c: 0x00108de5	str	r1, [sp]
      0x00412310: 0x08108de2	add	r1, sp, #8
      0x00412314: 0x030091e8	ldm	r1, {r0, r1}
bl    at 0x00412318: hooking 0xfe0600eb	bl	#0x413f18 -> 0x4cb703eb	bl	#0x500050
b     at 0x0041231c: hooking 0xebffffea	b	#0x4122d0 -> 0x37b703eb	bl	#0x500000
      0x00412320: 0x0020a0e3	mov	r2, #0
      0x00412324: 0x0030a0e3	mov	r3, #0
bl    at 0x00412328: hooking 0x180300eb	bl	#0x412f90 -> 0x48b703eb	bl	#0x500050
      0x0041232c: 0x1cd08de2	add	sp, sp, #0x1c
      0x00412330: 0x04e09de4	pop	{lr}
      0x00412334: 0x1eff2fe1	bx	lr
      0x00412338: 0x00008de5	str	r0, [sp]
      0x0041233c: 0x10308de2	add	r3, sp, #0x10
      0x00412340: 0x0c0093e8	ldm	r3, {r2, r3}
      0x00412344: 0x08108de2	add	r1, sp, #8
      0x00412348: 0x030091e8	ldm	r1, {r0, r1}
bl    at 0x0041234c: hooking 0xf10600eb	bl	#0x413f18 -> 0x3fb703eb	bl	#0x500050
      0x00412350: 0x021181e2	add	r1, r1, #0x80000000
b     at 0x00412354: hooking 0xddffffea	b	#0x4122d0 -> 0x29b703eb	bl	#0x500000
      0x00412358: 0x10308de2	add	r3, sp, #0x10
      0x0041235c: 0x0c0093e8	ldm	r3, {r2, r3}
      0x00412360: 0x08108de2	add	r1, sp, #8
      0x00412364: 0x030091e8	ldm	r1, {r0, r1}
bl    at 0x00412368: hooking 0x080300eb	bl	#0x412f90 -> 0x38b703eb	bl	#0x500050
b     at 0x0041236c: hooking 0xd7ffffea	b	#0x4122d0 -> 0x23b703eb	bl	#0x500000
      0x00412370: 0x10308de2	add	r3, sp, #0x10
      0x00412374: 0x0c0093e8	ldm	r3, {r2, r3}
      0x00412378: 0x08108de2	add	r1, sp, #8
      0x0041237c: 0x030091e8	ldm	r1, {r0, r1}
bl    at 0x00412380: hooking 0x020300eb	bl	#0x412f90 -> 0x32b703eb	bl	#0x500050
      0x00412384: 0x021181e2	add	r1, r1, #0x80000000
b     at 0x00412388: hooking 0xd0ffffea	b	#0x4122d0 -> 0x1cb703eb	bl	#0x500000
      0x0041238c: 0xfb21e93f	svclo	#0xe921fb
      0x00412390: 0xffffef7f	svcvc	#0xefffff
      0x00412394: 0x00000000	andeq	r0, r0, r0
      0x00412398: 0x78319fe5	ldr	r3, [pc, #0x178]
      0x0041239c: 0x413a03e0	and	r3, r3, r1, asr #20
      0x004123a0: 0xf0412de9	push	{r4, r5, r6, r7, r8, lr}
      0x004123a4: 0xff4f43e2	sub	r4, r3, #0x3fc
      0x004123a8: 0x034044e2	sub	r4, r4, #3
      0x004123ac: 0x130054e3	cmp	r4, #0x13
      0x004123b0: 0x01c0a0e1	mov	ip, r1
      0x004123b4: 0x0150a0e1	mov	r5, r1
      0x004123b8: 0x00e0a0e1	mov	lr, r0
      0x004123bc: 0x0060a0e1	mov	r6, r0
      0x004123c0: 0x2c0000ca	bgt	#0x412478
      0x004123c4: 0x000054e3	cmp	r4, #0
      0x004123c8: 0x170000ba	blt	#0x41242c
      0x004123cc: 0x48719fe5	ldr	r7, [pc, #0x148]
      0x004123d0: 0x5774a0e1	asr	r7, r7, r4
      0x004123d4: 0x013007e0	and	r3, r7, r1
      0x004123d8: 0x003093e1	orrs	r3, r3, r0
      0x004123dc: 0x0e00000a	beq	#0x41241c
      0x004123e0: 0x4a3f8fe2	add	r3, pc, #0x128
      0x004123e4: 0x0c0093e8	ldm	r3, {r2, r3}
bl    at 0x004123e8: hooking 0x140900eb	bl	#0x414840 -> 0x18b703eb	bl	#0x500050
      0x004123ec: 0x0020a0e3	mov	r2, #0
      0x004123f0: 0x0030a0e3	mov	r3, #0
bl    at 0x004123f4: hooking 0x890b00eb	bl	#0x415220 -> 0x15b703eb	bl	#0x500050
      0x004123f8: 0x000050e3	cmp	r0, #0
      0x004123fc: 0x0400000a	beq	#0x412414
      0x00412400: 0x000055e3	cmp	r5, #0
      0x00412404: 0x0136a0b3	movlt	r3, #0x100000
      0x00412408: 0x0060a0e3	mov	r6, #0
      0x0041240c: 0x535485b0	addlt	r5, r5, r3, asr r4
      0x00412410: 0x0750c5e1	bic	r5, r5, r7
      0x00412414: 0x06e0a0e1	mov	lr, r6
      0x00412418: 0x05c0a0e1	mov	ip, r5
      0x0041241c: 0x0e00a0e1	mov	r0, lr
      0x00412420: 0x0c10a0e1	mov	r1, ip
      0x00412424: 0xf041bde8	pop	{r4, r5, r6, r7, r8, lr}
      0x00412428: 0x1eff2fe1	bx	lr
      0x0041242c: 0xdc308fe2	add	r3, pc, #0xdc
      0x00412430: 0x0c0093e8	ldm	r3, {r2, r3}
bl    at 0x00412434: hooking 0x010900eb	bl	#0x414840 -> 0x05b703eb	bl	#0x500050
      0x00412438: 0x0020a0e3	mov	r2, #0
      0x0041243c: 0x0030a0e3	mov	r3, #0
bl    at 0x00412440: hooking 0x760b00eb	bl	#0x415220 -> 0x02b703eb	bl	#0x500050
      0x00412444: 0x000050e3	cmp	r0, #0
      0x00412448: 0xf1ffff0a	beq	#0x412414
      0x0041244c: 0x000055e3	cmp	r5, #0
      0x00412450: 0x0060a0a3	movge	r6, #0
      0x00412454: 0x0650a0a1	movge	r5, r6
      0x00412458: 0xedffffaa	bge	#0x412414
      0x0041245c: 0x0231c5e3	bic	r3, r5, #0x80000000
      0x00412460: 0x066083e1	orr	r6, r3, r6
      0x00412464: 0xb4209fe5	ldr	r2, [pc, #0xb4]
      0x00412468: 0x000056e3	cmp	r6, #0
      0x0041246c: 0x0250a011	movne	r5, r2
      0x00412470: 0x0060a0e3	mov	r6, #0
b     at 0x00412474: hooking 0xe6ffffea	b	#0x412414 -> 0xe1b603eb	bl	#0x500000
      0x00412478: 0x330054e3	cmp	r4, #0x33
      0x0041247c: 0x070000da	ble	#0x4124a0
      0x00412480: 0x010b54e3	cmp	r4, #0x400
      0x00412484: 0xe4ffff1a	bne	#0x41241c
      0x00412488: 0x0020a0e1	mov	r2, r0
      0x0041248c: 0x0130a0e1	mov	r3, r1
bl    at 0x00412490: hooking 0xea0800eb	bl	#0x414840 -> 0xeeb603eb	bl	#0x500050
      0x00412494: 0x00e0a0e1	mov	lr, r0
      0x00412498: 0x01c0a0e1	mov	ip, r1
b     at 0x0041249c: hooking 0xdeffffea	b	#0x41241c -> 0xd7b603eb	bl	#0x500000
      0x004124a0: 0x0070e0e3	mvn	r7, #0
      0x004124a4: 0x413e43e2	sub	r3, r3, #0x410
      0x004124a8: 0x033043e2	sub	r3, r3, #3
      0x004124ac: 0x3773a0e1	lsr	r7, r7, r3
      0x004124b0: 0x000017e1	tst	r7, r0
      0x004124b4: 0xd8ffff0a	beq	#0x41241c
      0x004124b8: 0x50308fe2	add	r3, pc, #0x50
      0x004124bc: 0x0c0093e8	ldm	r3, {r2, r3}
bl    at 0x004124c0: hooking 0xde0800eb	bl	#0x414840 -> 0xe2b603eb	bl	#0x500050
      0x004124c4: 0x0020a0e3	mov	r2, #0
      0x004124c8: 0x0030a0e3	mov	r3, #0
bl    at 0x004124cc: hooking 0x530b00eb	bl	#0x415220 -> 0xdfb603eb	bl	#0x500050
      0x004124d0: 0x000050e3	cmp	r0, #0
      0x004124d4: 0xceffff0a	beq	#0x412414
      0x004124d8: 0x000055e3	cmp	r5, #0
      0x004124dc: 0x010000ba	blt	#0x4124e8
      0x004124e0: 0x0760c6e1	bic	r6, r6, r7
b     at 0x004124e4: hooking 0xcaffffea	b	#0x412414 -> 0xc5b603eb	bl	#0x500000
      0x004124e8: 0x140054e3	cmp	r4, #0x14
      0x004124ec: 0x01508502	addeq	r5, r5, #1
      0x004124f0: 0xfaffff0a	beq	#0x4124e0
      0x004124f4: 0x0130a0e3	mov	r3, #1
      0x004124f8: 0x344064e2	rsb	r4, r4, #0x34
      0x004124fc: 0x134486e0	add	r4, r6, r3, lsl r4
      0x00412500: 0x040056e1	cmp	r6, r4
      0x00412504: 0x03508580	addhi	r5, r5, r3
      0x00412508: 0x0460a0e1	mov	r6, r4
b     at 0x0041250c: hooking 0xf3ffffea	b	#0x4124e0 -> 0xbbb603eb	bl	#0x500000
      0x00412510: 0x9c750088	stmdahi	r0, {r2, r3, r4, r7, r8, sl, ip, sp, lr}
      0x00412514: 0x3ce4377e	mrcvc	p4, #1, lr, c7, c12, #1
      0x00412518: 0xff070000	strdeq	r0, r1, [r0], -pc
Invalid instruction at 0x0041251c, skipping.
      0x00412520: 0x0000f0bf	svclt	#0xf00000
      0x00412524: 0x04e02de5	str	lr, [sp, #-4]!
      0x00412528: 0xec209fe5	ldr	r2, [pc, #0xec]
      0x0041252c: 0x0231c1e3	bic	r3, r1, #0x80000000
      0x00412530: 0x020053e1	cmp	r3, r2
      0x00412534: 0x1cd04de2	sub	sp, sp, #0x1c
      0x00412538: 0x180000da	ble	#0x4125a0
      0x0041253c: 0xdc209fe5	ldr	r2, [pc, #0xdc]
      0x00412540: 0x020053e1	cmp	r3, r2
      0x00412544: 0x050000da	ble	#0x412560
      0x00412548: 0x0020a0e1	mov	r2, r0
      0x0041254c: 0x0130a0e1	mov	r3, r1
bl    at 0x00412550: hooking 0xb90800eb	bl	#0x41483c -> 0xbeb603eb	bl	#0x500050
      0x00412554: 0x1cd08de2	add	sp, sp, #0x1c
      0x00412558: 0x04e09de4	pop	{lr}
      0x0041255c: 0x1eff2fe1	bx	lr
      0x00412560: 0x08208de2	add	r2, sp, #8
bl    at 0x00412564: hooking 0x5d0000eb	bl	#0x4126e0 -> 0xb9b603eb	bl	#0x500050
      0x00412568: 0x030000e2	and	r0, r0, #3
      0x0041256c: 0x010050e3	cmp	r0, #1
      0x00412570: 0x1200000a	beq	#0x4125c0
      0x00412574: 0x020050e3	cmp	r0, #2
      0x00412578: 0x1e00000a	beq	#0x4125f8
      0x0041257c: 0x000050e3	cmp	r0, #0
      0x00412580: 0x1400000a	beq	#0x4125d8
      0x00412584: 0x10308de2	add	r3, sp, #0x10
      0x00412588: 0x0c0093e8	ldm	r3, {r2, r3}
      0x0041258c: 0x08108de2	add	r1, sp, #8
      0x00412590: 0x030091e8	ldm	r1, {r0, r1}
bl    at 0x00412594: hooking 0x7d0200eb	bl	#0x412f90 -> 0xadb603eb	bl	#0x500050
      0x00412598: 0x021181e2	add	r1, r1, #0x80000000
b     at 0x0041259c: hooking 0xecffffea	b	#0x412554 -> 0x97b603eb	bl	#0x500000
      0x004125a0: 0x00c0a0e3	mov	ip, #0
      0x004125a4: 0x0020a0e3	mov	r2, #0
      0x004125a8: 0x0030a0e3	mov	r3, #0
      0x004125ac: 0x00c08de5	str	ip, [sp]
bl    at 0x004125b0: hooking 0x580600eb	bl	#0x413f18 -> 0xa6b603eb	bl	#0x500050
      0x004125b4: 0x1cd08de2	add	sp, sp, #0x1c
      0x004125b8: 0x04e09de4	pop	{lr}
      0x004125bc: 0x1eff2fe1	bx	lr
      0x004125c0: 0x10308de2	add	r3, sp, #0x10
      0x004125c4: 0x0c0093e8	ldm	r3, {r2, r3}
      0x004125c8: 0x08108de2	add	r1, sp, #8
      0x004125cc: 0x030091e8	ldm	r1, {r0, r1}
bl    at 0x004125d0: hooking 0x6e0200eb	bl	#0x412f90 -> 0x9eb603eb	bl	#0x500050
b     at 0x004125d4: hooking 0xdeffffea	b	#0x412554 -> 0x89b603eb	bl	#0x500000
      0x004125d8: 0x0110a0e3	mov	r1, #1
      0x004125dc: 0x10308de2	add	r3, sp, #0x10
      0x004125e0: 0x0c0093e8	ldm	r3, {r2, r3}
      0x004125e4: 0x00108de5	str	r1, [sp]
      0x004125e8: 0x08108de2	add	r1, sp, #8
      0x004125ec: 0x030091e8	ldm	r1, {r0, r1}
bl    at 0x004125f0: hooking 0x480600eb	bl	#0x413f18 -> 0x96b603eb	bl	#0x500050
b     at 0x004125f4: hooking 0xd6ffffea	b	#0x412554 -> 0x81b603eb	bl	#0x500000
      0x004125f8: 0x0110a0e3	mov	r1, #1
      0x004125fc: 0x10308de2	add	r3, sp, #0x10
      0x00412600: 0x0c0093e8	ldm	r3, {r2, r3}
      0x00412604: 0x00108de5	str	r1, [sp]
      0x00412608: 0x08108de2	add	r1, sp, #8
      0x0041260c: 0x030091e8	ldm	r1, {r0, r1}
bl    at 0x00412610: hooking 0x400600eb	bl	#0x413f18 -> 0x8eb603eb	bl	#0x500050
      0x00412614: 0x021181e2	add	r1, r1, #0x80000000
b     at 0x00412618: hooking 0xcdffffea	b	#0x412554 -> 0x78b603eb	bl	#0x500000
      0x0041261c: 0xfb21e93f	svclo	#0xe921fb
      0x00412620: 0xffffef7f	svcvc	#0xefffff
      0x00412624: 0xd0432de9	push	{r4, r6, r7, r8, sb, lr}
      0x00412628: 0x0060a0e1	mov	r6, r0
      0x0041262c: 0x0170a0e1	mov	r7, r1
bl    at 0x00412630: hooking 0xc10100eb	bl	#0x412d3c -> 0x86b603eb	bl	#0x500050
      0x00412634: 0xa0309fe5	ldr	r3, [pc, #0xa0]
      0x00412638: 0xd040d3e1	ldrsb	r4, [r3]
      0x0041263c: 0x0080a0e1	mov	r8, r0
      0x00412640: 0x010074e3	cmn	r4, #1
      0x00412644: 0x0190a0e1	mov	sb, r1
      0x00412648: 0x0620a0e1	mov	r2, r6
      0x0041264c: 0x0730a0e1	mov	r3, r7
      0x00412650: 0x0600a0e1	mov	r0, r6
      0x00412654: 0x0710a0e1	mov	r1, r7
      0x00412658: 0x0140a003	moveq	r4, #1
      0x0041265c: 0x0040a013	movne	r4, #0
bl    at 0x00412660: hooking 0xf40a00eb	bl	#0x415238 -> 0x7ab603eb	bl	#0x500050
      0x00412664: 0x000050e3	cmp	r0, #0
      0x00412668: 0x0400a001	moveq	r0, r4
      0x0041266c: 0x0100a013	movne	r0, #1
      0x00412670: 0x000050e3	cmp	r0, #0
      0x00412674: 0x0600001a	bne	#0x412694
      0x00412678: 0x0600a0e1	mov	r0, r6
      0x0041267c: 0x0710a0e1	mov	r1, r7
      0x00412680: 0x0020a0e3	mov	r2, #0
      0x00412684: 0x0030a0e3	mov	r3, #0
bl    at 0x00412688: hooking 0xd20a00eb	bl	#0x4151d8 -> 0x70b603eb	bl	#0x500050
      0x0041268c: 0x000050e3	cmp	r0, #0
      0x00412690: 0x0300001a	bne	#0x4126a4
      0x00412694: 0x0800a0e1	mov	r0, r8
      0x00412698: 0x0910a0e1	mov	r1, sb
      0x0041269c: 0xd043bde8	pop	{r4, r6, r7, r8, sb, lr}
      0x004126a0: 0x1eff2fe1	bx	lr
bl    at 0x004126a4: hooking 0xdb0b00eb	bl	#0x415618 -> 0x69b603eb	bl	#0x500050
      0x004126a8: 0x2110a0e3	mov	r1, #0x21
      0x004126ac: 0x0020a0e3	mov	r2, #0
      0x004126b0: 0x0030a0e3	mov	r3, #0
      0x004126b4: 0x001080e5	str	r1, [r0]
      0x004126b8: 0x0200a0e1	mov	r0, r2
      0x004126bc: 0x0310a0e1	mov	r1, r3
bl    at 0x004126c0: hooking 0x080a00eb	bl	#0x414ee8 -> 0x62b603eb	bl	#0x500050
      0x004126c4: 0x0080a0e1	mov	r8, r0
      0x004126c8: 0x0190a0e1	mov	sb, r1
      0x004126cc: 0x0800a0e1	mov	r0, r8
      0x004126d0: 0x0910a0e1	mov	r1, sb
      0x004126d4: 0xd043bde8	pop	{r4, r6, r7, r8, sb, lr}
      0x004126d8: 0x1eff2fe1	bx	lr
      0x004126dc: 0x90664000	umaaleq	r6, r0, r0, r6
      0x004126e0: 0xf04f2de9	push	{r4, r5, r6, r7, r8, sb, sl, fp, lr}
      0x004126e4: 0x9cc39fe5	ldr	ip, [pc, #0x39c]
      0x004126e8: 0x0251c1e3	bic	r5, r1, #0x80000000
      0x004126ec: 0x0c0055e1	cmp	r5, ip
      0x004126f0: 0x3cd04de2	sub	sp, sp, #0x3c
      0x004126f4: 0x0130a0e1	mov	r3, r1
      0x004126f8: 0x670000da	ble	#0x41289c
      0x004126fc: 0x0240a0e1	mov	r4, r2
      0x00412700: 0x84239fe5	ldr	r2, [pc, #0x384]
      0x00412704: 0x020055e1	cmp	r5, r2
      0x00412708: 0x0160a0e1	mov	r6, r1
      0x0041270c: 0x1c0000ca	bgt	#0x412784
      0x00412710: 0x000051e3	cmp	r1, #0
      0x00412714: 0xd13f8fe2	add	r3, pc, #0x344
      0x00412718: 0x0c0093e8	ldm	r3, {r2, r3}
      0x0041271c: 0x500100da	ble	#0x412c64
bl    at 0x00412720: hooking 0x450800eb	bl	#0x41483c -> 0x4ab603eb	bl	#0x500050
      0x00412724: 0x64339fe5	ldr	r3, [pc, #0x364]
      0x00412728: 0x030055e1	cmp	r5, r3
      0x0041272c: 0x0060a0e1	mov	r6, r0
      0x00412730: 0x0170a0e1	mov	r7, r1
      0x00412734: 0x6900000a	beq	#0x4128e0
      0x00412738: 0xca3f8fe2	add	r3, pc, #0x328
      0x0041273c: 0x0c0093e8	ldm	r3, {r2, r3}
bl    at 0x00412740: hooking 0x3d0800eb	bl	#0x41483c -> 0x42b603eb	bl	#0x500050
      0x00412744: 0x0020a0e1	mov	r2, r0
      0x00412748: 0x0130a0e1	mov	r3, r1
      0x0041274c: 0x0600a0e1	mov	r0, r6
      0x00412750: 0x0710a0e1	mov	r1, r7
      0x00412754: 0x0c0084e8	stm	r4, {r2, r3}
bl    at 0x00412758: hooking 0x370800eb	bl	#0x41483c -> 0x3cb603eb	bl	#0x500050
      0x0041275c: 0xc13f8fe2	add	r3, pc, #0x304
      0x00412760: 0x0c0093e8	ldm	r3, {r2, r3}
bl    at 0x00412764: hooking 0x340800eb	bl	#0x41483c -> 0x39b603eb	bl	#0x500050
      0x00412768: 0x0170a0e3	mov	r7, #1
      0x0041276c: 0x080084e5	str	r0, [r4, #8]
      0x00412770: 0x0c1084e5	str	r1, [r4, #0xc]
      0x00412774: 0x0700a0e1	mov	r0, r7
      0x00412778: 0x3cd08de2	add	sp, sp, #0x3c
      0x0041277c: 0xf04fbde8	pop	{r4, r5, r6, r7, r8, sb, sl, fp, lr}
      0x00412780: 0x1eff2fe1	bx	lr
      0x00412784: 0x08239fe5	ldr	r2, [pc, #0x308]
      0x00412788: 0x020055e1	cmp	r5, r2
      0x0041278c: 0x6b0000da	ble	#0x412940
      0x00412790: 0x00239fe5	ldr	r2, [pc, #0x300]
      0x00412794: 0x020055e1	cmp	r5, r2
      0x00412798: 0x490000ca	bgt	#0x4128c4
      0x0041279c: 0x457aa0e1	asr	r7, r5, #0x14
      0x004127a0: 0x417e47e2	sub	r7, r7, #0x410
      0x004127a4: 0x067047e2	sub	r7, r7, #6
      0x004127a8: 0x071a45e0	sub	r1, r5, r7, lsl #20
      0x004127ac: 0x0190a0e1	mov	sb, r1
      0x004127b0: 0x0080a0e1	mov	r8, r0
bl    at 0x004127b4: hooking 0xad0a00eb	bl	#0x415270 -> 0x25b603eb	bl	#0x500050
bl    at 0x004127b8: hooking 0xed0800eb	bl	#0x414b74 -> 0x24b603eb	bl	#0x500050
      0x004127bc: 0x00a0a0e1	mov	sl, r0
      0x004127c0: 0x01b0a0e1	mov	fp, r1
      0x004127c4: 0x0800a0e1	mov	r0, r8
      0x004127c8: 0x0910a0e1	mov	r1, sb
      0x004127cc: 0x0a20a0e1	mov	r2, sl
      0x004127d0: 0x0b30a0e1	mov	r3, fp
      0x004127d4: 0x20a08de5	str	sl, [sp, #0x20]
      0x004127d8: 0x24b08de5	str	fp, [sp, #0x24]
bl    at 0x004127dc: hooking 0x160800eb	bl	#0x41483c -> 0x1bb603eb	bl	#0x500050
      0x004127e0: 0x0020a0e3	mov	r2, #0
      0x004127e4: 0xb0329fe5	ldr	r3, [pc, #0x2b0]
bl    at 0x004127e8: hooking 0x1a0900eb	bl	#0x414c58 -> 0x18b603eb	bl	#0x500050
      0x004127ec: 0x0190a0e1	mov	sb, r1
      0x004127f0: 0x0080a0e1	mov	r8, r0
bl    at 0x004127f4: hooking 0x9d0a00eb	bl	#0x415270 -> 0x15b603eb	bl	#0x500050
      0x004127f8: 0x0050a0e1	mov	r5, r0
bl    at 0x004127fc: hooking 0xdc0800eb	bl	#0x414b74 -> 0x13b603eb	bl	#0x500050
      0x00412800: 0x0020a0e1	mov	r2, r0
      0x00412804: 0x0130a0e1	mov	r3, r1
      0x00412808: 0x0800a0e1	mov	r0, r8
      0x0041280c: 0x0910a0e1	mov	r1, sb
      0x00412810: 0x28208de5	str	r2, [sp, #0x28]
      0x00412814: 0x2c308de5	str	r3, [sp, #0x2c]
bl    at 0x00412818: hooking 0x070800eb	bl	#0x41483c -> 0x0cb603eb	bl	#0x500050
      0x0041281c: 0x0020a0e3	mov	r2, #0
      0x00412820: 0x74329fe5	ldr	r3, [pc, #0x274]
bl    at 0x00412824: hooking 0x0b0900eb	bl	#0x414c58 -> 0x09b603eb	bl	#0x500050
      0x00412828: 0x0030a0e3	mov	r3, #0
      0x0041282c: 0x0020a0e3	mov	r2, #0
      0x00412830: 0x30008de5	str	r0, [sp, #0x30]
      0x00412834: 0x34108de5	str	r1, [sp, #0x34]
bl    at 0x00412838: hooking 0x600a00eb	bl	#0x4151c0 -> 0x04b603eb	bl	#0x500050
      0x0041283c: 0x000050e3	cmp	r0, #0
      0x00412840: 0x0330a003	moveq	r3, #3
      0x00412844: 0x0200000a	beq	#0x412854
      0x00412848: 0x000055e3	cmp	r5, #0
      0x0041284c: 0x0130a003	moveq	r3, #1
      0x00412850: 0x0230a013	movne	r3, #2
      0x00412854: 0x0200a0e3	mov	r0, #2
      0x00412858: 0x40129fe5	ldr	r1, [pc, #0x240]
      0x0041285c: 0x0720a0e1	mov	r2, r7
      0x00412860: 0x03008de8	stm	sp, {r0, r1}
      0x00412864: 0x0410a0e1	mov	r1, r4
      0x00412868: 0x20008de2	add	r0, sp, #0x20
bl    at 0x0041286c: hooking 0x9b0200eb	bl	#0x4132e0 -> 0xf7b503eb	bl	#0x500050
      0x00412870: 0x000056e3	cmp	r6, #0
      0x00412874: 0x0070a0e1	mov	r7, r0
      0x00412878: 0xbdffffaa	bge	#0x412774
      0x0041287c: 0x042094e5	ldr	r2, [r4, #4]
      0x00412880: 0x0c3094e5	ldr	r3, [r4, #0xc]
      0x00412884: 0x022182e2	add	r2, r2, #0x80000000
      0x00412888: 0x023183e2	add	r3, r3, #0x80000000
      0x0041288c: 0x042084e5	str	r2, [r4, #4]
      0x00412890: 0x0c3084e5	str	r3, [r4, #0xc]
      0x00412894: 0x007060e2	rsb	r7, r0, #0
b     at 0x00412898: hooking 0xb5ffffea	b	#0x412774 -> 0xd8b503eb	bl	#0x500000
      0x0041289c: 0x0070a0e3	mov	r7, #0
      0x004128a0: 0x0040a0e3	mov	r4, #0
      0x004128a4: 0x0050a0e3	mov	r5, #0
      0x004128a8: 0x030082e8	stm	r2, {r0, r1}
      0x004128ac: 0x0700a0e1	mov	r0, r7
      0x004128b0: 0x084082e5	str	r4, [r2, #8]
      0x004128b4: 0x0c5082e5	str	r5, [r2, #0xc]
      0x004128b8: 0x3cd08de2	add	sp, sp, #0x3c
      0x004128bc: 0xf04fbde8	pop	{r4, r5, r6, r7, r8, sb, sl, fp, lr}
      0x004128c0: 0x1eff2fe1	bx	lr
      0x004128c4: 0x0020a0e1	mov	r2, r0
bl    at 0x004128c8: hooking 0xdb0700eb	bl	#0x41483c -> 0xe0b503eb	bl	#0x500050
      0x004128cc: 0x0070a0e3	mov	r7, #0
      0x004128d0: 0x080084e5	str	r0, [r4, #8]
      0x004128d4: 0x0c1084e5	str	r1, [r4, #0xc]
      0x004128d8: 0x030084e8	stm	r4, {r0, r1}
b     at 0x004128dc: hooking 0xa4ffffea	b	#0x412774 -> 0xc7b503eb	bl	#0x500000
      0x004128e0: 0x623f8fe2	add	r3, pc, #0x188
      0x004128e4: 0x0c0093e8	ldm	r3, {r2, r3}
bl    at 0x004128e8: hooking 0xd30700eb	bl	#0x41483c -> 0xd8b503eb	bl	#0x500050
      0x004128ec: 0x613f8fe2	add	r3, pc, #0x184
      0x004128f0: 0x0c0093e8	ldm	r3, {r2, r3}
      0x004128f4: 0x0060a0e1	mov	r6, r0
      0x004128f8: 0x0170a0e1	mov	r7, r1
bl    at 0x004128fc: hooking 0xce0700eb	bl	#0x41483c -> 0xd3b503eb	bl	#0x500050
      0x00412900: 0x0020a0e1	mov	r2, r0
      0x00412904: 0x0130a0e1	mov	r3, r1
      0x00412908: 0x0600a0e1	mov	r0, r6
      0x0041290c: 0x0c0084e8	stm	r4, {r2, r3}
      0x00412910: 0x0710a0e1	mov	r1, r7
bl    at 0x00412914: hooking 0xc80700eb	bl	#0x41483c -> 0xcdb503eb	bl	#0x500050
      0x00412918: 0x563f8fe2	add	r3, pc, #0x158
      0x0041291c: 0x0c0093e8	ldm	r3, {r2, r3}
bl    at 0x00412920: hooking 0xc50700eb	bl	#0x41483c -> 0xcab503eb	bl	#0x500050
      0x00412924: 0x0170a0e3	mov	r7, #1
      0x00412928: 0x080084e5	str	r0, [r4, #8]
      0x0041292c: 0x0c1084e5	str	r1, [r4, #0xc]
      0x00412930: 0x0700a0e1	mov	r0, r7
      0x00412934: 0x3cd08de2	add	sp, sp, #0x3c
      0x00412938: 0xf04fbde8	pop	{r4, r5, r6, r7, r8, sb, sl, fp, lr}
      0x0041293c: 0x1eff2fe1	bx	lr
bl    at 0x00412940: hooking 0xf90500eb	bl	#0x41412c -> 0xc2b503eb	bl	#0x500050
      0x00412944: 0x4d3f8fe2	add	r3, pc, #0x134
      0x00412948: 0x0c0093e8	ldm	r3, {r2, r3}
      0x0041294c: 0x0080a0e1	mov	r8, r0
      0x00412950: 0x0190a0e1	mov	sb, r1
bl    at 0x00412954: hooking 0xbf0800eb	bl	#0x414c58 -> 0xbdb503eb	bl	#0x500050
      0x00412958: 0x0020a0e3	mov	r2, #0
      0x0041295c: 0x40319fe5	ldr	r3, [pc, #0x140]
bl    at 0x00412960: hooking 0xb60700eb	bl	#0x414840 -> 0xbab503eb	bl	#0x500050
bl    at 0x00412964: hooking 0x410a00eb	bl	#0x415270 -> 0xb9b503eb	bl	#0x500050
      0x00412968: 0x0070a0e1	mov	r7, r0
bl    at 0x0041296c: hooking 0x800800eb	bl	#0x414b74 -> 0xb7b503eb	bl	#0x500050
      0x00412970: 0x00a0a0e1	mov	sl, r0
      0x00412974: 0x01b0a0e1	mov	fp, r1
      0x00412978: 0xe0308fe2	add	r3, pc, #0xe0
      0x0041297c: 0x0c0093e8	ldm	r3, {r2, r3}
      0x00412980: 0x10a08de5	str	sl, [sp, #0x10]
      0x00412984: 0x14b08de5	str	fp, [sp, #0x14]
bl    at 0x00412988: hooking 0xb20800eb	bl	#0x414c58 -> 0xb0b503eb	bl	#0x500050
      0x0041298c: 0x0020a0e1	mov	r2, r0
      0x00412990: 0x0130a0e1	mov	r3, r1
      0x00412994: 0x0800a0e1	mov	r0, r8
      0x00412998: 0x0910a0e1	mov	r1, sb
bl    at 0x0041299c: hooking 0xa60700eb	bl	#0x41483c -> 0xabb503eb	bl	#0x500050
      0x004129a0: 0xc0308fe2	add	r3, pc, #0xc0
      0x004129a4: 0x0c0093e8	ldm	r3, {r2, r3}
      0x004129a8: 0x08008de5	str	r0, [sp, #8]
      0x004129ac: 0x0c108de5	str	r1, [sp, #0xc]
      0x004129b0: 0x0a00a0e1	mov	r0, sl
      0x004129b4: 0x0b10a0e1	mov	r1, fp
bl    at 0x004129b8: hooking 0xa60800eb	bl	#0x414c58 -> 0xa4b503eb	bl	#0x500050
      0x004129bc: 0x1f0057e3	cmp	r7, #0x1f
      0x004129c0: 0x0080a0e1	mov	r8, r0
      0x004129c4: 0x0190a0e1	mov	sb, r1
      0x004129c8: 0x0020a0e1	mov	r2, r0
      0x004129cc: 0x0130a0e1	mov	r3, r1
      0x004129d0: 0x08108de2	add	r1, sp, #8
      0x004129d4: 0x030091e8	ldm	r1, {r0, r1}
      0x004129d8: 0x340000ca	bgt	#0x412ab0
bl    at 0x004129dc: hooking 0x960700eb	bl	#0x41483c -> 0x9bb503eb	bl	#0x500050
      0x004129e0: 0xc0309fe5	ldr	r3, [pc, #0xc0]
      0x004129e4: 0x012047e2	sub	r2, r7, #1
      0x004129e8: 0x023193e7	ldr	r3, [r3, r2, lsl #2]
      0x004129ec: 0x050053e1	cmp	r3, r5
      0x004129f0: 0x00b0a0e1	mov	fp, r0
      0x004129f4: 0x01a0a0e1	mov	sl, r1
      0x004129f8: 0x2f00000a	beq	#0x412abc
      0x004129fc: 0x0b20a0e1	mov	r2, fp
      0x00412a00: 0x0a30a0e1	mov	r3, sl
      0x00412a04: 0x0c0084e8	stm	r4, {r2, r3}
      0x00412a08: 0x0b20a0e1	mov	r2, fp
      0x00412a0c: 0x0a30a0e1	mov	r3, sl
      0x00412a10: 0x08108de2	add	r1, sp, #8
      0x00412a14: 0x030091e8	ldm	r1, {r0, r1}
bl    at 0x00412a18: hooking 0x870700eb	bl	#0x41483c -> 0x8cb503eb	bl	#0x500050
      0x00412a1c: 0x0820a0e1	mov	r2, r8
      0x00412a20: 0x0930a0e1	mov	r3, sb
bl    at 0x00412a24: hooking 0x840700eb	bl	#0x41483c -> 0x89b503eb	bl	#0x500050
      0x00412a28: 0x0020a0e1	mov	r2, r0
      0x00412a2c: 0x0130a0e1	mov	r3, r1
      0x00412a30: 0x000056e3	cmp	r6, #0
      0x00412a34: 0x082084e5	str	r2, [r4, #8]
      0x00412a38: 0x0c3084e5	str	r3, [r4, #0xc]
      0x00412a3c: 0x4cffffaa	bge	#0x412774
      0x00412a40: 0x02a18ae2	add	sl, sl, #0x80000000
      0x00412a44: 0x021181e2	add	r1, r1, #0x80000000
      0x00412a48: 0x00b084e5	str	fp, [r4]
      0x00412a4c: 0x04a084e5	str	sl, [r4, #4]
      0x00412a50: 0x0c1084e5	str	r1, [r4, #0xc]
      0x00412a54: 0x080084e5	str	r0, [r4, #8]
      0x00412a58: 0x007067e2	rsb	r7, r7, #0
b     at 0x00412a5c: hooking 0x44ffffea	b	#0x412774 -> 0x67b503eb	bl	#0x500000
      0x00412a60: 0x00004054	strbpl	r0, [r0], #-0
      0x00412a64: 0xfb21f93f	svclo	#0xf921fb
      0x00412a68: 0x3163621a	bne	#0x1cab734
      0x00412a6c: 0x61b4d03d	ldcllo	p4, c11, [r0, #0x184]
      0x00412a70: 0x0000601a	bne	#0x1c12a78
      0x00412a74: 0x61b4d03d	ldcllo	p4, c11, [r0, #0x184]
      0x00412a78: 0x7370032e	mcrhs	p0, #0, r7, c3, c3, #3
      0x00412a7c: 0x8a19a33b	bllo	#0xfecd90ac
      0x00412a80: 0x83c8c96d	stclvs	p8, c12, [sb, #0x20c]
      0x00412a84: 0x305fe43f	svclo	#0xe45f30
      0x00412a88: 0xfb21e93f	svclo	#0xe921fb
      0x00412a8c: 0x7bd90240	andmi	sp, r2, fp, ror sb
      0x00412a90: 0xfb21f93f	svclo	#0xf921fb
      0x00412a94: 0xfb213941	ldrshmi	r2, [sb, -fp]!
      0x00412a98: 0xffffef7f	svcvc	#0xefffff
      0x00412a9c: 0x00007041	cmnmi	r0, r0
      0x00412aa0: 0x30654000	subeq	r6, r0, r0, lsr r5
      0x00412aa4: 0x0000e03f	svclo	#0xe00000
      0x00412aa8: 0xb0644000	strheq	r6, [r0], #-0x40
      0x00412aac: 0xff070000	strdeq	r0, r1, [r0], -pc
bl    at 0x00412ab0: hooking 0x610700eb	bl	#0x41483c -> 0x66b503eb	bl	#0x500050
      0x00412ab4: 0x00b0a0e1	mov	fp, r0
      0x00412ab8: 0x01a0a0e1	mov	sl, r1
      0x00412abc: 0x18201fe5	ldr	r2, [pc, #-0x18]
      0x00412ac0: 0x455aa0e1	asr	r5, r5, #0x14
      0x00412ac4: 0x2a3a02e0	and	r3, r2, sl, lsr #20
      0x00412ac8: 0x033045e0	sub	r3, r5, r3
      0x00412acc: 0x100053e3	cmp	r3, #0x10
      0x00412ad0: 0xc9ffffda	ble	#0x4129fc
      0x00412ad4: 0x8d3f8fe2	add	r3, pc, #0x234
      0x00412ad8: 0x0c0093e8	ldm	r3, {r2, r3}
      0x00412adc: 0x10108de2	add	r1, sp, #0x10
      0x00412ae0: 0x030091e8	ldm	r1, {r0, r1}
bl    at 0x00412ae4: hooking 0x5b0800eb	bl	#0x414c58 -> 0x59b503eb	bl	#0x500050
      0x00412ae8: 0x0080a0e1	mov	r8, r0
      0x00412aec: 0x0190a0e1	mov	sb, r1
      0x00412af0: 0x0020a0e1	mov	r2, r0
      0x00412af4: 0x0130a0e1	mov	r3, r1
      0x00412af8: 0x08108de2	add	r1, sp, #8
      0x00412afc: 0x030091e8	ldm	r1, {r0, r1}
bl    at 0x00412b00: hooking 0x4d0700eb	bl	#0x41483c -> 0x52b503eb	bl	#0x500050
      0x00412b04: 0x00a0a0e1	mov	sl, r0
      0x00412b08: 0x01b0a0e1	mov	fp, r1
      0x00412b0c: 0x0020a0e1	mov	r2, r0
      0x00412b10: 0x0130a0e1	mov	r3, r1
      0x00412b14: 0x08108de2	add	r1, sp, #8
      0x00412b18: 0x030091e8	ldm	r1, {r0, r1}
bl    at 0x00412b1c: hooking 0x460700eb	bl	#0x41483c -> 0x4bb503eb	bl	#0x500050
      0x00412b20: 0x0820a0e1	mov	r2, r8
      0x00412b24: 0x0930a0e1	mov	r3, sb
bl    at 0x00412b28: hooking 0x430700eb	bl	#0x41483c -> 0x48b503eb	bl	#0x500050
      0x00412b2c: 0x0080a0e1	mov	r8, r0
      0x00412b30: 0x0190a0e1	mov	sb, r1
      0x00412b34: 0x773f8fe2	add	r3, pc, #0x1dc
      0x00412b38: 0x0c0093e8	ldm	r3, {r2, r3}
      0x00412b3c: 0x10108de2	add	r1, sp, #0x10
      0x00412b40: 0x030091e8	ldm	r1, {r0, r1}
bl    at 0x00412b44: hooking 0x430800eb	bl	#0x414c58 -> 0x41b503eb	bl	#0x500050
      0x00412b48: 0x0820a0e1	mov	r2, r8
      0x00412b4c: 0x0930a0e1	mov	r3, sb
bl    at 0x00412b50: hooking 0x390700eb	bl	#0x41483c -> 0x3eb503eb	bl	#0x500050
      0x00412b54: 0x0020a0e1	mov	r2, r0
      0x00412b58: 0x0130a0e1	mov	r3, r1
      0x00412b5c: 0x0080a0e1	mov	r8, r0
      0x00412b60: 0x0190a0e1	mov	sb, r1
      0x00412b64: 0x0a00a0e1	mov	r0, sl
      0x00412b68: 0x0b10a0e1	mov	r1, fp
      0x00412b6c: 0x18a08de5	str	sl, [sp, #0x18]
      0x00412b70: 0x1cb08de5	str	fp, [sp, #0x1c]
bl    at 0x00412b74: hooking 0x300700eb	bl	#0x41483c -> 0x35b503eb	bl	#0x500050
      0x00412b78: 0xb0219fe5	ldr	r2, [pc, #0x1b0]
      0x00412b7c: 0x213a02e0	and	r3, r2, r1, lsr #20
      0x00412b80: 0x035045e0	sub	r5, r5, r3
      0x00412b84: 0x310055e3	cmp	r5, #0x31
      0x00412b88: 0x00b0a0e1	mov	fp, r0
      0x00412b8c: 0x01a0a0e1	mov	sl, r1
      0x00412b90: 0x070000ca	bgt	#0x412bb4
      0x00412b94: 0x0020a0e1	mov	r2, r0
      0x00412b98: 0x0130a0e1	mov	r3, r1
      0x00412b9c: 0x18108de2	add	r1, sp, #0x18
      0x00412ba0: 0x030091e8	ldm	r1, {r0, r1}
      0x00412ba4: 0x0c0084e8	stm	r4, {r2, r3}
      0x00412ba8: 0x08008de5	str	r0, [sp, #8]
      0x00412bac: 0x0c108de5	str	r1, [sp, #0xc]
b     at 0x00412bb0: hooking 0x94ffffea	b	#0x412a08 -> 0x12b503eb	bl	#0x500000
      0x00412bb4: 0x2e24a0e3	mov	r2, #0x2e000000
      0x00412bb8: 0x74319fe5	ldr	r3, [pc, #0x174]
      0x00412bbc: 0x10108de2	add	r1, sp, #0x10
      0x00412bc0: 0x030091e8	ldm	r1, {r0, r1}
bl    at 0x00412bc4: hooking 0x230800eb	bl	#0x414c58 -> 0x21b503eb	bl	#0x500050
      0x00412bc8: 0x0080a0e1	mov	r8, r0
      0x00412bcc: 0x0190a0e1	mov	sb, r1
      0x00412bd0: 0x0020a0e1	mov	r2, r0
      0x00412bd4: 0x0130a0e1	mov	r3, r1
      0x00412bd8: 0x18108de2	add	r1, sp, #0x18
      0x00412bdc: 0x030091e8	ldm	r1, {r0, r1}
bl    at 0x00412be0: hooking 0x150700eb	bl	#0x41483c -> 0x1ab503eb	bl	#0x500050
      0x00412be4: 0x00a0a0e1	mov	sl, r0
      0x00412be8: 0x01b0a0e1	mov	fp, r1
      0x00412bec: 0x0020a0e1	mov	r2, r0
      0x00412bf0: 0x0130a0e1	mov	r3, r1
      0x00412bf4: 0x18108de2	add	r1, sp, #0x18
      0x00412bf8: 0x030091e8	ldm	r1, {r0, r1}
      0x00412bfc: 0x08a08de5	str	sl, [sp, #8]
      0x00412c00: 0x0cb08de5	str	fp, [sp, #0xc]
bl    at 0x00412c04: hooking 0x0c0700eb	bl	#0x41483c -> 0x11b503eb	bl	#0x500050
      0x00412c08: 0x0820a0e1	mov	r2, r8
      0x00412c0c: 0x0930a0e1	mov	r3, sb
bl    at 0x00412c10: hooking 0x090700eb	bl	#0x41483c -> 0x0eb503eb	bl	#0x500050
      0x00412c14: 0x0080a0e1	mov	r8, r0
      0x00412c18: 0x0190a0e1	mov	sb, r1
      0x00412c1c: 0xfc308fe2	add	r3, pc, #0xfc
      0x00412c20: 0x0c0093e8	ldm	r3, {r2, r3}
      0x00412c24: 0x10108de2	add	r1, sp, #0x10
      0x00412c28: 0x030091e8	ldm	r1, {r0, r1}
bl    at 0x00412c2c: hooking 0x090800eb	bl	#0x414c58 -> 0x07b503eb	bl	#0x500050
      0x00412c30: 0x0820a0e1	mov	r2, r8
      0x00412c34: 0x0930a0e1	mov	r3, sb
bl    at 0x00412c38: hooking 0xff0600eb	bl	#0x41483c -> 0x04b503eb	bl	#0x500050
      0x00412c3c: 0x0020a0e1	mov	r2, r0
      0x00412c40: 0x0130a0e1	mov	r3, r1
      0x00412c44: 0x0080a0e1	mov	r8, r0
      0x00412c48: 0x0190a0e1	mov	sb, r1
      0x00412c4c: 0x0a00a0e1	mov	r0, sl
      0x00412c50: 0x0b10a0e1	mov	r1, fp
bl    at 0x00412c54: hooking 0xf80600eb	bl	#0x41483c -> 0xfdb403eb	bl	#0x500050
      0x00412c58: 0x00b0a0e1	mov	fp, r0
      0x00412c5c: 0x01a0a0e1	mov	sl, r1
b     at 0x00412c60: hooking 0x65ffffea	b	#0x4129fc -> 0xe6b403eb	bl	#0x500000
bl    at 0x00412c64: hooking 0xf50600eb	bl	#0x414840 -> 0xf9b403eb	bl	#0x500050
      0x00412c68: 0xc8309fe5	ldr	r3, [pc, #0xc8]
      0x00412c6c: 0x030055e1	cmp	r5, r3
      0x00412c70: 0x0060a0e1	mov	r6, r0
      0x00412c74: 0x0170a0e1	mov	r7, r1
      0x00412c78: 0x0f00000a	beq	#0x412cbc
      0x00412c7c: 0xa4308fe2	add	r3, pc, #0xa4
      0x00412c80: 0x0c0093e8	ldm	r3, {r2, r3}
bl    at 0x00412c84: hooking 0xed0600eb	bl	#0x414840 -> 0xf1b403eb	bl	#0x500050
      0x00412c88: 0x0020a0e1	mov	r2, r0
      0x00412c8c: 0x0130a0e1	mov	r3, r1
      0x00412c90: 0x0600a0e1	mov	r0, r6
      0x00412c94: 0x0710a0e1	mov	r1, r7
      0x00412c98: 0x0c0084e8	stm	r4, {r2, r3}
bl    at 0x00412c9c: hooking 0xe60600eb	bl	#0x41483c -> 0xebb403eb	bl	#0x500050
      0x00412ca0: 0x80308fe2	add	r3, pc, #0x80
      0x00412ca4: 0x0c0093e8	ldm	r3, {r2, r3}
bl    at 0x00412ca8: hooking 0xe40600eb	bl	#0x414840 -> 0xe8b403eb	bl	#0x500050
      0x00412cac: 0x0070e0e3	mvn	r7, #0
      0x00412cb0: 0x080084e5	str	r0, [r4, #8]
      0x00412cb4: 0x0c1084e5	str	r1, [r4, #0xc]
b     at 0x00412cb8: hooking 0xadfeffea	b	#0x412774 -> 0xd0b403eb	bl	#0x500000
      0x00412cbc: 0x4c308fe2	add	r3, pc, #0x4c
      0x00412cc0: 0x0c0093e8	ldm	r3, {r2, r3}
bl    at 0x00412cc4: hooking 0xdd0600eb	bl	#0x414840 -> 0xe1b403eb	bl	#0x500050
      0x00412cc8: 0x48308fe2	add	r3, pc, #0x48
      0x00412ccc: 0x0c0093e8	ldm	r3, {r2, r3}
      0x00412cd0: 0x0170a0e1	mov	r7, r1
      0x00412cd4: 0x0060a0e1	mov	r6, r0
bl    at 0x00412cd8: hooking 0xd80600eb	bl	#0x414840 -> 0xdcb403eb	bl	#0x500050
      0x00412cdc: 0x0020a0e1	mov	r2, r0
      0x00412ce0: 0x0130a0e1	mov	r3, r1
      0x00412ce4: 0x0600a0e1	mov	r0, r6
      0x00412ce8: 0x0710a0e1	mov	r1, r7
      0x00412cec: 0x0c0084e8	stm	r4, {r2, r3}
bl    at 0x00412cf0: hooking 0xd10600eb	bl	#0x41483c -> 0xd6b403eb	bl	#0x500050
      0x00412cf4: 0x1c308fe2	add	r3, pc, #0x1c
      0x00412cf8: 0x0c0093e8	ldm	r3, {r2, r3}
bl    at 0x00412cfc: hooking 0xcf0600eb	bl	#0x414840 -> 0xd3b403eb	bl	#0x500050
      0x00412d00: 0x0070e0e3	mvn	r7, #0
      0x00412d04: 0x080084e5	str	r0, [r4, #8]
      0x00412d08: 0x0c1084e5	str	r1, [r4, #0xc]
b     at 0x00412d0c: hooking 0x98feffea	b	#0x412774 -> 0xbbb403eb	bl	#0x500000
      0x00412d10: 0x0000601a	bne	#0x1c12d18
      0x00412d14: 0x61b4d03d	ldcllo	p4, c11, [r0, #0x184]
      0x00412d18: 0x7370032e	mcrhs	p0, #0, r7, c3, c3, #3
      0x00412d1c: 0x8a19a33b	bllo	#0xfecd934c
      0x00412d20: 0xc1492025	strhs	r4, [r0, #-0x9c1]!
      0x00412d24: 0x9a837b39	ldmdblo	fp!, {r1, r3, r4, r7, r8, sb, pc} ^
      0x00412d28: 0x3163621a	bne	#0x1cab9f4
      0x00412d2c: 0x61b4d03d	ldcllo	p4, c11, [r0, #0x184]
      0x00412d30: 0xff070000	strdeq	r0, r1, [r0], -pc
      0x00412d34: 0x8a19a33b	bllo	#0xfecd9364
      0x00412d38: 0xfb21f93f	svclo	#0xf921fb
      0x00412d3c: 0x48229fe5	ldr	r2, [pc, #0x248]
      0x00412d40: 0x0120d2e1	bics	r2, r2, r1
      0x00412d44: 0xf0412de9	push	{r4, r5, r6, r7, r8, lr}
      0x00412d48: 0x0140a0e1	mov	r4, r1
      0x00412d4c: 0x0050a0e1	mov	r5, r0
      0x00412d50: 0x7500000a	beq	#0x412f2c
      0x00412d54: 0x000051e3	cmp	r1, #0
      0x00412d58: 0x0130a0e1	mov	r3, r1
      0x00412d5c: 0x00c0a0e1	mov	ip, r0
      0x00412d60: 0x410000da	ble	#0x412e6c
      0x00412d64: 0x417ab0e1	asrs	r7, r1, #0x14
      0x00412d68: 0x8000000a	beq	#0x412f70
      0x00412d6c: 0x0060a0e3	mov	r6, #0
      0x00412d70: 0xff34c3e3	bic	r3, r3, #0xff000000
      0x00412d74: 0xff7f47e2	sub	r7, r7, #0x3fc
      0x00412d78: 0x0f36c3e3	bic	r3, r3, #0xf00000
      0x00412d7c: 0xac2fa0e1	lsr	r2, ip, #0x1f
      0x00412d80: 0x037047e2	sub	r7, r7, #3
      0x00412d84: 0x013683e3	orr	r3, r3, #0x100000
      0x00412d88: 0x010017e3	tst	r7, #1
      0x00412d8c: 0x833082e0	add	r3, r2, r3, lsl #1
      0x00412d90: 0x8c20a0e1	lsl	r2, ip, #1
      0x00412d94: 0xa22fa011	lsrne	r2, r2, #0x1f
      0x00412d98: 0x83308210	addne	r3, r2, r3, lsl #1
      0x00412d9c: 0x06e0a0e1	mov	lr, r6
      0x00412da0: 0x0c21a011	lslne	r2, ip, #2
      0x00412da4: 0x0216a0e3	mov	r1, #0x200000
      0x00412da8: 0x16c0a0e3	mov	ip, #0x16
      0x00412dac: 0xc770a0e1	asr	r7, r7, #1
      0x00412db0: 0x01008ee0	add	r0, lr, r1
      0x00412db4: 0x030050e1	cmp	r0, r3
      0x00412db8: 0x003043d0	suble	r3, r3, r0
      0x00412dbc: 0x01e080d0	addle	lr, r0, r1
      0x00412dc0: 0x016086d0	addle	r6, r6, r1
      0x00412dc4: 0x8330a0e1	lsl	r3, r3, #1
      0x00412dc8: 0x01c05ce2	subs	ip, ip, #1
      0x00412dcc: 0xa23f83e0	add	r3, r3, r2, lsr #31
      0x00412dd0: 0xa110a0e1	lsr	r1, r1, #1
      0x00412dd4: 0x8220a0e1	lsl	r2, r2, #1
      0x00412dd8: 0xf4ffff1a	bne	#0x412db0
      0x00412ddc: 0x0c80a0e1	mov	r8, ip
      0x00412de0: 0x2040a0e3	mov	r4, #0x20
      0x00412de4: 0x0211a0e3	mov	r1, #0x80000000
b     at 0x00412de8: hooking 0x140000ea	b	#0x412e40 -> 0x84b403eb	bl	#0x500000
      0x00412dec: 0x0150a003	moveq	r5, #1
      0x00412df0: 0x0050a013	movne	r5, #0
      0x00412df4: 0x020050e1	cmp	r0, r2
      0x00412df8: 0x0050a083	movhi	r5, #0
      0x00412dfc: 0x01500592	andls	r5, r5, #1
      0x00412e00: 0x000055e3	cmp	r5, #0
      0x00412e04: 0x0700000a	beq	#0x412e28
      0x00412e08: 0x000050e3	cmp	r0, #0
      0x00412e0c: 0x01c080e0	add	ip, r0, r1
      0x00412e10: 0x0e50a0a1	movge	r5, lr
      0x00412e14: 0x0030a0a3	movge	r3, #0
      0x00412e18: 0x2e0000ba	blt	#0x412ed8
      0x00412e1c: 0x05e0a0e1	mov	lr, r5
      0x00412e20: 0x002042e0	sub	r2, r2, r0
      0x00412e24: 0x018088e0	add	r8, r8, r1
      0x00412e28: 0xa20fa0e1	lsr	r0, r2, #0x1f
      0x00412e2c: 0x014054e2	subs	r4, r4, #1
      0x00412e30: 0xa110a0e1	lsr	r1, r1, #1
      0x00412e34: 0x833080e0	add	r3, r0, r3, lsl #1
      0x00412e38: 0x8220a0e1	lsl	r2, r2, #1
      0x00412e3c: 0x2900000a	beq	#0x412ee8
      0x00412e40: 0x0e0053e1	cmp	r3, lr
      0x00412e44: 0x0c0081e0	add	r0, r1, ip
      0x00412e48: 0xe7ffffda	ble	#0x412dec
      0x00412e4c: 0x000050e3	cmp	r0, #0
      0x00412e50: 0x01c080e0	add	ip, r0, r1
      0x00412e54: 0x1f0000ba	blt	#0x412ed8
      0x00412e58: 0x0e50a0e1	mov	r5, lr
      0x00412e5c: 0x020050e1	cmp	r0, r2
      0x00412e60: 0x0e3043e0	sub	r3, r3, lr
      0x00412e64: 0x01304382	subhi	r3, r3, #1
b     at 0x00412e68: hooking 0xebffffea	b	#0x412e1c -> 0x64b403eb	bl	#0x500000
      0x00412e6c: 0x0221c1e3	bic	r2, r1, #0x80000000
      0x00412e70: 0x002092e1	orrs	r2, r2, r0
      0x00412e74: 0x2900000a	beq	#0x412f20
      0x00412e78: 0x000054e3	cmp	r4, #0
      0x00412e7c: 0x3400001a	bne	#0x412f54
      0x00412e80: 0xac05a0e1	lsr	r0, ip, #0xb
      0x00412e84: 0x000050e3	cmp	r0, #0
      0x00412e88: 0x153043e2	sub	r3, r3, #0x15
      0x00412e8c: 0x8ccaa0e1	lsl	ip, ip, #0x15
      0x00412e90: 0x0020a0e1	mov	r2, r0
      0x00412e94: 0xf9ffff0a	beq	#0x412e80
      0x00412e98: 0x010610e3	tst	r0, #0x100000
      0x00412e9c: 0x3600001a	bne	#0x412f7c
      0x00412ea0: 0x0010a0e3	mov	r1, #0
b     at 0x00412ea4: hooking 0x000000ea	b	#0x412eac -> 0x55b403eb	bl	#0x500000
      0x00412ea8: 0x0e10a0e1	mov	r1, lr
      0x00412eac: 0x8220a0e1	lsl	r2, r2, #1
      0x00412eb0: 0x010612e3	tst	r2, #0x100000
      0x00412eb4: 0x01e081e2	add	lr, r1, #1
      0x00412eb8: 0xfaffff0a	beq	#0x412ea8
      0x00412ebc: 0x0200a0e1	mov	r0, r2
      0x00412ec0: 0x0c20a0e1	mov	r2, ip
      0x00412ec4: 0x1ccea0e1	lsl	ip, ip, lr
      0x00412ec8: 0x20e06ee2	rsb	lr, lr, #0x20
      0x00412ecc: 0x017043e0	sub	r7, r3, r1
      0x00412ed0: 0x323e80e1	orr	r3, r0, r2, lsr lr
b     at 0x00412ed4: hooking 0xa4ffffea	b	#0x412d6c -> 0x49b403eb	bl	#0x500000
      0x00412ed8: 0x00005ce3	cmp	ip, #0
      0x00412edc: 0x01508ea2	addge	r5, lr, #1
      0x00412ee0: 0xddffffaa	bge	#0x412e5c
b     at 0x00412ee4: hooking 0xdbffffea	b	#0x412e58 -> 0x45b403eb	bl	#0x500000
      0x00412ee8: 0x023093e1	orrs	r3, r3, r2
      0x00412eec: 0xa840a001	lsreq	r4, r8, #1
      0x00412ef0: 0x0300000a	beq	#0x412f04
      0x00412ef4: 0x010078e3	cmn	r8, #1
      0x00412ef8: 0x01408812	addne	r4, r8, #1
      0x00412efc: 0x01608602	addeq	r6, r6, #1
      0x00412f00: 0xa440a011	lsrne	r4, r4, #1
      0x00412f04: 0x010016e3	tst	r6, #1
      0x00412f08: 0x02418413	orrne	r4, r4, #0x80000000
      0x00412f0c: 0x0450a0e1	mov	r5, r4
      0x00412f10: 0xc630a0e1	asr	r3, r6, #1
      0x00412f14: 0xff3583e2	add	r3, r3, #0x3fc00000
      0x00412f18: 0x023683e2	add	r3, r3, #0x200000
      0x00412f1c: 0x071a83e0	add	r1, r3, r7, lsl #20
      0x00412f20: 0x0500a0e1	mov	r0, r5
      0x00412f24: 0xf041bde8	pop	{r4, r5, r6, r7, r8, lr}
      0x00412f28: 0x1eff2fe1	bx	lr
      0x00412f2c: 0x0020a0e1	mov	r2, r0
      0x00412f30: 0x0130a0e1	mov	r3, r1
bl    at 0x00412f34: hooking 0x470700eb	bl	#0x414c58 -> 0x45b403eb	bl	#0x500050
      0x00412f38: 0x0520a0e1	mov	r2, r5
      0x00412f3c: 0x0430a0e1	mov	r3, r4
bl    at 0x00412f40: hooking 0x3e0600eb	bl	#0x414840 -> 0x42b403eb	bl	#0x500050
      0x00412f44: 0x0050a0e1	mov	r5, r0
      0x00412f48: 0x0500a0e1	mov	r0, r5
      0x00412f4c: 0xf041bde8	pop	{r4, r5, r6, r7, r8, lr}
      0x00412f50: 0x1eff2fe1	bx	lr
      0x00412f54: 0x0020a0e1	mov	r2, r0
bl    at 0x00412f58: hooking 0x370600eb	bl	#0x41483c -> 0x3cb403eb	bl	#0x500050
      0x00412f5c: 0x0020a0e1	mov	r2, r0
      0x00412f60: 0x0130a0e1	mov	r3, r1
bl    at 0x00412f64: hooking 0xdf0700eb	bl	#0x414ee8 -> 0x39b403eb	bl	#0x500050
      0x00412f68: 0x0050a0e1	mov	r5, r0
b     at 0x00412f6c: hooking 0xebffffea	b	#0x412f20 -> 0x23b403eb	bl	#0x500000
      0x00412f70: 0x0120a0e1	mov	r2, r1
      0x00412f74: 0x0730a0e1	mov	r3, r7
b     at 0x00412f78: hooking 0xc8ffffea	b	#0x412ea0 -> 0x20b403eb	bl	#0x500000
      0x00412f7c: 0x0c20a0e1	mov	r2, ip
      0x00412f80: 0x20e0a0e3	mov	lr, #0x20
      0x00412f84: 0x0010e0e3	mvn	r1, #0
b     at 0x00412f88: hooking 0xcfffffea	b	#0x412ecc -> 0x1cb403eb	bl	#0x500000
      0x00412f8c: 0x0000f07f	svcvc	#0xf00000
      0x00412f90: 0xf04f2de9	push	{r4, r5, r6, r7, r8, sb, sl, fp, lr}
      0x00412f94: 0x0261c1e3	bic	r6, r1, #0x80000000
      0x00412f98: 0xf90556e3	cmp	r6, #0x3e400000
      0x00412f9c: 0x14d04de2	sub	sp, sp, #0x14
      0x00412fa0: 0x0140a0e1	mov	r4, r1
      0x00412fa4: 0x02a0a0e1	mov	sl, r2
      0x00412fa8: 0x03b0a0e1	mov	fp, r3
      0x00412fac: 0x0050a0e1	mov	r5, r0
      0x00412fb0: 0x4f0000aa	bge	#0x4130f4
bl    at 0x00412fb4: hooking 0xad0800eb	bl	#0x415270 -> 0x25b403eb	bl	#0x500050
      0x00412fb8: 0x000050e3	cmp	r0, #0
      0x00412fbc: 0xaf00000a	beq	#0x413280
      0x00412fc0: 0x0520a0e1	mov	r2, r5
      0x00412fc4: 0x0430a0e1	mov	r3, r4
      0x00412fc8: 0x0500a0e1	mov	r0, r5
      0x00412fcc: 0x0410a0e1	mov	r1, r4
bl    at 0x00412fd0: hooking 0x200700eb	bl	#0x414c58 -> 0x1eb403eb	bl	#0x500050
      0x00412fd4: 0x0080a0e1	mov	r8, r0
      0x00412fd8: 0x0190a0e1	mov	sb, r1
      0x00412fdc: 0xad3f8fe2	add	r3, pc, #0x2b4
      0x00412fe0: 0x0c0093e8	ldm	r3, {r2, r3}
bl    at 0x00412fe4: hooking 0x1b0700eb	bl	#0x414c58 -> 0x19b403eb	bl	#0x500050
      0x00412fe8: 0x2b3e8fe2	add	r3, pc, #0x2b0
      0x00412fec: 0x0c0093e8	ldm	r3, {r2, r3}
bl    at 0x00412ff0: hooking 0x120600eb	bl	#0x414840 -> 0x16b403eb	bl	#0x500050
      0x00412ff4: 0x0820a0e1	mov	r2, r8
      0x00412ff8: 0x0930a0e1	mov	r3, sb
bl    at 0x00412ffc: hooking 0x150700eb	bl	#0x414c58 -> 0x13b403eb	bl	#0x500050
      0x00413000: 0x2a3e8fe2	add	r3, pc, #0x2a0
      0x00413004: 0x0c0093e8	ldm	r3, {r2, r3}
bl    at 0x00413008: hooking 0x0b0600eb	bl	#0x41483c -> 0x10b403eb	bl	#0x500050
      0x0041300c: 0x0820a0e1	mov	r2, r8
      0x00413010: 0x0930a0e1	mov	r3, sb
bl    at 0x00413014: hooking 0x0f0700eb	bl	#0x414c58 -> 0x0db403eb	bl	#0x500050
      0x00413018: 0x293e8fe2	add	r3, pc, #0x290
      0x0041301c: 0x0c0093e8	ldm	r3, {r2, r3}
bl    at 0x00413020: hooking 0x060600eb	bl	#0x414840 -> 0x0ab403eb	bl	#0x500050
      0x00413024: 0x0820a0e1	mov	r2, r8
      0x00413028: 0x0930a0e1	mov	r3, sb
bl    at 0x0041302c: hooking 0x090700eb	bl	#0x414c58 -> 0x07b403eb	bl	#0x500050
      0x00413030: 0x0a3d8fe2	add	r3, pc, #0x280
      0x00413034: 0x0c0093e8	ldm	r3, {r2, r3}
bl    at 0x00413038: hooking 0xff0500eb	bl	#0x41483c -> 0x04b403eb	bl	#0x500050
      0x0041303c: 0x0820a0e1	mov	r2, r8
      0x00413040: 0x0930a0e1	mov	r3, sb
bl    at 0x00413044: hooking 0x030700eb	bl	#0x414c58 -> 0x01b403eb	bl	#0x500050
      0x00413048: 0x273e8fe2	add	r3, pc, #0x270
      0x0041304c: 0x0c0093e8	ldm	r3, {r2, r3}
bl    at 0x00413050: hooking 0xfa0500eb	bl	#0x414840 -> 0xfeb303eb	bl	#0x500050
      0x00413054: 0x0820a0e1	mov	r2, r8
      0x00413058: 0x0930a0e1	mov	r3, sb
bl    at 0x0041305c: hooking 0xfd0600eb	bl	#0x414c58 -> 0xfbb303eb	bl	#0x500050
      0x00413060: 0x03008de8	stm	sp, {r0, r1}
      0x00413064: 0x0020a0e3	mov	r2, #0
      0x00413068: 0x58329fe5	ldr	r3, [pc, #0x258]
      0x0041306c: 0x0800a0e1	mov	r0, r8
      0x00413070: 0x0910a0e1	mov	r1, sb
bl    at 0x00413074: hooking 0xf70600eb	bl	#0x414c58 -> 0xf5b303eb	bl	#0x500050
      0x00413078: 0x0c009de8	ldm	sp, {r2, r3}
      0x0041307c: 0x0060a0e1	mov	r6, r0
      0x00413080: 0x0170a0e1	mov	r7, r1
      0x00413084: 0x0800a0e1	mov	r0, r8
      0x00413088: 0x0910a0e1	mov	r1, sb
bl    at 0x0041308c: hooking 0xf10600eb	bl	#0x414c58 -> 0xefb303eb	bl	#0x500050
      0x00413090: 0x0a20a0e1	mov	r2, sl
      0x00413094: 0x0080a0e1	mov	r8, r0
      0x00413098: 0x0190a0e1	mov	sb, r1
      0x0041309c: 0x0b30a0e1	mov	r3, fp
      0x004130a0: 0x0500a0e1	mov	r0, r5
      0x004130a4: 0x0410a0e1	mov	r1, r4
bl    at 0x004130a8: hooking 0xea0600eb	bl	#0x414c58 -> 0xe8b303eb	bl	#0x500050
      0x004130ac: 0x0020a0e1	mov	r2, r0
      0x004130b0: 0x0130a0e1	mov	r3, r1
      0x004130b4: 0x0800a0e1	mov	r0, r8
      0x004130b8: 0x0910a0e1	mov	r1, sb
bl    at 0x004130bc: hooking 0xde0500eb	bl	#0x41483c -> 0xe3b303eb	bl	#0x500050
      0x004130c0: 0x0020a0e1	mov	r2, r0
      0x004130c4: 0x0130a0e1	mov	r3, r1
      0x004130c8: 0x0600a0e1	mov	r0, r6
      0x004130cc: 0x0710a0e1	mov	r1, r7
bl    at 0x004130d0: hooking 0xd90500eb	bl	#0x41483c -> 0xdeb303eb	bl	#0x500050
      0x004130d4: 0x0020a0e1	mov	r2, r0
      0x004130d8: 0x0130a0e1	mov	r3, r1
      0x004130dc: 0x0000a0e3	mov	r0, #0
      0x004130e0: 0xe4119fe5	ldr	r1, [pc, #0x1e4]
bl    at 0x004130e4: hooking 0xd40500eb	bl	#0x41483c -> 0xd9b303eb	bl	#0x500050
      0x004130e8: 0x14d08de2	add	sp, sp, #0x14
      0x004130ec: 0xf04fbde8	pop	{r4, r5, r6, r7, r8, sb, sl, fp, lr}
      0x004130f0: 0x1eff2fe1	bx	lr
      0x004130f4: 0x0020a0e1	mov	r2, r0
      0x004130f8: 0x0130a0e1	mov	r3, r1
bl    at 0x004130fc: hooking 0xd50600eb	bl	#0x414c58 -> 0xd3b303eb	bl	#0x500050
      0x00413100: 0x0080a0e1	mov	r8, r0
      0x00413104: 0x0190a0e1	mov	sb, r1
      0x00413108: 0x623f8fe2	add	r3, pc, #0x188
      0x0041310c: 0x0c0093e8	ldm	r3, {r2, r3}
bl    at 0x00413110: hooking 0xd00600eb	bl	#0x414c58 -> 0xceb303eb	bl	#0x500050
      0x00413114: 0x613f8fe2	add	r3, pc, #0x184
      0x00413118: 0x0c0093e8	ldm	r3, {r2, r3}
bl    at 0x0041311c: hooking 0xc70500eb	bl	#0x414840 -> 0xcbb303eb	bl	#0x500050
      0x00413120: 0x0820a0e1	mov	r2, r8
      0x00413124: 0x0930a0e1	mov	r3, sb
bl    at 0x00413128: hooking 0xca0600eb	bl	#0x414c58 -> 0xc8b303eb	bl	#0x500050
      0x0041312c: 0x5d3f8fe2	add	r3, pc, #0x174
      0x00413130: 0x0c0093e8	ldm	r3, {r2, r3}
bl    at 0x00413134: hooking 0xc00500eb	bl	#0x41483c -> 0xc5b303eb	bl	#0x500050
      0x00413138: 0x0820a0e1	mov	r2, r8
      0x0041313c: 0x0930a0e1	mov	r3, sb
bl    at 0x00413140: hooking 0xc40600eb	bl	#0x414c58 -> 0xc2b303eb	bl	#0x500050
      0x00413144: 0x593f8fe2	add	r3, pc, #0x164
      0x00413148: 0x0c0093e8	ldm	r3, {r2, r3}
bl    at 0x0041314c: hooking 0xbb0500eb	bl	#0x414840 -> 0xbfb303eb	bl	#0x500050
      0x00413150: 0x0820a0e1	mov	r2, r8
      0x00413154: 0x0930a0e1	mov	r3, sb
bl    at 0x00413158: hooking 0xbe0600eb	bl	#0x414c58 -> 0xbcb303eb	bl	#0x500050
      0x0041315c: 0x553f8fe2	add	r3, pc, #0x154
      0x00413160: 0x0c0093e8	ldm	r3, {r2, r3}
bl    at 0x00413164: hooking 0xb40500eb	bl	#0x41483c -> 0xb9b303eb	bl	#0x500050
      0x00413168: 0x0820a0e1	mov	r2, r8
      0x0041316c: 0x0930a0e1	mov	r3, sb
bl    at 0x00413170: hooking 0xb80600eb	bl	#0x414c58 -> 0xb6b303eb	bl	#0x500050
      0x00413174: 0x513f8fe2	add	r3, pc, #0x144
      0x00413178: 0x0c0093e8	ldm	r3, {r2, r3}
bl    at 0x0041317c: hooking 0xaf0500eb	bl	#0x414840 -> 0xb3b303eb	bl	#0x500050
      0x00413180: 0x0930a0e1	mov	r3, sb
      0x00413184: 0x0820a0e1	mov	r2, r8
bl    at 0x00413188: hooking 0xb20600eb	bl	#0x414c58 -> 0xb0b303eb	bl	#0x500050
      0x0041318c: 0x3c319fe5	ldr	r3, [pc, #0x13c]
      0x00413190: 0x030056e1	cmp	r6, r3
      0x00413194: 0x03008de8	stm	sp, {r0, r1}
      0x00413198: 0xb1ffffda	ble	#0x413064
      0x0041319c: 0x30319fe5	ldr	r3, [pc, #0x130]
      0x004131a0: 0x030056e1	cmp	r6, r3
      0x004131a4: 0x0020a0e3	mov	r2, #0
      0x004131a8: 0x2e0000ca	bgt	#0x413268
      0x004131ac: 0x023646e2	sub	r3, r6, #0x200000
      0x004131b0: 0x0000a0e3	mov	r0, #0
      0x004131b4: 0x10119fe5	ldr	r1, [pc, #0x110]
      0x004131b8: 0x0260a0e1	mov	r6, r2
      0x004131bc: 0x0370a0e1	mov	r7, r3
bl    at 0x004131c0: hooking 0x9d0500eb	bl	#0x41483c -> 0xa2b303eb	bl	#0x500050
      0x004131c4: 0x08008de5	str	r0, [sp, #8]
      0x004131c8: 0x0c108de5	str	r1, [sp, #0xc]
      0x004131cc: 0x0020a0e3	mov	r2, #0
      0x004131d0: 0xf0309fe5	ldr	r3, [pc, #0xf0]
      0x004131d4: 0x0800a0e1	mov	r0, r8
      0x004131d8: 0x0910a0e1	mov	r1, sb
bl    at 0x004131dc: hooking 0x9d0600eb	bl	#0x414c58 -> 0x9bb303eb	bl	#0x500050
      0x004131e0: 0x0620a0e1	mov	r2, r6
      0x004131e4: 0x0730a0e1	mov	r3, r7
bl    at 0x004131e8: hooking 0x930500eb	bl	#0x41483c -> 0x98b303eb	bl	#0x500050
      0x004131ec: 0x0c009de8	ldm	sp, {r2, r3}
      0x004131f0: 0x0060a0e1	mov	r6, r0
      0x004131f4: 0x0170a0e1	mov	r7, r1
      0x004131f8: 0x0800a0e1	mov	r0, r8
      0x004131fc: 0x0910a0e1	mov	r1, sb
bl    at 0x00413200: hooking 0x940600eb	bl	#0x414c58 -> 0x92b303eb	bl	#0x500050
      0x00413204: 0x0a20a0e1	mov	r2, sl
      0x00413208: 0x0080a0e1	mov	r8, r0
      0x0041320c: 0x0190a0e1	mov	sb, r1
      0x00413210: 0x0b30a0e1	mov	r3, fp
      0x00413214: 0x0500a0e1	mov	r0, r5
      0x00413218: 0x0410a0e1	mov	r1, r4
bl    at 0x0041321c: hooking 0x8d0600eb	bl	#0x414c58 -> 0x8bb303eb	bl	#0x500050
      0x00413220: 0x0020a0e1	mov	r2, r0
      0x00413224: 0x0130a0e1	mov	r3, r1
      0x00413228: 0x0800a0e1	mov	r0, r8
      0x0041322c: 0x0910a0e1	mov	r1, sb
bl    at 0x00413230: hooking 0x810500eb	bl	#0x41483c -> 0x86b303eb	bl	#0x500050
      0x00413234: 0x0020a0e1	mov	r2, r0
      0x00413238: 0x0130a0e1	mov	r3, r1
      0x0041323c: 0x0600a0e1	mov	r0, r6
      0x00413240: 0x0710a0e1	mov	r1, r7
bl    at 0x00413244: hooking 0x7c0500eb	bl	#0x41483c -> 0x81b303eb	bl	#0x500050
      0x00413248: 0x0020a0e1	mov	r2, r0
      0x0041324c: 0x0130a0e1	mov	r3, r1
      0x00413250: 0x08108de2	add	r1, sp, #8
      0x00413254: 0x030091e8	ldm	r1, {r0, r1}
bl    at 0x00413258: hooking 0x770500eb	bl	#0x41483c -> 0x7cb303eb	bl	#0x500050
      0x0041325c: 0x14d08de2	add	sp, sp, #0x14
      0x00413260: 0xf04fbde8	pop	{r4, r5, r6, r7, r8, sb, sl, fp, lr}
      0x00413264: 0x1eff2fe1	bx	lr
      0x00413268: 0x68309fe5	ldr	r3, [pc, #0x68]
      0x0041326c: 0x0060a0e3	mov	r6, #0
      0x00413270: 0x08208de5	str	r2, [sp, #8]
      0x00413274: 0x0c308de5	str	r3, [sp, #0xc]
      0x00413278: 0x5c709fe5	ldr	r7, [pc, #0x5c]
b     at 0x0041327c: hooking 0xd2ffffea	b	#0x4131cc -> 0x5fb303eb	bl	#0x500000
      0x00413280: 0x0000a0e3	mov	r0, #0
      0x00413284: 0x40109fe5	ldr	r1, [pc, #0x40]
      0x00413288: 0x14d08de2	add	sp, sp, #0x14
      0x0041328c: 0xf04fbde8	pop	{r4, r5, r6, r7, r8, sb, sl, fp, lr}
      0x00413290: 0x1eff2fe1	bx	lr
      0x00413294: 0x0000a0e1	mov	r0, r0
      0x00413298: 0xd43888be	mcrlt	p8, #4, r3, c8, c4, #6
Invalid instruction at 0x0041329c, skipping.
      0x004132a0: 0xc4b1b4bd	ldclt	p1, c11, [r4, #0x310]!
      0x004132a4: 0x9eee213e	mcrlo	p14, #1, lr, c1, c14, #4
      0x004132a8: 0xad529c80	addshi	r5, ip, sp, lsr #5
      0x004132ac: 0x4f7e923e	cdplo	p14, #9, c7, c2, c15, #2
      0x004132b0: 0x9015cb19	stmibne	fp, {r4, r7, r8, sl, ip} ^
      0x004132b4: 0xa001fa3e	cdplo	p1, #0xf, c0, c10, c0, #5
      0x004132b8: 0x7751c116	uxtab16ne	r5, r1, r7
      0x004132bc: 0x6cc1563f	svclo	#0x56c16c
      0x004132c0: 0x4c555555	ldrbpl	r5, [r5, #-0x54c]
      0x004132c4: 0x5555a53f	svclo	#0xa55555
      0x004132c8: 0x0000e03f	svclo	#0xe00000
      0x004132cc: 0x0000f03f	svclo	#0xf00000
      0x004132d0: 0x3233d33f	svclo	#0xd33332
      0x004132d4: 0x0000e93f	svclo	#0xe90000
      0x004132d8: 0x0000e73f	svclo	#0xe70000
      0x004132dc: 0x0000d23f	svclo	#0xd20000
      0x004132e0: 0x03c0a0e1	mov	ip, r3
      0x004132e4: 0xf04f2de9	push	{r4, r5, r6, r7, r8, sb, sl, fp, lr}
      0x004132e8: 0x99df4de2	sub	sp, sp, #0x264
      0x004132ec: 0x2c108de5	str	r1, [sp, #0x2c]
      0x004132f0: 0x01104ce2	sub	r1, ip, #1
      0x004132f4: 0x20308de5	str	r3, [sp, #0x20]
      0x004132f8: 0x0c108de5	str	r1, [sp, #0xc]
      0x004132fc: 0xf03b9fe5	ldr	r3, [pc, #0xbf0]
      0x00413300: 0x88129de5	ldr	r1, [sp, #0x288]
      0x00413304: 0x013193e7	ldr	r3, [r3, r1, lsl #2]
      0x00413308: 0x140072e3	cmn	r2, #0x14
      0x0041330c: 0x10008de5	str	r0, [sp, #0x10]
      0x00413310: 0x14308de5	str	r3, [sp, #0x14]
      0x00413314: 0x0c0200ba	blt	#0x413b4c
      0x00413318: 0xd81b9fe5	ldr	r1, [pc, #0xbd8]
      0x0041331c: 0x033042e2	sub	r3, r2, #3
      0x00413320: 0x9301cce0	smull	r0, ip, r3, r1
      0x00413324: 0xc33fa0e1	asr	r3, r3, #0x1f
      0x00413328: 0x4c3163e0	rsb	r3, r3, ip, asr #2
      0x0041332c: 0x1c308de5	str	r3, [sp, #0x1c]
      0x00413330: 0x013083e2	add	r3, r3, #1
      0x00413334: 0x033143e0	sub	r3, r3, r3, lsl #2
      0x00413338: 0x8331a0e1	lsl	r3, r3, #3
      0x0041333c: 0x0c009de5	ldr	r0, [sp, #0xc]
      0x00413340: 0x033082e0	add	r3, r2, r3
      0x00413344: 0x14109de5	ldr	r1, [sp, #0x14]
      0x00413348: 0x18308de5	str	r3, [sp, #0x18]
      0x0041334c: 0x1c309de5	ldr	r3, [sp, #0x1c]
      0x00413350: 0x001091e0	adds	r1, r1, r0
      0x00413354: 0x006043e0	sub	r6, r3, r0
      0x00413358: 0x0e00004a	bmi	#0x413398
      0x0041335c: 0x0040a0e3	mov	r4, #0
      0x00413360: 0x0050a0e3	mov	r5, #0
      0x00413364: 0x011081e2	add	r1, r1, #1
      0x00413368: 0x8c929de5	ldr	sb, [sp, #0x28c]
      0x0041336c: 0x068081e0	add	r8, r1, r6
      0x00413370: 0x80708de2	add	r7, sp, #0x80
      0x00413374: 0x000056e3	cmp	r6, #0
      0x00413378: 0x0400a0b1	movlt	r0, r4
      0x0041337c: 0x0510a0b1	movlt	r1, r5
      0x00413380: 0x060199a7	ldrge	r0, [sb, r6, lsl #2]
      0x00413384: 0xfa0500ab	blge	#0x414b74
      0x00413388: 0x016086e2	add	r6, r6, #1
      0x0041338c: 0x080056e1	cmp	r6, r8
      0x00413390: 0x0300a7e8	stm	r7!, {r0, r1}
      0x00413394: 0xf6ffff1a	bne	#0x413374
      0x00413398: 0x14309de5	ldr	r3, [sp, #0x14]
      0x0041339c: 0x000053e3	cmp	r3, #0
      0x004133a0: 0x20309de5	ldr	r3, [sp, #0x20]
      0x004133a4: 0x8331a0e1	lsl	r3, r3, #3
      0x004133a8: 0x08308de5	str	r3, [sp, #8]
      0x004133ac: 0x200000ba	blt	#0x413434
      0x004133b0: 0x80208de2	add	r2, sp, #0x80
      0x004133b4: 0x03a082e0	add	sl, r2, r3
      0x004133b8: 0x10209de5	ldr	r2, [sp, #0x10]
      0x004133bc: 0x038082e0	add	r8, r2, r3
      0x004133c0: 0x14209de5	ldr	r2, [sp, #0x14]
      0x004133c4: 0x723f8de2	add	r3, sp, #0x1c8
      0x004133c8: 0x82b183e0	add	fp, r3, r2, lsl #3
      0x004133cc: 0x079d8de2	add	sb, sp, #0x1c0
      0x004133d0: 0x0c309de5	ldr	r3, [sp, #0xc]
      0x004133d4: 0x000053e3	cmp	r3, #0
      0x004133d8: 0x0060a0b3	movlt	r6, #0
      0x004133dc: 0x0070a0b3	movlt	r7, #0
      0x004133e0: 0x0f0000ba	blt	#0x413424
      0x004133e4: 0x0a50a0e1	mov	r5, sl
      0x004133e8: 0x0060a0e3	mov	r6, #0
      0x004133ec: 0x0070a0e3	mov	r7, #0
      0x004133f0: 0x10409de5	ldr	r4, [sp, #0x10]
      0x004133f4: 0x0c0035e9	ldmdb	r5!, {r2, r3}
      0x004133f8: 0x0300b4e8	ldm	r4!, {r0, r1}
bl    at 0x004133fc: hooking 0x150600eb	bl	#0x414c58 -> 0x13b303eb	bl	#0x500050
      0x00413400: 0x0020a0e1	mov	r2, r0
      0x00413404: 0x0130a0e1	mov	r3, r1
      0x00413408: 0x0600a0e1	mov	r0, r6
      0x0041340c: 0x0710a0e1	mov	r1, r7
bl    at 0x00413410: hooking 0x0a0500eb	bl	#0x414840 -> 0x0eb303eb	bl	#0x500050
      0x00413414: 0x080054e1	cmp	r4, r8
      0x00413418: 0x0060a0e1	mov	r6, r0
      0x0041341c: 0x0170a0e1	mov	r7, r1
      0x00413420: 0xf3ffff1a	bne	#0x4133f4
      0x00413424: 0xc000a9e8	stm	sb!, {r6, r7}
      0x00413428: 0x0b0059e1	cmp	sb, fp
      0x0041342c: 0x08a08ae2	add	sl, sl, #8
      0x00413430: 0xe6ffff1a	bne	#0x4133d0
      0x00413434: 0x14309de5	ldr	r3, [sp, #0x14]
      0x00413438: 0x10109de5	ldr	r1, [sp, #0x10]
      0x0041343c: 0x08009de5	ldr	r0, [sp, #8]
      0x00413440: 0x04308de5	str	r3, [sp, #4]
      0x00413444: 0x0331a0e1	lsl	r3, r3, #2
      0x00413448: 0x042043e2	sub	r2, r3, #4
      0x0041344c: 0x00b081e0	add	fp, r1, r0
      0x00413450: 0x30108de2	add	r1, sp, #0x30
      0x00413454: 0x022081e0	add	r2, r1, r2
      0x00413458: 0x033081e0	add	r3, r1, r3
      0x0041345c: 0x24208de5	str	r2, [sp, #0x24]
      0x00413460: 0x28308de5	str	r3, [sp, #0x28]
      0x00413464: 0x04209de5	ldr	r2, [sp, #4]
      0x00413468: 0x263e8de2	add	r3, sp, #0x260
      0x0041346c: 0x823183e0	add	r3, r3, r2, lsl #3
      0x00413470: 0x000052e3	cmp	r2, #0
      0x00413474: 0xa05043e2	sub	r5, r3, #0xa0
      0x00413478: 0x300095e8	ldm	r5, {r4, r5}
      0x0041347c: 0x1d0000da	ble	#0x4134f8
      0x00413480: 0x07ad8de2	add	sl, sp, #0x1c0
      0x00413484: 0x82818ae0	add	r8, sl, r2, lsl #3
      0x00413488: 0x2c908de2	add	sb, sp, #0x2c
      0x0041348c: 0x0020a0e3	mov	r2, #0
      0x00413490: 0x643a9fe5	ldr	r3, [pc, #0xa64]
      0x00413494: 0x0400a0e1	mov	r0, r4
      0x00413498: 0x0510a0e1	mov	r1, r5
bl    at 0x0041349c: hooking 0xed0500eb	bl	#0x414c58 -> 0xebb203eb	bl	#0x500050
bl    at 0x004134a0: hooking 0x720700eb	bl	#0x415270 -> 0xeab203eb	bl	#0x500050
bl    at 0x004134a4: hooking 0xb20500eb	bl	#0x414b74 -> 0xe9b203eb	bl	#0x500050
      0x004134a8: 0x0020a0e3	mov	r2, #0
      0x004134ac: 0x4c3a9fe5	ldr	r3, [pc, #0xa4c]
      0x004134b0: 0x0060a0e1	mov	r6, r0
      0x004134b4: 0x0170a0e1	mov	r7, r1
bl    at 0x004134b8: hooking 0xe60500eb	bl	#0x414c58 -> 0xe4b203eb	bl	#0x500050
      0x004134bc: 0x0020a0e1	mov	r2, r0
      0x004134c0: 0x0130a0e1	mov	r3, r1
      0x004134c4: 0x0400a0e1	mov	r0, r4
      0x004134c8: 0x0510a0e1	mov	r1, r5
bl    at 0x004134cc: hooking 0xda0400eb	bl	#0x41483c -> 0xdfb203eb	bl	#0x500050
bl    at 0x004134d0: hooking 0x660700eb	bl	#0x415270 -> 0xdeb203eb	bl	#0x500050
      0x004134d4: 0x0c0038e9	ldmdb	r8!, {r2, r3}
      0x004134d8: 0x0400a9e5	str	r0, [sb, #4]!
      0x004134dc: 0x0710a0e1	mov	r1, r7
      0x004134e0: 0x0600a0e1	mov	r0, r6
bl    at 0x004134e4: hooking 0xd50400eb	bl	#0x414840 -> 0xd9b203eb	bl	#0x500050
      0x004134e8: 0x0a0058e1	cmp	r8, sl
      0x004134ec: 0x0040a0e1	mov	r4, r0
      0x004134f0: 0x0150a0e1	mov	r5, r1
      0x004134f4: 0xe4ffff1a	bne	#0x41348c
      0x004134f8: 0x18909de5	ldr	sb, [sp, #0x18]
      0x004134fc: 0x0400a0e1	mov	r0, r4
      0x00413500: 0x0510a0e1	mov	r1, r5
      0x00413504: 0x0920a0e1	mov	r2, sb
bl    at 0x00413508: hooking 0x0a0300eb	bl	#0x414138 -> 0xd0b203eb	bl	#0x500050
      0x0041350c: 0x0020a0e3	mov	r2, #0
      0x00413510: 0xff35a0e3	mov	r3, #0x3fc00000
      0x00413514: 0x0040a0e1	mov	r4, r0
      0x00413518: 0x0150a0e1	mov	r5, r1
bl    at 0x0041351c: hooking 0xcd0500eb	bl	#0x414c58 -> 0xcbb203eb	bl	#0x500050
bl    at 0x00413520: hooking 0x9cfbffeb	bl	#0x412398 -> 0xcab203eb	bl	#0x500050
      0x00413524: 0x0020a0e3	mov	r2, #0
      0x00413528: 0xd4399fe5	ldr	r3, [pc, #0x9d4]
bl    at 0x0041352c: hooking 0xc90500eb	bl	#0x414c58 -> 0xc7b203eb	bl	#0x500050
      0x00413530: 0x0020a0e1	mov	r2, r0
      0x00413534: 0x0130a0e1	mov	r3, r1
      0x00413538: 0x0400a0e1	mov	r0, r4
      0x0041353c: 0x0510a0e1	mov	r1, r5
bl    at 0x00413540: hooking 0xbd0400eb	bl	#0x41483c -> 0xc2b203eb	bl	#0x500050
      0x00413544: 0x0150a0e1	mov	r5, r1
      0x00413548: 0x0040a0e1	mov	r4, r0
bl    at 0x0041354c: hooking 0x470700eb	bl	#0x415270 -> 0xbfb203eb	bl	#0x500050
      0x00413550: 0x0080a0e1	mov	r8, r0
bl    at 0x00413554: hooking 0x860500eb	bl	#0x414b74 -> 0xbdb203eb	bl	#0x500050
      0x00413558: 0x0020a0e1	mov	r2, r0
      0x0041355c: 0x0130a0e1	mov	r3, r1
      0x00413560: 0x0400a0e1	mov	r0, r4
      0x00413564: 0x0510a0e1	mov	r1, r5
bl    at 0x00413568: hooking 0xb30400eb	bl	#0x41483c -> 0xb8b203eb	bl	#0x500050
      0x0041356c: 0x000059e3	cmp	sb, #0
      0x00413570: 0x0060a0e1	mov	r6, r0
      0x00413574: 0x0170a0e1	mov	r7, r1
      0x00413578: 0x680000da	ble	#0x413720
      0x0041357c: 0x04309de5	ldr	r3, [sp, #4]
      0x00413580: 0x012043e2	sub	r2, r3, #1
      0x00413584: 0x263e8de2	add	r3, sp, #0x260
      0x00413588: 0x022183e0	add	r2, r3, r2, lsl #2
      0x0041358c: 0x303212e5	ldr	r3, [r2, #-0x230]
      0x00413590: 0x185069e2	rsb	r5, sb, #0x18
      0x00413594: 0x5315a0e1	asr	r1, r3, r5
      0x00413598: 0x113543e0	sub	r3, r3, r1, lsl r5
      0x0041359c: 0x175069e2	rsb	r5, sb, #0x17
      0x004135a0: 0x5355a0e1	asr	r5, r3, r5
      0x004135a4: 0x000055e3	cmp	r5, #0
      0x004135a8: 0x303202e5	str	r3, [r2, #-0x230]
      0x004135ac: 0x018088e0	add	r8, r8, r1
      0x004135b0: 0x620000ca	bgt	#0x413740
      0x004135b4: 0x0020a0e3	mov	r2, #0
      0x004135b8: 0x0030a0e3	mov	r3, #0
      0x004135bc: 0x0600a0e1	mov	r0, r6
      0x004135c0: 0x0710a0e1	mov	r1, r7
bl    at 0x004135c4: hooking 0xfd0600eb	bl	#0x4151c0 -> 0xa1b203eb	bl	#0x500050
      0x004135c8: 0x000050e3	cmp	r0, #0
      0x004135cc: 0xf601000a	beq	#0x413dac
      0x004135d0: 0x04309de5	ldr	r3, [sp, #4]
      0x004135d4: 0x14209de5	ldr	r2, [sp, #0x14]
      0x004135d8: 0x019043e2	sub	sb, r3, #1
      0x004135dc: 0x090052e1	cmp	r2, sb
      0x004135e0: 0x090000ca	bgt	#0x41360c
      0x004135e4: 0x0020a0e3	mov	r2, #0
      0x004135e8: 0x30108de2	add	r1, sp, #0x30
      0x004135ec: 0x28009de5	ldr	r0, [sp, #0x28]
      0x004135f0: 0x033181e0	add	r3, r1, r3, lsl #2
      0x004135f4: 0x041033e5	ldr	r1, [r3, #-4]!
      0x004135f8: 0x000053e1	cmp	r3, r0
      0x004135fc: 0x012082e1	orr	r2, r2, r1
      0x00413600: 0xfbffff1a	bne	#0x4135f4
      0x00413604: 0x000052e3	cmp	r2, #0
      0x00413608: 0xb700001a	bne	#0x4138ec
      0x0041360c: 0x14209de5	ldr	r2, [sp, #0x14]
      0x00413610: 0x263e8de2	add	r3, sp, #0x260
      0x00413614: 0x023183e0	add	r3, r3, r2, lsl #2
      0x00413618: 0x343213e5	ldr	r3, [r3, #-0x234]
      0x0041361c: 0x000053e3	cmp	r3, #0
      0x00413620: 0xac00001a	bne	#0x4138d8
      0x00413624: 0x0130a0e3	mov	r3, #1
      0x00413628: 0x24209de5	ldr	r2, [sp, #0x24]
      0x0041362c: 0x041032e5	ldr	r1, [r2, #-4]!
      0x00413630: 0x000051e3	cmp	r1, #0
      0x00413634: 0x013083e2	add	r3, r3, #1
      0x00413638: 0xfbffff0a	beq	#0x41362c
      0x0041363c: 0x04109de5	ldr	r1, [sp, #4]
      0x00413640: 0x012081e2	add	r2, r1, #1
      0x00413644: 0x0290a0e1	mov	sb, r2
      0x00413648: 0x033081e0	add	r3, r1, r3
      0x0041364c: 0x08308de5	str	r3, [sp, #8]
      0x00413650: 0x1c309de5	ldr	r3, [sp, #0x1c]
      0x00413654: 0x04109de5	ldr	r1, [sp, #4]
      0x00413658: 0x03a082e0	add	sl, r2, r3
      0x0041365c: 0x20309de5	ldr	r3, [sp, #0x20]
      0x00413660: 0x015083e0	add	r5, r3, r1
      0x00413664: 0x80308de2	add	r3, sp, #0x80
      0x00413668: 0x855183e0	add	r5, r3, r5, lsl #3
      0x0041366c: 0x8c329de5	ldr	r3, [sp, #0x28c]
      0x00413670: 0x07a14ae2	sub	sl, sl, #0xc0000001
      0x00413674: 0x0aa183e0	add	sl, r3, sl, lsl #2
      0x00413678: 0x073d8de2	add	r3, sp, #0x1c0
      0x0041367c: 0x823183e0	add	r3, r3, r2, lsl #3
      0x00413680: 0x04308de5	str	r3, [sp, #4]
      0x00413684: 0x0400bae5	ldr	r0, [sl, #4]!
bl    at 0x00413688: hooking 0x390500eb	bl	#0x414b74 -> 0x70b203eb	bl	#0x500050
      0x0041368c: 0x0580a0e1	mov	r8, r5
      0x00413690: 0x0130a0e1	mov	r3, r1
      0x00413694: 0x0020a0e1	mov	r2, r0
      0x00413698: 0x0c109de5	ldr	r1, [sp, #0xc]
      0x0041369c: 0x000051e3	cmp	r1, #0
      0x004136a0: 0x0c00a8e8	stm	r8!, {r2, r3}
      0x004136a4: 0x1a0000ba	blt	#0x413714
      0x004136a8: 0x10409de5	ldr	r4, [sp, #0x10]
      0x004136ac: 0x0060a0e3	mov	r6, #0
      0x004136b0: 0x0070a0e3	mov	r7, #0
b     at 0x004136b4: hooking 0x000000ea	b	#0x4136bc -> 0x51b203eb	bl	#0x500000
      0x004136b8: 0x0c0035e9	ldmdb	r5!, {r2, r3}
      0x004136bc: 0x0300b4e8	ldm	r4!, {r0, r1}
bl    at 0x004136c0: hooking 0x640500eb	bl	#0x414c58 -> 0x62b203eb	bl	#0x500050
      0x004136c4: 0x0020a0e1	mov	r2, r0
      0x004136c8: 0x0130a0e1	mov	r3, r1
      0x004136cc: 0x0600a0e1	mov	r0, r6
      0x004136d0: 0x0710a0e1	mov	r1, r7
bl    at 0x004136d4: hooking 0x590400eb	bl	#0x414840 -> 0x5db203eb	bl	#0x500050
      0x004136d8: 0x0b0054e1	cmp	r4, fp
      0x004136dc: 0x0060a0e1	mov	r6, r0
      0x004136e0: 0x0170a0e1	mov	r7, r1
      0x004136e4: 0xf3ffff1a	bne	#0x4136b8
      0x004136e8: 0x08309de5	ldr	r3, [sp, #8]
      0x004136ec: 0x019089e2	add	sb, sb, #1
      0x004136f0: 0x030059e1	cmp	sb, r3
      0x004136f4: 0x04309de5	ldr	r3, [sp, #4]
      0x004136f8: 0xc000a3e8	stm	r3!, {r6, r7}
      0x004136fc: 0x0850a0e1	mov	r5, r8
      0x00413700: 0x04308de5	str	r3, [sp, #4]
      0x00413704: 0xdeffffda	ble	#0x413684
      0x00413708: 0x08309de5	ldr	r3, [sp, #8]
      0x0041370c: 0x04308de5	str	r3, [sp, #4]
b     at 0x00413710: hooking 0x53ffffea	b	#0x413464 -> 0x3ab203eb	bl	#0x500000
      0x00413714: 0x0060a0e3	mov	r6, #0
      0x00413718: 0x0070a0e3	mov	r7, #0
b     at 0x0041371c: hooking 0xf1ffffea	b	#0x4136e8 -> 0x37b203eb	bl	#0x500000
      0x00413720: 0x5900001a	bne	#0x41388c
      0x00413724: 0x04209de5	ldr	r2, [sp, #4]
      0x00413728: 0x263e8de2	add	r3, sp, #0x260
      0x0041372c: 0x023183e0	add	r3, r3, r2, lsl #2
      0x00413730: 0x345213e5	ldr	r5, [r3, #-0x234]
      0x00413734: 0xc55ba0e1	asr	r5, r5, #0x17
      0x00413738: 0x000055e3	cmp	r5, #0
      0x0041373c: 0x9cffffda	ble	#0x4135b4
      0x00413740: 0x04309de5	ldr	r3, [sp, #4]
      0x00413744: 0x000053e3	cmp	r3, #0
      0x00413748: 0x018088e2	add	r8, r8, #1
      0x0041374c: 0x940100da	ble	#0x413da4
      0x00413750: 0x30409de5	ldr	r4, [sp, #0x30]
      0x00413754: 0x000054e3	cmp	r4, #0
      0x00413758: 0x3200001a	bne	#0x413828
      0x0041375c: 0x04309de5	ldr	r3, [sp, #4]
      0x00413760: 0x010053e3	cmp	r3, #1
      0x00413764: 0x0900000a	beq	#0x413790
      0x00413768: 0x0120a0e3	mov	r2, #1
      0x0041376c: 0x34108de2	add	r1, sp, #0x34
      0x00413770: 0x044091e4	ldr	r4, [r1], #4
      0x00413774: 0x000054e3	cmp	r4, #0
      0x00413778: 0x013082e2	add	r3, r2, #1
      0x0041377c: 0x2b00001a	bne	#0x413830
      0x00413780: 0x0320a0e1	mov	r2, r3
      0x00413784: 0x04309de5	ldr	r3, [sp, #4]
      0x00413788: 0x020053e1	cmp	r3, r2
      0x0041378c: 0xf7ffff1a	bne	#0x413770
      0x00413790: 0x18309de5	ldr	r3, [sp, #0x18]
      0x00413794: 0x000053e3	cmp	r3, #0
      0x00413798: 0x0b0000da	ble	#0x4137cc
      0x0041379c: 0x010053e3	cmp	r3, #1
      0x004137a0: 0xe000000a	beq	#0x413b28
      0x004137a4: 0x020053e3	cmp	r3, #2
      0x004137a8: 0x0700001a	bne	#0x4137cc
      0x004137ac: 0x04309de5	ldr	r3, [sp, #4]
      0x004137b0: 0x012043e2	sub	r2, r3, #1
      0x004137b4: 0x263e8de2	add	r3, sp, #0x260
      0x004137b8: 0x022183e0	add	r2, r3, r2, lsl #2
      0x004137bc: 0x303212e5	ldr	r3, [r2, #-0x230]
      0x004137c0: 0xff34c3e3	bic	r3, r3, #0xff000000
      0x004137c4: 0x0335c3e3	bic	r3, r3, #0xc00000
      0x004137c8: 0x303202e5	str	r3, [r2, #-0x230]
      0x004137cc: 0x020055e3	cmp	r5, #2
      0x004137d0: 0x77ffff1a	bne	#0x4135b4
      0x004137d4: 0x0620a0e1	mov	r2, r6
      0x004137d8: 0x0730a0e1	mov	r3, r7
      0x004137dc: 0x0000a0e3	mov	r0, #0
      0x004137e0: 0x20179fe5	ldr	r1, [pc, #0x720]
bl    at 0x004137e4: hooking 0x140400eb	bl	#0x41483c -> 0x19b203eb	bl	#0x500050
      0x004137e8: 0x000054e3	cmp	r4, #0
      0x004137ec: 0x0060a0e1	mov	r6, r0
      0x004137f0: 0x0170a0e1	mov	r7, r1
      0x004137f4: 0x6effff0a	beq	#0x4135b4
      0x004137f8: 0x18209de5	ldr	r2, [sp, #0x18]
      0x004137fc: 0x0000a0e3	mov	r0, #0
      0x00413800: 0x00179fe5	ldr	r1, [pc, #0x700]
bl    at 0x00413804: hooking 0x4b0200eb	bl	#0x414138 -> 0x11b203eb	bl	#0x500050
      0x00413808: 0x0020a0e1	mov	r2, r0
      0x0041380c: 0x0130a0e1	mov	r3, r1
      0x00413810: 0x0600a0e1	mov	r0, r6
      0x00413814: 0x0710a0e1	mov	r1, r7
bl    at 0x00413818: hooking 0x070400eb	bl	#0x41483c -> 0x0cb203eb	bl	#0x500050
      0x0041381c: 0x0060a0e1	mov	r6, r0
      0x00413820: 0x0170a0e1	mov	r7, r1
b     at 0x00413824: hooking 0x62ffffea	b	#0x4135b4 -> 0xf5b103eb	bl	#0x500000
      0x00413828: 0x0130a0e3	mov	r3, #1
      0x0041382c: 0x0020a0e3	mov	r2, #0
      0x00413830: 0x04009de5	ldr	r0, [sp, #4]
      0x00413834: 0x261e8de2	add	r1, sp, #0x260
      0x00413838: 0x022181e0	add	r2, r1, r2, lsl #2
      0x0041383c: 0x014464e2	rsb	r4, r4, #0x1000000
      0x00413840: 0x030050e1	cmp	r0, r3
      0x00413844: 0x304202e5	str	r4, [r2, #-0x230]
      0x00413848: 0x0d0000da	ble	#0x413884
      0x0041384c: 0x0331a0e1	lsl	r3, r3, #2
      0x00413850: 0x262e8de2	add	r2, sp, #0x260
      0x00413854: 0x032082e0	add	r2, r2, r3
      0x00413858: 0x30c08de2	add	ip, sp, #0x30
      0x0041385c: 0xff14e0e3	mvn	r1, #0xff000000
      0x00413860: 0x302212e5	ldr	r2, [r2, #-0x230]
      0x00413864: 0x03308ce0	add	r3, ip, r3
      0x00413868: 0x00018ce0	add	r0, ip, r0, lsl #2
b     at 0x0041386c: hooking 0x000000ea	b	#0x413874 -> 0xe3b103eb	bl	#0x500000
      0x00413870: 0x002093e5	ldr	r2, [r3]
      0x00413874: 0x022041e0	sub	r2, r1, r2
      0x00413878: 0x042083e4	str	r2, [r3], #4
      0x0041387c: 0x000053e1	cmp	r3, r0
      0x00413880: 0xfaffff1a	bne	#0x413870
      0x00413884: 0x0140a0e3	mov	r4, #1
b     at 0x00413888: hooking 0xc0ffffea	b	#0x413790 -> 0xdcb103eb	bl	#0x500000
      0x0041388c: 0x0020a0e3	mov	r2, #0
      0x00413890: 0x74369fe5	ldr	r3, [pc, #0x674]
bl    at 0x00413894: hooking 0x5b0600eb	bl	#0x415208 -> 0xedb103eb	bl	#0x500050
      0x00413898: 0x005050e2	subs	r5, r0, #0
      0x0041389c: 0x44ffff0a	beq	#0x4135b4
      0x004138a0: 0x04309de5	ldr	r3, [sp, #4]
      0x004138a4: 0x000053e3	cmp	r3, #0
      0x004138a8: 0x018088e2	add	r8, r8, #1
      0x004138ac: 0x0250a0c3	movgt	r5, #2
      0x004138b0: 0xa6ffffca	bgt	#0x413750
      0x004138b4: 0x0620a0e1	mov	r2, r6
      0x004138b8: 0x0730a0e1	mov	r3, r7
      0x004138bc: 0x0000a0e3	mov	r0, #0
      0x004138c0: 0x40169fe5	ldr	r1, [pc, #0x640]
bl    at 0x004138c4: hooking 0xdc0300eb	bl	#0x41483c -> 0xe1b103eb	bl	#0x500050
      0x004138c8: 0x0250a0e3	mov	r5, #2
      0x004138cc: 0x0060a0e1	mov	r6, r0
      0x004138d0: 0x0170a0e1	mov	r7, r1
b     at 0x004138d4: hooking 0x36ffffea	b	#0x4135b4 -> 0xc9b103eb	bl	#0x500000
      0x004138d8: 0x04309de5	ldr	r3, [sp, #4]
      0x004138dc: 0x012083e2	add	r2, r3, #1
      0x004138e0: 0x0290a0e1	mov	sb, r2
      0x004138e4: 0x08208de5	str	r2, [sp, #8]
b     at 0x004138e8: hooking 0x58ffffea	b	#0x413650 -> 0xc4b103eb	bl	#0x500000
      0x004138ec: 0x263e8de2	add	r3, sp, #0x260
      0x004138f0: 0x093183e0	add	r3, r3, sb, lsl #2
      0x004138f4: 0x303213e5	ldr	r3, [r3, #-0x230]
      0x004138f8: 0x000053e3	cmp	r3, #0
      0x004138fc: 0x18309de5	ldr	r3, [sp, #0x18]
      0x00413900: 0x182043e2	sub	r2, r3, #0x18
      0x00413904: 0x10808de5	str	r8, [sp, #0x10]
      0x00413908: 0x0c508de5	str	r5, [sp, #0xc]
      0x0041390c: 0x18208de5	str	r2, [sp, #0x18]
      0x00413910: 0x0900001a	bne	#0x41393c
      0x00413914: 0x04309de5	ldr	r3, [sp, #4]
      0x00413918: 0x30108de2	add	r1, sp, #0x30
      0x0041391c: 0x073143e2	sub	r3, r3, #0xc0000001
      0x00413920: 0x033181e0	add	r3, r1, r3, lsl #2
      0x00413924: 0x041033e5	ldr	r1, [r3, #-4]!
      0x00413928: 0x000051e3	cmp	r1, #0
      0x0041392c: 0x019049e2	sub	sb, sb, #1
      0x00413930: 0x182042e2	sub	r2, r2, #0x18
      0x00413934: 0xfaffff0a	beq	#0x413924
      0x00413938: 0x18208de5	str	r2, [sp, #0x18]
      0x0041393c: 0x18209de5	ldr	r2, [sp, #0x18]
      0x00413940: 0x0000a0e3	mov	r0, #0
      0x00413944: 0xbc159fe5	ldr	r1, [pc, #0x5bc]
bl    at 0x00413948: hooking 0xfa0100eb	bl	#0x414138 -> 0xc0b103eb	bl	#0x500050
      0x0041394c: 0x000059e3	cmp	sb, #0
      0x00413950: 0x0040a0e1	mov	r4, r0
      0x00413954: 0x0150a0e1	mov	r5, r1
      0x00413958: 0x570100ba	blt	#0x413ebc
      0x0041395c: 0x8931a0e1	lsl	r3, sb, #3
      0x00413960: 0x072d8de2	add	r2, sp, #0x1c0
      0x00413964: 0x18308de5	str	r3, [sp, #0x18]
      0x00413968: 0x033082e0	add	r3, r2, r3
      0x0041396c: 0x04308de5	str	r3, [sp, #4]
      0x00413970: 0x088083e2	add	r8, r3, #8
      0x00413974: 0x30308de2	add	r3, sp, #0x30
      0x00413978: 0x097183e0	add	r7, r3, sb, lsl #2
      0x0041397c: 0x00a0a0e3	mov	sl, #0
      0x00413980: 0x74b59fe5	ldr	fp, [pc, #0x574]
b     at 0x00413984: hooking 0x000000ea	b	#0x41398c -> 0x9db103eb	bl	#0x500000
      0x00413988: 0x0670a0e1	mov	r7, r6
      0x0041398c: 0x0760a0e1	mov	r6, r7
      0x00413990: 0x040016e4	ldr	r0, [r6], #-4
bl    at 0x00413994: hooking 0x760400eb	bl	#0x414b74 -> 0xadb103eb	bl	#0x500050
      0x00413998: 0x0420a0e1	mov	r2, r4
      0x0041399c: 0x0530a0e1	mov	r3, r5
bl    at 0x004139a0: hooking 0xac0400eb	bl	#0x414c58 -> 0xaab103eb	bl	#0x500050
      0x004139a4: 0x0b30a0e1	mov	r3, fp
      0x004139a8: 0x030028e9	stmdb	r8!, {r0, r1}
      0x004139ac: 0x0a20a0e1	mov	r2, sl
      0x004139b0: 0x0400a0e1	mov	r0, r4
      0x004139b4: 0x0510a0e1	mov	r1, r5
bl    at 0x004139b8: hooking 0xa60400eb	bl	#0x414c58 -> 0xa4b103eb	bl	#0x500050
      0x004139bc: 0x30308de2	add	r3, sp, #0x30
      0x004139c0: 0x030057e1	cmp	r7, r3
      0x004139c4: 0x0040a0e1	mov	r4, r0
      0x004139c8: 0x0150a0e1	mov	r5, r1
      0x004139cc: 0xedffff1a	bne	#0x413988
      0x004139d0: 0x00a0a0e3	mov	sl, #0
      0x004139d4: 0x123e8de2	add	r3, sp, #0x120
      0x004139d8: 0x04b09de5	ldr	fp, [sp, #4]
      0x004139dc: 0x1c908de5	str	sb, [sp, #0x1c]
      0x004139e0: 0x08308de5	str	r3, [sp, #8]
      0x004139e4: 0x04308de5	str	r3, [sp, #4]
      0x004139e8: 0x14909de5	ldr	sb, [sp, #0x14]
      0x004139ec: 0x000059e3	cmp	sb, #0
      0x004139f0: 0xe80000ba	blt	#0x413d98
      0x004139f4: 0x14859fe5	ldr	r8, [pc, #0x514]
      0x004139f8: 0x0b50a0e1	mov	r5, fp
      0x004139fc: 0x0121a0e3	mov	r2, #0x40000000
      0x00413a00: 0x0c359fe5	ldr	r3, [pc, #0x50c]
      0x00413a04: 0x0060a0e3	mov	r6, #0
      0x00413a08: 0x0070a0e3	mov	r7, #0
      0x00413a0c: 0x0040a0e3	mov	r4, #0
b     at 0x00413a10: hooking 0x020000ea	b	#0x413a20 -> 0x7ab103eb	bl	#0x500000
      0x00413a14: 0x0a0054e1	cmp	r4, sl
      0x00413a18: 0x0c0000ca	bgt	#0x413a50
      0x00413a1c: 0x0c00b8e8	ldm	r8!, {r2, r3}
      0x00413a20: 0x0300b5e8	ldm	r5!, {r0, r1}
bl    at 0x00413a24: hooking 0x8b0400eb	bl	#0x414c58 -> 0x89b103eb	bl	#0x500050
      0x00413a28: 0x0020a0e1	mov	r2, r0
      0x00413a2c: 0x0130a0e1	mov	r3, r1
      0x00413a30: 0x0600a0e1	mov	r0, r6
      0x00413a34: 0x0710a0e1	mov	r1, r7
bl    at 0x00413a38: hooking 0x800300eb	bl	#0x414840 -> 0x84b103eb	bl	#0x500050
      0x00413a3c: 0x014084e2	add	r4, r4, #1
      0x00413a40: 0x040059e1	cmp	sb, r4
      0x00413a44: 0x0060a0e1	mov	r6, r0
      0x00413a48: 0x0170a0e1	mov	r7, r1
      0x00413a4c: 0xf0ffffaa	bge	#0x413a14
      0x00413a50: 0x073d8de2	add	r3, sp, #0x1c0
      0x00413a54: 0x03005be1	cmp	fp, r3
      0x00413a58: 0x04309de5	ldr	r3, [sp, #4]
      0x00413a5c: 0xc000a3e8	stm	r3!, {r6, r7}
      0x00413a60: 0x01a08ae2	add	sl, sl, #1
      0x00413a64: 0x04308de5	str	r3, [sp, #4]
      0x00413a68: 0x08b04be2	sub	fp, fp, #8
      0x00413a6c: 0xdeffff1a	bne	#0x4139ec
      0x00413a70: 0x88329de5	ldr	r3, [sp, #0x288]
      0x00413a74: 0x1c909de5	ldr	sb, [sp, #0x1c]
      0x00413a78: 0x030053e3	cmp	r3, #3
      0x00413a7c: 0x03f19f97	ldrls	pc, [pc, r3, lsl #2]
b     at 0x00413a80: hooking 0x230000ea	b	#0x413b14 -> 0x5eb103eb	bl	#0x500000
      0x00413a84: 0x403d4000	subeq	r3, r0, r0, asr #26
      0x00413a88: 0x043d4000	subeq	r3, r0, r4, lsl #26
      0x00413a8c: 0x043d4000	subeq	r3, r0, r4, lsl #26
      0x00413a90: 0x5c3b4000	subeq	r3, r0, ip, asr fp
      0x00413a94: 0x0050a0e3	mov	r5, #0
      0x00413a98: 0x0540a0e1	mov	r4, r5
      0x00413a9c: 0x0430a0e1	mov	r3, r4
      0x00413aa0: 0x0520a0e1	mov	r2, r5
      0x00413aa4: 0x121e8de2	add	r1, sp, #0x120
      0x00413aa8: 0x030091e8	ldm	r1, {r0, r1}
bl    at 0x00413aac: hooking 0x620300eb	bl	#0x41483c -> 0x67b103eb	bl	#0x500050
      0x00413ab0: 0x0c309de5	ldr	r3, [sp, #0xc]
      0x00413ab4: 0x000053e3	cmp	r3, #0
      0x00413ab8: 0xed00001a	bne	#0x413e74
      0x00413abc: 0x0520a0e1	mov	r2, r5
      0x00413ac0: 0x0430a0e1	mov	r3, r4
      0x00413ac4: 0x2cc09de5	ldr	ip, [sp, #0x2c]
      0x00413ac8: 0x000059e3	cmp	sb, #0
      0x00413acc: 0x0c008ce8	stm	ip, {r2, r3}
      0x00413ad0: 0x0a0000da	ble	#0x413b00
      0x00413ad4: 0x0160a0e3	mov	r6, #1
      0x00413ad8: 0x4a7f8de2	add	r7, sp, #0x128
      0x00413adc: 0x0c00b7e8	ldm	r7!, {r2, r3}
      0x00413ae0: 0x016086e2	add	r6, r6, #1
bl    at 0x00413ae4: hooking 0x550300eb	bl	#0x414840 -> 0x59b103eb	bl	#0x500050
      0x00413ae8: 0x060059e1	cmp	sb, r6
      0x00413aec: 0xfaffffaa	bge	#0x413adc
      0x00413af0: 0x0c309de5	ldr	r3, [sp, #0xc]
      0x00413af4: 0x000053e3	cmp	r3, #0
      0x00413af8: 0x0000000a	beq	#0x413b00
      0x00413afc: 0x021181e2	add	r1, r1, #0x80000000
      0x00413b00: 0x0130a0e1	mov	r3, r1
      0x00413b04: 0x0020a0e1	mov	r2, r0
      0x00413b08: 0x2c109de5	ldr	r1, [sp, #0x2c]
      0x00413b0c: 0x082081e5	str	r2, [r1, #8]
      0x00413b10: 0x0c3081e5	str	r3, [r1, #0xc]
      0x00413b14: 0x10309de5	ldr	r3, [sp, #0x10]
      0x00413b18: 0x070003e2	and	r0, r3, #7
      0x00413b1c: 0x99df8de2	add	sp, sp, #0x264
      0x00413b20: 0xf04fbde8	pop	{r4, r5, r6, r7, r8, sb, sl, fp, lr}
      0x00413b24: 0x1eff2fe1	bx	lr
      0x00413b28: 0x04309de5	ldr	r3, [sp, #4]
      0x00413b2c: 0x012043e2	sub	r2, r3, #1
      0x00413b30: 0x263e8de2	add	r3, sp, #0x260
      0x00413b34: 0x022183e0	add	r2, r3, r2, lsl #2
      0x00413b38: 0x303212e5	ldr	r3, [r2, #-0x230]
      0x00413b3c: 0xff34c3e3	bic	r3, r3, #0xff000000
      0x00413b40: 0x0235c3e3	bic	r3, r3, #0x800000
      0x00413b44: 0x303202e5	str	r3, [r2, #-0x230]
b     at 0x00413b48: hooking 0x1fffffea	b	#0x4137cc -> 0x2cb103eb	bl	#0x500000
      0x00413b4c: 0x0010a0e3	mov	r1, #0
      0x00413b50: 0x1730e0e3	mvn	r3, #0x17
      0x00413b54: 0x1c108de5	str	r1, [sp, #0x1c]
b     at 0x00413b58: hooking 0xf7fdffea	b	#0x41333c -> 0x28b103eb	bl	#0x500000
      0x00413b5c: 0x000059e3	cmp	sb, #0
      0x00413b60: 0xe00000da	ble	#0x413ee8
      0x00413b64: 0x8931a0e1	lsl	r3, sb, #3
      0x00413b68: 0x262e8de2	add	r2, sp, #0x260
      0x00413b6c: 0x14308de5	str	r3, [sp, #0x14]
      0x00413b70: 0x033082e0	add	r3, r2, r3
      0x00413b74: 0x05bd43e2	sub	fp, r3, #0x140
      0x00413b78: 0x000c9be8	ldm	fp, {sl, fp}
      0x00413b7c: 0x123e8de2	add	r3, sp, #0x120
      0x00413b80: 0x08308de5	str	r3, [sp, #8]
      0x00413b84: 0x898183e0	add	r8, r3, sb, lsl #3
      0x00413b88: 0xc00038e9	ldmdb	r8!, {r6, r7}
      0x00413b8c: 0x0a20a0e1	mov	r2, sl
      0x00413b90: 0x0b30a0e1	mov	r3, fp
      0x00413b94: 0x0600a0e1	mov	r0, r6
      0x00413b98: 0x0710a0e1	mov	r1, r7
bl    at 0x00413b9c: hooking 0x270300eb	bl	#0x414840 -> 0x2bb103eb	bl	#0x500050
      0x00413ba0: 0x0040a0e1	mov	r4, r0
      0x00413ba4: 0x0150a0e1	mov	r5, r1
      0x00413ba8: 0x0020a0e1	mov	r2, r0
      0x00413bac: 0x0130a0e1	mov	r3, r1
      0x00413bb0: 0x0600a0e1	mov	r0, r6
      0x00413bb4: 0x0710a0e1	mov	r1, r7
bl    at 0x00413bb8: hooking 0x1f0300eb	bl	#0x41483c -> 0x24b103eb	bl	#0x500050
      0x00413bbc: 0x0b30a0e1	mov	r3, fp
      0x00413bc0: 0x0a20a0e1	mov	r2, sl
bl    at 0x00413bc4: hooking 0x1d0300eb	bl	#0x414840 -> 0x21b103eb	bl	#0x500050
      0x00413bc8: 0x08309de5	ldr	r3, [sp, #8]
      0x00413bcc: 0x080053e1	cmp	r3, r8
      0x00413bd0: 0x080088e5	str	r0, [r8, #8]
      0x00413bd4: 0x0c1088e5	str	r1, [r8, #0xc]
      0x00413bd8: 0x300088e8	stm	r8, {r4, r5}
      0x00413bdc: 0x04a0a0e1	mov	sl, r4
      0x00413be0: 0x05b0a0e1	mov	fp, r5
      0x00413be4: 0xe7ffff1a	bne	#0x413b88
      0x00413be8: 0x010059e3	cmp	sb, #1
      0x00413bec: 0xbd0000da	ble	#0x413ee8
      0x00413bf0: 0x14109de5	ldr	r1, [sp, #0x14]
      0x00413bf4: 0x263e8de2	add	r3, sp, #0x260
      0x00413bf8: 0x013083e0	add	r3, r3, r1
      0x00413bfc: 0x1e9249e2	sub	sb, sb, #0xe0000001
      0x00413c00: 0x8921a0e1	lsl	r2, sb, #3
      0x00413c04: 0x057d43e2	sub	r7, r3, #0x140
      0x00413c08: 0xc00097e8	ldm	r7, {r6, r7}
      0x00413c0c: 0x08309de5	ldr	r3, [sp, #8]
      0x00413c10: 0x08a082e2	add	sl, r2, #8
      0x00413c14: 0x04208de5	str	r2, [sp, #4]
      0x00413c18: 0x0aa083e0	add	sl, r3, sl
      0x00413c1c: 0x4abf8de2	add	fp, sp, #0x128
      0x00413c20: 0x00033ae9	ldmdb	sl!, {r8, sb}
      0x00413c24: 0x0620a0e1	mov	r2, r6
      0x00413c28: 0x0730a0e1	mov	r3, r7
      0x00413c2c: 0x0800a0e1	mov	r0, r8
      0x00413c30: 0x0910a0e1	mov	r1, sb
bl    at 0x00413c34: hooking 0x010300eb	bl	#0x414840 -> 0x05b103eb	bl	#0x500050
      0x00413c38: 0x0040a0e1	mov	r4, r0
      0x00413c3c: 0x0150a0e1	mov	r5, r1
      0x00413c40: 0x0020a0e1	mov	r2, r0
      0x00413c44: 0x0130a0e1	mov	r3, r1
      0x00413c48: 0x0800a0e1	mov	r0, r8
      0x00413c4c: 0x0910a0e1	mov	r1, sb
bl    at 0x00413c50: hooking 0xf90200eb	bl	#0x41483c -> 0xfeb003eb	bl	#0x500050
      0x00413c54: 0x0620a0e1	mov	r2, r6
      0x00413c58: 0x0730a0e1	mov	r3, r7
bl    at 0x00413c5c: hooking 0xf70200eb	bl	#0x414840 -> 0xfbb003eb	bl	#0x500050
      0x00413c60: 0x0a005be1	cmp	fp, sl
      0x00413c64: 0x08008ae5	str	r0, [sl, #8]
      0x00413c68: 0x0c108ae5	str	r1, [sl, #0xc]
      0x00413c6c: 0x30008ae8	stm	sl, {r4, r5}
      0x00413c70: 0x0460a0e1	mov	r6, r4
      0x00413c74: 0x0570a0e1	mov	r7, r5
      0x00413c78: 0xe8ffff1a	bne	#0x413c20
      0x00413c7c: 0x0030a0e3	mov	r3, #0
      0x00413c80: 0x0320a0e1	mov	r2, r3
      0x00413c84: 0x04109de5	ldr	r1, [sp, #4]
      0x00413c88: 0x104081e2	add	r4, r1, #0x10
      0x00413c8c: 0x08109de5	ldr	r1, [sp, #8]
      0x00413c90: 0x044081e0	add	r4, r1, r4
      0x00413c94: 0x105081e2	add	r5, r1, #0x10
      0x00413c98: 0x0300a0e1	mov	r0, r3
      0x00413c9c: 0x0210a0e1	mov	r1, r2
      0x00413ca0: 0x0c0034e9	ldmdb	r4!, {r2, r3}
bl    at 0x00413ca4: hooking 0xe50200eb	bl	#0x414840 -> 0xe9b003eb	bl	#0x500050
      0x00413ca8: 0x040055e1	cmp	r5, r4
      0x00413cac: 0x0030a0e1	mov	r3, r0
      0x00413cb0: 0x0120a0e1	mov	r2, r1
      0x00413cb4: 0xf7ffff1a	bne	#0x413c98
      0x00413cb8: 0x0c109de5	ldr	r1, [sp, #0xc]
      0x00413cbc: 0x128e8de2	add	r8, sp, #0x120
      0x00413cc0: 0x000051e3	cmp	r1, #0
      0x00413cc4: 0x004398e8	ldm	r8, {r8, sb, lr}
      0x00413cc8: 0x2cc19de5	ldr	ip, [sp, #0x12c]
      0x00413ccc: 0x6f00001a	bne	#0x413e90
      0x00413cd0: 0x0300a0e1	mov	r0, r3
      0x00413cd4: 0x0860a0e1	mov	r6, r8
      0x00413cd8: 0x0e40a0e1	mov	r4, lr
      0x00413cdc: 0x0970a0e1	mov	r7, sb
      0x00413ce0: 0x0c50a0e1	mov	r5, ip
      0x00413ce4: 0x0210a0e1	mov	r1, r2
      0x00413ce8: 0x2c309de5	ldr	r3, [sp, #0x2c]
      0x00413cec: 0xc00083e8	stm	r3, {r6, r7}
      0x00413cf0: 0x084083e5	str	r4, [r3, #8]
      0x00413cf4: 0x0c5083e5	str	r5, [r3, #0xc]
      0x00413cf8: 0x100083e5	str	r0, [r3, #0x10]
      0x00413cfc: 0x141083e5	str	r1, [r3, #0x14]
b     at 0x00413d00: hooking 0x83ffffea	b	#0x413b14 -> 0xbeb003eb	bl	#0x500000
      0x00413d04: 0x0050a0e3	mov	r5, #0
      0x00413d08: 0x0540a0e1	mov	r4, r5
      0x00413d0c: 0x18309de5	ldr	r3, [sp, #0x18]
      0x00413d10: 0x08709de5	ldr	r7, [sp, #8]
      0x00413d14: 0x086083e2	add	r6, r3, #8
      0x00413d18: 0x066087e0	add	r6, r7, r6
      0x00413d1c: 0x0500a0e1	mov	r0, r5
      0x00413d20: 0x0410a0e1	mov	r1, r4
      0x00413d24: 0x0c0036e9	ldmdb	r6!, {r2, r3}
bl    at 0x00413d28: hooking 0xc40200eb	bl	#0x414840 -> 0xc8b003eb	bl	#0x500050
      0x00413d2c: 0x060057e1	cmp	r7, r6
      0x00413d30: 0x0050a0e1	mov	r5, r0
      0x00413d34: 0x0140a0e1	mov	r4, r1
      0x00413d38: 0xf7ffff1a	bne	#0x413d1c
b     at 0x00413d3c: hooking 0x56ffffea	b	#0x413a9c -> 0xafb003eb	bl	#0x500000
      0x00413d40: 0x0020a0e3	mov	r2, #0
      0x00413d44: 0x0230a0e1	mov	r3, r2
      0x00413d48: 0x18109de5	ldr	r1, [sp, #0x18]
      0x00413d4c: 0x08509de5	ldr	r5, [sp, #8]
      0x00413d50: 0x084081e2	add	r4, r1, #8
      0x00413d54: 0x044085e0	add	r4, r5, r4
      0x00413d58: 0x0200a0e1	mov	r0, r2
      0x00413d5c: 0x0310a0e1	mov	r1, r3
      0x00413d60: 0x0c0034e9	ldmdb	r4!, {r2, r3}
bl    at 0x00413d64: hooking 0xb50200eb	bl	#0x414840 -> 0xb9b003eb	bl	#0x500050
      0x00413d68: 0x040055e1	cmp	r5, r4
      0x00413d6c: 0x0020a0e1	mov	r2, r0
      0x00413d70: 0x0130a0e1	mov	r3, r1
      0x00413d74: 0xf7ffff1a	bne	#0x413d58
      0x00413d78: 0x0c109de5	ldr	r1, [sp, #0xc]
      0x00413d7c: 0x000051e3	cmp	r1, #0
      0x00413d80: 0x02318312	addne	r3, r3, #0x80000000
      0x00413d84: 0x0310a0e1	mov	r1, r3
      0x00413d88: 0x0200a0e1	mov	r0, r2
      0x00413d8c: 0x2c309de5	ldr	r3, [sp, #0x2c]
      0x00413d90: 0x030083e8	stm	r3, {r0, r1}
b     at 0x00413d94: hooking 0x5effffea	b	#0x413b14 -> 0x99b003eb	bl	#0x500000
      0x00413d98: 0x0060a0e3	mov	r6, #0
      0x00413d9c: 0x0070a0e3	mov	r7, #0
b     at 0x00413da0: hooking 0x2affffea	b	#0x413a50 -> 0x96b003eb	bl	#0x500000
      0x00413da4: 0x0040a0e3	mov	r4, #0
b     at 0x00413da8: hooking 0x78feffea	b	#0x413790 -> 0x94b003eb	bl	#0x500000
      0x00413dac: 0x0710a0e1	mov	r1, r7
      0x00413db0: 0x18709de5	ldr	r7, [sp, #0x18]
      0x00413db4: 0x0600a0e1	mov	r0, r6
      0x00413db8: 0x002067e2	rsb	r2, r7, #0
      0x00413dbc: 0x0c508de5	str	r5, [sp, #0xc]
      0x00413dc0: 0x10808de5	str	r8, [sp, #0x10]
bl    at 0x00413dc4: hooking 0xdb0000eb	bl	#0x414138 -> 0xa1b003eb	bl	#0x500050
      0x00413dc8: 0x0020a0e3	mov	r2, #0
      0x00413dcc: 0x2c319fe5	ldr	r3, [pc, #0x12c]
      0x00413dd0: 0x0040a0e1	mov	r4, r0
      0x00413dd4: 0x0150a0e1	mov	r5, r1
bl    at 0x00413dd8: hooking 0x0a0500eb	bl	#0x415208 -> 0x9cb003eb	bl	#0x500050
      0x00413ddc: 0x000050e3	cmp	r0, #0
      0x00413de0: 0x1a00000a	beq	#0x413e50
      0x00413de4: 0x0020a0e3	mov	r2, #0
      0x00413de8: 0x0c319fe5	ldr	r3, [pc, #0x10c]
      0x00413dec: 0x0400a0e1	mov	r0, r4
      0x00413df0: 0x0510a0e1	mov	r1, r5
bl    at 0x00413df4: hooking 0x970300eb	bl	#0x414c58 -> 0x95b003eb	bl	#0x500050
bl    at 0x00413df8: hooking 0x1c0500eb	bl	#0x415270 -> 0x94b003eb	bl	#0x500050
      0x00413dfc: 0x0060a0e1	mov	r6, r0
bl    at 0x00413e00: hooking 0x5b0300eb	bl	#0x414b74 -> 0x92b003eb	bl	#0x500050
      0x00413e04: 0x0020a0e3	mov	r2, #0
      0x00413e08: 0xf0309fe5	ldr	r3, [pc, #0xf0]
bl    at 0x00413e0c: hooking 0x910300eb	bl	#0x414c58 -> 0x8fb003eb	bl	#0x500050
      0x00413e10: 0x0020a0e1	mov	r2, r0
      0x00413e14: 0x0130a0e1	mov	r3, r1
      0x00413e18: 0x0400a0e1	mov	r0, r4
      0x00413e1c: 0x0510a0e1	mov	r1, r5
bl    at 0x00413e20: hooking 0x850200eb	bl	#0x41483c -> 0x8ab003eb	bl	#0x500050
bl    at 0x00413e24: hooking 0x110500eb	bl	#0x415270 -> 0x89b003eb	bl	#0x500050
      0x00413e28: 0x04309de5	ldr	r3, [sp, #4]
      0x00413e2c: 0x262e8de2	add	r2, sp, #0x260
      0x00413e30: 0x019083e2	add	sb, r3, #1
      0x00413e34: 0x03b182e0	add	fp, r2, r3, lsl #2
      0x00413e38: 0x093182e0	add	r3, r2, sb, lsl #2
      0x00413e3c: 0x182087e2	add	r2, r7, #0x18
      0x00413e40: 0x30020be5	str	r0, [fp, #-0x230]
      0x00413e44: 0x18208de5	str	r2, [sp, #0x18]
      0x00413e48: 0x306203e5	str	r6, [r3, #-0x230]
b     at 0x00413e4c: hooking 0xbafeffea	b	#0x41393c -> 0x6bb003eb	bl	#0x500000
      0x00413e50: 0x0400a0e1	mov	r0, r4
      0x00413e54: 0x0510a0e1	mov	r1, r5
bl    at 0x00413e58: hooking 0x040500eb	bl	#0x415270 -> 0x7cb003eb	bl	#0x500050
      0x00413e5c: 0x04309de5	ldr	r3, [sp, #4]
      0x00413e60: 0x262e8de2	add	r2, sp, #0x260
      0x00413e64: 0x03b182e0	add	fp, r2, r3, lsl #2
      0x00413e68: 0x0390a0e1	mov	sb, r3
      0x00413e6c: 0x30020be5	str	r0, [fp, #-0x230]
b     at 0x00413e70: hooking 0xb1feffea	b	#0x41393c -> 0x62b003eb	bl	#0x500000
      0x00413e74: 0x2c309de5	ldr	r3, [sp, #0x2c]
      0x00413e78: 0x024184e2	add	r4, r4, #0x80000000
      0x00413e7c: 0x000059e3	cmp	sb, #0
      0x00413e80: 0x044083e5	str	r4, [r3, #4]
      0x00413e84: 0x005083e5	str	r5, [r3]
      0x00413e88: 0x11ffffca	bgt	#0x413ad4
b     at 0x00413e8c: hooking 0x1affffea	b	#0x413afc -> 0x5bb003eb	bl	#0x500000
      0x00413e90: 0x2c109de5	ldr	r1, [sp, #0x2c]
      0x00413e94: 0x029189e2	add	sb, sb, #0x80000000
      0x00413e98: 0x02c18ce2	add	ip, ip, #0x80000000
      0x00413e9c: 0x022182e2	add	r2, r2, #0x80000000
      0x00413ea0: 0x049081e5	str	sb, [r1, #4]
      0x00413ea4: 0x0cc081e5	str	ip, [r1, #0xc]
      0x00413ea8: 0x142081e5	str	r2, [r1, #0x14]
      0x00413eac: 0x008081e5	str	r8, [r1]
      0x00413eb0: 0x08e081e5	str	lr, [r1, #8]
      0x00413eb4: 0x103081e5	str	r3, [r1, #0x10]
b     at 0x00413eb8: hooking 0x15ffffea	b	#0x413b14 -> 0x50b003eb	bl	#0x500000
      0x00413ebc: 0x88329de5	ldr	r3, [sp, #0x288]
      0x00413ec0: 0x030053e3	cmp	r3, #3
      0x00413ec4: 0x03f19f97	ldrls	pc, [pc, r3, lsl #2]
b     at 0x00413ec8: hooking 0x11ffffea	b	#0x413b14 -> 0x4cb003eb	bl	#0x500000
      0x00413ecc: 0xdc3e4000	ldrdeq	r3, r4, [r0], #-0xec
      0x00413ed0: 0x943a4000	umaaleq	r3, r0, r4, sl
      0x00413ed4: 0x943a4000	umaaleq	r3, r0, r4, sl
      0x00413ed8: 0x5c3b4000	subeq	r3, r0, ip, asr fp
      0x00413edc: 0x0020a0e3	mov	r2, #0
      0x00413ee0: 0x0230a0e1	mov	r3, r2
b     at 0x00413ee4: hooking 0xa3ffffea	b	#0x413d78 -> 0x45b003eb	bl	#0x500000
      0x00413ee8: 0x0030a0e3	mov	r3, #0
      0x00413eec: 0x0320a0e1	mov	r2, r3
b     at 0x00413ef0: hooking 0x70ffffea	b	#0x413cb8 -> 0x42b003eb	bl	#0x500000
      0x00413ef4: 0x38664000	subeq	r6, r0, r8, lsr r6
      0x00413ef8: 0xabaaaa2a	bhs	#0xfeebe9ac
      0x00413efc: 0x0000703e	cdplo	p0, #7, c0, c0, c0, #0
      0x00413f00: 0x00007041	cmnmi	r0, r0
      0x00413f04: 0x00002040	eormi	r0, r0, r0
      0x00413f08: 0x0000f03f	svclo	#0xf00000
      0x00413f0c: 0x0000e03f	svclo	#0xe00000
      0x00413f10: 0x50664000	subeq	r6, r0, r0, asr r6
      0x00413f14: 0xfb21f93f	svclo	#0xf921fb
      0x00413f18: 0xf04f2de9	push	{r4, r5, r6, r7, r8, sb, sl, fp, lr}
      0x00413f1c: 0x02c1c1e3	bic	ip, r1, #0x80000000
      0x00413f20: 0xf9055ce3	cmp	ip, #0x3e400000
      0x00413f24: 0x14d04de2	sub	sp, sp, #0x14
      0x00413f28: 0x0140a0e1	mov	r4, r1
      0x00413f2c: 0x0280a0e1	mov	r8, r2
      0x00413f30: 0x0390a0e1	mov	sb, r3
      0x00413f34: 0x0050a0e1	mov	r5, r0
      0x00413f38: 0x020000aa	bge	#0x413f48
bl    at 0x00413f3c: hooking 0xcb0400eb	bl	#0x415270 -> 0x43b003eb	bl	#0x500050
      0x00413f40: 0x000050e3	cmp	r0, #0
      0x00413f44: 0x6600000a	beq	#0x4140e4
      0x00413f48: 0x0520a0e1	mov	r2, r5
      0x00413f4c: 0x0430a0e1	mov	r3, r4
      0x00413f50: 0x0500a0e1	mov	r0, r5
      0x00413f54: 0x0410a0e1	mov	r1, r4
bl    at 0x00413f58: hooking 0x3e0300eb	bl	#0x414c58 -> 0x3cb003eb	bl	#0x500050
      0x00413f5c: 0x0060a0e1	mov	r6, r0
      0x00413f60: 0x0170a0e1	mov	r7, r1
      0x00413f64: 0x0020a0e1	mov	r2, r0
      0x00413f68: 0x0130a0e1	mov	r3, r1
      0x00413f6c: 0x0500a0e1	mov	r0, r5
      0x00413f70: 0x0410a0e1	mov	r1, r4
bl    at 0x00413f74: hooking 0x370300eb	bl	#0x414c58 -> 0x35b003eb	bl	#0x500050
      0x00413f78: 0x5e3f8fe2	add	r3, pc, #0x178
      0x00413f7c: 0x0c0093e8	ldm	r3, {r2, r3}
      0x00413f80: 0x00a0a0e1	mov	sl, r0
      0x00413f84: 0x01b0a0e1	mov	fp, r1
      0x00413f88: 0x0600a0e1	mov	r0, r6
      0x00413f8c: 0x0710a0e1	mov	r1, r7
bl    at 0x00413f90: hooking 0x300300eb	bl	#0x414c58 -> 0x2eb003eb	bl	#0x500050
      0x00413f94: 0x593f8fe2	add	r3, pc, #0x164
      0x00413f98: 0x0c0093e8	ldm	r3, {r2, r3}
bl    at 0x00413f9c: hooking 0x260200eb	bl	#0x41483c -> 0x2bb003eb	bl	#0x500050
      0x00413fa0: 0x0620a0e1	mov	r2, r6
      0x00413fa4: 0x0730a0e1	mov	r3, r7
bl    at 0x00413fa8: hooking 0x2a0300eb	bl	#0x414c58 -> 0x28b003eb	bl	#0x500050
      0x00413fac: 0x553f8fe2	add	r3, pc, #0x154
      0x00413fb0: 0x0c0093e8	ldm	r3, {r2, r3}
bl    at 0x00413fb4: hooking 0x210200eb	bl	#0x414840 -> 0x25b003eb	bl	#0x500050
      0x00413fb8: 0x0620a0e1	mov	r2, r6
      0x00413fbc: 0x0730a0e1	mov	r3, r7
bl    at 0x00413fc0: hooking 0x240300eb	bl	#0x414c58 -> 0x22b003eb	bl	#0x500050
      0x00413fc4: 0x513f8fe2	add	r3, pc, #0x144
      0x00413fc8: 0x0c0093e8	ldm	r3, {r2, r3}
bl    at 0x00413fcc: hooking 0x1a0200eb	bl	#0x41483c -> 0x1fb003eb	bl	#0x500050
      0x00413fd0: 0x0620a0e1	mov	r2, r6
      0x00413fd4: 0x0730a0e1	mov	r3, r7
bl    at 0x00413fd8: hooking 0x1e0300eb	bl	#0x414c58 -> 0x1cb003eb	bl	#0x500050
      0x00413fdc: 0x4d3f8fe2	add	r3, pc, #0x134
      0x00413fe0: 0x0c0093e8	ldm	r3, {r2, r3}
bl    at 0x00413fe4: hooking 0x150200eb	bl	#0x414840 -> 0x19b003eb	bl	#0x500050
      0x00413fe8: 0x38309de5	ldr	r3, [sp, #0x38]
      0x00413fec: 0x000053e3	cmp	r3, #0
      0x00413ff0: 0x03008de8	stm	sp, {r0, r1}
      0x00413ff4: 0x2900000a	beq	#0x4140a0
      0x00413ff8: 0x0020a0e3	mov	r2, #0
      0x00413ffc: 0x24319fe5	ldr	r3, [pc, #0x124]
      0x00414000: 0x0800a0e1	mov	r0, r8
      0x00414004: 0x0910a0e1	mov	r1, sb
bl    at 0x00414008: hooking 0x120300eb	bl	#0x414c58 -> 0x10b003eb	bl	#0x500050
      0x0041400c: 0x0c009de8	ldm	sp, {r2, r3}
      0x00414010: 0x08008de5	str	r0, [sp, #8]
      0x00414014: 0x0c108de5	str	r1, [sp, #0xc]
      0x00414018: 0x0a00a0e1	mov	r0, sl
      0x0041401c: 0x0b10a0e1	mov	r1, fp
bl    at 0x00414020: hooking 0x0c0300eb	bl	#0x414c58 -> 0x0ab003eb	bl	#0x500050
      0x00414024: 0x0020a0e1	mov	r2, r0
      0x00414028: 0x0130a0e1	mov	r3, r1
      0x0041402c: 0x08108de2	add	r1, sp, #8
      0x00414030: 0x030091e8	ldm	r1, {r0, r1}
bl    at 0x00414034: hooking 0x000200eb	bl	#0x41483c -> 0x05b003eb	bl	#0x500050
      0x00414038: 0x0620a0e1	mov	r2, r6
      0x0041403c: 0x0730a0e1	mov	r3, r7
bl    at 0x00414040: hooking 0x040300eb	bl	#0x414c58 -> 0x02b003eb	bl	#0x500050
      0x00414044: 0x0820a0e1	mov	r2, r8
      0x00414048: 0x0930a0e1	mov	r3, sb
bl    at 0x0041404c: hooking 0xfa0100eb	bl	#0x41483c -> 0xffaf03eb	bl	#0x500050
      0x00414050: 0xc8308fe2	add	r3, pc, #0xc8
      0x00414054: 0x0c0093e8	ldm	r3, {r2, r3}
      0x00414058: 0x0060a0e1	mov	r6, r0
      0x0041405c: 0x0170a0e1	mov	r7, r1
      0x00414060: 0x0a00a0e1	mov	r0, sl
      0x00414064: 0x0b10a0e1	mov	r1, fp
bl    at 0x00414068: hooking 0xfa0200eb	bl	#0x414c58 -> 0xf8af03eb	bl	#0x500050
      0x0041406c: 0x0020a0e1	mov	r2, r0
      0x00414070: 0x0130a0e1	mov	r3, r1
      0x00414074: 0x0600a0e1	mov	r0, r6
      0x00414078: 0x0710a0e1	mov	r1, r7
bl    at 0x0041407c: hooking 0xef0100eb	bl	#0x414840 -> 0xf3af03eb	bl	#0x500050
      0x00414080: 0x0020a0e1	mov	r2, r0
      0x00414084: 0x0130a0e1	mov	r3, r1
      0x00414088: 0x0500a0e1	mov	r0, r5
      0x0041408c: 0x0410a0e1	mov	r1, r4
bl    at 0x00414090: hooking 0xe90100eb	bl	#0x41483c -> 0xeeaf03eb	bl	#0x500050
      0x00414094: 0x14d08de2	add	sp, sp, #0x14
      0x00414098: 0xf04fbde8	pop	{r4, r5, r6, r7, r8, sb, sl, fp, lr}
      0x0041409c: 0x1eff2fe1	bx	lr
      0x004140a0: 0x0020a0e1	mov	r2, r0
      0x004140a4: 0x0130a0e1	mov	r3, r1
      0x004140a8: 0x0600a0e1	mov	r0, r6
      0x004140ac: 0x0710a0e1	mov	r1, r7
bl    at 0x004140b0: hooking 0xe80200eb	bl	#0x414c58 -> 0xe6af03eb	bl	#0x500050
      0x004140b4: 0x64308fe2	add	r3, pc, #0x64
      0x004140b8: 0x0c0093e8	ldm	r3, {r2, r3}
bl    at 0x004140bc: hooking 0xde0100eb	bl	#0x41483c -> 0xe3af03eb	bl	#0x500050
      0x004140c0: 0x0a20a0e1	mov	r2, sl
      0x004140c4: 0x0b30a0e1	mov	r3, fp
bl    at 0x004140c8: hooking 0xe20200eb	bl	#0x414c58 -> 0xe0af03eb	bl	#0x500050
      0x004140cc: 0x0520a0e1	mov	r2, r5
      0x004140d0: 0x0430a0e1	mov	r3, r4
bl    at 0x004140d4: hooking 0xd90100eb	bl	#0x414840 -> 0xddaf03eb	bl	#0x500050
      0x004140d8: 0x14d08de2	add	sp, sp, #0x14
      0x004140dc: 0xf04fbde8	pop	{r4, r5, r6, r7, r8, sb, sl, fp, lr}
      0x004140e0: 0x1eff2fe1	bx	lr
      0x004140e4: 0x0500a0e1	mov	r0, r5
      0x004140e8: 0x0410a0e1	mov	r1, r4
      0x004140ec: 0x14d08de2	add	sp, sp, #0x14
      0x004140f0: 0xf04fbde8	pop	{r4, r5, r6, r7, r8, sb, sl, fp, lr}
      0x004140f4: 0x1eff2fe1	bx	lr
      0x004140f8: 0x7cd5cf5a	bpl	#0xff8096f0
      0x004140fc: 0x3ad9e53d	stcllo	p9, c13, [r5, #0xe8]!
      0x00414100: 0xeb9c2b8a	bhi	#0xefb4b4
      0x00414104: 0xe6e55a3e	cdplo	p5, #5, c14, c10, c6, #7
Invalid instruction at 0x00414108, skipping.
      0x0041410c: 0xe31dc73e	cdplo	p13, #0xc, c1, c7, c3, #7
      0x00414110: 0xd561c119	stmibne	r1, {r0, r2, r4, r6, r7, r8, sp, lr} ^
      0x00414114: 0xa0012a3f	svclo	#0x2a01a0
      0x00414118: 0xa6f81011	tstne	r0, r6, lsr #17
      0x0041411c: 0x1111813f	svclo	#0x811111
      0x00414120: 0x49555555	ldrbpl	r5, [r5, #-0x549]
      0x00414124: 0x5555c53f	svclo	#0xc55555
      0x00414128: 0x0000e03f	svclo	#0xe00000
      0x0041412c: 0x0231c1e3	bic	r3, r1, #0x80000000
      0x00414130: 0x0310a0e1	mov	r1, r3
      0x00414134: 0x1eff2fe1	bx	lr
      0x00414138: 0xf0412de9	push	{r4, r5, r6, r7, r8, lr}
      0x0041413c: 0x64619fe5	ldr	r6, [pc, #0x164]
      0x00414140: 0x41ca16e0	ands	ip, r6, r1, asr #20
      0x00414144: 0x0040a0e1	mov	r4, r0
      0x00414148: 0x0150a0e1	mov	r5, r1
      0x0041414c: 0x0130a0e1	mov	r3, r1
      0x00414150: 0x0270a0e1	mov	r7, r2
      0x00414154: 0x2100001a	bne	#0x4141e0
      0x00414158: 0x0231c1e3	bic	r3, r1, #0x80000000
      0x0041415c: 0x003093e1	orrs	r3, r3, r0
      0x00414160: 0x1c00000a	beq	#0x4141d8
      0x00414164: 0x40319fe5	ldr	r3, [pc, #0x140]
      0x00414168: 0x0020a0e3	mov	r2, #0
bl    at 0x0041416c: hooking 0xb90200eb	bl	#0x414c58 -> 0xb7af03eb	bl	#0x500050
      0x00414170: 0x38319fe5	ldr	r3, [pc, #0x138]
      0x00414174: 0x030057e1	cmp	r7, r3
      0x00414178: 0x0130a0a1	movge	r3, r1
      0x0041417c: 0x43ca06a0	andge	ip, r6, r3, asr #20
      0x00414180: 0x0040a0e1	mov	r4, r0
      0x00414184: 0x0150a0e1	mov	r5, r1
      0x00414188: 0x36c04ca2	subge	ip, ip, #0x36
      0x0041418c: 0x0e0000ba	blt	#0x4141cc
      0x00414190: 0x1c219fe5	ldr	r2, [pc, #0x11c]
      0x00414194: 0x0cc087e0	add	ip, r7, ip
      0x00414198: 0x02005ce1	cmp	ip, r2
      0x0041419c: 0x150000ca	bgt	#0x4141f8
      0x004141a0: 0x00005ce3	cmp	ip, #0
      0x004141a4: 0x2d0000ca	bgt	#0x414260
      0x004141a8: 0x35007ce3	cmn	ip, #0x35
      0x004141ac: 0x200000aa	bge	#0x414234
      0x004141b0: 0x00319fe5	ldr	r3, [pc, #0x100]
      0x004141b4: 0x030057e1	cmp	r7, r3
      0x004141b8: 0x0e0000ca	bgt	#0x4141f8
      0x004141bc: 0x000055e3	cmp	r5, #0
      0x004141c0: 0xc0108fe2	add	r1, pc, #0xc0
      0x004141c4: 0x030091e8	ldm	r1, {r0, r1}
      0x004141c8: 0x2b0000ba	blt	#0x41427c
      0x004141cc: 0xb4308fe2	add	r3, pc, #0xb4
      0x004141d0: 0x0c0093e8	ldm	r3, {r2, r3}
bl    at 0x004141d4: hooking 0x9f0200eb	bl	#0x414c58 -> 0x9daf03eb	bl	#0x500050
      0x004141d8: 0xf041bde8	pop	{r4, r5, r6, r7, r8, lr}
      0x004141dc: 0x1eff2fe1	bx	lr
      0x004141e0: 0x06005ce1	cmp	ip, r6
      0x004141e4: 0xe9ffff1a	bne	#0x414190
      0x004141e8: 0x0020a0e1	mov	r2, r0
bl    at 0x004141ec: hooking 0x930100eb	bl	#0x414840 -> 0x97af03eb	bl	#0x500050
      0x004141f0: 0xf041bde8	pop	{r4, r5, r6, r7, r8, lr}
      0x004141f4: 0x1eff2fe1	bx	lr
      0x004141f8: 0x000055e3	cmp	r5, #0
      0x004141fc: 0x8c108fe2	add	r1, pc, #0x8c
      0x00414200: 0x030091e8	ldm	r1, {r0, r1}
      0x00414204: 0x040000ba	blt	#0x41421c
      0x00414208: 0x80308fe2	add	r3, pc, #0x80
      0x0041420c: 0x0c0093e8	ldm	r3, {r2, r3}
bl    at 0x00414210: hooking 0x900200eb	bl	#0x414c58 -> 0x8eaf03eb	bl	#0x500050
      0x00414214: 0xf041bde8	pop	{r4, r5, r6, r7, r8, lr}
      0x00414218: 0x1eff2fe1	bx	lr
      0x0041421c: 0x6c308fe2	add	r3, pc, #0x6c
      0x00414220: 0x0c0093e8	ldm	r3, {r2, r3}
      0x00414224: 0x6c108fe2	add	r1, pc, #0x6c
      0x00414228: 0x030091e8	ldm	r1, {r0, r1}
bl    at 0x0041422c: hooking 0x890200eb	bl	#0x414c58 -> 0x87af03eb	bl	#0x500050
b     at 0x00414230: hooking 0xf7ffffea	b	#0x414214 -> 0x72af03eb	bl	#0x500000
      0x00414234: 0x7f34c3e3	bic	r3, r3, #0x7f000000
      0x00414238: 0x0f36c3e3	bic	r3, r3, #0xf00000
      0x0041423c: 0x36c08ce2	add	ip, ip, #0x36
      0x00414240: 0x0c5a83e1	orr	r5, r3, ip, lsl #20
      0x00414244: 0x0400a0e1	mov	r0, r4
      0x00414248: 0x0510a0e1	mov	r1, r5
      0x0041424c: 0x0020a0e3	mov	r2, #0
      0x00414250: 0x64309fe5	ldr	r3, [pc, #0x64]
bl    at 0x00414254: hooking 0x7f0200eb	bl	#0x414c58 -> 0x7daf03eb	bl	#0x500050
      0x00414258: 0xf041bde8	pop	{r4, r5, r6, r7, r8, lr}
      0x0041425c: 0x1eff2fe1	bx	lr
      0x00414260: 0x7f34c3e3	bic	r3, r3, #0x7f000000
      0x00414264: 0x0f36c3e3	bic	r3, r3, #0xf00000
      0x00414268: 0x0c5a83e1	orr	r5, r3, ip, lsl #20
      0x0041426c: 0x0400a0e1	mov	r0, r4
      0x00414270: 0x0510a0e1	mov	r1, r5
      0x00414274: 0xf041bde8	pop	{r4, r5, r6, r7, r8, lr}
      0x00414278: 0x1eff2fe1	bx	lr
      0x0041427c: 0x1c108fe2	add	r1, pc, #0x1c
      0x00414280: 0x030091e8	ldm	r1, {r0, r1}
b     at 0x00414284: hooking 0xd0ffffea	b	#0x4141cc -> 0x5daf03eb	bl	#0x500000
      0x00414288: 0x59f3f8c2	rscsgt	pc, r8, #0x64000001
Invalid instruction at 0x0041428c, skipping.
      0x00414290: 0x9c750088	stmdahi	r0, {r2, r3, r4, r7, r8, sl, ip, sp, lr}
      0x00414294: 0x3ce4377e	mrcvc	p4, #1, lr, c7, c12, #1
      0x00414298: 0x9c750088	stmdahi	r0, {r2, r3, r4, r7, r8, sl, ip, sp, lr}
      0x0041429c: 0x3ce437fe	mrc2	p4, #1, lr, c7, c12, #1
      0x004142a0: 0x59f3f8c2	rscsgt	pc, r8, #0x64000001
Invalid instruction at 0x004142a4, skipping.
      0x004142a8: 0xff070000	strdeq	r0, r1, [r0], -pc
      0x004142ac: 0x00005043	cmpmi	r0, #0
Invalid instruction at 0x004142b0, skipping.
      0x004142b4: 0xfe070000	strdeq	r0, r1, [r0], -lr
      0x004142b8: 0x50c30000	andeq	ip, r0, r0, asr r3
      0x004142bc: 0x0000903c	ldclo	p0, c0, [r0], {0}
      0x004142c0: 0x70402de9	push	{r4, r5, r6, lr}
      0x004142c4: 0xffc0a0e3	mov	ip, #0xff
      0x004142c8: 0x07cc8ce3	orr	ip, ip, #0x700
      0x004142cc: 0x214a1ce0	ands	r4, ip, r1, lsr #20
      0x004142d0: 0x235a1c10	andsne	r5, ip, r3, lsr #20
      0x004142d4: 0x0c003411	teqne	r4, ip
      0x004142d8: 0x0c003511	teqne	r5, ip
      0x004142dc: 0x7500000b	bleq	#0x4144b8
      0x004142e0: 0x054084e0	add	r4, r4, r5
      0x004142e4: 0x036021e0	eor	r6, r1, r3
      0x004142e8: 0x8c1ac1e1	bic	r1, r1, ip, lsl #21
      0x004142ec: 0x8c3ac3e1	bic	r3, r3, ip, lsl #21
      0x004142f0: 0x015690e1	orrs	r5, r0, r1, lsl #12
      0x004142f4: 0x03569211	orrsne	r5, r2, r3, lsl #12
      0x004142f8: 0x011681e3	orr	r1, r1, #0x100000
      0x004142fc: 0x013683e3	orr	r3, r3, #0x100000
      0x00414300: 0x1d00000a	beq	#0x41437c
      0x00414304: 0x90c28ee0	umull	ip, lr, r0, r2
      0x00414308: 0x0050a0e3	mov	r5, #0
      0x0041430c: 0x91e2a5e0	umlal	lr, r5, r1, r2
      0x00414310: 0x022106e2	and	r2, r6, #0x80000000
      0x00414314: 0x90e3a5e0	umlal	lr, r5, r0, r3
      0x00414318: 0x0060a0e3	mov	r6, #0
      0x0041431c: 0x9153a6e0	umlal	r5, r6, r1, r3
      0x00414320: 0x00003ce3	teq	ip, #0
      0x00414324: 0x01e08e13	orrne	lr, lr, #1
      0x00414328: 0xff4044e2	sub	r4, r4, #0xff
      0x0041432c: 0x020c56e3	cmp	r6, #0x200
      0x00414330: 0x034cc4e2	sbc	r4, r4, #0x300
      0x00414334: 0x0200002a	bhs	#0x414344
      0x00414338: 0x8ee0b0e1	lsls	lr, lr, #1
      0x0041433c: 0x0550b5e0	adcs	r5, r5, r5
      0x00414340: 0x0660a6e0	adc	r6, r6, r6
      0x00414344: 0x861582e1	orr	r1, r2, r6, lsl #11
      0x00414348: 0xa51a81e1	orr	r1, r1, r5, lsr #21
      0x0041434c: 0x8505a0e1	lsl	r0, r5, #0xb
      0x00414350: 0xae0a80e1	orr	r0, r0, lr, lsr #21
      0x00414354: 0x8ee5a0e1	lsl	lr, lr, #0xb
      0x00414358: 0xfdc054e2	subs	ip, r4, #0xfd
      0x0041435c: 0x070c5c83	cmphi	ip, #0x700
      0x00414360: 0x1100008a	bhi	#0x4143ac
      0x00414364: 0x02015ee3	cmp	lr, #0x80000000
      0x00414368: 0xa0e0b001	lsrseq	lr, r0, #1
      0x0041436c: 0x0000b0e2	adcs	r0, r0, #0
      0x00414370: 0x041aa1e0	adc	r1, r1, r4, lsl #20
      0x00414374: 0x7040bde8	pop	{r4, r5, r6, lr}
      0x00414378: 0x1eff2fe1	bx	lr
      0x0041437c: 0x026106e2	and	r6, r6, #0x80000000
      0x00414380: 0x011086e1	orr	r1, r6, r1
      0x00414384: 0x020080e1	orr	r0, r0, r2
      0x00414388: 0x031021e0	eor	r1, r1, r3
      0x0041438c: 0xac4054e0	subs	r4, r4, ip, lsr #1
      0x00414390: 0x0c5074c0	rsbsgt	r5, r4, ip
      0x00414394: 0x041a81c1	orrgt	r1, r1, r4, lsl #20
      0x00414398: 0x7040bdc8	popgt	{r4, r5, r6, lr}
      0x0041439c: 0x1eff2fc1	bxgt	lr
      0x004143a0: 0x011681e3	orr	r1, r1, #0x100000
      0x004143a4: 0x00e0a0e3	mov	lr, #0
      0x004143a8: 0x014054e2	subs	r4, r4, #1
      0x004143ac: 0x5d0000ca	bgt	#0x414528
      0x004143b0: 0x360074e3	cmn	r4, #0x36
      0x004143b4: 0x0000a0d3	movle	r0, #0
      0x004143b8: 0x021101d2	andle	r1, r1, #0x80000000
      0x004143bc: 0x7040bdd8	pople	{r4, r5, r6, lr}
      0x004143c0: 0x1eff2fd1	bxle	lr
      0x004143c4: 0x004064e2	rsb	r4, r4, #0
      0x004143c8: 0x204054e2	subs	r4, r4, #0x20
      0x004143cc: 0x1a0000aa	bge	#0x41443c
      0x004143d0: 0x0c4094e2	adds	r4, r4, #0xc
      0x004143d4: 0x0c0000ca	bgt	#0x41440c
      0x004143d8: 0x144084e2	add	r4, r4, #0x14
      0x004143dc: 0x205064e2	rsb	r5, r4, #0x20
      0x004143e0: 0x1035a0e1	lsl	r3, r0, r5
      0x004143e4: 0x3004a0e1	lsr	r0, r0, r4
      0x004143e8: 0x110580e1	orr	r0, r0, r1, lsl r5
      0x004143ec: 0x022101e2	and	r2, r1, #0x80000000
      0x004143f0: 0x0211c1e3	bic	r1, r1, #0x80000000
      0x004143f4: 0xa30f90e0	adds	r0, r0, r3, lsr #31
      0x004143f8: 0x3114a2e0	adc	r1, r2, r1, lsr r4
      0x004143fc: 0x83e09ee1	orrs	lr, lr, r3, lsl #1
      0x00414400: 0xa30fc001	biceq	r0, r0, r3, lsr #31
      0x00414404: 0x7040bde8	pop	{r4, r5, r6, lr}
      0x00414408: 0x1eff2fe1	bx	lr
      0x0041440c: 0x0c4064e2	rsb	r4, r4, #0xc
      0x00414410: 0x205064e2	rsb	r5, r4, #0x20
      0x00414414: 0x1034a0e1	lsl	r3, r0, r4
      0x00414418: 0x3005a0e1	lsr	r0, r0, r5
      0x0041441c: 0x110480e1	orr	r0, r0, r1, lsl r4
      0x00414420: 0x021101e2	and	r1, r1, #0x80000000
      0x00414424: 0xa30f90e0	adds	r0, r0, r3, lsr #31
      0x00414428: 0x0010a1e2	adc	r1, r1, #0
      0x0041442c: 0x83e09ee1	orrs	lr, lr, r3, lsl #1
      0x00414430: 0xa30fc001	biceq	r0, r0, r3, lsr #31
      0x00414434: 0x7040bde8	pop	{r4, r5, r6, lr}
      0x00414438: 0x1eff2fe1	bx	lr
      0x0041443c: 0x205064e2	rsb	r5, r4, #0x20
      0x00414440: 0x10e58ee1	orr	lr, lr, r0, lsl r5
      0x00414444: 0x3034a0e1	lsr	r3, r0, r4
      0x00414448: 0x113583e1	orr	r3, r3, r1, lsl r5
      0x0041444c: 0x3104a0e1	lsr	r0, r1, r4
      0x00414450: 0x021101e2	and	r1, r1, #0x80000000
      0x00414454: 0x3104c0e1	bic	r0, r0, r1, lsr r4
      0x00414458: 0xa30f80e0	add	r0, r0, r3, lsr #31
      0x0041445c: 0x83e09ee1	orrs	lr, lr, r3, lsl #1
      0x00414460: 0xa30fc001	biceq	r0, r0, r3, lsr #31
      0x00414464: 0x7040bde8	pop	{r4, r5, r6, lr}
      0x00414468: 0x1eff2fe1	bx	lr
      0x0041446c: 0x000034e3	teq	r4, #0
      0x00414470: 0x0800001a	bne	#0x414498
      0x00414474: 0x026101e2	and	r6, r1, #0x80000000
      0x00414478: 0x8000b0e1	lsls	r0, r0, #1
      0x0041447c: 0x0110a1e0	adc	r1, r1, r1
      0x00414480: 0x010611e3	tst	r1, #0x100000
      0x00414484: 0x01404402	subeq	r4, r4, #1
      0x00414488: 0xfaffff0a	beq	#0x414478
      0x0041448c: 0x061081e1	orr	r1, r1, r6
      0x00414490: 0x000035e3	teq	r5, #0
      0x00414494: 0x1eff2f11	bxne	lr
      0x00414498: 0x026103e2	and	r6, r3, #0x80000000
      0x0041449c: 0x8220b0e1	lsls	r2, r2, #1
      0x004144a0: 0x0330a3e0	adc	r3, r3, r3
      0x004144a4: 0x010613e3	tst	r3, #0x100000
      0x004144a8: 0x01504502	subeq	r5, r5, #1
      0x004144ac: 0xfaffff0a	beq	#0x41449c
      0x004144b0: 0x063083e1	orr	r3, r3, r6
      0x004144b4: 0x1eff2fe1	bx	lr
      0x004144b8: 0x0c0034e1	teq	r4, ip
      0x004144bc: 0x235a0ce0	and	r5, ip, r3, lsr #20
      0x004144c0: 0x0c003511	teqne	r5, ip
      0x004144c4: 0x0700000a	beq	#0x4144e8
      0x004144c8: 0x816090e1	orrs	r6, r0, r1, lsl #1
      0x004144cc: 0x83609211	orrsne	r6, r2, r3, lsl #1
      0x004144d0: 0xe5ffff1a	bne	#0x41446c
      0x004144d4: 0x031021e0	eor	r1, r1, r3
      0x004144d8: 0x021101e2	and	r1, r1, #0x80000000
      0x004144dc: 0x0000a0e3	mov	r0, #0
      0x004144e0: 0x7040bde8	pop	{r4, r5, r6, lr}
      0x004144e4: 0x1eff2fe1	bx	lr
      0x004144e8: 0x816090e1	orrs	r6, r0, r1, lsl #1
      0x004144ec: 0x0200a001	moveq	r0, r2
      0x004144f0: 0x0310a001	moveq	r1, r3
      0x004144f4: 0x83609211	orrsne	r6, r2, r3, lsl #1
      0x004144f8: 0x1000000a	beq	#0x414540
      0x004144fc: 0x0c0034e1	teq	r4, ip
      0x00414500: 0x0100001a	bne	#0x41450c
      0x00414504: 0x016690e1	orrs	r6, r0, r1, lsl #12
      0x00414508: 0x0c00001a	bne	#0x414540
      0x0041450c: 0x0c0035e1	teq	r5, ip
      0x00414510: 0x0300001a	bne	#0x414524
      0x00414514: 0x036692e1	orrs	r6, r2, r3, lsl #12
      0x00414518: 0x0200a011	movne	r0, r2
      0x0041451c: 0x0310a011	movne	r1, r3
      0x00414520: 0x0600001a	bne	#0x414540
      0x00414524: 0x031021e0	eor	r1, r1, r3
      0x00414528: 0x021101e2	and	r1, r1, #0x80000000
      0x0041452c: 0x7f1481e3	orr	r1, r1, #0x7f000000
      0x00414530: 0x0f1681e3	orr	r1, r1, #0xf00000
      0x00414534: 0x0000a0e3	mov	r0, #0
      0x00414538: 0x7040bde8	pop	{r4, r5, r6, lr}
      0x0041453c: 0x1eff2fe1	bx	lr
      0x00414540: 0x7f1481e3	orr	r1, r1, #0x7f000000
      0x00414544: 0x3e1781e3	orr	r1, r1, #0xf80000
      0x00414548: 0x7040bde8	pop	{r4, r5, r6, lr}
      0x0041454c: 0x1eff2fe1	bx	lr
      0x00414550: 0xffc0a0e3	mov	ip, #0xff
      0x00414554: 0xa02b1ce0	ands	r2, ip, r0, lsr #23
      0x00414558: 0xa13b1c10	andsne	r3, ip, r1, lsr #23
      0x0041455c: 0x0c003211	teqne	r2, ip
      0x00414560: 0x0c003311	teqne	r3, ip
      0x00414564: 0x3e00000a	beq	#0x414664
      0x00414568: 0x032082e0	add	r2, r2, r3
      0x0041456c: 0x01c020e0	eor	ip, r0, r1
      0x00414570: 0x8004b0e1	lsls	r0, r0, #9
      0x00414574: 0x8114b011	lslsne	r1, r1, #9
      0x00414578: 0x1000000a	beq	#0x4145c0
      0x0041457c: 0x0233a0e3	mov	r3, #0x8000000
      0x00414580: 0xa00283e1	orr	r0, r3, r0, lsr #5
      0x00414584: 0xa11283e1	orr	r1, r3, r1, lsr #5
      0x00414588: 0x903181e0	umull	r3, r1, r0, r1
      0x0041458c: 0x02010ce2	and	r0, ip, #0x80000000
      0x00414590: 0x020551e3	cmp	r1, #0x800000
      0x00414594: 0x8110a031	lsllo	r1, r1, #1
      0x00414598: 0xa31f8131	orrlo	r1, r1, r3, lsr #31
      0x0041459c: 0x8330a031	lsllo	r3, r3, #1
      0x004145a0: 0x010080e1	orr	r0, r0, r1
      0x004145a4: 0x7f20c2e2	sbc	r2, r2, #0x7f
      0x004145a8: 0xfd0052e3	cmp	r2, #0xfd
      0x004145ac: 0x0f00008a	bhi	#0x4145f0
      0x004145b0: 0x020153e3	cmp	r3, #0x80000000
      0x004145b4: 0x820ba0e0	adc	r0, r0, r2, lsl #23
      0x004145b8: 0x0100c003	biceq	r0, r0, #1
      0x004145bc: 0x1eff2fe1	bx	lr
      0x004145c0: 0x000030e3	teq	r0, #0
      0x004145c4: 0x02c10ce2	and	ip, ip, #0x80000000
      0x004145c8: 0x8114a001	lsleq	r1, r1, #9
      0x004145cc: 0xa0048ce1	orr	r0, ip, r0, lsr #9
      0x004145d0: 0xa10480e1	orr	r0, r0, r1, lsr #9
      0x004145d4: 0x7f2052e2	subs	r2, r2, #0x7f
      0x004145d8: 0xff3072c2	rsbsgt	r3, r2, #0xff
      0x004145dc: 0x820b80c1	orrgt	r0, r0, r2, lsl #23
      0x004145e0: 0x1eff2fc1	bxgt	lr
      0x004145e4: 0x020580e3	orr	r0, r0, #0x800000
      0x004145e8: 0x0030a0e3	mov	r3, #0
      0x004145ec: 0x012052e2	subs	r2, r2, #1
      0x004145f0: 0x350000ca	bgt	#0x4146cc
      0x004145f4: 0x190072e3	cmn	r2, #0x19
      0x004145f8: 0x020100d2	andle	r0, r0, #0x80000000
      0x004145fc: 0x1eff2fd1	bxle	lr
      0x00414600: 0x002062e2	rsb	r2, r2, #0
      0x00414604: 0x8010b0e1	lsls	r1, r0, #1
      0x00414608: 0x3112a0e1	lsr	r1, r1, r2
      0x0041460c: 0x202062e2	rsb	r2, r2, #0x20
      0x00414610: 0x10c2a0e1	lsl	ip, r0, r2
      0x00414614: 0x6100b0e1	rrxs	r0, r1
      0x00414618: 0x0000a0e2	adc	r0, r0, #0
      0x0041461c: 0x8c3093e1	orrs	r3, r3, ip, lsl #1
      0x00414620: 0xac0fc001	biceq	r0, r0, ip, lsr #31
      0x00414624: 0x1eff2fe1	bx	lr
      0x00414628: 0x000032e3	teq	r2, #0
      0x0041462c: 0x02c100e2	and	ip, r0, #0x80000000
      0x00414630: 0x8000a001	lsleq	r0, r0, #1
      0x00414634: 0x02051003	tsteq	r0, #0x800000
      0x00414638: 0x01204202	subeq	r2, r2, #1
      0x0041463c: 0xfbffff0a	beq	#0x414630
      0x00414640: 0x0c0080e1	orr	r0, r0, ip
      0x00414644: 0x000033e3	teq	r3, #0
      0x00414648: 0x02c101e2	and	ip, r1, #0x80000000
      0x0041464c: 0x8110a001	lsleq	r1, r1, #1
      0x00414650: 0x02051103	tsteq	r1, #0x800000
      0x00414654: 0x01304302	subeq	r3, r3, #1
      0x00414658: 0xfbffff0a	beq	#0x41464c
      0x0041465c: 0x0c1081e1	orr	r1, r1, ip
b     at 0x00414660: hooking 0xc0ffffea	b	#0x414568 -> 0x66ae03eb	bl	#0x500000
      0x00414664: 0xa13b0ce0	and	r3, ip, r1, lsr #23
      0x00414668: 0x0c0032e1	teq	r2, ip
      0x0041466c: 0x0c003311	teqne	r3, ip
      0x00414670: 0x0500000a	beq	#0x41468c
      0x00414674: 0x02c1d0e3	bics	ip, r0, #0x80000000
      0x00414678: 0x02c1d113	bicsne	ip, r1, #0x80000000
      0x0041467c: 0xe9ffff1a	bne	#0x414628
      0x00414680: 0x010020e0	eor	r0, r0, r1
      0x00414684: 0x020100e2	and	r0, r0, #0x80000000
      0x00414688: 0x1eff2fe1	bx	lr
      0x0041468c: 0x000030e3	teq	r0, #0
      0x00414690: 0x02013013	teqne	r0, #0x80000000
      0x00414694: 0x0100a001	moveq	r0, r1
      0x00414698: 0x00003113	teqne	r1, #0
      0x0041469c: 0x02013113	teqne	r1, #0x80000000
      0x004146a0: 0x0d00000a	beq	#0x4146dc
      0x004146a4: 0x0c0032e1	teq	r2, ip
      0x004146a8: 0x0100001a	bne	#0x4146b4
      0x004146ac: 0x8024b0e1	lsls	r2, r0, #9
      0x004146b0: 0x0900001a	bne	#0x4146dc
      0x004146b4: 0x0c0033e1	teq	r3, ip
      0x004146b8: 0x0200001a	bne	#0x4146c8
      0x004146bc: 0x8134b0e1	lsls	r3, r1, #9
      0x004146c0: 0x0100a011	movne	r0, r1
      0x004146c4: 0x0400001a	bne	#0x4146dc
      0x004146c8: 0x010020e0	eor	r0, r0, r1
      0x004146cc: 0x020100e2	and	r0, r0, #0x80000000
      0x004146d0: 0x7f0480e3	orr	r0, r0, #0x7f000000
      0x004146d4: 0x020580e3	orr	r0, r0, #0x800000
      0x004146d8: 0x1eff2fe1	bx	lr
      0x004146dc: 0x7f0480e3	orr	r0, r0, #0x7f000000
      0x004146e0: 0x030580e3	orr	r0, r0, #0xc00000
      0x004146e4: 0x1eff2fe1	bx	lr
      0x004146e8: 0x000051e3	cmp	r1, #0
      0x004146ec: 0x4300000a	beq	#0x414800
      0x004146f0: 0x01c020e0	eor	ip, r0, r1
      0x004146f4: 0x00106142	rsbmi	r1, r1, #0
      0x004146f8: 0x012051e2	subs	r2, r1, #1
      0x004146fc: 0x2700000a	beq	#0x4147a0
      0x00414700: 0x0030b0e1	movs	r3, r0
      0x00414704: 0x00306042	rsbmi	r3, r0, #0
      0x00414708: 0x010053e1	cmp	r3, r1
      0x0041470c: 0x2600009a	bls	#0x4147ac
      0x00414710: 0x020011e1	tst	r1, r2
      0x00414714: 0x2800000a	beq	#0x4147bc
      0x00414718: 0x0e0211e3	tst	r1, #0xe0000000
      0x0041471c: 0x8111a001	lsleq	r1, r1, #3
      0x00414720: 0x0820a003	moveq	r2, #8
      0x00414724: 0x0120a013	movne	r2, #1
      0x00414728: 0x010251e3	cmp	r1, #0x10000000
      0x0041472c: 0x03005131	cmplo	r1, r3
      0x00414730: 0x0112a031	lsllo	r1, r1, #4
      0x00414734: 0x0222a031	lsllo	r2, r2, #4
      0x00414738: 0xfaffff3a	blo	#0x414728
      0x0041473c: 0x020151e3	cmp	r1, #0x80000000
      0x00414740: 0x03005131	cmplo	r1, r3
      0x00414744: 0x8110a031	lsllo	r1, r1, #1
      0x00414748: 0x8220a031	lsllo	r2, r2, #1
      0x0041474c: 0xfaffff3a	blo	#0x41473c
      0x00414750: 0x0000a0e3	mov	r0, #0
      0x00414754: 0x010053e1	cmp	r3, r1
      0x00414758: 0x01304320	subhs	r3, r3, r1
      0x0041475c: 0x02008021	orrhs	r0, r0, r2
      0x00414760: 0xa10053e1	cmp	r3, r1, lsr #1
      0x00414764: 0xa1304320	subhs	r3, r3, r1, lsr #1
      0x00414768: 0xa2008021	orrhs	r0, r0, r2, lsr #1
      0x0041476c: 0x210153e1	cmp	r3, r1, lsr #2
      0x00414770: 0x21314320	subhs	r3, r3, r1, lsr #2
      0x00414774: 0x22018021	orrhs	r0, r0, r2, lsr #2
      0x00414778: 0xa10153e1	cmp	r3, r1, lsr #3
      0x0041477c: 0xa1314320	subhs	r3, r3, r1, lsr #3
      0x00414780: 0xa2018021	orrhs	r0, r0, r2, lsr #3
      0x00414784: 0x000053e3	cmp	r3, #0
      0x00414788: 0x2222b011	lsrsne	r2, r2, #4
      0x0041478c: 0x2112a011	lsrne	r1, r1, #4
      0x00414790: 0xefffff1a	bne	#0x414754
      0x00414794: 0x00005ce3	cmp	ip, #0
      0x00414798: 0x00006042	rsbmi	r0, r0, #0
      0x0041479c: 0x1eff2fe1	bx	lr
      0x004147a0: 0x00003ce1	teq	ip, r0
      0x004147a4: 0x00006042	rsbmi	r0, r0, #0
      0x004147a8: 0x1eff2fe1	bx	lr
      0x004147ac: 0x0000a033	movlo	r0, #0
      0x004147b0: 0xcc0fa001	asreq	r0, ip, #0x1f
      0x004147b4: 0x01008003	orreq	r0, r0, #1
      0x004147b8: 0x1eff2fe1	bx	lr
      0x004147bc: 0x010851e3	cmp	r1, #0x10000
      0x004147c0: 0x2118a021	lsrhs	r1, r1, #0x10
      0x004147c4: 0x1020a023	movhs	r2, #0x10
      0x004147c8: 0x0020a033	movlo	r2, #0
      0x004147cc: 0x010c51e3	cmp	r1, #0x100
      0x004147d0: 0x2114a021	lsrhs	r1, r1, #8
      0x004147d4: 0x08208222	addhs	r2, r2, #8
      0x004147d8: 0x100051e3	cmp	r1, #0x10
      0x004147dc: 0x2112a021	lsrhs	r1, r1, #4
      0x004147e0: 0x04208222	addhs	r2, r2, #4
      0x004147e4: 0x040051e3	cmp	r1, #4
      0x004147e8: 0x03208282	addhi	r2, r2, #3
      0x004147ec: 0xa1208290	addls	r2, r2, r1, lsr #1
      0x004147f0: 0x00005ce3	cmp	ip, #0
      0x004147f4: 0x3302a0e1	lsr	r0, r3, r2
      0x004147f8: 0x00006042	rsbmi	r0, r0, #0
      0x004147fc: 0x1eff2fe1	bx	lr
      0x00414800: 0x000050e3	cmp	r0, #0
      0x00414804: 0x0201e0c3	mvngt	r0, #0x80000000
      0x00414808: 0x0201a0b3	movlt	r0, #0x80000000
b     at 0x0041480c: hooking 0x070000ea	b	#0x414830 -> 0xfbad03eb	bl	#0x500000
      0x00414810: 0x000051e3	cmp	r1, #0
      0x00414814: 0xf9ffff0a	beq	#0x414800
      0x00414818: 0x03402de9	push	{r0, r1, lr}
bl    at 0x0041481c: hooking 0xb3ffffeb	bl	#0x4146f0 -> 0x0bae03eb	bl	#0x500050
      0x00414820: 0x0640bde8	pop	{r1, r2, lr}
      0x00414824: 0x920003e0	mul	r3, r2, r0
      0x00414828: 0x031041e0	sub	r1, r1, r3
      0x0041482c: 0x1eff2fe1	bx	lr
      0x00414830: 0x1eff2fe1	bx	lr
      0x00414834: 0x021121e2	eor	r1, r1, #0x80000000
b     at 0x00414838: hooking 0x000000ea	b	#0x414840 -> 0xf0ad03eb	bl	#0x500000
      0x0041483c: 0x023123e2	eor	r3, r3, #0x80000000
      0x00414840: 0x30402de9	push	{r4, r5, lr}
      0x00414844: 0x8140a0e1	lsl	r4, r1, #1
      0x00414848: 0x8350a0e1	lsl	r5, r3, #1
      0x0041484c: 0x050034e1	teq	r4, r5
      0x00414850: 0x02003001	teqeq	r0, r2
      0x00414854: 0x00c09411	orrsne	ip, r4, r0
      0x00414858: 0x02c09511	orrsne	ip, r5, r2
      0x0041485c: 0xc4caf011	mvnsne	ip, r4, asr #21
      0x00414860: 0xc5caf011	mvnsne	ip, r5, asr #21
      0x00414864: 0x8c00000a	beq	#0x414a9c
      0x00414868: 0xa44aa0e1	lsr	r4, r4, #0x15
      0x0041486c: 0xa55a74e0	rsbs	r5, r4, r5, lsr #21
      0x00414870: 0x005065b2	rsblt	r5, r5, #0
      0x00414874: 0x060000da	ble	#0x414894
      0x00414878: 0x054084e0	add	r4, r4, r5
      0x0041487c: 0x022020e0	eor	r2, r0, r2
      0x00414880: 0x033021e0	eor	r3, r1, r3
      0x00414884: 0x000022e0	eor	r0, r2, r0
      0x00414888: 0x011023e0	eor	r1, r3, r1
      0x0041488c: 0x022020e0	eor	r2, r0, r2
      0x00414890: 0x033021e0	eor	r3, r1, r3
      0x00414894: 0x360055e3	cmp	r5, #0x36
      0x00414898: 0x3040bd88	pophi	{r4, r5, lr}
      0x0041489c: 0x1eff2f81	bxhi	lr
      0x004148a0: 0x020111e3	tst	r1, #0x80000000
      0x004148a4: 0x0116a0e1	lsl	r1, r1, #0xc
      0x004148a8: 0x01c6a0e3	mov	ip, #0x100000
      0x004148ac: 0x21168ce1	orr	r1, ip, r1, lsr #12
      0x004148b0: 0x0100000a	beq	#0x4148bc
      0x004148b4: 0x000070e2	rsbs	r0, r0, #0
      0x004148b8: 0x0010e1e2	rsc	r1, r1, #0
      0x004148bc: 0x020113e3	tst	r3, #0x80000000
      0x004148c0: 0x0336a0e1	lsl	r3, r3, #0xc
      0x004148c4: 0x23368ce1	orr	r3, ip, r3, lsr #12
      0x004148c8: 0x0100000a	beq	#0x4148d4
      0x004148cc: 0x002072e2	rsbs	r2, r2, #0
      0x004148d0: 0x0030e3e2	rsc	r3, r3, #0
      0x004148d4: 0x050034e1	teq	r4, r5
      0x004148d8: 0x6900000a	beq	#0x414a84
      0x004148dc: 0x014044e2	sub	r4, r4, #1
      0x004148e0: 0x20e075e2	rsbs	lr, r5, #0x20
      0x004148e4: 0x050000ba	blt	#0x414900
      0x004148e8: 0x12cea0e1	lsl	ip, r2, lr
      0x004148ec: 0x320590e0	adds	r0, r0, r2, lsr r5
      0x004148f0: 0x0010a1e2	adc	r1, r1, #0
      0x004148f4: 0x130e90e0	adds	r0, r0, r3, lsl lr
      0x004148f8: 0x5315b1e0	adcs	r1, r1, r3, asr r5
b     at 0x004148fc: hooking 0x060000ea	b	#0x41491c -> 0xbfad03eb	bl	#0x500000
      0x00414900: 0x205045e2	sub	r5, r5, #0x20
      0x00414904: 0x20e08ee2	add	lr, lr, #0x20
      0x00414908: 0x010052e3	cmp	r2, #1
      0x0041490c: 0x13cea0e1	lsl	ip, r3, lr
      0x00414910: 0x02c08c23	orrhs	ip, ip, #2
      0x00414914: 0x530590e0	adds	r0, r0, r3, asr r5
      0x00414918: 0xc31fb1e0	adcs	r1, r1, r3, asr #31
      0x0041491c: 0x025101e2	and	r5, r1, #0x80000000
      0x00414920: 0x0200005a	bpl	#0x414930
      0x00414924: 0x00c07ce2	rsbs	ip, ip, #0
      0x00414928: 0x0000f0e2	rscs	r0, r0, #0
      0x0041492c: 0x0010e1e2	rsc	r1, r1, #0
      0x00414930: 0x010651e3	cmp	r1, #0x100000
      0x00414934: 0x0f00003a	blo	#0x414978
      0x00414938: 0x020651e3	cmp	r1, #0x200000
      0x0041493c: 0x0600003a	blo	#0x41495c
      0x00414940: 0xa110b0e1	lsrs	r1, r1, #1
      0x00414944: 0x6000b0e1	rrxs	r0, r0
      0x00414948: 0x6cc0a0e1	rrx	ip, ip
      0x0041494c: 0x014084e2	add	r4, r4, #1
      0x00414950: 0x842aa0e1	lsl	r2, r4, #0x15
      0x00414954: 0x010572e3	cmn	r2, #0x400000
      0x00414958: 0x6b00002a	bhs	#0x414b0c
      0x0041495c: 0x02015ce3	cmp	ip, #0x80000000
      0x00414960: 0xa0c0b001	lsrseq	ip, r0, #1
      0x00414964: 0x0000b0e2	adcs	r0, r0, #0
      0x00414968: 0x041aa1e0	adc	r1, r1, r4, lsl #20
      0x0041496c: 0x051081e1	orr	r1, r1, r5
      0x00414970: 0x3040bde8	pop	{r4, r5, lr}
      0x00414974: 0x1eff2fe1	bx	lr
      0x00414978: 0x8cc0b0e1	lsls	ip, ip, #1
      0x0041497c: 0x0000b0e0	adcs	r0, r0, r0
      0x00414980: 0x0110a1e0	adc	r1, r1, r1
      0x00414984: 0x014054e2	subs	r4, r4, #1
      0x00414988: 0x01065123	cmphs	r1, #0x100000
      0x0041498c: 0xf2ffff2a	bhs	#0x41495c
      0x00414990: 0x000031e3	teq	r1, #0
      0x00414994: 0x1430a013	movne	r3, #0x14
      0x00414998: 0x3430a003	moveq	r3, #0x34
      0x0041499c: 0x0010a001	moveq	r1, r0
      0x004149a0: 0x0000a003	moveq	r0, #0
      0x004149a4: 0x0120a0e1	mov	r2, r1
      0x004149a8: 0x010852e3	cmp	r2, #0x10000
      0x004149ac: 0x2228a021	lsrhs	r2, r2, #0x10
      0x004149b0: 0x10304322	subhs	r3, r3, #0x10
      0x004149b4: 0x010c52e3	cmp	r2, #0x100
      0x004149b8: 0x2224a021	lsrhs	r2, r2, #8
      0x004149bc: 0x08304322	subhs	r3, r3, #8
      0x004149c0: 0x100052e3	cmp	r2, #0x10
      0x004149c4: 0x2222a021	lsrhs	r2, r2, #4
      0x004149c8: 0x04304322	subhs	r3, r3, #4
      0x004149cc: 0x040052e3	cmp	r2, #4
      0x004149d0: 0x02304322	subhs	r3, r3, #2
      0x004149d4: 0xa2304330	sublo	r3, r3, r2, lsr #1
      0x004149d8: 0xa23143e0	sub	r3, r3, r2, lsr #3
      0x004149dc: 0x202053e2	subs	r2, r3, #0x20
      0x004149e0: 0x070000aa	bge	#0x414a04
      0x004149e4: 0x0c2092e2	adds	r2, r2, #0xc
      0x004149e8: 0x040000da	ble	#0x414a00
      0x004149ec: 0x14c082e2	add	ip, r2, #0x14
      0x004149f0: 0x0c2062e2	rsb	r2, r2, #0xc
      0x004149f4: 0x110ca0e1	lsl	r0, r1, ip
      0x004149f8: 0x3112a0e1	lsr	r1, r1, r2
b     at 0x004149fc: hooking 0x040000ea	b	#0x414a14 -> 0x7fad03eb	bl	#0x500000
      0x00414a00: 0x142082e2	add	r2, r2, #0x14
      0x00414a04: 0x20c062d2	rsble	ip, r2, #0x20
      0x00414a08: 0x1112a0e1	lsl	r1, r1, r2
      0x00414a0c: 0x301c81d1	orrle	r1, r1, r0, lsr ip
      0x00414a10: 0x1002a0d1	lslle	r0, r0, r2
      0x00414a14: 0x034054e0	subs	r4, r4, r3
      0x00414a18: 0x041a81a0	addge	r1, r1, r4, lsl #20
      0x00414a1c: 0x051081a1	orrge	r1, r1, r5
      0x00414a20: 0x3040bda8	popge	{r4, r5, lr}
      0x00414a24: 0x1eff2fa1	bxge	lr
      0x00414a28: 0x0440e0e1	mvn	r4, r4
      0x00414a2c: 0x1f4054e2	subs	r4, r4, #0x1f
      0x00414a30: 0x0f0000aa	bge	#0x414a74
      0x00414a34: 0x0c4094e2	adds	r4, r4, #0xc
      0x00414a38: 0x060000ca	bgt	#0x414a58
      0x00414a3c: 0x144084e2	add	r4, r4, #0x14
      0x00414a40: 0x202064e2	rsb	r2, r4, #0x20
      0x00414a44: 0x3004a0e1	lsr	r0, r0, r4
      0x00414a48: 0x110280e1	orr	r0, r0, r1, lsl r2
      0x00414a4c: 0x311485e1	orr	r1, r5, r1, lsr r4
      0x00414a50: 0x3040bde8	pop	{r4, r5, lr}
      0x00414a54: 0x1eff2fe1	bx	lr
      0x00414a58: 0x0c4064e2	rsb	r4, r4, #0xc
      0x00414a5c: 0x202064e2	rsb	r2, r4, #0x20
      0x00414a60: 0x3002a0e1	lsr	r0, r0, r2
      0x00414a64: 0x110480e1	orr	r0, r0, r1, lsl r4
      0x00414a68: 0x0510a0e1	mov	r1, r5
      0x00414a6c: 0x3040bde8	pop	{r4, r5, lr}
      0x00414a70: 0x1eff2fe1	bx	lr
      0x00414a74: 0x3104a0e1	lsr	r0, r1, r4
      0x00414a78: 0x0510a0e1	mov	r1, r5
      0x00414a7c: 0x3040bde8	pop	{r4, r5, lr}
      0x00414a80: 0x1eff2fe1	bx	lr
      0x00414a84: 0x000034e3	teq	r4, #0
      0x00414a88: 0x013623e2	eor	r3, r3, #0x100000
      0x00414a8c: 0x01162102	eoreq	r1, r1, #0x100000
      0x00414a90: 0x01408402	addeq	r4, r4, #1
      0x00414a94: 0x01504512	subne	r5, r5, #1
b     at 0x00414a98: hooking 0x8fffffea	b	#0x4148dc -> 0x58ad03eb	bl	#0x500000
      0x00414a9c: 0xc4caf0e1	mvns	ip, r4, asr #21
      0x00414aa0: 0xc5caf011	mvnsne	ip, r5, asr #21
      0x00414aa4: 0x1d00000a	beq	#0x414b20
      0x00414aa8: 0x050034e1	teq	r4, r5
      0x00414aac: 0x02003001	teqeq	r0, r2
      0x00414ab0: 0x0400000a	beq	#0x414ac8
      0x00414ab4: 0x00c094e1	orrs	ip, r4, r0
      0x00414ab8: 0x0310a001	moveq	r1, r3
      0x00414abc: 0x0200a001	moveq	r0, r2
      0x00414ac0: 0x3040bde8	pop	{r4, r5, lr}
      0x00414ac4: 0x1eff2fe1	bx	lr
      0x00414ac8: 0x030031e1	teq	r1, r3
      0x00414acc: 0x0010a013	movne	r1, #0
      0x00414ad0: 0x0000a013	movne	r0, #0
      0x00414ad4: 0x3040bd18	popne	{r4, r5, lr}
      0x00414ad8: 0x1eff2f11	bxne	lr
      0x00414adc: 0xa4cab0e1	lsrs	ip, r4, #0x15
      0x00414ae0: 0x0400001a	bne	#0x414af8
      0x00414ae4: 0x8000b0e1	lsls	r0, r0, #1
      0x00414ae8: 0x0110b1e0	adcs	r1, r1, r1
      0x00414aec: 0x02118123	orrhs	r1, r1, #0x80000000
      0x00414af0: 0x3040bde8	pop	{r4, r5, lr}
      0x00414af4: 0x1eff2fe1	bx	lr
      0x00414af8: 0x014594e2	adds	r4, r4, #0x400000
      0x00414afc: 0x01168132	addlo	r1, r1, #0x100000
      0x00414b00: 0x3040bd38	poplo	{r4, r5, lr}
      0x00414b04: 0x1eff2f31	bxlo	lr
      0x00414b08: 0x025101e2	and	r5, r1, #0x80000000
      0x00414b0c: 0x7f1485e3	orr	r1, r5, #0x7f000000
      0x00414b10: 0x0f1681e3	orr	r1, r1, #0xf00000
      0x00414b14: 0x0000a0e3	mov	r0, #0
      0x00414b18: 0x3040bde8	pop	{r4, r5, lr}
      0x00414b1c: 0x1eff2fe1	bx	lr
      0x00414b20: 0xc4caf0e1	mvns	ip, r4, asr #21
      0x00414b24: 0x0310a011	movne	r1, r3
      0x00414b28: 0x0200a011	movne	r0, r2
      0x00414b2c: 0xc5caf001	mvnseq	ip, r5, asr #21
      0x00414b30: 0x0130a011	movne	r3, r1
      0x00414b34: 0x0020a011	movne	r2, r0
      0x00414b38: 0x014690e1	orrs	r4, r0, r1, lsl #12
      0x00414b3c: 0x03569201	orrseq	r5, r2, r3, lsl #12
      0x00414b40: 0x03003101	teqeq	r1, r3
      0x00414b44: 0x02178113	orrne	r1, r1, #0x80000
      0x00414b48: 0x3040bde8	pop	{r4, r5, lr}
      0x00414b4c: 0x1eff2fe1	bx	lr
      0x00414b50: 0x000030e3	teq	r0, #0
      0x00414b54: 0x0010a003	moveq	r1, #0
      0x00414b58: 0x1eff2f01	bxeq	lr
      0x00414b5c: 0x30402de9	push	{r4, r5, lr}
      0x00414b60: 0x014ba0e3	mov	r4, #0x400
      0x00414b64: 0x324084e2	add	r4, r4, #0x32
      0x00414b68: 0x0050a0e3	mov	r5, #0
      0x00414b6c: 0x0010a0e3	mov	r1, #0
b     at 0x00414b70: hooking 0x86ffffea	b	#0x414990 -> 0x22ad03eb	bl	#0x500000
      0x00414b74: 0x000030e3	teq	r0, #0
      0x00414b78: 0x0010a003	moveq	r1, #0
      0x00414b7c: 0x1eff2f01	bxeq	lr
      0x00414b80: 0x30402de9	push	{r4, r5, lr}
      0x00414b84: 0x014ba0e3	mov	r4, #0x400
      0x00414b88: 0x324084e2	add	r4, r4, #0x32
      0x00414b8c: 0x025110e2	ands	r5, r0, #0x80000000
      0x00414b90: 0x00006042	rsbmi	r0, r0, #0
      0x00414b94: 0x0010a0e3	mov	r1, #0
b     at 0x00414b98: hooking 0x7cffffea	b	#0x414990 -> 0x18ad03eb	bl	#0x500000
      0x00414b9c: 0x8020b0e1	lsls	r2, r0, #1
      0x00414ba0: 0xc211a0e1	asr	r1, r2, #3
      0x00414ba4: 0x6110a0e1	rrx	r1, r1
      0x00414ba8: 0x020ea0e1	lsl	r0, r2, #0x1c
      0x00414bac: 0xff341212	andsne	r3, r2, #0xff000000
      0x00414bb0: 0xff043313	teqne	r3, #0xff000000
      0x00414bb4: 0x0e132112	eorne	r1, r1, #0x38000000
      0x00414bb8: 0x1eff2f11	bxne	lr
      0x00414bbc: 0xff24d2e3	bics	r2, r2, #0xff000000
      0x00414bc0: 0x1eff2f01	bxeq	lr
      0x00414bc4: 0xff0433e3	teq	r3, #0xff000000
      0x00414bc8: 0x02178103	orreq	r1, r1, #0x80000
      0x00414bcc: 0x1eff2f01	bxeq	lr
      0x00414bd0: 0x30402de9	push	{r4, r5, lr}
      0x00414bd4: 0x0e4da0e3	mov	r4, #0x380
      0x00414bd8: 0x025101e2	and	r5, r1, #0x80000000
      0x00414bdc: 0x0211c1e3	bic	r1, r1, #0x80000000
b     at 0x00414be0: hooking 0x6affffea	b	#0x414990 -> 0x06ad03eb	bl	#0x500000
      0x00414be4: 0x012090e1	orrs	r2, r0, r1
      0x00414be8: 0x1eff2f01	bxeq	lr
      0x00414bec: 0x30402de9	push	{r4, r5, lr}
      0x00414bf0: 0x0050a0e3	mov	r5, #0
b     at 0x00414bf4: hooking 0x060000ea	b	#0x414c14 -> 0x01ad03eb	bl	#0x500000
      0x00414bf8: 0x012090e1	orrs	r2, r0, r1
      0x00414bfc: 0x1eff2f01	bxeq	lr
      0x00414c00: 0x30402de9	push	{r4, r5, lr}
      0x00414c04: 0x025111e2	ands	r5, r1, #0x80000000
      0x00414c08: 0x0100005a	bpl	#0x414c14
      0x00414c0c: 0x000070e2	rsbs	r0, r0, #0
      0x00414c10: 0x0010e1e2	rsc	r1, r1, #0
      0x00414c14: 0x014ba0e3	mov	r4, #0x400
      0x00414c18: 0x324084e2	add	r4, r4, #0x32
      0x00414c1c: 0x21cbb0e1	lsrs	ip, r1, #0x16
      0x00414c20: 0x42ffff0a	beq	#0x414930
      0x00414c24: 0x0320a0e3	mov	r2, #3
      0x00414c28: 0xacc1b0e1	lsrs	ip, ip, #3
      0x00414c2c: 0x03208212	addne	r2, r2, #3
      0x00414c30: 0xacc1b0e1	lsrs	ip, ip, #3
      0x00414c34: 0x03208212	addne	r2, r2, #3
      0x00414c38: 0xac2182e0	add	r2, r2, ip, lsr #3
      0x00414c3c: 0x203062e2	rsb	r3, r2, #0x20
      0x00414c40: 0x10c3a0e1	lsl	ip, r0, r3
      0x00414c44: 0x3002a0e1	lsr	r0, r0, r2
      0x00414c48: 0x110380e1	orr	r0, r0, r1, lsl r3
      0x00414c4c: 0x3112a0e1	lsr	r1, r1, r2
      0x00414c50: 0x024084e0	add	r4, r4, r2
b     at 0x00414c54: hooking 0x35ffffea	b	#0x414930 -> 0xe9ac03eb	bl	#0x500000
      0x00414c58: 0x70402de9	push	{r4, r5, r6, lr}
      0x00414c5c: 0xffc0a0e3	mov	ip, #0xff
      0x00414c60: 0x07cc8ce3	orr	ip, ip, #0x700
      0x00414c64: 0x214a1ce0	ands	r4, ip, r1, lsr #20
      0x00414c68: 0x235a1c10	andsne	r5, ip, r3, lsr #20
      0x00414c6c: 0x0c003411	teqne	r4, ip
      0x00414c70: 0x0c003511	teqne	r5, ip
      0x00414c74: 0x7500000b	bleq	#0x414e50
      0x00414c78: 0x054084e0	add	r4, r4, r5
      0x00414c7c: 0x036021e0	eor	r6, r1, r3
      0x00414c80: 0x8c1ac1e1	bic	r1, r1, ip, lsl #21
      0x00414c84: 0x8c3ac3e1	bic	r3, r3, ip, lsl #21
      0x00414c88: 0x015690e1	orrs	r5, r0, r1, lsl #12
      0x00414c8c: 0x03569211	orrsne	r5, r2, r3, lsl #12
      0x00414c90: 0x011681e3	orr	r1, r1, #0x100000
      0x00414c94: 0x013683e3	orr	r3, r3, #0x100000
      0x00414c98: 0x1d00000a	beq	#0x414d14
      0x00414c9c: 0x90c28ee0	umull	ip, lr, r0, r2
      0x00414ca0: 0x0050a0e3	mov	r5, #0
      0x00414ca4: 0x91e2a5e0	umlal	lr, r5, r1, r2
      0x00414ca8: 0x022106e2	and	r2, r6, #0x80000000
      0x00414cac: 0x90e3a5e0	umlal	lr, r5, r0, r3
      0x00414cb0: 0x0060a0e3	mov	r6, #0
      0x00414cb4: 0x9153a6e0	umlal	r5, r6, r1, r3
      0x00414cb8: 0x00003ce3	teq	ip, #0
      0x00414cbc: 0x01e08e13	orrne	lr, lr, #1
      0x00414cc0: 0xff4044e2	sub	r4, r4, #0xff
      0x00414cc4: 0x020c56e3	cmp	r6, #0x200
      0x00414cc8: 0x034cc4e2	sbc	r4, r4, #0x300
      0x00414ccc: 0x0200002a	bhs	#0x414cdc
      0x00414cd0: 0x8ee0b0e1	lsls	lr, lr, #1
      0x00414cd4: 0x0550b5e0	adcs	r5, r5, r5
      0x00414cd8: 0x0660a6e0	adc	r6, r6, r6
      0x00414cdc: 0x861582e1	orr	r1, r2, r6, lsl #11
      0x00414ce0: 0xa51a81e1	orr	r1, r1, r5, lsr #21
      0x00414ce4: 0x8505a0e1	lsl	r0, r5, #0xb
      0x00414ce8: 0xae0a80e1	orr	r0, r0, lr, lsr #21
      0x00414cec: 0x8ee5a0e1	lsl	lr, lr, #0xb
      0x00414cf0: 0xfdc054e2	subs	ip, r4, #0xfd
      0x00414cf4: 0x070c5c83	cmphi	ip, #0x700
      0x00414cf8: 0x1100008a	bhi	#0x414d44
      0x00414cfc: 0x02015ee3	cmp	lr, #0x80000000
      0x00414d00: 0xa0e0b001	lsrseq	lr, r0, #1
      0x00414d04: 0x0000b0e2	adcs	r0, r0, #0
      0x00414d08: 0x041aa1e0	adc	r1, r1, r4, lsl #20
      0x00414d0c: 0x7040bde8	pop	{r4, r5, r6, lr}
      0x00414d10: 0x1eff2fe1	bx	lr
      0x00414d14: 0x026106e2	and	r6, r6, #0x80000000
      0x00414d18: 0x011086e1	orr	r1, r6, r1
      0x00414d1c: 0x020080e1	orr	r0, r0, r2
      0x00414d20: 0x031021e0	eor	r1, r1, r3
      0x00414d24: 0xac4054e0	subs	r4, r4, ip, lsr #1
      0x00414d28: 0x0c5074c0	rsbsgt	r5, r4, ip
      0x00414d2c: 0x041a81c1	orrgt	r1, r1, r4, lsl #20
      0x00414d30: 0x7040bdc8	popgt	{r4, r5, r6, lr}
      0x00414d34: 0x1eff2fc1	bxgt	lr
      0x00414d38: 0x011681e3	orr	r1, r1, #0x100000
      0x00414d3c: 0x00e0a0e3	mov	lr, #0
      0x00414d40: 0x014054e2	subs	r4, r4, #1
      0x00414d44: 0x5d0000ca	bgt	#0x414ec0
      0x00414d48: 0x360074e3	cmn	r4, #0x36
      0x00414d4c: 0x0000a0d3	movle	r0, #0
      0x00414d50: 0x021101d2	andle	r1, r1, #0x80000000
      0x00414d54: 0x7040bdd8	pople	{r4, r5, r6, lr}
      0x00414d58: 0x1eff2fd1	bxle	lr
      0x00414d5c: 0x004064e2	rsb	r4, r4, #0
      0x00414d60: 0x204054e2	subs	r4, r4, #0x20
      0x00414d64: 0x1a0000aa	bge	#0x414dd4
      0x00414d68: 0x0c4094e2	adds	r4, r4, #0xc
      0x00414d6c: 0x0c0000ca	bgt	#0x414da4
      0x00414d70: 0x144084e2	add	r4, r4, #0x14
      0x00414d74: 0x205064e2	rsb	r5, r4, #0x20
      0x00414d78: 0x1035a0e1	lsl	r3, r0, r5
      0x00414d7c: 0x3004a0e1	lsr	r0, r0, r4
      0x00414d80: 0x110580e1	orr	r0, r0, r1, lsl r5
      0x00414d84: 0x022101e2	and	r2, r1, #0x80000000
      0x00414d88: 0x0211c1e3	bic	r1, r1, #0x80000000
      0x00414d8c: 0xa30f90e0	adds	r0, r0, r3, lsr #31
      0x00414d90: 0x3114a2e0	adc	r1, r2, r1, lsr r4
      0x00414d94: 0x83e09ee1	orrs	lr, lr, r3, lsl #1
      0x00414d98: 0xa30fc001	biceq	r0, r0, r3, lsr #31
      0x00414d9c: 0x7040bde8	pop	{r4, r5, r6, lr}
      0x00414da0: 0x1eff2fe1	bx	lr
      0x00414da4: 0x0c4064e2	rsb	r4, r4, #0xc
      0x00414da8: 0x205064e2	rsb	r5, r4, #0x20
      0x00414dac: 0x1034a0e1	lsl	r3, r0, r4
      0x00414db0: 0x3005a0e1	lsr	r0, r0, r5
      0x00414db4: 0x110480e1	orr	r0, r0, r1, lsl r4
      0x00414db8: 0x021101e2	and	r1, r1, #0x80000000
      0x00414dbc: 0xa30f90e0	adds	r0, r0, r3, lsr #31
      0x00414dc0: 0x0010a1e2	adc	r1, r1, #0
      0x00414dc4: 0x83e09ee1	orrs	lr, lr, r3, lsl #1
      0x00414dc8: 0xa30fc001	biceq	r0, r0, r3, lsr #31
      0x00414dcc: 0x7040bde8	pop	{r4, r5, r6, lr}
      0x00414dd0: 0x1eff2fe1	bx	lr
      0x00414dd4: 0x205064e2	rsb	r5, r4, #0x20
      0x00414dd8: 0x10e58ee1	orr	lr, lr, r0, lsl r5
      0x00414ddc: 0x3034a0e1	lsr	r3, r0, r4
      0x00414de0: 0x113583e1	orr	r3, r3, r1, lsl r5
      0x00414de4: 0x3104a0e1	lsr	r0, r1, r4
      0x00414de8: 0x021101e2	and	r1, r1, #0x80000000
      0x00414dec: 0x3104c0e1	bic	r0, r0, r1, lsr r4
      0x00414df0: 0xa30f80e0	add	r0, r0, r3, lsr #31
      0x00414df4: 0x83e09ee1	orrs	lr, lr, r3, lsl #1
      0x00414df8: 0xa30fc001	biceq	r0, r0, r3, lsr #31
      0x00414dfc: 0x7040bde8	pop	{r4, r5, r6, lr}
      0x00414e00: 0x1eff2fe1	bx	lr
      0x00414e04: 0x000034e3	teq	r4, #0
      0x00414e08: 0x0800001a	bne	#0x414e30
      0x00414e0c: 0x026101e2	and	r6, r1, #0x80000000
      0x00414e10: 0x8000b0e1	lsls	r0, r0, #1
      0x00414e14: 0x0110a1e0	adc	r1, r1, r1
      0x00414e18: 0x010611e3	tst	r1, #0x100000
      0x00414e1c: 0x01404402	subeq	r4, r4, #1
      0x00414e20: 0xfaffff0a	beq	#0x414e10
      0x00414e24: 0x061081e1	orr	r1, r1, r6
      0x00414e28: 0x000035e3	teq	r5, #0
      0x00414e2c: 0x1eff2f11	bxne	lr
      0x00414e30: 0x026103e2	and	r6, r3, #0x80000000
      0x00414e34: 0x8220b0e1	lsls	r2, r2, #1
      0x00414e38: 0x0330a3e0	adc	r3, r3, r3
      0x00414e3c: 0x010613e3	tst	r3, #0x100000
      0x00414e40: 0x01504502	subeq	r5, r5, #1
      0x00414e44: 0xfaffff0a	beq	#0x414e34
      0x00414e48: 0x063083e1	orr	r3, r3, r6
      0x00414e4c: 0x1eff2fe1	bx	lr
      0x00414e50: 0x0c0034e1	teq	r4, ip
      0x00414e54: 0x235a0ce0	and	r5, ip, r3, lsr #20
      0x00414e58: 0x0c003511	teqne	r5, ip
      0x00414e5c: 0x0700000a	beq	#0x414e80
      0x00414e60: 0x816090e1	orrs	r6, r0, r1, lsl #1
      0x00414e64: 0x83609211	orrsne	r6, r2, r3, lsl #1
      0x00414e68: 0xe5ffff1a	bne	#0x414e04
      0x00414e6c: 0x031021e0	eor	r1, r1, r3
      0x00414e70: 0x021101e2	and	r1, r1, #0x80000000
      0x00414e74: 0x0000a0e3	mov	r0, #0
      0x00414e78: 0x7040bde8	pop	{r4, r5, r6, lr}
      0x00414e7c: 0x1eff2fe1	bx	lr
      0x00414e80: 0x816090e1	orrs	r6, r0, r1, lsl #1
      0x00414e84: 0x0200a001	moveq	r0, r2
      0x00414e88: 0x0310a001	moveq	r1, r3
      0x00414e8c: 0x83609211	orrsne	r6, r2, r3, lsl #1
      0x00414e90: 0x1000000a	beq	#0x414ed8
      0x00414e94: 0x0c0034e1	teq	r4, ip
      0x00414e98: 0x0100001a	bne	#0x414ea4
      0x00414e9c: 0x016690e1	orrs	r6, r0, r1, lsl #12
      0x00414ea0: 0x0c00001a	bne	#0x414ed8
      0x00414ea4: 0x0c0035e1	teq	r5, ip
      0x00414ea8: 0x0300001a	bne	#0x414ebc
      0x00414eac: 0x036692e1	orrs	r6, r2, r3, lsl #12
      0x00414eb0: 0x0200a011	movne	r0, r2
      0x00414eb4: 0x0310a011	movne	r1, r3
      0x00414eb8: 0x0600001a	bne	#0x414ed8
      0x00414ebc: 0x031021e0	eor	r1, r1, r3
      0x00414ec0: 0x021101e2	and	r1, r1, #0x80000000
      0x00414ec4: 0x7f1481e3	orr	r1, r1, #0x7f000000
      0x00414ec8: 0x0f1681e3	orr	r1, r1, #0xf00000
      0x00414ecc: 0x0000a0e3	mov	r0, #0
      0x00414ed0: 0x7040bde8	pop	{r4, r5, r6, lr}
      0x00414ed4: 0x1eff2fe1	bx	lr
      0x00414ed8: 0x7f1481e3	orr	r1, r1, #0x7f000000
      0x00414edc: 0x3e1781e3	orr	r1, r1, #0xf80000
      0x00414ee0: 0x7040bde8	pop	{r4, r5, r6, lr}
      0x00414ee4: 0x1eff2fe1	bx	lr
      0x00414ee8: 0x70402de9	push	{r4, r5, r6, lr}
      0x00414eec: 0xffc0a0e3	mov	ip, #0xff
      0x00414ef0: 0x07cc8ce3	orr	ip, ip, #0x700
      0x00414ef4: 0x214a1ce0	ands	r4, ip, r1, lsr #20
      0x00414ef8: 0x235a1c10	andsne	r5, ip, r3, lsr #20
      0x00414efc: 0x0c003411	teqne	r4, ip
      0x00414f00: 0x0c003511	teqne	r5, ip
      0x00414f04: 0x5e00000b	bleq	#0x415084
      0x00414f08: 0x054044e0	sub	r4, r4, r5
      0x00414f0c: 0x03e021e0	eor	lr, r1, r3
      0x00414f10: 0x035692e1	orrs	r5, r2, r3, lsl #12
      0x00414f14: 0x0116a0e1	lsl	r1, r1, #0xc
      0x00414f18: 0x4c00000a	beq	#0x415050
      0x00414f1c: 0x0336a0e1	lsl	r3, r3, #0xc
      0x00414f20: 0x0152a0e3	mov	r5, #0x10000000
      0x00414f24: 0x233285e1	orr	r3, r5, r3, lsr #4
      0x00414f28: 0x223c83e1	orr	r3, r3, r2, lsr #24
      0x00414f2c: 0x0224a0e1	lsl	r2, r2, #8
      0x00414f30: 0x215285e1	orr	r5, r5, r1, lsr #4
      0x00414f34: 0x205c85e1	orr	r5, r5, r0, lsr #24
      0x00414f38: 0x0064a0e1	lsl	r6, r0, #8
      0x00414f3c: 0x02110ee2	and	r1, lr, #0x80000000
      0x00414f40: 0x030055e1	cmp	r5, r3
      0x00414f44: 0x02005601	cmpeq	r6, r2
      0x00414f48: 0xfd40a4e2	adc	r4, r4, #0xfd
      0x00414f4c: 0x034c84e2	add	r4, r4, #0x300
      0x00414f50: 0x0100002a	bhs	#0x414f5c
      0x00414f54: 0xa330b0e1	lsrs	r3, r3, #1
      0x00414f58: 0x6220a0e1	rrx	r2, r2
      0x00414f5c: 0x026056e0	subs	r6, r6, r2
      0x00414f60: 0x0350c5e0	sbc	r5, r5, r3
      0x00414f64: 0xa330b0e1	lsrs	r3, r3, #1
      0x00414f68: 0x6220a0e1	rrx	r2, r2
      0x00414f6c: 0x0106a0e3	mov	r0, #0x100000
      0x00414f70: 0x02c7a0e3	mov	ip, #0x80000
      0x00414f74: 0x02e056e0	subs	lr, r6, r2
      0x00414f78: 0x03e0d5e0	sbcs	lr, r5, r3
      0x00414f7c: 0x02604620	subhs	r6, r6, r2
      0x00414f80: 0x0e50a021	movhs	r5, lr
      0x00414f84: 0x0c008021	orrhs	r0, r0, ip
      0x00414f88: 0xa330b0e1	lsrs	r3, r3, #1
      0x00414f8c: 0x6220a0e1	rrx	r2, r2
      0x00414f90: 0x02e056e0	subs	lr, r6, r2
      0x00414f94: 0x03e0d5e0	sbcs	lr, r5, r3
      0x00414f98: 0x02604620	subhs	r6, r6, r2
      0x00414f9c: 0x0e50a021	movhs	r5, lr
      0x00414fa0: 0xac008021	orrhs	r0, r0, ip, lsr #1
      0x00414fa4: 0xa330b0e1	lsrs	r3, r3, #1
      0x00414fa8: 0x6220a0e1	rrx	r2, r2
      0x00414fac: 0x02e056e0	subs	lr, r6, r2
      0x00414fb0: 0x03e0d5e0	sbcs	lr, r5, r3
      0x00414fb4: 0x02604620	subhs	r6, r6, r2
      0x00414fb8: 0x0e50a021	movhs	r5, lr
      0x00414fbc: 0x2c018021	orrhs	r0, r0, ip, lsr #2
      0x00414fc0: 0xa330b0e1	lsrs	r3, r3, #1
      0x00414fc4: 0x6220a0e1	rrx	r2, r2
      0x00414fc8: 0x02e056e0	subs	lr, r6, r2
      0x00414fcc: 0x03e0d5e0	sbcs	lr, r5, r3
      0x00414fd0: 0x02604620	subhs	r6, r6, r2
      0x00414fd4: 0x0e50a021	movhs	r5, lr
      0x00414fd8: 0xac018021	orrhs	r0, r0, ip, lsr #3
      0x00414fdc: 0x06e095e1	orrs	lr, r5, r6
      0x00414fe0: 0x0d00000a	beq	#0x41501c
      0x00414fe4: 0x0552a0e1	lsl	r5, r5, #4
      0x00414fe8: 0x265e85e1	orr	r5, r5, r6, lsr #28
      0x00414fec: 0x0662a0e1	lsl	r6, r6, #4
      0x00414ff0: 0x8331a0e1	lsl	r3, r3, #3
      0x00414ff4: 0xa23e83e1	orr	r3, r3, r2, lsr #29
      0x00414ff8: 0x8221a0e1	lsl	r2, r2, #3
      0x00414ffc: 0x2cc2b0e1	lsrs	ip, ip, #4
      0x00415000: 0xdbffff1a	bne	#0x414f74
      0x00415004: 0x010611e3	tst	r1, #0x100000
      0x00415008: 0x0600001a	bne	#0x415028
      0x0041500c: 0x001081e1	orr	r1, r1, r0
      0x00415010: 0x0000a0e3	mov	r0, #0
      0x00415014: 0x02c1a0e3	mov	ip, #0x80000000
b     at 0x00415018: hooking 0xd5ffffea	b	#0x414f74 -> 0xf8ab03eb	bl	#0x500000
      0x0041501c: 0x010611e3	tst	r1, #0x100000
      0x00415020: 0x00108101	orreq	r1, r1, r0
      0x00415024: 0x0000a003	moveq	r0, #0
      0x00415028: 0xfdc054e2	subs	ip, r4, #0xfd
      0x0041502c: 0x070c5c83	cmphi	ip, #0x700
      0x00415030: 0x43ffff8a	bhi	#0x414d44
      0x00415034: 0x03c055e0	subs	ip, r5, r3
      0x00415038: 0x02c05600	subseq	ip, r6, r2
      0x0041503c: 0xa0c0b001	lsrseq	ip, r0, #1
      0x00415040: 0x0000b0e2	adcs	r0, r0, #0
      0x00415044: 0x041aa1e0	adc	r1, r1, r4, lsl #20
      0x00415048: 0x7040bde8	pop	{r4, r5, r6, lr}
      0x0041504c: 0x1eff2fe1	bx	lr
      0x00415050: 0x02e10ee2	and	lr, lr, #0x80000000
      0x00415054: 0x21168ee1	orr	r1, lr, r1, lsr #12
      0x00415058: 0xac4094e0	adds	r4, r4, ip, lsr #1
      0x0041505c: 0x0c5074c0	rsbsgt	r5, r4, ip
      0x00415060: 0x041a81c1	orrgt	r1, r1, r4, lsl #20
      0x00415064: 0x7040bdc8	popgt	{r4, r5, r6, lr}
      0x00415068: 0x1eff2fc1	bxgt	lr
      0x0041506c: 0x011681e3	orr	r1, r1, #0x100000
      0x00415070: 0x00e0a0e3	mov	lr, #0
      0x00415074: 0x014054e2	subs	r4, r4, #1
b     at 0x00415078: hooking 0x31ffffea	b	#0x414d44 -> 0xe0ab03eb	bl	#0x500000
      0x0041507c: 0x06e085e1	orr	lr, r5, r6
b     at 0x00415080: hooking 0x2fffffea	b	#0x414d44 -> 0xdeab03eb	bl	#0x500000
      0x00415084: 0x235a0ce0	and	r5, ip, r3, lsr #20
      0x00415088: 0x0c0034e1	teq	r4, ip
      0x0041508c: 0x0c003501	teqeq	r5, ip
      0x00415090: 0x90ffff0a	beq	#0x414ed8
      0x00415094: 0x0c0034e1	teq	r4, ip
      0x00415098: 0x0600001a	bne	#0x4150b8
      0x0041509c: 0x014690e1	orrs	r4, r0, r1, lsl #12
      0x004150a0: 0x8cffff1a	bne	#0x414ed8
      0x004150a4: 0x0c0035e1	teq	r5, ip
      0x004150a8: 0x83ffff1a	bne	#0x414ebc
      0x004150ac: 0x0200a0e1	mov	r0, r2
      0x004150b0: 0x0310a0e1	mov	r1, r3
b     at 0x004150b4: hooking 0x87ffffea	b	#0x414ed8 -> 0xd1ab03eb	bl	#0x500000
      0x004150b8: 0x0c0035e1	teq	r5, ip
      0x004150bc: 0x0400001a	bne	#0x4150d4
      0x004150c0: 0x035692e1	orrs	r5, r2, r3, lsl #12
      0x004150c4: 0x68ffff0a	beq	#0x414e6c
      0x004150c8: 0x0200a0e1	mov	r0, r2
      0x004150cc: 0x0310a0e1	mov	r1, r3
b     at 0x004150d0: hooking 0x80ffffea	b	#0x414ed8 -> 0xcaab03eb	bl	#0x500000
      0x004150d4: 0x816090e1	orrs	r6, r0, r1, lsl #1
      0x004150d8: 0x83609211	orrsne	r6, r2, r3, lsl #1
      0x004150dc: 0x48ffff1a	bne	#0x414e04
      0x004150e0: 0x814090e1	orrs	r4, r0, r1, lsl #1
      0x004150e4: 0x74ffff1a	bne	#0x414ebc
      0x004150e8: 0x835092e1	orrs	r5, r2, r3, lsl #1
      0x004150ec: 0x5effff1a	bne	#0x414e6c
b     at 0x004150f0: hooking 0x78ffffea	b	#0x414ed8 -> 0xc2ab03eb	bl	#0x500000
      0x004150f4: 0x00c0e0e3	mvn	ip, #0
b     at 0x004150f8: hooking 0x020000ea	b	#0x415108 -> 0xc0ab03eb	bl	#0x500000
      0x004150fc: 0x01c0a0e3	mov	ip, #1
b     at 0x00415100: hooking 0x000000ea	b	#0x415108 -> 0xbeab03eb	bl	#0x500000
      0x00415104: 0x01c0a0e3	mov	ip, #1
      0x00415108: 0x04c02de5	str	ip, [sp, #-4]!
      0x0041510c: 0x81c0a0e1	lsl	ip, r1, #1
      0x00415110: 0xcccaf0e1	mvns	ip, ip, asr #21
      0x00415114: 0x83c0a0e1	lsl	ip, r3, #1
      0x00415118: 0xcccaf011	mvnsne	ip, ip, asr #21
      0x0041511c: 0x0e00000a	beq	#0x41515c
      0x00415120: 0x04d08de2	add	sp, sp, #4
      0x00415124: 0x81c090e1	orrs	ip, r0, r1, lsl #1
      0x00415128: 0x83c09201	orrseq	ip, r2, r3, lsl #1
      0x0041512c: 0x03003111	teqne	r1, r3
      0x00415130: 0x02003001	teqeq	r0, r2
      0x00415134: 0x0000a003	moveq	r0, #0
      0x00415138: 0x1eff2f01	bxeq	lr
      0x0041513c: 0x000070e3	cmn	r0, #0
      0x00415140: 0x030031e1	teq	r1, r3
      0x00415144: 0x03005151	cmppl	r1, r3
      0x00415148: 0x02005001	cmpeq	r0, r2
      0x0041514c: 0xc30fa021	asrhs	r0, r3, #0x1f
      0x00415150: 0xc30fe031	mvnlo	r0, r3, asr #31
      0x00415154: 0x010080e3	orr	r0, r0, #1
      0x00415158: 0x1eff2fe1	bx	lr
      0x0041515c: 0x81c0a0e1	lsl	ip, r1, #1
      0x00415160: 0xcccaf0e1	mvns	ip, ip, asr #21
      0x00415164: 0x0100001a	bne	#0x415170
      0x00415168: 0x01c690e1	orrs	ip, r0, r1, lsl #12
      0x0041516c: 0x0400001a	bne	#0x415184
      0x00415170: 0x83c0a0e1	lsl	ip, r3, #1
      0x00415174: 0xcccaf0e1	mvns	ip, ip, asr #21
      0x00415178: 0xe8ffff1a	bne	#0x415120
      0x0041517c: 0x03c692e1	orrs	ip, r2, r3, lsl #12
      0x00415180: 0xe6ffff0a	beq	#0x415120
      0x00415184: 0x04009de4	pop	{r0}
      0x00415188: 0x1eff2fe1	bx	lr
      0x0041518c: 0x00c0a0e1	mov	ip, r0
      0x00415190: 0x0200a0e1	mov	r0, r2
      0x00415194: 0x0c20a0e1	mov	r2, ip
      0x00415198: 0x01c0a0e1	mov	ip, r1
      0x0041519c: 0x0310a0e1	mov	r1, r3
      0x004151a0: 0x0c30a0e1	mov	r3, ip
b     at 0x004151a4: hooking 0xffffffea	b	#0x4151a8 -> 0x95ab03eb	bl	#0x500000
      0x004151a8: 0x01402de9	push	{r0, lr}
bl    at 0x004151ac: hooking 0xd4ffffeb	bl	#0x415104 -> 0xa7ab03eb	bl	#0x500050
      0x004151b0: 0x000050e3	cmp	r0, #0
      0x004151b4: 0x00007043	cmnmi	r0, #0
      0x004151b8: 0x0140bde8	pop	{r0, lr}
      0x004151bc: 0x1eff2fe1	bx	lr
      0x004151c0: 0x08e02de5	str	lr, [sp, #-8]!
bl    at 0x004151c4: hooking 0xf7ffffeb	bl	#0x4151a8 -> 0xa1ab03eb	bl	#0x500050
      0x004151c8: 0x0100a003	moveq	r0, #1
      0x004151cc: 0x0000a013	movne	r0, #0
      0x004151d0: 0x08e09de4	ldr	lr, [sp], #8
      0x004151d4: 0x1eff2fe1	bx	lr
      0x004151d8: 0x08e02de5	str	lr, [sp, #-8]!
bl    at 0x004151dc: hooking 0xf1ffffeb	bl	#0x4151a8 -> 0x9bab03eb	bl	#0x500050
      0x004151e0: 0x0100a033	movlo	r0, #1
      0x004151e4: 0x0000a023	movhs	r0, #0
      0x004151e8: 0x08e09de4	ldr	lr, [sp], #8
      0x004151ec: 0x1eff2fe1	bx	lr
      0x004151f0: 0x08e02de5	str	lr, [sp, #-8]!
bl    at 0x004151f4: hooking 0xebffffeb	bl	#0x4151a8 -> 0x95ab03eb	bl	#0x500050
      0x004151f8: 0x0100a093	movls	r0, #1
      0x004151fc: 0x0000a083	movhi	r0, #0
      0x00415200: 0x08e09de4	ldr	lr, [sp], #8
      0x00415204: 0x1eff2fe1	bx	lr
      0x00415208: 0x08e02de5	str	lr, [sp, #-8]!
bl    at 0x0041520c: hooking 0xdeffffeb	bl	#0x41518c -> 0x8fab03eb	bl	#0x500050
      0x00415210: 0x0100a093	movls	r0, #1
      0x00415214: 0x0000a083	movhi	r0, #0
      0x00415218: 0x08e09de4	ldr	lr, [sp], #8
      0x0041521c: 0x1eff2fe1	bx	lr
      0x00415220: 0x08e02de5	str	lr, [sp, #-8]!
bl    at 0x00415224: hooking 0xd8ffffeb	bl	#0x41518c -> 0x89ab03eb	bl	#0x500050
      0x00415228: 0x0100a033	movlo	r0, #1
      0x0041522c: 0x0000a023	movhs	r0, #0
      0x00415230: 0x08e09de4	ldr	lr, [sp], #8
      0x00415234: 0x1eff2fe1	bx	lr
      0x00415238: 0x81c0a0e1	lsl	ip, r1, #1
      0x0041523c: 0xcccaf0e1	mvns	ip, ip, asr #21
      0x00415240: 0x0100001a	bne	#0x41524c
      0x00415244: 0x01c690e1	orrs	ip, r0, r1, lsl #12
      0x00415248: 0x0600001a	bne	#0x415268
      0x0041524c: 0x83c0a0e1	lsl	ip, r3, #1
      0x00415250: 0xcccaf0e1	mvns	ip, ip, asr #21
      0x00415254: 0x0100001a	bne	#0x415260
      0x00415258: 0x03c692e1	orrs	ip, r2, r3, lsl #12
      0x0041525c: 0x0100001a	bne	#0x415268
      0x00415260: 0x0000a0e3	mov	r0, #0
      0x00415264: 0x1eff2fe1	bx	lr
      0x00415268: 0x0100a0e3	mov	r0, #1
      0x0041526c: 0x1eff2fe1	bx	lr
      0x00415270: 0x8120a0e1	lsl	r2, r1, #1
      0x00415274: 0x022692e2	adds	r2, r2, #0x200000
      0x00415278: 0x0c00002a	bhs	#0x4152b0
      0x0041527c: 0x0900005a	bpl	#0x4152a8
      0x00415280: 0x3e3ee0e3	mvn	r3, #0x3e0
      0x00415284: 0xc22a53e0	subs	r2, r3, r2, asr #21
      0x00415288: 0x0a00009a	bls	#0x4152b8
      0x0041528c: 0x8135a0e1	lsl	r3, r1, #0xb
      0x00415290: 0x023183e3	orr	r3, r3, #0x80000000
      0x00415294: 0xa03a83e1	orr	r3, r3, r0, lsr #21
      0x00415298: 0x020111e3	tst	r1, #0x80000000
      0x0041529c: 0x3302a0e1	lsr	r0, r3, r2
      0x004152a0: 0x00006012	rsbne	r0, r0, #0
      0x004152a4: 0x1eff2fe1	bx	lr
      0x004152a8: 0x0000a0e3	mov	r0, #0
      0x004152ac: 0x1eff2fe1	bx	lr
      0x004152b0: 0x010690e1	orrs	r0, r0, r1, lsl #12
      0x004152b4: 0x0200001a	bne	#0x4152c4
      0x004152b8: 0x020111e2	ands	r0, r1, #0x80000000
      0x004152bc: 0x0201e003	mvneq	r0, #0x80000000
      0x004152c0: 0x1eff2fe1	bx	lr
      0x004152c4: 0x0000a0e3	mov	r0, #0
      0x004152c8: 0x1eff2fe1	bx	lr
      0x004152cc: 0x8120a0e1	lsl	r2, r1, #1
      0x004152d0: 0x073252e2	subs	r3, r2, #0x70000000
      0x004152d4: 0x02c65322	subshs	ip, r3, #0x200000
      0x004152d8: 0x7fc57c22	rsbshs	ip, ip, #0x1fc00000
      0x004152dc: 0x0600009a	bls	#0x4152fc
      0x004152e0: 0x02c101e2	and	ip, r1, #0x80000000
      0x004152e4: 0x8021a0e1	lsl	r2, r0, #3
      0x004152e8: 0xa00e8ce1	orr	r0, ip, r0, lsr #29
      0x004152ec: 0x020152e3	cmp	r2, #0x80000000
      0x004152f0: 0x0301a0e0	adc	r0, r0, r3, lsl #2
      0x004152f4: 0x0100c003	biceq	r0, r0, #1
      0x004152f8: 0x1eff2fe1	bx	lr
      0x004152fc: 0x010111e3	tst	r1, #0x40000000
      0x00415300: 0x0f00001a	bne	#0x415344
      0x00415304: 0x2e2693e2	adds	r2, r3, #0x2e00000
      0x00415308: 0x020101b2	andlt	r0, r1, #0x80000000
      0x0041530c: 0x1eff2fb1	bxlt	lr
      0x00415310: 0x011681e3	orr	r1, r1, #0x100000
      0x00415314: 0xa22aa0e1	lsr	r2, r2, #0x15
      0x00415318: 0x182062e2	rsb	r2, r2, #0x18
      0x0041531c: 0x20c062e2	rsb	ip, r2, #0x20
      0x00415320: 0x103cb0e1	lsls	r3, r0, ip
      0x00415324: 0x3002a0e1	lsr	r0, r0, r2
      0x00415328: 0x01008013	orrne	r0, r0, #1
      0x0041532c: 0x8135a0e1	lsl	r3, r1, #0xb
      0x00415330: 0xa335a0e1	lsr	r3, r3, #0xb
      0x00415334: 0x130c80e1	orr	r0, r0, r3, lsl ip
      0x00415338: 0x3332a0e1	lsr	r3, r3, r2
      0x0041533c: 0x8330a0e1	lsl	r3, r3, #1
b     at 0x00415340: hooking 0xe6ffffea	b	#0x4152e0 -> 0x2eab03eb	bl	#0x500000
      0x00415344: 0xc23af0e1	mvns	r3, r2, asr #21
      0x00415348: 0x0300001a	bne	#0x41535c
      0x0041534c: 0x013690e1	orrs	r3, r0, r1, lsl #12
      0x00415350: 0x7f04a013	movne	r0, #0x7f000000
      0x00415354: 0x03058013	orrne	r0, r0, #0xc00000
      0x00415358: 0x1eff2f11	bxne	lr
      0x0041535c: 0x020101e2	and	r0, r1, #0x80000000
      0x00415360: 0x7f0480e3	orr	r0, r0, #0x7f000000
      0x00415364: 0x020580e3	orr	r0, r0, #0x800000
      0x00415368: 0x1eff2fe1	bx	lr
      0x0041536c: 0x020120e2	eor	r0, r0, #0x80000000
b     at 0x00415370: hooking 0x000000ea	b	#0x415378 -> 0x22ab03eb	bl	#0x500000
      0x00415374: 0x021121e2	eor	r1, r1, #0x80000000
      0x00415378: 0x8020b0e1	lsls	r2, r0, #1
      0x0041537c: 0x8130b011	lslsne	r3, r1, #1
      0x00415380: 0x03003211	teqne	r2, r3
      0x00415384: 0x42ccf011	mvnsne	ip, r2, asr #24
      0x00415388: 0x43ccf011	mvnsne	ip, r3, asr #24
      0x0041538c: 0x4700000a	beq	#0x4154b0
      0x00415390: 0x222ca0e1	lsr	r2, r2, #0x18
      0x00415394: 0x233c72e0	rsbs	r3, r2, r3, lsr #24
      0x00415398: 0x032082c0	addgt	r2, r2, r3
      0x0041539c: 0x011020c0	eorgt	r1, r0, r1
      0x004153a0: 0x000021c0	eorgt	r0, r1, r0
      0x004153a4: 0x011020c0	eorgt	r1, r0, r1
      0x004153a8: 0x003063b2	rsblt	r3, r3, #0
      0x004153ac: 0x190053e3	cmp	r3, #0x19
      0x004153b0: 0x1eff2f81	bxhi	lr
      0x004153b4: 0x020110e3	tst	r0, #0x80000000
      0x004153b8: 0x020580e3	orr	r0, r0, #0x800000
      0x004153bc: 0xff04c0e3	bic	r0, r0, #0xff000000
      0x004153c0: 0x00006012	rsbne	r0, r0, #0
      0x004153c4: 0x020111e3	tst	r1, #0x80000000
      0x004153c8: 0x021581e3	orr	r1, r1, #0x800000
      0x004153cc: 0xff14c1e3	bic	r1, r1, #0xff000000
      0x004153d0: 0x00106112	rsbne	r1, r1, #0
      0x004153d4: 0x030032e1	teq	r2, r3
      0x004153d8: 0x2e00000a	beq	#0x415498
      0x004153dc: 0x012042e2	sub	r2, r2, #1
      0x004153e0: 0x510390e0	adds	r0, r0, r1, asr r3
      0x004153e4: 0x203063e2	rsb	r3, r3, #0x20
      0x004153e8: 0x1113a0e1	lsl	r1, r1, r3
      0x004153ec: 0x023100e2	and	r3, r0, #0x80000000
      0x004153f0: 0x0100005a	bpl	#0x4153fc
      0x004153f4: 0x001071e2	rsbs	r1, r1, #0
      0x004153f8: 0x0000e0e2	rsc	r0, r0, #0
      0x004153fc: 0x020550e3	cmp	r0, #0x800000
      0x00415400: 0x0b00003a	blo	#0x415434
      0x00415404: 0x010450e3	cmp	r0, #0x1000000
      0x00415408: 0x0400003a	blo	#0x415420
      0x0041540c: 0xa000b0e1	lsrs	r0, r0, #1
      0x00415410: 0x6110a0e1	rrx	r1, r1
      0x00415414: 0x012082e2	add	r2, r2, #1
      0x00415418: 0xfe0052e3	cmp	r2, #0xfe
      0x0041541c: 0x3800002a	bhs	#0x415504
      0x00415420: 0x020151e3	cmp	r1, #0x80000000
      0x00415424: 0x820ba0e0	adc	r0, r0, r2, lsl #23
      0x00415428: 0x0100c003	biceq	r0, r0, #1
      0x0041542c: 0x030080e1	orr	r0, r0, r3
      0x00415430: 0x1eff2fe1	bx	lr
      0x00415434: 0x8110b0e1	lsls	r1, r1, #1
      0x00415438: 0x0000a0e0	adc	r0, r0, r0
      0x0041543c: 0x012052e2	subs	r2, r2, #1
      0x00415440: 0x02055023	cmphs	r0, #0x800000
      0x00415444: 0xf5ffff2a	bhs	#0x415420
      0x00415448: 0x20c6b0e1	lsrs	ip, r0, #0xc
      0x0041544c: 0x0006a001	lsleq	r0, r0, #0xc
      0x00415450: 0x0c204202	subeq	r2, r2, #0xc
      0x00415454: 0xff0810e3	tst	r0, #0xff0000
      0x00415458: 0x0004a001	lsleq	r0, r0, #8
      0x0041545c: 0x08204202	subeq	r2, r2, #8
      0x00415460: 0x0f0610e3	tst	r0, #0xf00000
      0x00415464: 0x0002a001	lsleq	r0, r0, #4
      0x00415468: 0x04204202	subeq	r2, r2, #4
      0x0041546c: 0x030510e3	tst	r0, #0xc00000
      0x00415470: 0x0001a001	lsleq	r0, r0, #2
      0x00415474: 0x02204202	subeq	r2, r2, #2
      0x00415478: 0x020550e3	cmp	r0, #0x800000
      0x0041547c: 0x8000a031	lsllo	r0, r0, #1
      0x00415480: 0x0020d2e2	sbcs	r2, r2, #0
      0x00415484: 0x820b80a0	addge	r0, r0, r2, lsl #23
      0x00415488: 0x002062b2	rsblt	r2, r2, #0
      0x0041548c: 0x030080a1	orrge	r0, r0, r3
      0x00415490: 0x300283b1	orrlt	r0, r3, r0, lsr r2
      0x00415494: 0x1eff2fe1	bx	lr
      0x00415498: 0x000032e3	teq	r2, #0
      0x0041549c: 0x021521e2	eor	r1, r1, #0x800000
      0x004154a0: 0x02052002	eoreq	r0, r0, #0x800000
      0x004154a4: 0x01208202	addeq	r2, r2, #1
      0x004154a8: 0x01304312	subne	r3, r3, #1
b     at 0x004154ac: hooking 0xcaffffea	b	#0x4153dc -> 0xd3aa03eb	bl	#0x500000
      0x004154b0: 0x8130a0e1	lsl	r3, r1, #1
      0x004154b4: 0x42ccf0e1	mvns	ip, r2, asr #24
      0x004154b8: 0x43ccf011	mvnsne	ip, r3, asr #24
      0x004154bc: 0x1300000a	beq	#0x415510
      0x004154c0: 0x030032e1	teq	r2, r3
      0x004154c4: 0x0200000a	beq	#0x4154d4
      0x004154c8: 0x000032e3	teq	r2, #0
      0x004154cc: 0x0100a001	moveq	r0, r1
      0x004154d0: 0x1eff2fe1	bx	lr
      0x004154d4: 0x010030e1	teq	r0, r1
      0x004154d8: 0x0000a013	movne	r0, #0
      0x004154dc: 0x1eff2f11	bxne	lr
      0x004154e0: 0xff0412e3	tst	r2, #0xff000000
      0x004154e4: 0x0200001a	bne	#0x4154f4
      0x004154e8: 0x8000b0e1	lsls	r0, r0, #1
      0x004154ec: 0x02018023	orrhs	r0, r0, #0x80000000
      0x004154f0: 0x1eff2fe1	bx	lr
      0x004154f4: 0x022492e2	adds	r2, r2, #0x2000000
      0x004154f8: 0x02058032	addlo	r0, r0, #0x800000
      0x004154fc: 0x1eff2f31	bxlo	lr
      0x00415500: 0x023100e2	and	r3, r0, #0x80000000
      0x00415504: 0x7f0483e3	orr	r0, r3, #0x7f000000
      0x00415508: 0x020580e3	orr	r0, r0, #0x800000
      0x0041550c: 0x1eff2fe1	bx	lr
      0x00415510: 0x422cf0e1	mvns	r2, r2, asr #24
      0x00415514: 0x0100a011	movne	r0, r1
      0x00415518: 0x433cf001	mvnseq	r3, r3, asr #24
      0x0041551c: 0x0010a011	movne	r1, r0
      0x00415520: 0x8024b0e1	lsls	r2, r0, #9
      0x00415524: 0x8134b001	lslseq	r3, r1, #9
      0x00415528: 0x01003001	teqeq	r0, r1
      0x0041552c: 0x01058013	orrne	r0, r0, #0x400000
      0x00415530: 0x1eff2fe1	bx	lr
      0x00415534: 0x0030a0e3	mov	r3, #0
b     at 0x00415538: hooking 0x010000ea	b	#0x415544 -> 0xb0aa03eb	bl	#0x500000
      0x0041553c: 0x023110e2	ands	r3, r0, #0x80000000
      0x00415540: 0x00006042	rsbmi	r0, r0, #0
      0x00415544: 0x00c0b0e1	movs	ip, r0
      0x00415548: 0x1eff2f01	bxeq	lr
      0x0041554c: 0x4b3483e3	orr	r3, r3, #0x4b000000
      0x00415550: 0x0010a0e1	mov	r1, r0
      0x00415554: 0x0000a0e3	mov	r0, #0
b     at 0x00415558: hooking 0x0f0000ea	b	#0x41559c -> 0xa8aa03eb	bl	#0x500000
      0x0041555c: 0x012090e1	orrs	r2, r0, r1
      0x00415560: 0x1eff2f01	bxeq	lr
      0x00415564: 0x0030a0e3	mov	r3, #0
b     at 0x00415568: hooking 0x050000ea	b	#0x415584 -> 0xa4aa03eb	bl	#0x500000
      0x0041556c: 0x012090e1	orrs	r2, r0, r1
      0x00415570: 0x1eff2f01	bxeq	lr
      0x00415574: 0x023111e2	ands	r3, r1, #0x80000000
      0x00415578: 0x0100005a	bpl	#0x415584
      0x0041557c: 0x000070e2	rsbs	r0, r0, #0
      0x00415580: 0x0010e1e2	rsc	r1, r1, #0
      0x00415584: 0x01c0b0e1	movs	ip, r1
      0x00415588: 0x00c0a001	moveq	ip, r0
      0x0041558c: 0x0010a001	moveq	r1, r0
      0x00415590: 0x0000a003	moveq	r0, #0
      0x00415594: 0x5b3483e3	orr	r3, r3, #0x5b000000
      0x00415598: 0x01324302	subeq	r3, r3, #0x10000000
      0x0041559c: 0x023543e2	sub	r3, r3, #0x800000
      0x004155a0: 0x1720a0e3	mov	r2, #0x17
      0x004155a4: 0x01085ce3	cmp	ip, #0x10000
      0x004155a8: 0x2cc8a021	lsrhs	ip, ip, #0x10
      0x004155ac: 0x10204222	subhs	r2, r2, #0x10
      0x004155b0: 0x010c5ce3	cmp	ip, #0x100
      0x004155b4: 0x2cc4a021	lsrhs	ip, ip, #8
      0x004155b8: 0x08204222	subhs	r2, r2, #8
      0x004155bc: 0x10005ce3	cmp	ip, #0x10
      0x004155c0: 0x2cc2a021	lsrhs	ip, ip, #4
      0x004155c4: 0x04204222	subhs	r2, r2, #4
      0x004155c8: 0x04005ce3	cmp	ip, #4
      0x004155cc: 0x02204222	subhs	r2, r2, #2
      0x004155d0: 0xac204230	sublo	r2, r2, ip, lsr #1
      0x004155d4: 0xac2152e0	subs	r2, r2, ip, lsr #3
      0x004155d8: 0x823b43e0	sub	r3, r3, r2, lsl #23
      0x004155dc: 0x060000ba	blt	#0x4155fc
      0x004155e0: 0x113283e0	add	r3, r3, r1, lsl r2
      0x004155e4: 0x10c2a0e1	lsl	ip, r0, r2
      0x004155e8: 0x202062e2	rsb	r2, r2, #0x20
      0x004155ec: 0x02015ce3	cmp	ip, #0x80000000
      0x004155f0: 0x3002a3e0	adc	r0, r3, r0, lsr r2
      0x004155f4: 0x0100c003	biceq	r0, r0, #1
      0x004155f8: 0x1eff2fe1	bx	lr
      0x004155fc: 0x202082e2	add	r2, r2, #0x20
      0x00415600: 0x11c2a0e1	lsl	ip, r1, r2
      0x00415604: 0x202062e2	rsb	r2, r2, #0x20
      0x00415608: 0x8c0090e1	orrs	r0, r0, ip, lsl #1
      0x0041560c: 0x3102a3e0	adc	r0, r3, r1, lsr r2
      0x00415610: 0xac0fc001	biceq	r0, r0, ip, lsr #31
      0x00415614: 0x1eff2fe1	bx	lr
      0x00415618: 0x04309fe5	ldr	r3, [pc, #4]
      0x0041561c: 0x000093e5	ldr	r0, [r3]
      0x00415620: 0x1eff2fe1	bx	lr
      0x00415624: 0x98664000	umaaleq	r6, r0, r8, r6
      0x00415628: 0x10402de9	push	{r4, lr}
      0x0041562c: 0x10309fe5	ldr	r3, [pc, #0x10]
      0x00415630: 0x0010a0e1	mov	r1, r0
      0x00415634: 0x000093e5	ldr	r0, [r3]
bl    at 0x00415638: hooking 0x0a0000eb	bl	#0x415668 -> 0x84aa03eb	bl	#0x500050
      0x0041563c: 0x1040bde8	pop	{r4, lr}
      0x00415640: 0x1eff2fe1	bx	lr
      0x00415644: 0x98664000	umaaleq	r6, r0, r8, r6
      0x00415648: 0x10402de9	push	{r4, lr}
      0x0041564c: 0x10309fe5	ldr	r3, [pc, #0x10]
      0x00415650: 0x0010a0e1	mov	r1, r0
      0x00415654: 0x000093e5	ldr	r0, [r3]
bl    at 0x00415658: hooking 0x890200eb	bl	#0x416084 -> 0x7caa03eb	bl	#0x500050
      0x0041565c: 0x1040bde8	pop	{r4, lr}
      0x00415660: 0x1eff2fe1	bx	lr
      0x00415664: 0x98664000	umaaleq	r6, r0, r8, r6
      0x00415668: 0xf04f2de9	push	{r4, r5, r6, r7, r8, sb, sl, fp, lr}
      0x0041566c: 0x0b5081e2	add	r5, r1, #0xb
      0x00415670: 0x160055e3	cmp	r5, #0x16
      0x00415674: 0x0cd04de2	sub	sp, sp, #0xc
      0x00415678: 0x0060a0e1	mov	r6, r0
      0x0041567c: 0x2300008a	bhi	#0x415710
      0x00415680: 0x100051e3	cmp	r1, #0x10
      0x00415684: 0x1a00008a	bhi	#0x4156f4
bl    at 0x00415688: hooking 0x2a0200eb	bl	#0x415f38 -> 0x70aa03eb	bl	#0x500050
      0x0041568c: 0x1050a0e3	mov	r5, #0x10
      0x00415690: 0x1830a0e3	mov	r3, #0x18
      0x00415694: 0x0200a0e3	mov	r0, #2
      0x00415698: 0x6c779fe5	ldr	r7, [pc, #0x76c]
      0x0041569c: 0x033087e0	add	r3, r7, r3
      0x004156a0: 0x044093e5	ldr	r4, [r3, #4]
      0x004156a4: 0x082043e2	sub	r2, r3, #8
      0x004156a8: 0x020054e1	cmp	r4, r2
      0x004156ac: 0x3b00000a	beq	#0x4157a0
      0x004156b0: 0x043094e5	ldr	r3, [r4, #4]
      0x004156b4: 0x0330c3e3	bic	r3, r3, #3
      0x004156b8: 0x033084e0	add	r3, r4, r3
      0x004156bc: 0x042093e5	ldr	r2, [r3, #4]
      0x004156c0: 0x0c1094e5	ldr	r1, [r4, #0xc]
      0x004156c4: 0x08c094e5	ldr	ip, [r4, #8]
      0x004156c8: 0x012082e3	orr	r2, r2, #1
      0x004156cc: 0x0c108ce5	str	r1, [ip, #0xc]
      0x004156d0: 0x0600a0e1	mov	r0, r6
      0x004156d4: 0x08c081e5	str	ip, [r1, #8]
      0x004156d8: 0x084084e2	add	r4, r4, #8
      0x004156dc: 0x042083e5	str	r2, [r3, #4]
bl    at 0x004156e0: hooking 0x150200eb	bl	#0x415f3c -> 0x5aaa03eb	bl	#0x500050
      0x004156e4: 0x0400a0e1	mov	r0, r4
      0x004156e8: 0x0cd08de2	add	sp, sp, #0xc
      0x004156ec: 0xf04fbde8	pop	{r4, r5, r6, r7, r8, sb, sl, fp, lr}
      0x004156f0: 0x1eff2fe1	bx	lr
      0x004156f4: 0x0c30a0e3	mov	r3, #0xc
      0x004156f8: 0x0040a0e3	mov	r4, #0
      0x004156fc: 0x003086e5	str	r3, [r6]
      0x00415700: 0x0400a0e1	mov	r0, r4
      0x00415704: 0x0cd08de2	add	sp, sp, #0xc
      0x00415708: 0xf04fbde8	pop	{r4, r5, r6, r7, r8, sb, sl, fp, lr}
      0x0041570c: 0x1eff2fe1	bx	lr
      0x00415710: 0x0750c5e3	bic	r5, r5, #7
      0x00415714: 0x050051e1	cmp	r1, r5
      0x00415718: 0x0010a093	movls	r1, #0
      0x0041571c: 0x0110a083	movhi	r1, #1
      0x00415720: 0xa53f91e1	orrs	r3, r1, r5, lsr #31
      0x00415724: 0xf2ffff1a	bne	#0x4156f4
bl    at 0x00415728: hooking 0x020200eb	bl	#0x415f38 -> 0x48aa03eb	bl	#0x500050
      0x0041572c: 0x7e0f55e3	cmp	r5, #0x1f8
      0x00415730: 0x2701003a	blo	#0x415bd4
      0x00415734: 0xa534b0e1	lsrs	r3, r5, #9
      0x00415738: 0xaa00000a	beq	#0x4159e8
      0x0041573c: 0x040053e3	cmp	r3, #4
      0x00415740: 0x0901008a	bhi	#0x415b6c
      0x00415744: 0x2533a0e1	lsr	r3, r5, #6
      0x00415748: 0x390083e2	add	r0, r3, #0x39
      0x0041574c: 0x38c083e2	add	ip, r3, #0x38
      0x00415750: 0x8011a0e1	lsl	r1, r0, #3
      0x00415754: 0xb0769fe5	ldr	r7, [pc, #0x6b0]
      0x00415758: 0x011087e0	add	r1, r7, r1
      0x0041575c: 0x044091e5	ldr	r4, [r1, #4]
      0x00415760: 0x081041e2	sub	r1, r1, #8
      0x00415764: 0x040051e1	cmp	r1, r4
      0x00415768: 0x0500001a	bne	#0x415784
b     at 0x0041576c: hooking 0x0f0000ea	b	#0x4157b0 -> 0x23aa03eb	bl	#0x500000
      0x00415770: 0x000052e3	cmp	r2, #0
      0x00415774: 0xcfffffaa	bge	#0x4156b8
      0x00415778: 0x0c4094e5	ldr	r4, [r4, #0xc]
      0x0041577c: 0x040051e1	cmp	r1, r4
      0x00415780: 0x0a00000a	beq	#0x4157b0
      0x00415784: 0x043094e5	ldr	r3, [r4, #4]
      0x00415788: 0x0330c3e3	bic	r3, r3, #3
      0x0041578c: 0x052043e0	sub	r2, r3, r5
      0x00415790: 0x0f0052e3	cmp	r2, #0xf
      0x00415794: 0xf5ffffda	ble	#0x415770
      0x00415798: 0x0c00a0e1	mov	r0, ip
b     at 0x0041579c: hooking 0x030000ea	b	#0x4157b0 -> 0x17aa03eb	bl	#0x500000
      0x004157a0: 0x0c4093e5	ldr	r4, [r3, #0xc]
      0x004157a4: 0x040053e1	cmp	r3, r4
      0x004157a8: 0x02008002	addeq	r0, r0, #2
      0x004157ac: 0xbfffff1a	bne	#0x4156b0
      0x004157b0: 0x104097e5	ldr	r4, [r7, #0x10]
      0x004157b4: 0x54c69fe5	ldr	ip, [pc, #0x654]
      0x004157b8: 0x0c0054e1	cmp	r4, ip
      0x004157bc: 0x04309705	ldreq	r3, [r7, #4]
      0x004157c0: 0x1800000a	beq	#0x415828
      0x004157c4: 0x043094e5	ldr	r3, [r4, #4]
      0x004157c8: 0x0330c3e3	bic	r3, r3, #3
      0x004157cc: 0x052043e0	sub	r2, r3, r5
      0x004157d0: 0x0f0052e3	cmp	r2, #0xf
      0x004157d4: 0x010100ca	bgt	#0x415be0
      0x004157d8: 0x000052e3	cmp	r2, #0
      0x004157dc: 0x14c087e5	str	ip, [r7, #0x14]
      0x004157e0: 0x10c087e5	str	ip, [r7, #0x10]
      0x004157e4: 0xb00000aa	bge	#0x415aac
      0x004157e8: 0x020c53e3	cmp	r3, #0x200
      0x004157ec: 0xc300002a	bhs	#0x415b00
      0x004157f0: 0x0180a0e3	mov	r8, #1
      0x004157f4: 0x041097e5	ldr	r1, [r7, #4]
      0x004157f8: 0xa331a0e1	lsr	r3, r3, #3
      0x004157fc: 0x08e083e0	add	lr, r3, r8
      0x00415800: 0x4331a0e1	asr	r3, r3, #2
      0x00415804: 0x183381e1	orr	r3, r1, r8, lsl r3
      0x00415808: 0x8e2187e0	add	r2, r7, lr, lsl #3
      0x0041580c: 0x8e1197e7	ldr	r1, [r7, lr, lsl #3]
      0x00415810: 0x082042e2	sub	r2, r2, #8
      0x00415814: 0x0c2084e5	str	r2, [r4, #0xc]
      0x00415818: 0x081084e5	str	r1, [r4, #8]
      0x0041581c: 0x043087e5	str	r3, [r7, #4]
      0x00415820: 0x8e4187e7	str	r4, [r7, lr, lsl #3]
      0x00415824: 0x0c4081e5	str	r4, [r1, #0xc]
      0x00415828: 0x0110a0e3	mov	r1, #1
      0x0041582c: 0x4021a0e1	asr	r2, r0, #2
      0x00415830: 0x11e2a0e1	lsl	lr, r1, r2
      0x00415834: 0x03005ee1	cmp	lr, r3
      0x00415838: 0x6e00009a	bls	#0x4159f8
      0x0041583c: 0x084097e5	ldr	r4, [r7, #8]
      0x00415840: 0x048094e5	ldr	r8, [r4, #4]
      0x00415844: 0x0380c8e3	bic	r8, r8, #3
      0x00415848: 0x050058e1	cmp	r8, r5
      0x0041584c: 0x0020a023	movhs	r2, #0
      0x00415850: 0x0120a033	movlo	r2, #1
      0x00415854: 0x053048e0	sub	r3, r8, r5
      0x00415858: 0x0f0053e3	cmp	r3, #0xf
      0x0041585c: 0x012082d3	orrle	r2, r2, #1
      0x00415860: 0x000052e3	cmp	r2, #0
      0x00415864: 0x9800000a	beq	#0x415acc
      0x00415868: 0xa4959fe5	ldr	sb, [pc, #0x5a4]
      0x0041586c: 0x082497e5	ldr	r2, [r7, #0x408]
      0x00415870: 0x003099e5	ldr	r3, [sb]
      0x00415874: 0x010072e3	cmn	r2, #1
      0x00415878: 0x033085e0	add	r3, r5, r3
      0x0041587c: 0x013a8312	addne	r3, r3, #0x1000
      0x00415880: 0x0f308312	addne	r3, r3, #0xf
      0x00415884: 0xff2ec313	bicne	r2, r3, #0xff0
      0x00415888: 0x10208302	addeq	r2, r3, #0x10
      0x0041588c: 0x0f20c213	bicne	r2, r2, #0xf
      0x00415890: 0x0210a0e1	mov	r1, r2
      0x00415894: 0x0600a0e1	mov	r0, r6
      0x00415898: 0x00208de5	str	r2, [sp]
bl    at 0x0041589c: hooking 0xa70100eb	bl	#0x415f40 -> 0xeba903eb	bl	#0x500050
      0x004158a0: 0x010070e3	cmn	r0, #1
      0x004158a4: 0x08a084e0	add	sl, r4, r8
      0x004158a8: 0x00b0a0e1	mov	fp, r0
      0x004158ac: 0x00209de5	ldr	r2, [sp]
      0x004158b0: 0x1701000a	beq	#0x415d14
      0x004158b4: 0x070054e1	cmp	r4, r7
      0x004158b8: 0x00005a11	cmpne	sl, r0
      0x004158bc: 0x1401008a	bhi	#0x415d14
      0x004158c0: 0x043099e5	ldr	r3, [sb, #4]
      0x004158c4: 0x00005ae1	cmp	sl, r0
      0x004158c8: 0x033082e0	add	r3, r2, r3
      0x004158cc: 0x043089e5	str	r3, [sb, #4]
      0x004158d0: 0x0601000a	beq	#0x415cf0
      0x004158d4: 0x081497e5	ldr	r1, [r7, #0x408]
      0x004158d8: 0x010071e3	cmn	r1, #1
      0x004158dc: 0x0aa04b10	subne	sl, fp, sl
      0x004158e0: 0x03308a10	addne	r3, sl, r3
      0x004158e4: 0x08b48705	streq	fp, [r7, #0x408]
      0x004158e8: 0x04308915	strne	r3, [sb, #4]
      0x004158ec: 0x07301be2	ands	r3, fp, #7
      0x004158f0: 0xd000001a	bne	#0x415c38
      0x004158f4: 0x02a08be0	add	sl, fp, r2
      0x004158f8: 0x00a06ae2	rsb	sl, sl, #0
      0x004158fc: 0x0aaaa0e1	lsl	sl, sl, #0x14
      0x00415900: 0x2aaaa0e1	lsr	sl, sl, #0x14
      0x00415904: 0x0a10a0e1	mov	r1, sl
      0x00415908: 0x0600a0e1	mov	r0, r6
      0x0041590c: 0x04308de5	str	r3, [sp, #4]
      0x00415910: 0x00208de5	str	r2, [sp]
bl    at 0x00415914: hooking 0x890100eb	bl	#0x415f40 -> 0xcda903eb	bl	#0x500050
      0x00415918: 0x0c009de8	ldm	sp, {r2, r3}
      0x0041591c: 0x010070e3	cmn	r0, #1
      0x00415920: 0x03a0a001	moveq	sl, r3
      0x00415924: 0x0100000a	beq	#0x415930
      0x00415928: 0x0b2040e0	sub	r2, r0, fp
      0x0041592c: 0x0a2082e0	add	r2, r2, sl
      0x00415930: 0x043099e5	ldr	r3, [sb, #4]
      0x00415934: 0x012082e3	orr	r2, r2, #1
      0x00415938: 0x03308ae0	add	r3, sl, r3
      0x0041593c: 0x070054e1	cmp	r4, r7
      0x00415940: 0x08b087e5	str	fp, [r7, #8]
      0x00415944: 0x043089e5	str	r3, [sb, #4]
      0x00415948: 0x04208be5	str	r2, [fp, #4]
      0x0041594c: 0x0701000a	beq	#0x415d70
      0x00415950: 0x0f0058e3	cmp	r8, #0xf
      0x00415954: 0x0130a093	movls	r3, #1
      0x00415958: 0x04308b95	strls	r3, [fp, #4]
      0x0041595c: 0x1d00009a	bls	#0x4159d8
      0x00415960: 0x0500a0e3	mov	r0, #5
      0x00415964: 0x041094e5	ldr	r1, [r4, #4]
      0x00415968: 0x0c2048e2	sub	r2, r8, #0xc
      0x0041596c: 0x0720c2e3	bic	r2, r2, #7
      0x00415970: 0x011001e2	and	r1, r1, #1
      0x00415974: 0x021081e1	orr	r1, r1, r2
      0x00415978: 0x0f0052e3	cmp	r2, #0xf
      0x0041597c: 0x022084e0	add	r2, r4, r2
      0x00415980: 0x041084e5	str	r1, [r4, #4]
      0x00415984: 0x040082e5	str	r0, [r2, #4]
      0x00415988: 0x080082e5	str	r0, [r2, #8]
      0x0041598c: 0x0801008a	bhi	#0x415db4
      0x00415990: 0x0b40a0e1	mov	r4, fp
      0x00415994: 0x04209be5	ldr	r2, [fp, #4]
      0x00415998: 0x2c1099e5	ldr	r1, [sb, #0x2c]
      0x0041599c: 0x030051e1	cmp	r1, r3
      0x004159a0: 0x301099e5	ldr	r1, [sb, #0x30]
      0x004159a4: 0x2c308935	strlo	r3, [sb, #0x2c]
      0x004159a8: 0x030051e1	cmp	r1, r3
      0x004159ac: 0x30308935	strlo	r3, [sb, #0x30]
      0x004159b0: 0x0320c2e3	bic	r2, r2, #3
      0x004159b4: 0x053042e0	sub	r3, r2, r5
      0x004159b8: 0x0f0053e3	cmp	r3, #0xf
      0x004159bc: 0x0010a0c3	movgt	r1, #0
      0x004159c0: 0x0110a0d3	movle	r1, #1
      0x004159c4: 0x050052e1	cmp	r2, r5
      0x004159c8: 0x0120a021	movhs	r2, r1
      0x004159cc: 0x01208133	orrlo	r2, r1, #1
      0x004159d0: 0x000052e3	cmp	r2, #0
      0x004159d4: 0x3c00000a	beq	#0x415acc
      0x004159d8: 0x0600a0e1	mov	r0, r6
bl    at 0x004159dc: hooking 0x560100eb	bl	#0x415f3c -> 0x9ba903eb	bl	#0x500050
      0x004159e0: 0x0040a0e3	mov	r4, #0
b     at 0x004159e4: hooking 0x45ffffea	b	#0x415700 -> 0x85a903eb	bl	#0x500000
      0x004159e8: 0x021ca0e3	mov	r1, #0x200
      0x004159ec: 0x4000a0e3	mov	r0, #0x40
      0x004159f0: 0x3fc0a0e3	mov	ip, #0x3f
b     at 0x004159f4: hooking 0x56ffffea	b	#0x415754 -> 0x81a903eb	bl	#0x500000
      0x004159f8: 0x03001ee1	tst	lr, r3
      0x004159fc: 0x0800001a	bne	#0x415a24
      0x00415a00: 0x1ee1a0e1	lsl	lr, lr, r1
      0x00415a04: 0x0300c0e3	bic	r0, r0, #3
      0x00415a08: 0x03001ee1	tst	lr, r3
      0x00415a0c: 0x040080e2	add	r0, r0, #4
      0x00415a10: 0x0300001a	bne	#0x415a24
      0x00415a14: 0x8ee0a0e1	lsl	lr, lr, #1
      0x00415a18: 0x03001ee1	tst	lr, r3
      0x00415a1c: 0x040080e2	add	r0, r0, #4
      0x00415a20: 0xfbffff0a	beq	#0x415a14
      0x00415a24: 0x809187e0	add	sb, r7, r0, lsl #3
      0x00415a28: 0x0910a0e1	mov	r1, sb
      0x00415a2c: 0x0040a0e1	mov	r4, r0
      0x00415a30: 0x0c8091e5	ldr	r8, [r1, #0xc]
      0x00415a34: 0x080051e1	cmp	r1, r8
      0x00415a38: 0x0500001a	bne	#0x415a54
b     at 0x00415a3c: hooking 0x530000ea	b	#0x415b90 -> 0x6fa903eb	bl	#0x500000
      0x00415a40: 0x000052e3	cmp	r2, #0
      0x00415a44: 0x560000aa	bge	#0x415ba4
      0x00415a48: 0x0c8098e5	ldr	r8, [r8, #0xc]
      0x00415a4c: 0x080051e1	cmp	r1, r8
      0x00415a50: 0x4e00000a	beq	#0x415b90
      0x00415a54: 0x043098e5	ldr	r3, [r8, #4]
      0x00415a58: 0x0330c3e3	bic	r3, r3, #3
      0x00415a5c: 0x052043e0	sub	r2, r3, r5
      0x00415a60: 0x0f0052e3	cmp	r2, #0xf
      0x00415a64: 0xf5ffffda	ble	#0x415a40
      0x00415a68: 0x0c1098e5	ldr	r1, [r8, #0xc]
      0x00415a6c: 0x08e098e5	ldr	lr, [r8, #8]
      0x00415a70: 0x014085e3	orr	r4, r5, #1
      0x00415a74: 0x044088e5	str	r4, [r8, #4]
      0x00415a78: 0x055088e0	add	r5, r8, r5
      0x00415a7c: 0x014082e3	orr	r4, r2, #1
      0x00415a80: 0x0c108ee5	str	r1, [lr, #0xc]
      0x00415a84: 0x0600a0e1	mov	r0, r6
      0x00415a88: 0x08e081e5	str	lr, [r1, #8]
      0x00415a8c: 0x145087e5	str	r5, [r7, #0x14]
      0x00415a90: 0x105087e5	str	r5, [r7, #0x10]
      0x00415a94: 0x101085e9	stmib	r5, {r4, ip}
      0x00415a98: 0x0cc085e5	str	ip, [r5, #0xc]
      0x00415a9c: 0x032088e7	str	r2, [r8, r3]
bl    at 0x00415aa0: hooking 0x250100eb	bl	#0x415f3c -> 0x6aa903eb	bl	#0x500050
      0x00415aa4: 0x084088e2	add	r4, r8, #8
b     at 0x00415aa8: hooking 0x14ffffea	b	#0x415700 -> 0x54a903eb	bl	#0x500000
      0x00415aac: 0x033084e0	add	r3, r4, r3
      0x00415ab0: 0x042093e5	ldr	r2, [r3, #4]
      0x00415ab4: 0x012082e3	orr	r2, r2, #1
      0x00415ab8: 0x0600a0e1	mov	r0, r6
      0x00415abc: 0x042083e5	str	r2, [r3, #4]
      0x00415ac0: 0x084084e2	add	r4, r4, #8
bl    at 0x00415ac4: hooking 0x1c0100eb	bl	#0x415f3c -> 0x61a903eb	bl	#0x500050
b     at 0x00415ac8: hooking 0x0cffffea	b	#0x415700 -> 0x4ca903eb	bl	#0x500000
      0x00415acc: 0x012085e3	orr	r2, r5, #1
      0x00415ad0: 0x013083e3	orr	r3, r3, #1
      0x00415ad4: 0x055084e0	add	r5, r4, r5
      0x00415ad8: 0x042084e5	str	r2, [r4, #4]
      0x00415adc: 0x0600a0e1	mov	r0, r6
      0x00415ae0: 0x085087e5	str	r5, [r7, #8]
      0x00415ae4: 0x084084e2	add	r4, r4, #8
      0x00415ae8: 0x043085e5	str	r3, [r5, #4]
bl    at 0x00415aec: hooking 0x120100eb	bl	#0x415f3c -> 0x57a903eb	bl	#0x500050
      0x00415af0: 0x0400a0e1	mov	r0, r4
      0x00415af4: 0x0cd08de2	add	sp, sp, #0xc
      0x00415af8: 0xf04fbde8	pop	{r4, r5, r6, r7, r8, sb, sl, fp, lr}
      0x00415afc: 0x1eff2fe1	bx	lr
      0x00415b00: 0xa324a0e1	lsr	r2, r3, #9
      0x00415b04: 0x040052e3	cmp	r2, #4
      0x00415b08: 0x4100009a	bls	#0x415c14
      0x00415b0c: 0x140052e3	cmp	r2, #0x14
      0x00415b10: 0x8800008a	bhi	#0x415d38
      0x00415b14: 0x5c8082e2	add	r8, r2, #0x5c
      0x00415b18: 0x8881a0e1	lsl	r8, r8, #3
      0x00415b1c: 0x5b1082e2	add	r1, r2, #0x5b
      0x00415b20: 0x08e087e0	add	lr, r7, r8
      0x00415b24: 0x082097e7	ldr	r2, [r7, r8]
      0x00415b28: 0x08e04ee2	sub	lr, lr, #8
      0x00415b2c: 0x02005ee1	cmp	lr, r2
      0x00415b30: 0x7a00000a	beq	#0x415d20
      0x00415b34: 0x041092e5	ldr	r1, [r2, #4]
      0x00415b38: 0x0310c1e3	bic	r1, r1, #3
      0x00415b3c: 0x030051e1	cmp	r1, r3
      0x00415b40: 0x0200009a	bls	#0x415b50
      0x00415b44: 0x082092e5	ldr	r2, [r2, #8]
      0x00415b48: 0x02005ee1	cmp	lr, r2
      0x00415b4c: 0xf8ffff1a	bne	#0x415b34
      0x00415b50: 0x0ce092e5	ldr	lr, [r2, #0xc]
      0x00415b54: 0x043097e5	ldr	r3, [r7, #4]
      0x00415b58: 0x0ce084e5	str	lr, [r4, #0xc]
      0x00415b5c: 0x082084e5	str	r2, [r4, #8]
      0x00415b60: 0x08408ee5	str	r4, [lr, #8]
      0x00415b64: 0x0c4082e5	str	r4, [r2, #0xc]
b     at 0x00415b68: hooking 0x2effffea	b	#0x415828 -> 0x24a903eb	bl	#0x500000
      0x00415b6c: 0x140053e3	cmp	r3, #0x14
      0x00415b70: 0x2c00009a	bls	#0x415c28
      0x00415b74: 0x540053e3	cmp	r3, #0x54
      0x00415b78: 0x7500008a	bhi	#0x415d54
      0x00415b7c: 0x2536a0e1	lsr	r3, r5, #0xc
      0x00415b80: 0x6f0083e2	add	r0, r3, #0x6f
      0x00415b84: 0x6ec083e2	add	ip, r3, #0x6e
      0x00415b88: 0x8011a0e1	lsl	r1, r0, #3
b     at 0x00415b8c: hooking 0xf0feffea	b	#0x415754 -> 0x1ba903eb	bl	#0x500000
      0x00415b90: 0x014084e2	add	r4, r4, #1
      0x00415b94: 0x030014e3	tst	r4, #3
      0x00415b98: 0x081081e2	add	r1, r1, #8
      0x00415b9c: 0xa3ffff1a	bne	#0x415a30
b     at 0x00415ba0: hooking 0x3d0000ea	b	#0x415c9c -> 0x16a903eb	bl	#0x500000
      0x00415ba4: 0x0840a0e1	mov	r4, r8
      0x00415ba8: 0x033088e0	add	r3, r8, r3
      0x00415bac: 0x042093e5	ldr	r2, [r3, #4]
      0x00415bb0: 0x0c1098e5	ldr	r1, [r8, #0xc]
      0x00415bb4: 0x08c0b4e5	ldr	ip, [r4, #8]!
      0x00415bb8: 0x012082e3	orr	r2, r2, #1
      0x00415bbc: 0x042083e5	str	r2, [r3, #4]
      0x00415bc0: 0x0600a0e1	mov	r0, r6
      0x00415bc4: 0x0c108ce5	str	r1, [ip, #0xc]
      0x00415bc8: 0x08c081e5	str	ip, [r1, #8]
bl    at 0x00415bcc: hooking 0xda0000eb	bl	#0x415f3c -> 0x1fa903eb	bl	#0x500050
b     at 0x00415bd0: hooking 0xcafeffea	b	#0x415700 -> 0x0aa903eb	bl	#0x500000
      0x00415bd4: 0xa501a0e1	lsr	r0, r5, #3
      0x00415bd8: 0x083085e2	add	r3, r5, #8
b     at 0x00415bdc: hooking 0xadfeffea	b	#0x415698 -> 0x07a903eb	bl	#0x500000
      0x00415be0: 0x01e085e3	orr	lr, r5, #1
      0x00415be4: 0x011082e3	orr	r1, r2, #1
      0x00415be8: 0x055084e0	add	r5, r4, r5
      0x00415bec: 0x04e084e5	str	lr, [r4, #4]
      0x00415bf0: 0x0600a0e1	mov	r0, r6
      0x00415bf4: 0x145087e5	str	r5, [r7, #0x14]
      0x00415bf8: 0x105087e5	str	r5, [r7, #0x10]
      0x00415bfc: 0x0cc085e5	str	ip, [r5, #0xc]
      0x00415c00: 0x021085e9	stmib	r5, {r1, ip}
      0x00415c04: 0x032084e7	str	r2, [r4, r3]
bl    at 0x00415c08: hooking 0xcb0000eb	bl	#0x415f3c -> 0x10a903eb	bl	#0x500050
      0x00415c0c: 0x084084e2	add	r4, r4, #8
b     at 0x00415c10: hooking 0xbafeffea	b	#0x415700 -> 0xfaa803eb	bl	#0x500000
      0x00415c14: 0x2323a0e1	lsr	r2, r3, #6
      0x00415c18: 0x398082e2	add	r8, r2, #0x39
      0x00415c1c: 0x8881a0e1	lsl	r8, r8, #3
      0x00415c20: 0x381082e2	add	r1, r2, #0x38
b     at 0x00415c24: hooking 0xbdffffea	b	#0x415b20 -> 0xf5a803eb	bl	#0x500000
      0x00415c28: 0x5c0083e2	add	r0, r3, #0x5c
      0x00415c2c: 0x5bc083e2	add	ip, r3, #0x5b
      0x00415c30: 0x8011a0e1	lsl	r1, r0, #3
b     at 0x00415c34: hooking 0xc6feffea	b	#0x415754 -> 0xf1a803eb	bl	#0x500000
      0x00415c38: 0x081063e2	rsb	r1, r3, #8
      0x00415c3c: 0x01b08be0	add	fp, fp, r1
      0x00415c40: 0x011a63e2	rsb	r1, r3, #0x1000
      0x00415c44: 0x02208be0	add	r2, fp, r2
      0x00415c48: 0x081081e2	add	r1, r1, #8
      0x00415c4c: 0x021041e0	sub	r1, r1, r2
      0x00415c50: 0x01aaa0e1	lsl	sl, r1, #0x14
      0x00415c54: 0x2aaaa0e1	lsr	sl, sl, #0x14
      0x00415c58: 0x0a10a0e1	mov	r1, sl
      0x00415c5c: 0x0600a0e1	mov	r0, r6
      0x00415c60: 0x04308de5	str	r3, [sp, #4]
      0x00415c64: 0x00208de5	str	r2, [sp]
bl    at 0x00415c68: hooking 0xb40000eb	bl	#0x415f40 -> 0xf8a803eb	bl	#0x500050
      0x00415c6c: 0x010070e3	cmn	r0, #1
      0x00415c70: 0x0c009de8	ldm	sp, {r2, r3}
      0x00415c74: 0x2bffff1a	bne	#0x415928
      0x00415c78: 0x083043e2	sub	r3, r3, #8
      0x00415c7c: 0x032082e0	add	r2, r2, r3
      0x00415c80: 0x0b2042e0	sub	r2, r2, fp
      0x00415c84: 0x00a0a0e3	mov	sl, #0
b     at 0x00415c88: hooking 0x28ffffea	b	#0x415930 -> 0xdca803eb	bl	#0x500000
      0x00415c8c: 0x083019e4	ldr	r3, [sb], #-8
      0x00415c90: 0x090053e1	cmp	r3, sb
      0x00415c94: 0x010040e2	sub	r0, r0, #1
      0x00415c98: 0x5900001a	bne	#0x415e04
      0x00415c9c: 0x030010e3	tst	r0, #3
      0x00415ca0: 0xf9ffff1a	bne	#0x415c8c
      0x00415ca4: 0x043097e5	ldr	r3, [r7, #4]
      0x00415ca8: 0x0e30c3e1	bic	r3, r3, lr
      0x00415cac: 0x043087e5	str	r3, [r7, #4]
      0x00415cb0: 0x8ee0b0e1	lsls	lr, lr, #1
      0x00415cb4: 0x0120a013	movne	r2, #1
      0x00415cb8: 0x0020a003	moveq	r2, #0
      0x00415cbc: 0x03005ee1	cmp	lr, r3
      0x00415cc0: 0x0020a083	movhi	r2, #0
      0x00415cc4: 0x01200292	andls	r2, r2, #1
      0x00415cc8: 0x000052e3	cmp	r2, #0
      0x00415ccc: 0xdafeff0a	beq	#0x41583c
      0x00415cd0: 0x03001ee1	tst	lr, r3
      0x00415cd4: 0x0300001a	bne	#0x415ce8
      0x00415cd8: 0x8ee0a0e1	lsl	lr, lr, #1
      0x00415cdc: 0x03001ee1	tst	lr, r3
      0x00415ce0: 0x044084e2	add	r4, r4, #4
      0x00415ce4: 0xfbffff0a	beq	#0x415cd8
      0x00415ce8: 0x0400a0e1	mov	r0, r4
b     at 0x00415cec: hooking 0x4cffffea	b	#0x415a24 -> 0xc3a803eb	bl	#0x500000
      0x00415cf0: 0x0a1aa0e1	lsl	r1, sl, #0x14
      0x00415cf4: 0x211aa0e1	lsr	r1, r1, #0x14
      0x00415cf8: 0x000051e3	cmp	r1, #0
      0x00415cfc: 0xf4feff1a	bne	#0x4158d4
      0x00415d00: 0x022088e0	add	r2, r8, r2
      0x00415d04: 0x084097e5	ldr	r4, [r7, #8]
      0x00415d08: 0x012082e3	orr	r2, r2, #1
      0x00415d0c: 0x042084e5	str	r2, [r4, #4]
b     at 0x00415d10: hooking 0x20ffffea	b	#0x415998 -> 0xbaa803eb	bl	#0x500000
      0x00415d14: 0x084097e5	ldr	r4, [r7, #8]
      0x00415d18: 0x042094e5	ldr	r2, [r4, #4]
b     at 0x00415d1c: hooking 0x23ffffea	b	#0x4159b0 -> 0xb7a803eb	bl	#0x500000
      0x00415d20: 0x0180a0e3	mov	r8, #1
      0x00415d24: 0x043097e5	ldr	r3, [r7, #4]
      0x00415d28: 0x4111a0e1	asr	r1, r1, #2
      0x00415d2c: 0x183183e1	orr	r3, r3, r8, lsl r1
      0x00415d30: 0x043087e5	str	r3, [r7, #4]
b     at 0x00415d34: hooking 0x87ffffea	b	#0x415b58 -> 0xb1a803eb	bl	#0x500000
      0x00415d38: 0x540052e3	cmp	r2, #0x54
      0x00415d3c: 0x0d00008a	bhi	#0x415d78
      0x00415d40: 0x2326a0e1	lsr	r2, r3, #0xc
      0x00415d44: 0x6f8082e2	add	r8, r2, #0x6f
      0x00415d48: 0x8881a0e1	lsl	r8, r8, #3
      0x00415d4c: 0x6e1082e2	add	r1, r2, #0x6e
b     at 0x00415d50: hooking 0x72ffffea	b	#0x415b20 -> 0xaaa803eb	bl	#0x500000
      0x00415d54: 0x550f53e3	cmp	r3, #0x154
      0x00415d58: 0x0d00008a	bhi	#0x415d94
      0x00415d5c: 0xa537a0e1	lsr	r3, r5, #0xf
      0x00415d60: 0x780083e2	add	r0, r3, #0x78
      0x00415d64: 0x77c083e2	add	ip, r3, #0x77
      0x00415d68: 0x8011a0e1	lsl	r1, r0, #3
b     at 0x00415d6c: hooking 0x78feffea	b	#0x415754 -> 0xa3a803eb	bl	#0x500000
      0x00415d70: 0x0b40a0e1	mov	r4, fp
b     at 0x00415d74: hooking 0x07ffffea	b	#0x415998 -> 0xa1a803eb	bl	#0x500000
      0x00415d78: 0x550f52e3	cmp	r2, #0x154
      0x00415d7c: 0x1300008a	bhi	#0x415dd0
      0x00415d80: 0xa327a0e1	lsr	r2, r3, #0xf
      0x00415d84: 0x788082e2	add	r8, r2, #0x78
      0x00415d88: 0x8881a0e1	lsl	r8, r8, #3
      0x00415d8c: 0x771082e2	add	r1, r2, #0x77
b     at 0x00415d90: hooking 0x62ffffea	b	#0x415b20 -> 0x9aa803eb	bl	#0x500000
      0x00415d94: 0x7c209fe5	ldr	r2, [pc, #0x7c]
      0x00415d98: 0x020053e1	cmp	r3, r2
      0x00415d9c: 0x1400008a	bhi	#0x415df4
      0x00415da0: 0x2539a0e1	lsr	r3, r5, #0x12
      0x00415da4: 0x7d0083e2	add	r0, r3, #0x7d
      0x00415da8: 0x7cc083e2	add	ip, r3, #0x7c
      0x00415dac: 0x8011a0e1	lsl	r1, r0, #3
b     at 0x00415db0: hooking 0x67feffea	b	#0x415754 -> 0x92a803eb	bl	#0x500000
      0x00415db4: 0x081084e2	add	r1, r4, #8
      0x00415db8: 0x0600a0e1	mov	r0, r6
bl    at 0x00415dbc: hooking 0xb00000eb	bl	#0x416084 -> 0xa3a803eb	bl	#0x500050
      0x00415dc0: 0x084097e5	ldr	r4, [r7, #8]
      0x00415dc4: 0x043099e5	ldr	r3, [sb, #4]
      0x00415dc8: 0x042094e5	ldr	r2, [r4, #4]
b     at 0x00415dcc: hooking 0xf1feffea	b	#0x415998 -> 0x8ba803eb	bl	#0x500000
      0x00415dd0: 0x40109fe5	ldr	r1, [pc, #0x40]
      0x00415dd4: 0x010052e1	cmp	r2, r1
      0x00415dd8: 0x2329a091	lsrls	r2, r3, #0x12
      0x00415ddc: 0x7d808292	addls	r8, r2, #0x7d
      0x00415de0: 0x8881a091	lslls	r8, r8, #3
      0x00415de4: 0x7c108292	addls	r1, r2, #0x7c
      0x00415de8: 0xfe8fa083	movhi	r8, #0x3f8
      0x00415dec: 0x7e10a083	movhi	r1, #0x7e
b     at 0x00415df0: hooking 0x4affffea	b	#0x415b20 -> 0x82a803eb	bl	#0x500000
      0x00415df4: 0xfe1fa0e3	mov	r1, #0x3f8
      0x00415df8: 0x7f00a0e3	mov	r0, #0x7f
      0x00415dfc: 0x7ec0a0e3	mov	ip, #0x7e
b     at 0x00415e00: hooking 0x53feffea	b	#0x415754 -> 0x7ea803eb	bl	#0x500000
      0x00415e04: 0x043097e5	ldr	r3, [r7, #4]
b     at 0x00415e08: hooking 0xa8ffffea	b	#0x415cb0 -> 0x7ca803eb	bl	#0x500000
      0x00415e0c: 0xc86a4000	subeq	r6, r0, r8, asr #21
      0x00415e10: 0xd06a4000	ldrdeq	r6, r7, [r0], #-0xa0
      0x00415e14: 0xd86e4000	ldrdeq	r6, r7, [r0], #-0xe8
      0x00415e18: 0x54050000	andeq	r0, r0, r4, asr r5
      0x00415e1c: 0x0f0052e3	cmp	r2, #0xf
      0x00415e20: 0x3500009a	bls	#0x415efc
      0x00415e24: 0x013080e1	orr	r3, r0, r1
      0x00415e28: 0x030013e3	tst	r3, #3
      0x00415e2c: 0x3e00001a	bne	#0x415f2c
      0x00415e30: 0xf0412de9	push	{r4, r5, r6, r7, r8, lr}
      0x00415e34: 0x108042e2	sub	r8, r2, #0x10
      0x00415e38: 0x2882a0e1	lsr	r8, r8, #4
      0x00415e3c: 0x207081e2	add	r7, r1, #0x20
      0x00415e40: 0x087287e0	add	r7, r7, r8, lsl #4
      0x00415e44: 0x103081e2	add	r3, r1, #0x10
      0x00415e48: 0x10c080e2	add	ip, r0, #0x10
      0x00415e4c: 0x106013e5	ldr	r6, [r3, #-0x10]
      0x00415e50: 0x0c5013e5	ldr	r5, [r3, #-0xc]
      0x00415e54: 0x104013e9	ldmdb	r3, {r4, lr}
      0x00415e58: 0x103083e2	add	r3, r3, #0x10
      0x00415e5c: 0x070053e1	cmp	r3, r7
      0x00415e60: 0x10600ce5	str	r6, [ip, #-0x10]
      0x00415e64: 0x0c500ce5	str	r5, [ip, #-0xc]
      0x00415e68: 0x10400ce9	stmdb	ip, {r4, lr}
      0x00415e6c: 0x10c08ce2	add	ip, ip, #0x10
      0x00415e70: 0xf5ffff1a	bne	#0x415e4c
      0x00415e74: 0x01c088e2	add	ip, r8, #1
      0x00415e78: 0x0cc2a0e1	lsl	ip, ip, #4
      0x00415e7c: 0x0c0012e3	tst	r2, #0xc
      0x00415e80: 0x0fe002e2	and	lr, r2, #0xf
      0x00415e84: 0x0c1081e0	add	r1, r1, ip
      0x00415e88: 0x0e20a001	moveq	r2, lr
      0x00415e8c: 0x0cc080e0	add	ip, r0, ip
      0x00415e90: 0x0d00000a	beq	#0x415ecc
      0x00415e94: 0x0140a0e1	mov	r4, r1
      0x00415e98: 0x04e04ee2	sub	lr, lr, #4
      0x00415e9c: 0x2ee1a0e1	lsr	lr, lr, #2
      0x00415ea0: 0x0e618ce0	add	r6, ip, lr, lsl #2
      0x00415ea4: 0x04304ce2	sub	r3, ip, #4
      0x00415ea8: 0x045094e4	ldr	r5, [r4], #4
      0x00415eac: 0x0450a3e5	str	r5, [r3, #4]!
      0x00415eb0: 0x060053e1	cmp	r3, r6
      0x00415eb4: 0xfbffff1a	bne	#0x415ea8
      0x00415eb8: 0x01e08ee2	add	lr, lr, #1
      0x00415ebc: 0x0ee1a0e1	lsl	lr, lr, #2
      0x00415ec0: 0x0ec08ce0	add	ip, ip, lr
      0x00415ec4: 0x0e1081e0	add	r1, r1, lr
      0x00415ec8: 0x032002e2	and	r2, r2, #3
      0x00415ecc: 0x000052e3	cmp	r2, #0
      0x00415ed0: 0x012042e2	sub	r2, r2, #1
      0x00415ed4: 0x01208212	addne	r2, r2, #1
      0x00415ed8: 0x02308110	addne	r3, r1, r2
      0x00415edc: 0x01204c12	subne	r2, ip, #1
      0x00415ee0: 0x0300000a	beq	#0x415ef4
      0x00415ee4: 0x01c0d1e4	ldrb	ip, [r1], #1
      0x00415ee8: 0x030051e1	cmp	r1, r3
      0x00415eec: 0x01c0e2e5	strb	ip, [r2, #1]!
      0x00415ef0: 0xfbffff1a	bne	#0x415ee4
      0x00415ef4: 0xf041bde8	pop	{r4, r5, r6, r7, r8, lr}
      0x00415ef8: 0x1eff2fe1	bx	lr
      0x00415efc: 0x000052e3	cmp	r2, #0
      0x00415f00: 0x00c0a0e1	mov	ip, r0
      0x00415f04: 0x012042e2	sub	r2, r2, #1
      0x00415f08: 0x1eff2f01	bxeq	lr
      0x00415f0c: 0x012082e2	add	r2, r2, #1
      0x00415f10: 0x023081e0	add	r3, r1, r2
      0x00415f14: 0x01204ce2	sub	r2, ip, #1
      0x00415f18: 0x01c0d1e4	ldrb	ip, [r1], #1
      0x00415f1c: 0x030051e1	cmp	r1, r3
      0x00415f20: 0x01c0e2e5	strb	ip, [r2, #1]!
      0x00415f24: 0xfbffff1a	bne	#0x415f18
      0x00415f28: 0x1eff2fe1	bx	lr
      0x00415f2c: 0x012042e2	sub	r2, r2, #1
      0x00415f30: 0x00c0a0e1	mov	ip, r0
b     at 0x00415f34: hooking 0xf4ffffea	b	#0x415f0c -> 0x31a803eb	bl	#0x500000
      0x00415f38: 0x1eff2fe1	bx	lr
      0x00415f3c: 0x1eff2fe1	bx	lr
      0x00415f40: 0x0030a0e3	mov	r3, #0
      0x00415f44: 0x70402de9	push	{r4, r5, r6, lr}
      0x00415f48: 0x30409fe5	ldr	r4, [pc, #0x30]
      0x00415f4c: 0x0050a0e1	mov	r5, r0
      0x00415f50: 0x0100a0e1	mov	r0, r1
      0x00415f54: 0x003084e5	str	r3, [r4]
bl    at 0x00415f58: hooking 0x480100eb	bl	#0x416480 -> 0x3ca803eb	bl	#0x500050
      0x00415f5c: 0x010070e3	cmn	r0, #1
      0x00415f60: 0x0100000a	beq	#0x415f6c
      0x00415f64: 0x7040bde8	pop	{r4, r5, r6, lr}
      0x00415f68: 0x1eff2fe1	bx	lr
      0x00415f6c: 0x003094e5	ldr	r3, [r4]
      0x00415f70: 0x000053e3	cmp	r3, #0
      0x00415f74: 0x00308515	strne	r3, [r5]
      0x00415f78: 0x7040bde8	pop	{r4, r5, r6, lr}
      0x00415f7c: 0x1eff2fe1	bx	lr
      0x00415f80: 0x106f4000	subeq	r6, r0, r0, lsl pc
      0x00415f84: 0xf0412de9	push	{r4, r5, r6, r7, r8, lr}
      0x00415f88: 0x0140a0e1	mov	r4, r1
      0x00415f8c: 0xe4709fe5	ldr	r7, [pc, #0xe4]
      0x00415f90: 0x0060a0e1	mov	r6, r0
bl    at 0x00415f94: hooking 0xe7ffffeb	bl	#0x415f38 -> 0x2da803eb	bl	#0x500050
      0x00415f98: 0x083097e5	ldr	r3, [r7, #8]
      0x00415f9c: 0x045093e5	ldr	r5, [r3, #4]
      0x00415fa0: 0xfe1e64e2	rsb	r1, r4, #0xfe0
      0x00415fa4: 0x0f1081e2	add	r1, r1, #0xf
      0x00415fa8: 0x0350c5e3	bic	r5, r5, #3
      0x00415fac: 0x051081e0	add	r1, r1, r5
      0x00415fb0: 0xff1ec1e3	bic	r1, r1, #0xff0
      0x00415fb4: 0x0f10c1e3	bic	r1, r1, #0xf
      0x00415fb8: 0x014a41e2	sub	r4, r1, #0x1000
      0x00415fbc: 0x010a54e3	cmp	r4, #0x1000
      0x00415fc0: 0x060000ba	blt	#0x415fe0
      0x00415fc4: 0x0010a0e3	mov	r1, #0
      0x00415fc8: 0x0600a0e1	mov	r0, r6
bl    at 0x00415fcc: hooking 0xdbffffeb	bl	#0x415f40 -> 0x1fa803eb	bl	#0x500050
      0x00415fd0: 0x083097e5	ldr	r3, [r7, #8]
      0x00415fd4: 0x053083e0	add	r3, r3, r5
      0x00415fd8: 0x030050e1	cmp	r0, r3
      0x00415fdc: 0x0400000a	beq	#0x415ff4
      0x00415fe0: 0x0600a0e1	mov	r0, r6
bl    at 0x00415fe4: hooking 0xd4ffffeb	bl	#0x415f3c -> 0x19a803eb	bl	#0x500050
      0x00415fe8: 0x0000a0e3	mov	r0, #0
      0x00415fec: 0xf041bde8	pop	{r4, r5, r6, r7, r8, lr}
      0x00415ff0: 0x1eff2fe1	bx	lr
      0x00415ff4: 0x001064e2	rsb	r1, r4, #0
      0x00415ff8: 0x0600a0e1	mov	r0, r6
bl    at 0x00415ffc: hooking 0xcfffffeb	bl	#0x415f40 -> 0x13a803eb	bl	#0x500050
      0x00416000: 0x010070e3	cmn	r0, #1
      0x00416004: 0x0c00000a	beq	#0x41603c
      0x00416008: 0x6c309fe5	ldr	r3, [pc, #0x6c]
      0x0041600c: 0x082097e5	ldr	r2, [r7, #8]
      0x00416010: 0x001093e5	ldr	r1, [r3]
      0x00416014: 0x045045e0	sub	r5, r5, r4
      0x00416018: 0x015085e3	orr	r5, r5, #1
      0x0041601c: 0x0600a0e1	mov	r0, r6
      0x00416020: 0x041041e0	sub	r1, r1, r4
      0x00416024: 0x045082e5	str	r5, [r2, #4]
      0x00416028: 0x001083e5	str	r1, [r3]
bl    at 0x0041602c: hooking 0xc2ffffeb	bl	#0x415f3c -> 0x07a803eb	bl	#0x500050
      0x00416030: 0x0100a0e3	mov	r0, #1
      0x00416034: 0xf041bde8	pop	{r4, r5, r6, r7, r8, lr}
      0x00416038: 0x1eff2fe1	bx	lr
      0x0041603c: 0x0010a0e3	mov	r1, #0
      0x00416040: 0x0600a0e1	mov	r0, r6
bl    at 0x00416044: hooking 0xbdffffeb	bl	#0x415f40 -> 0x01a803eb	bl	#0x500050
      0x00416048: 0x082097e5	ldr	r2, [r7, #8]
      0x0041604c: 0x023040e0	sub	r3, r0, r2
      0x00416050: 0x0f0053e3	cmp	r3, #0xf
      0x00416054: 0xe1ffffda	ble	#0x415fe0
      0x00416058: 0x20109fe5	ldr	r1, [pc, #0x20]
      0x0041605c: 0x00c091e5	ldr	ip, [r1]
      0x00416060: 0x14109fe5	ldr	r1, [pc, #0x14]
      0x00416064: 0x013083e3	orr	r3, r3, #1
      0x00416068: 0x0c0040e0	sub	r0, r0, ip
      0x0041606c: 0x043082e5	str	r3, [r2, #4]
      0x00416070: 0x000081e5	str	r0, [r1]
b     at 0x00416074: hooking 0xd9ffffea	b	#0x415fe0 -> 0xe1a703eb	bl	#0x500000
      0x00416078: 0xc86a4000	subeq	r6, r0, r8, asr #21
      0x0041607c: 0xdc6e4000	ldrdeq	r6, r7, [r0], #-0xec
      0x00416080: 0xd06e4000	ldrdeq	r6, r7, [r0], #-0xe0
      0x00416084: 0xf0412de9	push	{r4, r5, r6, r7, r8, lr}
      0x00416088: 0x005051e2	subs	r5, r1, #0
      0x0041608c: 0x3200000a	beq	#0x41615c
      0x00416090: 0x0040a0e1	mov	r4, r0
bl    at 0x00416094: hooking 0xa7ffffeb	bl	#0x415f38 -> 0xeda703eb	bl	#0x500050
      0x00416098: 0x040015e5	ldr	r0, [r5, #-4]
      0x0041609c: 0xb0e29fe5	ldr	lr, [pc, #0x2b0]
      0x004160a0: 0x0130c0e3	bic	r3, r0, #1
      0x004160a4: 0x08c045e2	sub	ip, r5, #8
      0x004160a8: 0x03108ce0	add	r1, ip, r3
      0x004160ac: 0x08609ee5	ldr	r6, [lr, #8]
      0x004160b0: 0x042091e5	ldr	r2, [r1, #4]
      0x004160b4: 0x010056e1	cmp	r6, r1
      0x004160b8: 0x0320c2e3	bic	r2, r2, #3
      0x004160bc: 0x6300000a	beq	#0x416250
      0x004160c0: 0x010010e3	tst	r0, #1
      0x004160c4: 0x042081e5	str	r2, [r1, #4]
      0x004160c8: 0x020081e0	add	r0, r1, r2
      0x004160cc: 0x2400001a	bne	#0x416164
      0x004160d0: 0x087015e5	ldr	r7, [r5, #-8]
      0x004160d4: 0x07c04ce0	sub	ip, ip, r7
      0x004160d8: 0x08509ce5	ldr	r5, [ip, #8]
      0x004160dc: 0x040090e5	ldr	r0, [r0, #4]
      0x004160e0: 0x08608ee2	add	r6, lr, #8
      0x004160e4: 0x060055e1	cmp	r5, r6
      0x004160e8: 0x073083e0	add	r3, r3, r7
      0x004160ec: 0x010000e2	and	r0, r0, #1
      0x004160f0: 0x4800000a	beq	#0x416218
      0x004160f4: 0x0c709ce5	ldr	r7, [ip, #0xc]
      0x004160f8: 0x000050e3	cmp	r0, #0
      0x004160fc: 0x0c7085e5	str	r7, [r5, #0xc]
      0x00416100: 0x085087e5	str	r5, [r7, #8]
      0x00416104: 0x7000000a	beq	#0x4162cc
      0x00416108: 0x012083e3	orr	r2, r3, #1
      0x0041610c: 0x04208ce5	str	r2, [ip, #4]
      0x00416110: 0x003081e5	str	r3, [r1]
      0x00416114: 0x020c53e3	cmp	r3, #0x200
      0x00416118: 0x2500002a	bhs	#0x4161b4
      0x0041611c: 0x0150a0e3	mov	r5, #1
      0x00416120: 0x04009ee5	ldr	r0, [lr, #4]
      0x00416124: 0xa331a0e1	lsr	r3, r3, #3
      0x00416128: 0x052083e0	add	r2, r3, r5
      0x0041612c: 0x4331a0e1	asr	r3, r3, #2
      0x00416130: 0x153380e1	orr	r3, r0, r5, lsl r3
      0x00416134: 0x82118ee0	add	r1, lr, r2, lsl #3
      0x00416138: 0x82019ee7	ldr	r0, [lr, r2, lsl #3]
      0x0041613c: 0x081041e2	sub	r1, r1, #8
      0x00416140: 0x0c108ce5	str	r1, [ip, #0xc]
      0x00416144: 0x08008ce5	str	r0, [ip, #8]
      0x00416148: 0x04308ee5	str	r3, [lr, #4]
      0x0041614c: 0x82c18ee7	str	ip, [lr, r2, lsl #3]
      0x00416150: 0x0cc080e5	str	ip, [r0, #0xc]
      0x00416154: 0x0400a0e1	mov	r0, r4
bl    at 0x00416158: hooking 0x77ffffeb	bl	#0x415f3c -> 0xbca703eb	bl	#0x500050
      0x0041615c: 0xf041bde8	pop	{r4, r5, r6, r7, r8, lr}
      0x00416160: 0x1eff2fe1	bx	lr
      0x00416164: 0x040090e5	ldr	r0, [r0, #4]
      0x00416168: 0x010010e3	tst	r0, #1
      0x0041616c: 0x0b00001a	bne	#0x4161a0
      0x00416170: 0x023083e0	add	r3, r3, r2
      0x00416174: 0x08608ee2	add	r6, lr, #8
      0x00416178: 0x082091e5	ldr	r2, [r1, #8]
      0x0041617c: 0x060052e1	cmp	r2, r6
      0x00416180: 0x010083e3	orr	r0, r3, #1
      0x00416184: 0x5c00000a	beq	#0x4162fc
      0x00416188: 0x0c1091e5	ldr	r1, [r1, #0xc]
      0x0041618c: 0x0c1082e5	str	r1, [r2, #0xc]
      0x00416190: 0x082081e5	str	r2, [r1, #8]
      0x00416194: 0x04008ce5	str	r0, [ip, #4]
      0x00416198: 0x03308ce7	str	r3, [ip, r3]
b     at 0x0041619c: hooking 0xdcffffea	b	#0x416114 -> 0x97a703eb	bl	#0x500000
      0x004161a0: 0x012083e3	orr	r2, r3, #1
      0x004161a4: 0x020c53e3	cmp	r3, #0x200
      0x004161a8: 0x042005e5	str	r2, [r5, #-4]
      0x004161ac: 0x003081e5	str	r3, [r1]
      0x004161b0: 0xd9ffff3a	blo	#0x41611c
      0x004161b4: 0xa324a0e1	lsr	r2, r3, #9
      0x004161b8: 0x040052e3	cmp	r2, #4
      0x004161bc: 0x3900008a	bhi	#0x4162a8
      0x004161c0: 0x2323a0e1	lsr	r2, r3, #6
      0x004161c4: 0x395082e2	add	r5, r2, #0x39
      0x004161c8: 0x8551a0e1	lsl	r5, r5, #3
      0x004161cc: 0x381082e2	add	r1, r2, #0x38
      0x004161d0: 0x05008ee0	add	r0, lr, r5
      0x004161d4: 0x05209ee7	ldr	r2, [lr, r5]
      0x004161d8: 0x080040e2	sub	r0, r0, #8
      0x004161dc: 0x020050e1	cmp	r0, r2
      0x004161e0: 0x3f00000a	beq	#0x4162e4
      0x004161e4: 0x041092e5	ldr	r1, [r2, #4]
      0x004161e8: 0x0310c1e3	bic	r1, r1, #3
      0x004161ec: 0x030051e1	cmp	r1, r3
      0x004161f0: 0x0200009a	bls	#0x416200
      0x004161f4: 0x082092e5	ldr	r2, [r2, #8]
      0x004161f8: 0x020050e1	cmp	r0, r2
      0x004161fc: 0xf8ffff1a	bne	#0x4161e4
      0x00416200: 0x0c0092e5	ldr	r0, [r2, #0xc]
      0x00416204: 0x0c008ce5	str	r0, [ip, #0xc]
      0x00416208: 0x08208ce5	str	r2, [ip, #8]
      0x0041620c: 0x08c080e5	str	ip, [r0, #8]
      0x00416210: 0x0cc082e5	str	ip, [r2, #0xc]
b     at 0x00416214: hooking 0xceffffea	b	#0x416154 -> 0x79a703eb	bl	#0x500000
      0x00416218: 0x000050e3	cmp	r0, #0
      0x0041621c: 0x01208313	orrne	r2, r3, #1
      0x00416220: 0x04208c15	strne	r2, [ip, #4]
      0x00416224: 0x00308115	strne	r3, [r1]
      0x00416228: 0xc9ffff1a	bne	#0x416154
      0x0041622c: 0x081081e2	add	r1, r1, #8
      0x00416230: 0x033082e0	add	r3, r2, r3
      0x00416234: 0x060091e8	ldm	r1, {r1, r2}
      0x00416238: 0x010083e3	orr	r0, r3, #1
      0x0041623c: 0x0c2081e5	str	r2, [r1, #0xc]
      0x00416240: 0x081082e5	str	r1, [r2, #8]
      0x00416244: 0x04008ce5	str	r0, [ip, #4]
      0x00416248: 0x03308ce7	str	r3, [ip, r3]
b     at 0x0041624c: hooking 0xc0ffffea	b	#0x416154 -> 0x6ba703eb	bl	#0x500000
      0x00416250: 0x010010e3	tst	r0, #1
      0x00416254: 0x023083e0	add	r3, r3, r2
      0x00416258: 0x0600001a	bne	#0x416278
      0x0041625c: 0x082015e5	ldr	r2, [r5, #-8]
      0x00416260: 0x02c04ce0	sub	ip, ip, r2
      0x00416264: 0x08008ce2	add	r0, ip, #8
      0x00416268: 0x030090e8	ldm	r0, {r0, r1}
      0x0041626c: 0x0c1080e5	str	r1, [r0, #0xc]
      0x00416270: 0x080081e5	str	r0, [r1, #8]
      0x00416274: 0x023083e0	add	r3, r3, r2
      0x00416278: 0xd8209fe5	ldr	r2, [pc, #0xd8]
      0x0041627c: 0x002092e5	ldr	r2, [r2]
      0x00416280: 0x030052e1	cmp	r2, r3
      0x00416284: 0x013083e3	orr	r3, r3, #1
      0x00416288: 0x04308ce5	str	r3, [ip, #4]
      0x0041628c: 0x08c08ee5	str	ip, [lr, #8]
      0x00416290: 0xafffff8a	bhi	#0x416154
      0x00416294: 0xc0309fe5	ldr	r3, [pc, #0xc0]
      0x00416298: 0x0400a0e1	mov	r0, r4
      0x0041629c: 0x001093e5	ldr	r1, [r3]
bl    at 0x004162a0: hooking 0x37ffffeb	bl	#0x415f84 -> 0x6aa703eb	bl	#0x500050
b     at 0x004162a4: hooking 0xaaffffea	b	#0x416154 -> 0x55a703eb	bl	#0x500000
      0x004162a8: 0x140052e3	cmp	r2, #0x14
      0x004162ac: 0x0800009a	bls	#0x4162d4
      0x004162b0: 0x540052e3	cmp	r2, #0x54
      0x004162b4: 0x1600008a	bhi	#0x416314
      0x004162b8: 0x2326a0e1	lsr	r2, r3, #0xc
      0x004162bc: 0x6f5082e2	add	r5, r2, #0x6f
      0x004162c0: 0x8551a0e1	lsl	r5, r5, #3
      0x004162c4: 0x6e1082e2	add	r1, r2, #0x6e
b     at 0x004162c8: hooking 0xc0ffffea	b	#0x4161d0 -> 0x4ca703eb	bl	#0x500000
      0x004162cc: 0x023083e0	add	r3, r3, r2
b     at 0x004162d0: hooking 0xa8ffffea	b	#0x416178 -> 0x4aa703eb	bl	#0x500000
      0x004162d4: 0x5c5082e2	add	r5, r2, #0x5c
      0x004162d8: 0x8551a0e1	lsl	r5, r5, #3
      0x004162dc: 0x5b1082e2	add	r1, r2, #0x5b
b     at 0x004162e0: hooking 0xbaffffea	b	#0x4161d0 -> 0x46a703eb	bl	#0x500000
      0x004162e4: 0x0150a0e3	mov	r5, #1
      0x004162e8: 0x04309ee5	ldr	r3, [lr, #4]
      0x004162ec: 0x4111a0e1	asr	r1, r1, #2
      0x004162f0: 0x151183e1	orr	r1, r3, r5, lsl r1
      0x004162f4: 0x04108ee5	str	r1, [lr, #4]
b     at 0x004162f8: hooking 0xc1ffffea	b	#0x416204 -> 0x40a703eb	bl	#0x500000
      0x004162fc: 0x14c08ee5	str	ip, [lr, #0x14]
      0x00416300: 0x10c08ee5	str	ip, [lr, #0x10]
      0x00416304: 0x0c608ce5	str	r6, [ip, #0xc]
      0x00416308: 0x41008ce9	stmib	ip, {r0, r6}
      0x0041630c: 0x03308ce7	str	r3, [ip, r3]
b     at 0x00416310: hooking 0x8fffffea	b	#0x416154 -> 0x3aa703eb	bl	#0x500000
      0x00416314: 0x550f52e3	cmp	r2, #0x154
      0x00416318: 0x0400008a	bhi	#0x416330
      0x0041631c: 0xa327a0e1	lsr	r2, r3, #0xf
      0x00416320: 0x785082e2	add	r5, r2, #0x78
      0x00416324: 0x8551a0e1	lsl	r5, r5, #3
      0x00416328: 0x771082e2	add	r1, r2, #0x77
b     at 0x0041632c: hooking 0xa7ffffea	b	#0x4161d0 -> 0x33a703eb	bl	#0x500000
      0x00416330: 0x28109fe5	ldr	r1, [pc, #0x28]
      0x00416334: 0x010052e1	cmp	r2, r1
      0x00416338: 0x2329a091	lsrls	r2, r3, #0x12
      0x0041633c: 0x7d508292	addls	r5, r2, #0x7d
      0x00416340: 0x8551a091	lslls	r5, r5, #3
      0x00416344: 0x7c108292	addls	r1, r2, #0x7c
      0x00416348: 0xfe5fa083	movhi	r5, #0x3f8
      0x0041634c: 0x7e10a083	movhi	r1, #0x7e
b     at 0x00416350: hooking 0x9effffea	b	#0x4161d0 -> 0x2aa703eb	bl	#0x500000
      0x00416354: 0xc86a4000	subeq	r6, r0, r8, asr #21
      0x00416358: 0xd46e4000	ldrdeq	r6, r7, [r0], #-0xe4
      0x0041635c: 0xd86e4000	ldrdeq	r6, r7, [r0], #-0xe8
      0x00416360: 0x54050000	andeq	r0, r0, r4, asr r5
      0x00416364: 0x70402de9	push	{r4, r5, r6, lr}
      0x00416368: 0x0140a0e1	mov	r4, r1
      0x0041636c: 0x001091e5	ldr	r1, [r1]
      0x00416370: 0x000051e3	cmp	r1, #0
      0x00416374: 0x0050a0e1	mov	r5, r0
      0x00416378: 0xf9ffff1b	blne	#0x416364
      0x0041637c: 0x0410a0e1	mov	r1, r4
      0x00416380: 0x0500a0e1	mov	r0, r5
bl    at 0x00416384: hooking 0x3effffeb	bl	#0x416084 -> 0x31a703eb	bl	#0x500050
      0x00416388: 0x7040bde8	pop	{r4, r5, r6, lr}
      0x0041638c: 0x1eff2fe1	bx	lr
      0x00416390: 0xe4309fe5	ldr	r3, [pc, #0xe4]
      0x00416394: 0x003093e5	ldr	r3, [r3]
      0x00416398: 0x000053e1	cmp	r3, r0
      0x0041639c: 0x1eff2f01	bxeq	lr
      0x004163a0: 0x4c3090e5	ldr	r3, [r0, #0x4c]
      0x004163a4: 0x000053e3	cmp	r3, #0
      0x004163a8: 0x70402de9	push	{r4, r5, r6, lr}
      0x004163ac: 0x0050a0e1	mov	r5, r0
      0x004163b0: 0x0f00000a	beq	#0x4163f4
      0x004163b4: 0x0060a0e3	mov	r6, #0
      0x004163b8: 0x061093e7	ldr	r1, [r3, r6]
      0x004163bc: 0x000051e3	cmp	r1, #0
      0x004163c0: 0x0500000a	beq	#0x4163dc
      0x004163c4: 0x004091e5	ldr	r4, [r1]
      0x004163c8: 0x0500a0e1	mov	r0, r5
bl    at 0x004163cc: hooking 0x2cffffeb	bl	#0x416084 -> 0x1fa703eb	bl	#0x500050
      0x004163d0: 0x001054e2	subs	r1, r4, #0
      0x004163d4: 0xfaffff1a	bne	#0x4163c4
      0x004163d8: 0x4c3095e5	ldr	r3, [r5, #0x4c]
      0x004163dc: 0x046086e2	add	r6, r6, #4
      0x004163e0: 0x800056e3	cmp	r6, #0x80
      0x004163e4: 0xf3ffff1a	bne	#0x4163b8
      0x004163e8: 0x0310a0e1	mov	r1, r3
      0x004163ec: 0x0500a0e1	mov	r0, r5
bl    at 0x004163f0: hooking 0x23ffffeb	bl	#0x416084 -> 0x16a703eb	bl	#0x500050
      0x004163f4: 0x401095e5	ldr	r1, [r5, #0x40]
      0x004163f8: 0x000051e3	cmp	r1, #0
      0x004163fc: 0x0500a011	movne	r0, r5
      0x00416400: 0x1fffff1b	blne	#0x416084
      0x00416404: 0x481195e5	ldr	r1, [r5, #0x148]
      0x00416408: 0x000051e3	cmp	r1, #0
      0x0041640c: 0x0800000a	beq	#0x416434
      0x00416410: 0x536f85e2	add	r6, r5, #0x14c
      0x00416414: 0x060051e1	cmp	r1, r6
      0x00416418: 0x0500000a	beq	#0x416434
      0x0041641c: 0x004091e5	ldr	r4, [r1]
      0x00416420: 0x0500a0e1	mov	r0, r5
bl    at 0x00416424: hooking 0x16ffffeb	bl	#0x416084 -> 0x09a703eb	bl	#0x500050
      0x00416428: 0x040056e1	cmp	r6, r4
      0x0041642c: 0x0410a0e1	mov	r1, r4
      0x00416430: 0xf9ffff1a	bne	#0x41641c
      0x00416434: 0x541095e5	ldr	r1, [r5, #0x54]
      0x00416438: 0x000051e3	cmp	r1, #0
      0x0041643c: 0x0500a011	movne	r0, r5
      0x00416440: 0x0fffff1b	blne	#0x416084
      0x00416444: 0x383095e5	ldr	r3, [r5, #0x38]
      0x00416448: 0x000053e3	cmp	r3, #0
      0x0041644c: 0x0800000a	beq	#0x416474
      0x00416450: 0x3c3095e5	ldr	r3, [r5, #0x3c]
      0x00416454: 0x0500a0e1	mov	r0, r5
      0x00416458: 0x0fe0a0e1	mov	lr, pc
      0x0041645c: 0x13ff2fe1	bx	r3
      0x00416460: 0xe01295e5	ldr	r1, [r5, #0x2e0]
      0x00416464: 0x000051e3	cmp	r1, #0
      0x00416468: 0x0500a011	movne	r0, r5
      0x0041646c: 0x7040bd18	popne	{r4, r5, r6, lr}
      0x00416470: 0xbbffff1a	bne	#0x416364
      0x00416474: 0x7040bde8	pop	{r4, r5, r6, lr}
      0x00416478: 0x1eff2fe1	bx	lr
      0x0041647c: 0x98664000	umaaleq	r6, r0, r8, r6
      0x00416480: 0x1c209fe5	ldr	r2, [pc, #0x1c]
      0x00416484: 0x003092e5	ldr	r3, [r2]
      0x00416488: 0x18109fe5	ldr	r1, [pc, #0x18]
      0x0041648c: 0x000053e3	cmp	r3, #0
      0x00416490: 0x0130a001	moveq	r3, r1
      0x00416494: 0x000083e0	add	r0, r3, r0
      0x00416498: 0x000082e5	str	r0, [r2]
      0x0041649c: 0x0300a0e1	mov	r0, r3
      0x004164a0: 0x1eff2fe1	bx	lr
      0x004164a4: 0x0c6f4000	subeq	r6, r0, ip, lsl #30
      0x004164a8: 0x00005000	subseq	r0, r0, r0
      0x004164ac: 0x00000000	andeq	r0, r0, r0
load_address         = 0x00400000
text_start           = 0x00410000
text_end             = 0x004164b0
omit_addresses       = []
hook_b               = 0x00500000
hook_bl              = 0x00500050
hook_br              = 0x005000a0
hook_blr             = 0x005000c8
hooking ./sample_kissfft from 0x00010000 to 0x000164b0
      0x00410000: 0x10482de9	push	{r4, fp, lr}
      0x00410004: 0x08b08de2	add	fp, sp, #8
      0x00410008: 0x24d04de2	sub	sp, sp, #0x24
      0x0041000c: 0x20000be5	str	r0, [fp, #-0x20]
      0x00410010: 0x24100be5	str	r1, [fp, #-0x24]
      0x00410014: 0x28200be5	str	r2, [fp, #-0x28]
      0x00410018: 0x2c300be5	str	r3, [fp, #-0x2c]
      0x0041001c: 0x28301be5	ldr	r3, [fp, #-0x28]
      0x00410020: 0x423f83e2	add	r3, r3, #0x108
      0x00410024: 0x14300be5	str	r3, [fp, #-0x14]
      0x00410028: 0x2c301be5	ldr	r3, [fp, #-0x2c]
      0x0041002c: 0x8331a0e1	lsl	r3, r3, #3
      0x00410030: 0x20201be5	ldr	r2, [fp, #-0x20]
      0x00410034: 0x033082e0	add	r3, r2, r3
      0x00410038: 0x10300be5	str	r3, [fp, #-0x10]
      0x0041003c: 0x10301be5	ldr	r3, [fp, #-0x10]
      0x00410040: 0x002093e5	ldr	r2, [r3]
      0x00410044: 0x14301be5	ldr	r3, [fp, #-0x14]
      0x00410048: 0x003093e5	ldr	r3, [r3]
      0x0041004c: 0x0310a0e1	mov	r1, r3
      0x00410050: 0x0200a0e1	mov	r0, r2
bl    at 0x00410054: hooking 0x3d1100eb	bl	#0x414550 -> 0xfdbf03eb	bl	#0x500050
      0x00410058: 0x0030a0e1	mov	r3, r0
      0x0041005c: 0x0340a0e1	mov	r4, r3
      0x00410060: 0x10301be5	ldr	r3, [fp, #-0x10]
      0x00410064: 0x042093e5	ldr	r2, [r3, #4]
      0x00410068: 0x14301be5	ldr	r3, [fp, #-0x14]
      0x0041006c: 0x043093e5	ldr	r3, [r3, #4]
      0x00410070: 0x0310a0e1	mov	r1, r3
      0x00410074: 0x0200a0e1	mov	r0, r2
bl    at 0x00410078: hooking 0x341100eb	bl	#0x414550 -> 0xf4bf03eb	bl	#0x500050
      0x0041007c: 0x0030a0e1	mov	r3, r0
      0x00410080: 0x0310a0e1	mov	r1, r3
      0x00410084: 0x0400a0e1	mov	r0, r4
bl    at 0x00410088: hooking 0xb91400eb	bl	#0x415374 -> 0xf0bf03eb	bl	#0x500050
      0x0041008c: 0x0030a0e1	mov	r3, r0
      0x00410090: 0x1c300be5	str	r3, [fp, #-0x1c]
      0x00410094: 0x10301be5	ldr	r3, [fp, #-0x10]
      0x00410098: 0x002093e5	ldr	r2, [r3]
      0x0041009c: 0x14301be5	ldr	r3, [fp, #-0x14]
      0x004100a0: 0x043093e5	ldr	r3, [r3, #4]
      0x004100a4: 0x0310a0e1	mov	r1, r3
      0x004100a8: 0x0200a0e1	mov	r0, r2
bl    at 0x004100ac: hooking 0x271100eb	bl	#0x414550 -> 0xe7bf03eb	bl	#0x500050
      0x004100b0: 0x0030a0e1	mov	r3, r0
      0x004100b4: 0x0340a0e1	mov	r4, r3
      0x004100b8: 0x10301be5	ldr	r3, [fp, #-0x10]
      0x004100bc: 0x042093e5	ldr	r2, [r3, #4]
      0x004100c0: 0x14301be5	ldr	r3, [fp, #-0x14]
      0x004100c4: 0x003093e5	ldr	r3, [r3]
      0x004100c8: 0x0310a0e1	mov	r1, r3
      0x004100cc: 0x0200a0e1	mov	r0, r2
bl    at 0x004100d0: hooking 0x1e1100eb	bl	#0x414550 -> 0xdebf03eb	bl	#0x500050
      0x004100d4: 0x0030a0e1	mov	r3, r0
      0x004100d8: 0x0310a0e1	mov	r1, r3
      0x004100dc: 0x0400a0e1	mov	r0, r4
bl    at 0x004100e0: hooking 0xa41400eb	bl	#0x415378 -> 0xdabf03eb	bl	#0x500050
      0x004100e4: 0x0030a0e1	mov	r3, r0
      0x004100e8: 0x18300be5	str	r3, [fp, #-0x18]
      0x004100ec: 0x24301be5	ldr	r3, [fp, #-0x24]
      0x004100f0: 0x8331a0e1	lsl	r3, r3, #3
      0x004100f4: 0x14201be5	ldr	r2, [fp, #-0x14]
      0x004100f8: 0x033082e0	add	r3, r2, r3
      0x004100fc: 0x14300be5	str	r3, [fp, #-0x14]
      0x00410100: 0x20301be5	ldr	r3, [fp, #-0x20]
      0x00410104: 0x003093e5	ldr	r3, [r3]
      0x00410108: 0x1c201be5	ldr	r2, [fp, #-0x1c]
      0x0041010c: 0x0210a0e1	mov	r1, r2
      0x00410110: 0x0300a0e1	mov	r0, r3
bl    at 0x00410114: hooking 0x961400eb	bl	#0x415374 -> 0xcdbf03eb	bl	#0x500050
      0x00410118: 0x0030a0e1	mov	r3, r0
      0x0041011c: 0x0320a0e1	mov	r2, r3
      0x00410120: 0x10301be5	ldr	r3, [fp, #-0x10]
      0x00410124: 0x002083e5	str	r2, [r3]
      0x00410128: 0x20301be5	ldr	r3, [fp, #-0x20]
      0x0041012c: 0x043093e5	ldr	r3, [r3, #4]
      0x00410130: 0x18201be5	ldr	r2, [fp, #-0x18]
      0x00410134: 0x0210a0e1	mov	r1, r2
      0x00410138: 0x0300a0e1	mov	r0, r3
bl    at 0x0041013c: hooking 0x8c1400eb	bl	#0x415374 -> 0xc3bf03eb	bl	#0x500050
      0x00410140: 0x0030a0e1	mov	r3, r0
      0x00410144: 0x0320a0e1	mov	r2, r3
      0x00410148: 0x10301be5	ldr	r3, [fp, #-0x10]
      0x0041014c: 0x042083e5	str	r2, [r3, #4]
      0x00410150: 0x20301be5	ldr	r3, [fp, #-0x20]
      0x00410154: 0x003093e5	ldr	r3, [r3]
      0x00410158: 0x1c201be5	ldr	r2, [fp, #-0x1c]
      0x0041015c: 0x0210a0e1	mov	r1, r2
      0x00410160: 0x0300a0e1	mov	r0, r3
bl    at 0x00410164: hooking 0x831400eb	bl	#0x415378 -> 0xb9bf03eb	bl	#0x500050
      0x00410168: 0x0030a0e1	mov	r3, r0
      0x0041016c: 0x0320a0e1	mov	r2, r3
      0x00410170: 0x20301be5	ldr	r3, [fp, #-0x20]
      0x00410174: 0x002083e5	str	r2, [r3]
      0x00410178: 0x20301be5	ldr	r3, [fp, #-0x20]
      0x0041017c: 0x043093e5	ldr	r3, [r3, #4]
      0x00410180: 0x18201be5	ldr	r2, [fp, #-0x18]
      0x00410184: 0x0210a0e1	mov	r1, r2
      0x00410188: 0x0300a0e1	mov	r0, r3
bl    at 0x0041018c: hooking 0x791400eb	bl	#0x415378 -> 0xafbf03eb	bl	#0x500050
      0x00410190: 0x0030a0e1	mov	r3, r0
      0x00410194: 0x0320a0e1	mov	r2, r3
      0x00410198: 0x20301be5	ldr	r3, [fp, #-0x20]
      0x0041019c: 0x042083e5	str	r2, [r3, #4]
      0x004101a0: 0x10301be5	ldr	r3, [fp, #-0x10]
      0x004101a4: 0x083083e2	add	r3, r3, #8
      0x004101a8: 0x10300be5	str	r3, [fp, #-0x10]
      0x004101ac: 0x20301be5	ldr	r3, [fp, #-0x20]
      0x004101b0: 0x083083e2	add	r3, r3, #8
      0x004101b4: 0x20300be5	str	r3, [fp, #-0x20]
      0x004101b8: 0x2c301be5	ldr	r3, [fp, #-0x2c]
      0x004101bc: 0x013043e2	sub	r3, r3, #1
      0x004101c0: 0x2c300be5	str	r3, [fp, #-0x2c]
      0x004101c4: 0x2c301be5	ldr	r3, [fp, #-0x2c]
      0x004101c8: 0x000053e3	cmp	r3, #0
      0x004101cc: 0x9affff1a	bne	#0x41003c
      0x004101d0: 0x0000a0e1	mov	r0, r0
      0x004101d4: 0x0000a0e1	mov	r0, r0
      0x004101d8: 0x08d04be2	sub	sp, fp, #8
      0x004101dc: 0x1048bde8	pop	{r4, fp, lr}
      0x004101e0: 0x1eff2fe1	bx	lr
      0x004101e4: 0x10482de9	push	{r4, fp, lr}
      0x004101e8: 0x08b08de2	add	fp, sp, #8
      0x004101ec: 0x5cd04de2	sub	sp, sp, #0x5c
      0x004101f0: 0x58000be5	str	r0, [fp, #-0x58]
      0x004101f4: 0x5c100be5	str	r1, [fp, #-0x5c]
      0x004101f8: 0x60200be5	str	r2, [fp, #-0x60]
      0x004101fc: 0x64300be5	str	r3, [fp, #-0x64]
      0x00410200: 0x64301be5	ldr	r3, [fp, #-0x64]
      0x00410204: 0x1c300be5	str	r3, [fp, #-0x1c]
      0x00410208: 0x64301be5	ldr	r3, [fp, #-0x64]
      0x0041020c: 0x8330a0e1	lsl	r3, r3, #1
      0x00410210: 0x20300be5	str	r3, [fp, #-0x20]
      0x00410214: 0x64201be5	ldr	r2, [fp, #-0x64]
      0x00410218: 0x0230a0e1	mov	r3, r2
      0x0041021c: 0x8330a0e1	lsl	r3, r3, #1
      0x00410220: 0x023083e0	add	r3, r3, r2
      0x00410224: 0x24300be5	str	r3, [fp, #-0x24]
      0x00410228: 0x60301be5	ldr	r3, [fp, #-0x60]
      0x0041022c: 0x423f83e2	add	r3, r3, #0x108
      0x00410230: 0x10300be5	str	r3, [fp, #-0x10]
      0x00410234: 0x10301be5	ldr	r3, [fp, #-0x10]
      0x00410238: 0x14300be5	str	r3, [fp, #-0x14]
      0x0041023c: 0x14301be5	ldr	r3, [fp, #-0x14]
      0x00410240: 0x18300be5	str	r3, [fp, #-0x18]
      0x00410244: 0x64301be5	ldr	r3, [fp, #-0x64]
      0x00410248: 0x8331a0e1	lsl	r3, r3, #3
      0x0041024c: 0x58201be5	ldr	r2, [fp, #-0x58]
      0x00410250: 0x033082e0	add	r3, r2, r3
      0x00410254: 0x002093e5	ldr	r2, [r3]
      0x00410258: 0x10301be5	ldr	r3, [fp, #-0x10]
      0x0041025c: 0x003093e5	ldr	r3, [r3]
      0x00410260: 0x0310a0e1	mov	r1, r3
      0x00410264: 0x0200a0e1	mov	r0, r2
bl    at 0x00410268: hooking 0xb81000eb	bl	#0x414550 -> 0x78bf03eb	bl	#0x500050
      0x0041026c: 0x0030a0e1	mov	r3, r0
      0x00410270: 0x0340a0e1	mov	r4, r3
      0x00410274: 0x64301be5	ldr	r3, [fp, #-0x64]
      0x00410278: 0x8331a0e1	lsl	r3, r3, #3
      0x0041027c: 0x58201be5	ldr	r2, [fp, #-0x58]
      0x00410280: 0x033082e0	add	r3, r2, r3
      0x00410284: 0x042093e5	ldr	r2, [r3, #4]
      0x00410288: 0x10301be5	ldr	r3, [fp, #-0x10]
      0x0041028c: 0x043093e5	ldr	r3, [r3, #4]
      0x00410290: 0x0310a0e1	mov	r1, r3
      0x00410294: 0x0200a0e1	mov	r0, r2
bl    at 0x00410298: hooking 0xac1000eb	bl	#0x414550 -> 0x6cbf03eb	bl	#0x500050
      0x0041029c: 0x0030a0e1	mov	r3, r0
      0x004102a0: 0x0310a0e1	mov	r1, r3
      0x004102a4: 0x0400a0e1	mov	r0, r4
bl    at 0x004102a8: hooking 0x311400eb	bl	#0x415374 -> 0x68bf03eb	bl	#0x500050
      0x004102ac: 0x0030a0e1	mov	r3, r0
      0x004102b0: 0x54300be5	str	r3, [fp, #-0x54]
      0x004102b4: 0x64301be5	ldr	r3, [fp, #-0x64]
      0x004102b8: 0x8331a0e1	lsl	r3, r3, #3
      0x004102bc: 0x58201be5	ldr	r2, [fp, #-0x58]
      0x004102c0: 0x033082e0	add	r3, r2, r3
      0x004102c4: 0x002093e5	ldr	r2, [r3]
      0x004102c8: 0x10301be5	ldr	r3, [fp, #-0x10]
      0x004102cc: 0x043093e5	ldr	r3, [r3, #4]
      0x004102d0: 0x0310a0e1	mov	r1, r3
      0x004102d4: 0x0200a0e1	mov	r0, r2
bl    at 0x004102d8: hooking 0x9c1000eb	bl	#0x414550 -> 0x5cbf03eb	bl	#0x500050
      0x004102dc: 0x0030a0e1	mov	r3, r0
      0x004102e0: 0x0340a0e1	mov	r4, r3
      0x004102e4: 0x64301be5	ldr	r3, [fp, #-0x64]
      0x004102e8: 0x8331a0e1	lsl	r3, r3, #3
      0x004102ec: 0x58201be5	ldr	r2, [fp, #-0x58]
      0x004102f0: 0x033082e0	add	r3, r2, r3
      0x004102f4: 0x042093e5	ldr	r2, [r3, #4]
      0x004102f8: 0x10301be5	ldr	r3, [fp, #-0x10]
      0x004102fc: 0x003093e5	ldr	r3, [r3]
      0x00410300: 0x0310a0e1	mov	r1, r3
      0x00410304: 0x0200a0e1	mov	r0, r2
bl    at 0x00410308: hooking 0x901000eb	bl	#0x414550 -> 0x50bf03eb	bl	#0x500050
      0x0041030c: 0x0030a0e1	mov	r3, r0
      0x00410310: 0x0310a0e1	mov	r1, r3
      0x00410314: 0x0400a0e1	mov	r0, r4
bl    at 0x00410318: hooking 0x161400eb	bl	#0x415378 -> 0x4cbf03eb	bl	#0x500050
      0x0041031c: 0x0030a0e1	mov	r3, r0
      0x00410320: 0x50300be5	str	r3, [fp, #-0x50]
      0x00410324: 0x20301be5	ldr	r3, [fp, #-0x20]
      0x00410328: 0x8331a0e1	lsl	r3, r3, #3
      0x0041032c: 0x58201be5	ldr	r2, [fp, #-0x58]
      0x00410330: 0x033082e0	add	r3, r2, r3
      0x00410334: 0x002093e5	ldr	r2, [r3]
      0x00410338: 0x14301be5	ldr	r3, [fp, #-0x14]
      0x0041033c: 0x003093e5	ldr	r3, [r3]
      0x00410340: 0x0310a0e1	mov	r1, r3
      0x00410344: 0x0200a0e1	mov	r0, r2
bl    at 0x00410348: hooking 0x801000eb	bl	#0x414550 -> 0x40bf03eb	bl	#0x500050
      0x0041034c: 0x0030a0e1	mov	r3, r0
      0x00410350: 0x0340a0e1	mov	r4, r3
      0x00410354: 0x20301be5	ldr	r3, [fp, #-0x20]
      0x00410358: 0x8331a0e1	lsl	r3, r3, #3
      0x0041035c: 0x58201be5	ldr	r2, [fp, #-0x58]
      0x00410360: 0x033082e0	add	r3, r2, r3
      0x00410364: 0x042093e5	ldr	r2, [r3, #4]
      0x00410368: 0x14301be5	ldr	r3, [fp, #-0x14]
      0x0041036c: 0x043093e5	ldr	r3, [r3, #4]
      0x00410370: 0x0310a0e1	mov	r1, r3
      0x00410374: 0x0200a0e1	mov	r0, r2
bl    at 0x00410378: hooking 0x741000eb	bl	#0x414550 -> 0x34bf03eb	bl	#0x500050
      0x0041037c: 0x0030a0e1	mov	r3, r0
      0x00410380: 0x0310a0e1	mov	r1, r3
      0x00410384: 0x0400a0e1	mov	r0, r4
bl    at 0x00410388: hooking 0xf91300eb	bl	#0x415374 -> 0x30bf03eb	bl	#0x500050
      0x0041038c: 0x0030a0e1	mov	r3, r0
      0x00410390: 0x4c300be5	str	r3, [fp, #-0x4c]
      0x00410394: 0x20301be5	ldr	r3, [fp, #-0x20]
      0x00410398: 0x8331a0e1	lsl	r3, r3, #3
      0x0041039c: 0x58201be5	ldr	r2, [fp, #-0x58]
      0x004103a0: 0x033082e0	add	r3, r2, r3
      0x004103a4: 0x002093e5	ldr	r2, [r3]
      0x004103a8: 0x14301be5	ldr	r3, [fp, #-0x14]
      0x004103ac: 0x043093e5	ldr	r3, [r3, #4]
      0x004103b0: 0x0310a0e1	mov	r1, r3
      0x004103b4: 0x0200a0e1	mov	r0, r2
bl    at 0x004103b8: hooking 0x641000eb	bl	#0x414550 -> 0x24bf03eb	bl	#0x500050
      0x004103bc: 0x0030a0e1	mov	r3, r0
      0x004103c0: 0x0340a0e1	mov	r4, r3
      0x004103c4: 0x20301be5	ldr	r3, [fp, #-0x20]
      0x004103c8: 0x8331a0e1	lsl	r3, r3, #3
      0x004103cc: 0x58201be5	ldr	r2, [fp, #-0x58]
      0x004103d0: 0x033082e0	add	r3, r2, r3
      0x004103d4: 0x042093e5	ldr	r2, [r3, #4]
      0x004103d8: 0x14301be5	ldr	r3, [fp, #-0x14]
      0x004103dc: 0x003093e5	ldr	r3, [r3]
      0x004103e0: 0x0310a0e1	mov	r1, r3
      0x004103e4: 0x0200a0e1	mov	r0, r2
bl    at 0x004103e8: hooking 0x581000eb	bl	#0x414550 -> 0x18bf03eb	bl	#0x500050
      0x004103ec: 0x0030a0e1	mov	r3, r0
      0x004103f0: 0x0310a0e1	mov	r1, r3
      0x004103f4: 0x0400a0e1	mov	r0, r4
bl    at 0x004103f8: hooking 0xde1300eb	bl	#0x415378 -> 0x14bf03eb	bl	#0x500050
      0x004103fc: 0x0030a0e1	mov	r3, r0
      0x00410400: 0x48300be5	str	r3, [fp, #-0x48]
      0x00410404: 0x24301be5	ldr	r3, [fp, #-0x24]
      0x00410408: 0x8331a0e1	lsl	r3, r3, #3
      0x0041040c: 0x58201be5	ldr	r2, [fp, #-0x58]
      0x00410410: 0x033082e0	add	r3, r2, r3
      0x00410414: 0x002093e5	ldr	r2, [r3]
      0x00410418: 0x18301be5	ldr	r3, [fp, #-0x18]
      0x0041041c: 0x003093e5	ldr	r3, [r3]
      0x00410420: 0x0310a0e1	mov	r1, r3
      0x00410424: 0x0200a0e1	mov	r0, r2
bl    at 0x00410428: hooking 0x481000eb	bl	#0x414550 -> 0x08bf03eb	bl	#0x500050
      0x0041042c: 0x0030a0e1	mov	r3, r0
      0x00410430: 0x0340a0e1	mov	r4, r3
      0x00410434: 0x24301be5	ldr	r3, [fp, #-0x24]
      0x00410438: 0x8331a0e1	lsl	r3, r3, #3
      0x0041043c: 0x58201be5	ldr	r2, [fp, #-0x58]
      0x00410440: 0x033082e0	add	r3, r2, r3
      0x00410444: 0x042093e5	ldr	r2, [r3, #4]
      0x00410448: 0x18301be5	ldr	r3, [fp, #-0x18]
      0x0041044c: 0x043093e5	ldr	r3, [r3, #4]
      0x00410450: 0x0310a0e1	mov	r1, r3
      0x00410454: 0x0200a0e1	mov	r0, r2
bl    at 0x00410458: hooking 0x3c1000eb	bl	#0x414550 -> 0xfcbe03eb	bl	#0x500050
      0x0041045c: 0x0030a0e1	mov	r3, r0
      0x00410460: 0x0310a0e1	mov	r1, r3
      0x00410464: 0x0400a0e1	mov	r0, r4
bl    at 0x00410468: hooking 0xc11300eb	bl	#0x415374 -> 0xf8be03eb	bl	#0x500050
      0x0041046c: 0x0030a0e1	mov	r3, r0
      0x00410470: 0x44300be5	str	r3, [fp, #-0x44]
      0x00410474: 0x24301be5	ldr	r3, [fp, #-0x24]
      0x00410478: 0x8331a0e1	lsl	r3, r3, #3
      0x0041047c: 0x58201be5	ldr	r2, [fp, #-0x58]
      0x00410480: 0x033082e0	add	r3, r2, r3
      0x00410484: 0x002093e5	ldr	r2, [r3]
      0x00410488: 0x18301be5	ldr	r3, [fp, #-0x18]
      0x0041048c: 0x043093e5	ldr	r3, [r3, #4]
      0x00410490: 0x0310a0e1	mov	r1, r3
      0x00410494: 0x0200a0e1	mov	r0, r2
bl    at 0x00410498: hooking 0x2c1000eb	bl	#0x414550 -> 0xecbe03eb	bl	#0x500050
      0x0041049c: 0x0030a0e1	mov	r3, r0
      0x004104a0: 0x0340a0e1	mov	r4, r3
      0x004104a4: 0x24301be5	ldr	r3, [fp, #-0x24]
      0x004104a8: 0x8331a0e1	lsl	r3, r3, #3
      0x004104ac: 0x58201be5	ldr	r2, [fp, #-0x58]
      0x004104b0: 0x033082e0	add	r3, r2, r3
      0x004104b4: 0x042093e5	ldr	r2, [r3, #4]
      0x004104b8: 0x18301be5	ldr	r3, [fp, #-0x18]
      0x004104bc: 0x003093e5	ldr	r3, [r3]
      0x004104c0: 0x0310a0e1	mov	r1, r3
      0x004104c4: 0x0200a0e1	mov	r0, r2
bl    at 0x004104c8: hooking 0x201000eb	bl	#0x414550 -> 0xe0be03eb	bl	#0x500050
      0x004104cc: 0x0030a0e1	mov	r3, r0
      0x004104d0: 0x0310a0e1	mov	r1, r3
      0x004104d4: 0x0400a0e1	mov	r0, r4
bl    at 0x004104d8: hooking 0xa61300eb	bl	#0x415378 -> 0xdcbe03eb	bl	#0x500050
      0x004104dc: 0x0030a0e1	mov	r3, r0
      0x004104e0: 0x40300be5	str	r3, [fp, #-0x40]
      0x004104e4: 0x58301be5	ldr	r3, [fp, #-0x58]
      0x004104e8: 0x003093e5	ldr	r3, [r3]
      0x004104ec: 0x4c201be5	ldr	r2, [fp, #-0x4c]
      0x004104f0: 0x0210a0e1	mov	r1, r2
      0x004104f4: 0x0300a0e1	mov	r0, r3
bl    at 0x004104f8: hooking 0x9d1300eb	bl	#0x415374 -> 0xd4be03eb	bl	#0x500050
      0x004104fc: 0x0030a0e1	mov	r3, r0
      0x00410500: 0x2c300be5	str	r3, [fp, #-0x2c]
      0x00410504: 0x58301be5	ldr	r3, [fp, #-0x58]
      0x00410508: 0x043093e5	ldr	r3, [r3, #4]
      0x0041050c: 0x48201be5	ldr	r2, [fp, #-0x48]
      0x00410510: 0x0210a0e1	mov	r1, r2
      0x00410514: 0x0300a0e1	mov	r0, r3
bl    at 0x00410518: hooking 0x951300eb	bl	#0x415374 -> 0xccbe03eb	bl	#0x500050
      0x0041051c: 0x0030a0e1	mov	r3, r0
      0x00410520: 0x28300be5	str	r3, [fp, #-0x28]
      0x00410524: 0x58301be5	ldr	r3, [fp, #-0x58]
      0x00410528: 0x003093e5	ldr	r3, [r3]
      0x0041052c: 0x4c201be5	ldr	r2, [fp, #-0x4c]
      0x00410530: 0x0210a0e1	mov	r1, r2
      0x00410534: 0x0300a0e1	mov	r0, r3
bl    at 0x00410538: hooking 0x8e1300eb	bl	#0x415378 -> 0xc4be03eb	bl	#0x500050
      0x0041053c: 0x0030a0e1	mov	r3, r0
      0x00410540: 0x0320a0e1	mov	r2, r3
      0x00410544: 0x58301be5	ldr	r3, [fp, #-0x58]
      0x00410548: 0x002083e5	str	r2, [r3]
      0x0041054c: 0x58301be5	ldr	r3, [fp, #-0x58]
      0x00410550: 0x043093e5	ldr	r3, [r3, #4]
      0x00410554: 0x48201be5	ldr	r2, [fp, #-0x48]
      0x00410558: 0x0210a0e1	mov	r1, r2
      0x0041055c: 0x0300a0e1	mov	r0, r3
bl    at 0x00410560: hooking 0x841300eb	bl	#0x415378 -> 0xbabe03eb	bl	#0x500050
      0x00410564: 0x0030a0e1	mov	r3, r0
      0x00410568: 0x0320a0e1	mov	r2, r3
      0x0041056c: 0x58301be5	ldr	r3, [fp, #-0x58]
      0x00410570: 0x042083e5	str	r2, [r3, #4]
      0x00410574: 0x54301be5	ldr	r3, [fp, #-0x54]
      0x00410578: 0x44201be5	ldr	r2, [fp, #-0x44]
      0x0041057c: 0x0210a0e1	mov	r1, r2
      0x00410580: 0x0300a0e1	mov	r0, r3
bl    at 0x00410584: hooking 0x7b1300eb	bl	#0x415378 -> 0xb1be03eb	bl	#0x500050
      0x00410588: 0x0030a0e1	mov	r3, r0
      0x0041058c: 0x3c300be5	str	r3, [fp, #-0x3c]
      0x00410590: 0x50301be5	ldr	r3, [fp, #-0x50]
      0x00410594: 0x40201be5	ldr	r2, [fp, #-0x40]
      0x00410598: 0x0210a0e1	mov	r1, r2
      0x0041059c: 0x0300a0e1	mov	r0, r3
bl    at 0x004105a0: hooking 0x741300eb	bl	#0x415378 -> 0xaabe03eb	bl	#0x500050
      0x004105a4: 0x0030a0e1	mov	r3, r0
      0x004105a8: 0x38300be5	str	r3, [fp, #-0x38]
      0x004105ac: 0x54301be5	ldr	r3, [fp, #-0x54]
      0x004105b0: 0x44201be5	ldr	r2, [fp, #-0x44]
      0x004105b4: 0x0210a0e1	mov	r1, r2
      0x004105b8: 0x0300a0e1	mov	r0, r3
bl    at 0x004105bc: hooking 0x6c1300eb	bl	#0x415374 -> 0xa3be03eb	bl	#0x500050
      0x004105c0: 0x0030a0e1	mov	r3, r0
      0x004105c4: 0x34300be5	str	r3, [fp, #-0x34]
      0x004105c8: 0x50301be5	ldr	r3, [fp, #-0x50]
      0x004105cc: 0x40201be5	ldr	r2, [fp, #-0x40]
      0x004105d0: 0x0210a0e1	mov	r1, r2
      0x004105d4: 0x0300a0e1	mov	r0, r3
bl    at 0x004105d8: hooking 0x651300eb	bl	#0x415374 -> 0x9cbe03eb	bl	#0x500050
      0x004105dc: 0x0030a0e1	mov	r3, r0
      0x004105e0: 0x30300be5	str	r3, [fp, #-0x30]
      0x004105e4: 0x58301be5	ldr	r3, [fp, #-0x58]
      0x004105e8: 0x000093e5	ldr	r0, [r3]
      0x004105ec: 0x3c101be5	ldr	r1, [fp, #-0x3c]
      0x004105f0: 0x20301be5	ldr	r3, [fp, #-0x20]
      0x004105f4: 0x8331a0e1	lsl	r3, r3, #3
      0x004105f8: 0x58201be5	ldr	r2, [fp, #-0x58]
      0x004105fc: 0x034082e0	add	r4, r2, r3
bl    at 0x00410600: hooking 0x5b1300eb	bl	#0x415374 -> 0x92be03eb	bl	#0x500050
      0x00410604: 0x0030a0e1	mov	r3, r0
      0x00410608: 0x003084e5	str	r3, [r4]
      0x0041060c: 0x58301be5	ldr	r3, [fp, #-0x58]
      0x00410610: 0x040093e5	ldr	r0, [r3, #4]
      0x00410614: 0x38101be5	ldr	r1, [fp, #-0x38]
      0x00410618: 0x20301be5	ldr	r3, [fp, #-0x20]
      0x0041061c: 0x8331a0e1	lsl	r3, r3, #3
      0x00410620: 0x58201be5	ldr	r2, [fp, #-0x58]
      0x00410624: 0x034082e0	add	r4, r2, r3
bl    at 0x00410628: hooking 0x511300eb	bl	#0x415374 -> 0x88be03eb	bl	#0x500050
      0x0041062c: 0x0030a0e1	mov	r3, r0
      0x00410630: 0x043084e5	str	r3, [r4, #4]
      0x00410634: 0x5c301be5	ldr	r3, [fp, #-0x5c]
      0x00410638: 0x8331a0e1	lsl	r3, r3, #3
      0x0041063c: 0x10201be5	ldr	r2, [fp, #-0x10]
      0x00410640: 0x033082e0	add	r3, r2, r3
      0x00410644: 0x10300be5	str	r3, [fp, #-0x10]
      0x00410648: 0x5c301be5	ldr	r3, [fp, #-0x5c]
      0x0041064c: 0x0332a0e1	lsl	r3, r3, #4
      0x00410650: 0x14201be5	ldr	r2, [fp, #-0x14]
      0x00410654: 0x033082e0	add	r3, r2, r3
      0x00410658: 0x14300be5	str	r3, [fp, #-0x14]
      0x0041065c: 0x5c201be5	ldr	r2, [fp, #-0x5c]
      0x00410660: 0x0230a0e1	mov	r3, r2
      0x00410664: 0x8330a0e1	lsl	r3, r3, #1
      0x00410668: 0x023083e0	add	r3, r3, r2
      0x0041066c: 0x8331a0e1	lsl	r3, r3, #3
      0x00410670: 0x0320a0e1	mov	r2, r3
      0x00410674: 0x18301be5	ldr	r3, [fp, #-0x18]
      0x00410678: 0x023083e0	add	r3, r3, r2
      0x0041067c: 0x18300be5	str	r3, [fp, #-0x18]
      0x00410680: 0x58301be5	ldr	r3, [fp, #-0x58]
      0x00410684: 0x003093e5	ldr	r3, [r3]
      0x00410688: 0x3c201be5	ldr	r2, [fp, #-0x3c]
      0x0041068c: 0x0210a0e1	mov	r1, r2
      0x00410690: 0x0300a0e1	mov	r0, r3
bl    at 0x00410694: hooking 0x371300eb	bl	#0x415378 -> 0x6dbe03eb	bl	#0x500050
      0x00410698: 0x0030a0e1	mov	r3, r0
      0x0041069c: 0x0320a0e1	mov	r2, r3
      0x004106a0: 0x58301be5	ldr	r3, [fp, #-0x58]
      0x004106a4: 0x002083e5	str	r2, [r3]
      0x004106a8: 0x58301be5	ldr	r3, [fp, #-0x58]
      0x004106ac: 0x043093e5	ldr	r3, [r3, #4]
      0x004106b0: 0x38201be5	ldr	r2, [fp, #-0x38]
      0x004106b4: 0x0210a0e1	mov	r1, r2
      0x004106b8: 0x0300a0e1	mov	r0, r3
bl    at 0x004106bc: hooking 0x2d1300eb	bl	#0x415378 -> 0x63be03eb	bl	#0x500050
      0x004106c0: 0x0030a0e1	mov	r3, r0
      0x004106c4: 0x0320a0e1	mov	r2, r3
      0x004106c8: 0x58301be5	ldr	r3, [fp, #-0x58]
      0x004106cc: 0x042083e5	str	r2, [r3, #4]
      0x004106d0: 0x60301be5	ldr	r3, [fp, #-0x60]
      0x004106d4: 0x043093e5	ldr	r3, [r3, #4]
      0x004106d8: 0x000053e3	cmp	r3, #0
      0x004106dc: 0x2400000a	beq	#0x410774
      0x004106e0: 0x2c001be5	ldr	r0, [fp, #-0x2c]
      0x004106e4: 0x30101be5	ldr	r1, [fp, #-0x30]
      0x004106e8: 0x64301be5	ldr	r3, [fp, #-0x64]
      0x004106ec: 0x8331a0e1	lsl	r3, r3, #3
      0x004106f0: 0x58201be5	ldr	r2, [fp, #-0x58]
      0x004106f4: 0x034082e0	add	r4, r2, r3
bl    at 0x004106f8: hooking 0x1d1300eb	bl	#0x415374 -> 0x54be03eb	bl	#0x500050
      0x004106fc: 0x0030a0e1	mov	r3, r0
      0x00410700: 0x003084e5	str	r3, [r4]
      0x00410704: 0x28001be5	ldr	r0, [fp, #-0x28]
      0x00410708: 0x34101be5	ldr	r1, [fp, #-0x34]
      0x0041070c: 0x64301be5	ldr	r3, [fp, #-0x64]
      0x00410710: 0x8331a0e1	lsl	r3, r3, #3
      0x00410714: 0x58201be5	ldr	r2, [fp, #-0x58]
      0x00410718: 0x034082e0	add	r4, r2, r3
bl    at 0x0041071c: hooking 0x151300eb	bl	#0x415378 -> 0x4bbe03eb	bl	#0x500050
      0x00410720: 0x0030a0e1	mov	r3, r0
      0x00410724: 0x043084e5	str	r3, [r4, #4]
      0x00410728: 0x2c001be5	ldr	r0, [fp, #-0x2c]
      0x0041072c: 0x30101be5	ldr	r1, [fp, #-0x30]
      0x00410730: 0x24301be5	ldr	r3, [fp, #-0x24]
      0x00410734: 0x8331a0e1	lsl	r3, r3, #3
      0x00410738: 0x58201be5	ldr	r2, [fp, #-0x58]
      0x0041073c: 0x034082e0	add	r4, r2, r3
bl    at 0x00410740: hooking 0x0c1300eb	bl	#0x415378 -> 0x42be03eb	bl	#0x500050
      0x00410744: 0x0030a0e1	mov	r3, r0
      0x00410748: 0x003084e5	str	r3, [r4]
      0x0041074c: 0x28001be5	ldr	r0, [fp, #-0x28]
      0x00410750: 0x34101be5	ldr	r1, [fp, #-0x34]
      0x00410754: 0x24301be5	ldr	r3, [fp, #-0x24]
      0x00410758: 0x8331a0e1	lsl	r3, r3, #3
      0x0041075c: 0x58201be5	ldr	r2, [fp, #-0x58]
      0x00410760: 0x034082e0	add	r4, r2, r3
bl    at 0x00410764: hooking 0x021300eb	bl	#0x415374 -> 0x39be03eb	bl	#0x500050
      0x00410768: 0x0030a0e1	mov	r3, r0
      0x0041076c: 0x043084e5	str	r3, [r4, #4]
b     at 0x00410770: hooking 0x230000ea	b	#0x410804 -> 0x22be03eb	bl	#0x500000
      0x00410774: 0x2c001be5	ldr	r0, [fp, #-0x2c]
      0x00410778: 0x30101be5	ldr	r1, [fp, #-0x30]
      0x0041077c: 0x64301be5	ldr	r3, [fp, #-0x64]
      0x00410780: 0x8331a0e1	lsl	r3, r3, #3
      0x00410784: 0x58201be5	ldr	r2, [fp, #-0x58]
      0x00410788: 0x034082e0	add	r4, r2, r3
bl    at 0x0041078c: hooking 0xf91200eb	bl	#0x415378 -> 0x2fbe03eb	bl	#0x500050
      0x00410790: 0x0030a0e1	mov	r3, r0
      0x00410794: 0x003084e5	str	r3, [r4]
      0x00410798: 0x28001be5	ldr	r0, [fp, #-0x28]
      0x0041079c: 0x34101be5	ldr	r1, [fp, #-0x34]
      0x004107a0: 0x64301be5	ldr	r3, [fp, #-0x64]
      0x004107a4: 0x8331a0e1	lsl	r3, r3, #3
      0x004107a8: 0x58201be5	ldr	r2, [fp, #-0x58]
      0x004107ac: 0x034082e0	add	r4, r2, r3
bl    at 0x004107b0: hooking 0xef1200eb	bl	#0x415374 -> 0x26be03eb	bl	#0x500050
      0x004107b4: 0x0030a0e1	mov	r3, r0
      0x004107b8: 0x043084e5	str	r3, [r4, #4]
      0x004107bc: 0x2c001be5	ldr	r0, [fp, #-0x2c]
      0x004107c0: 0x30101be5	ldr	r1, [fp, #-0x30]
      0x004107c4: 0x24301be5	ldr	r3, [fp, #-0x24]
      0x004107c8: 0x8331a0e1	lsl	r3, r3, #3
      0x004107cc: 0x58201be5	ldr	r2, [fp, #-0x58]
      0x004107d0: 0x034082e0	add	r4, r2, r3
bl    at 0x004107d4: hooking 0xe61200eb	bl	#0x415374 -> 0x1dbe03eb	bl	#0x500050
      0x004107d8: 0x0030a0e1	mov	r3, r0
      0x004107dc: 0x003084e5	str	r3, [r4]
      0x004107e0: 0x28001be5	ldr	r0, [fp, #-0x28]
      0x004107e4: 0x34101be5	ldr	r1, [fp, #-0x34]
      0x004107e8: 0x24301be5	ldr	r3, [fp, #-0x24]
      0x004107ec: 0x8331a0e1	lsl	r3, r3, #3
      0x004107f0: 0x58201be5	ldr	r2, [fp, #-0x58]
      0x004107f4: 0x034082e0	add	r4, r2, r3
bl    at 0x004107f8: hooking 0xde1200eb	bl	#0x415378 -> 0x14be03eb	bl	#0x500050
      0x004107fc: 0x0030a0e1	mov	r3, r0
      0x00410800: 0x043084e5	str	r3, [r4, #4]
      0x00410804: 0x58301be5	ldr	r3, [fp, #-0x58]
      0x00410808: 0x083083e2	add	r3, r3, #8
      0x0041080c: 0x58300be5	str	r3, [fp, #-0x58]
      0x00410810: 0x1c301be5	ldr	r3, [fp, #-0x1c]
      0x00410814: 0x013043e2	sub	r3, r3, #1
      0x00410818: 0x1c300be5	str	r3, [fp, #-0x1c]
      0x0041081c: 0x1c301be5	ldr	r3, [fp, #-0x1c]
      0x00410820: 0x000053e3	cmp	r3, #0
      0x00410824: 0x86feff1a	bne	#0x410244
      0x00410828: 0x0000a0e1	mov	r0, r0
      0x0041082c: 0x0000a0e1	mov	r0, r0
      0x00410830: 0x08d04be2	sub	sp, fp, #8
      0x00410834: 0x1048bde8	pop	{r4, fp, lr}
      0x00410838: 0x1eff2fe1	bx	lr
      0x0041083c: 0x30482de9	push	{r4, r5, fp, lr}
      0x00410840: 0x0cb08de2	add	fp, sp, #0xc
      0x00410844: 0x50d04de2	sub	sp, sp, #0x50
      0x00410848: 0x50000be5	str	r0, [fp, #-0x50]
      0x0041084c: 0x54100be5	str	r1, [fp, #-0x54]
      0x00410850: 0x58200be5	str	r2, [fp, #-0x58]
      0x00410854: 0x5c300be5	str	r3, [fp, #-0x5c]
      0x00410858: 0x5c301be5	ldr	r3, [fp, #-0x5c]
      0x0041085c: 0x10300be5	str	r3, [fp, #-0x10]
      0x00410860: 0x5c301be5	ldr	r3, [fp, #-0x5c]
      0x00410864: 0x8330a0e1	lsl	r3, r3, #1
      0x00410868: 0x1c300be5	str	r3, [fp, #-0x1c]
      0x0041086c: 0x54301be5	ldr	r3, [fp, #-0x54]
      0x00410870: 0x5c201be5	ldr	r2, [fp, #-0x5c]
      0x00410874: 0x920303e0	mul	r3, r2, r3
      0x00410878: 0x58101be5	ldr	r1, [fp, #-0x58]
      0x0041087c: 0x213083e2	add	r3, r3, #0x21
      0x00410880: 0x4c204be2	sub	r2, fp, #0x4c
      0x00410884: 0x8331a0e1	lsl	r3, r3, #3
      0x00410888: 0x033081e0	add	r3, r1, r3
      0x0041088c: 0x030093e8	ldm	r3, {r0, r1}
      0x00410890: 0x030082e8	stm	r2, {r0, r1}
      0x00410894: 0x58301be5	ldr	r3, [fp, #-0x58]
      0x00410898: 0x423f83e2	add	r3, r3, #0x108
      0x0041089c: 0x18300be5	str	r3, [fp, #-0x18]
      0x004108a0: 0x18301be5	ldr	r3, [fp, #-0x18]
      0x004108a4: 0x14300be5	str	r3, [fp, #-0x14]
      0x004108a8: 0x5c301be5	ldr	r3, [fp, #-0x5c]
      0x004108ac: 0x8331a0e1	lsl	r3, r3, #3
      0x004108b0: 0x50201be5	ldr	r2, [fp, #-0x50]
      0x004108b4: 0x033082e0	add	r3, r2, r3
      0x004108b8: 0x002093e5	ldr	r2, [r3]
      0x004108bc: 0x14301be5	ldr	r3, [fp, #-0x14]
      0x004108c0: 0x003093e5	ldr	r3, [r3]
      0x004108c4: 0x0310a0e1	mov	r1, r3
      0x004108c8: 0x0200a0e1	mov	r0, r2
bl    at 0x004108cc: hooking 0x1f0f00eb	bl	#0x414550 -> 0xdfbd03eb	bl	#0x500050
      0x004108d0: 0x0030a0e1	mov	r3, r0
      0x004108d4: 0x0340a0e1	mov	r4, r3
      0x004108d8: 0x5c301be5	ldr	r3, [fp, #-0x5c]
      0x004108dc: 0x8331a0e1	lsl	r3, r3, #3
      0x004108e0: 0x50201be5	ldr	r2, [fp, #-0x50]
      0x004108e4: 0x033082e0	add	r3, r2, r3
      0x004108e8: 0x042093e5	ldr	r2, [r3, #4]
      0x004108ec: 0x14301be5	ldr	r3, [fp, #-0x14]
      0x004108f0: 0x043093e5	ldr	r3, [r3, #4]
      0x004108f4: 0x0310a0e1	mov	r1, r3
      0x004108f8: 0x0200a0e1	mov	r0, r2
bl    at 0x004108fc: hooking 0x130f00eb	bl	#0x414550 -> 0xd3bd03eb	bl	#0x500050
      0x00410900: 0x0030a0e1	mov	r3, r0
      0x00410904: 0x0310a0e1	mov	r1, r3
      0x00410908: 0x0400a0e1	mov	r0, r4
bl    at 0x0041090c: hooking 0x981200eb	bl	#0x415374 -> 0xcfbd03eb	bl	#0x500050
      0x00410910: 0x0030a0e1	mov	r3, r0
      0x00410914: 0x3c300be5	str	r3, [fp, #-0x3c]
      0x00410918: 0x5c301be5	ldr	r3, [fp, #-0x5c]
      0x0041091c: 0x8331a0e1	lsl	r3, r3, #3
      0x00410920: 0x50201be5	ldr	r2, [fp, #-0x50]
      0x00410924: 0x033082e0	add	r3, r2, r3
      0x00410928: 0x002093e5	ldr	r2, [r3]
      0x0041092c: 0x14301be5	ldr	r3, [fp, #-0x14]
      0x00410930: 0x043093e5	ldr	r3, [r3, #4]
      0x00410934: 0x0310a0e1	mov	r1, r3
      0x00410938: 0x0200a0e1	mov	r0, r2
bl    at 0x0041093c: hooking 0x030f00eb	bl	#0x414550 -> 0xc3bd03eb	bl	#0x500050
      0x00410940: 0x0030a0e1	mov	r3, r0
      0x00410944: 0x0340a0e1	mov	r4, r3
      0x00410948: 0x5c301be5	ldr	r3, [fp, #-0x5c]
      0x0041094c: 0x8331a0e1	lsl	r3, r3, #3
      0x00410950: 0x50201be5	ldr	r2, [fp, #-0x50]
      0x00410954: 0x033082e0	add	r3, r2, r3
      0x00410958: 0x042093e5	ldr	r2, [r3, #4]
      0x0041095c: 0x14301be5	ldr	r3, [fp, #-0x14]
      0x00410960: 0x003093e5	ldr	r3, [r3]
      0x00410964: 0x0310a0e1	mov	r1, r3
      0x00410968: 0x0200a0e1	mov	r0, r2
bl    at 0x0041096c: hooking 0xf70e00eb	bl	#0x414550 -> 0xb7bd03eb	bl	#0x500050
      0x00410970: 0x0030a0e1	mov	r3, r0
      0x00410974: 0x0310a0e1	mov	r1, r3
      0x00410978: 0x0400a0e1	mov	r0, r4
bl    at 0x0041097c: hooking 0x7d1200eb	bl	#0x415378 -> 0xb3bd03eb	bl	#0x500050
      0x00410980: 0x0030a0e1	mov	r3, r0
      0x00410984: 0x38300be5	str	r3, [fp, #-0x38]
      0x00410988: 0x1c301be5	ldr	r3, [fp, #-0x1c]
      0x0041098c: 0x8331a0e1	lsl	r3, r3, #3
      0x00410990: 0x50201be5	ldr	r2, [fp, #-0x50]
      0x00410994: 0x033082e0	add	r3, r2, r3
      0x00410998: 0x002093e5	ldr	r2, [r3]
      0x0041099c: 0x18301be5	ldr	r3, [fp, #-0x18]
      0x004109a0: 0x003093e5	ldr	r3, [r3]
      0x004109a4: 0x0310a0e1	mov	r1, r3
      0x004109a8: 0x0200a0e1	mov	r0, r2
bl    at 0x004109ac: hooking 0xe70e00eb	bl	#0x414550 -> 0xa7bd03eb	bl	#0x500050
      0x004109b0: 0x0030a0e1	mov	r3, r0
      0x004109b4: 0x0340a0e1	mov	r4, r3
      0x004109b8: 0x1c301be5	ldr	r3, [fp, #-0x1c]
      0x004109bc: 0x8331a0e1	lsl	r3, r3, #3
      0x004109c0: 0x50201be5	ldr	r2, [fp, #-0x50]
      0x004109c4: 0x033082e0	add	r3, r2, r3
      0x004109c8: 0x042093e5	ldr	r2, [r3, #4]
      0x004109cc: 0x18301be5	ldr	r3, [fp, #-0x18]
      0x004109d0: 0x043093e5	ldr	r3, [r3, #4]
      0x004109d4: 0x0310a0e1	mov	r1, r3
      0x004109d8: 0x0200a0e1	mov	r0, r2
bl    at 0x004109dc: hooking 0xdb0e00eb	bl	#0x414550 -> 0x9bbd03eb	bl	#0x500050
      0x004109e0: 0x0030a0e1	mov	r3, r0
      0x004109e4: 0x0310a0e1	mov	r1, r3
      0x004109e8: 0x0400a0e1	mov	r0, r4
bl    at 0x004109ec: hooking 0x601200eb	bl	#0x415374 -> 0x97bd03eb	bl	#0x500050
      0x004109f0: 0x0030a0e1	mov	r3, r0
      0x004109f4: 0x34300be5	str	r3, [fp, #-0x34]
      0x004109f8: 0x1c301be5	ldr	r3, [fp, #-0x1c]
      0x004109fc: 0x8331a0e1	lsl	r3, r3, #3
      0x00410a00: 0x50201be5	ldr	r2, [fp, #-0x50]
      0x00410a04: 0x033082e0	add	r3, r2, r3
      0x00410a08: 0x002093e5	ldr	r2, [r3]
      0x00410a0c: 0x18301be5	ldr	r3, [fp, #-0x18]
      0x00410a10: 0x043093e5	ldr	r3, [r3, #4]
      0x00410a14: 0x0310a0e1	mov	r1, r3
      0x00410a18: 0x0200a0e1	mov	r0, r2
bl    at 0x00410a1c: hooking 0xcb0e00eb	bl	#0x414550 -> 0x8bbd03eb	bl	#0x500050
      0x00410a20: 0x0030a0e1	mov	r3, r0
      0x00410a24: 0x0340a0e1	mov	r4, r3
      0x00410a28: 0x1c301be5	ldr	r3, [fp, #-0x1c]
      0x00410a2c: 0x8331a0e1	lsl	r3, r3, #3
      0x00410a30: 0x50201be5	ldr	r2, [fp, #-0x50]
      0x00410a34: 0x033082e0	add	r3, r2, r3
      0x00410a38: 0x042093e5	ldr	r2, [r3, #4]
      0x00410a3c: 0x18301be5	ldr	r3, [fp, #-0x18]
      0x00410a40: 0x003093e5	ldr	r3, [r3]
      0x00410a44: 0x0310a0e1	mov	r1, r3
      0x00410a48: 0x0200a0e1	mov	r0, r2
bl    at 0x00410a4c: hooking 0xbf0e00eb	bl	#0x414550 -> 0x7fbd03eb	bl	#0x500050
      0x00410a50: 0x0030a0e1	mov	r3, r0
      0x00410a54: 0x0310a0e1	mov	r1, r3
      0x00410a58: 0x0400a0e1	mov	r0, r4
bl    at 0x00410a5c: hooking 0x451200eb	bl	#0x415378 -> 0x7bbd03eb	bl	#0x500050
      0x00410a60: 0x0030a0e1	mov	r3, r0
      0x00410a64: 0x30300be5	str	r3, [fp, #-0x30]
      0x00410a68: 0x3c301be5	ldr	r3, [fp, #-0x3c]
      0x00410a6c: 0x34201be5	ldr	r2, [fp, #-0x34]
      0x00410a70: 0x0210a0e1	mov	r1, r2
      0x00410a74: 0x0300a0e1	mov	r0, r3
bl    at 0x00410a78: hooking 0x3e1200eb	bl	#0x415378 -> 0x74bd03eb	bl	#0x500050
      0x00410a7c: 0x0030a0e1	mov	r3, r0
      0x00410a80: 0x2c300be5	str	r3, [fp, #-0x2c]
      0x00410a84: 0x38301be5	ldr	r3, [fp, #-0x38]
      0x00410a88: 0x30201be5	ldr	r2, [fp, #-0x30]
      0x00410a8c: 0x0210a0e1	mov	r1, r2
      0x00410a90: 0x0300a0e1	mov	r0, r3
bl    at 0x00410a94: hooking 0x371200eb	bl	#0x415378 -> 0x6dbd03eb	bl	#0x500050
      0x00410a98: 0x0030a0e1	mov	r3, r0
      0x00410a9c: 0x28300be5	str	r3, [fp, #-0x28]
      0x00410aa0: 0x3c301be5	ldr	r3, [fp, #-0x3c]
      0x00410aa4: 0x34201be5	ldr	r2, [fp, #-0x34]
      0x00410aa8: 0x0210a0e1	mov	r1, r2
      0x00410aac: 0x0300a0e1	mov	r0, r3
bl    at 0x00410ab0: hooking 0x2f1200eb	bl	#0x415374 -> 0x66bd03eb	bl	#0x500050
      0x00410ab4: 0x0030a0e1	mov	r3, r0
      0x00410ab8: 0x44300be5	str	r3, [fp, #-0x44]
      0x00410abc: 0x38301be5	ldr	r3, [fp, #-0x38]
      0x00410ac0: 0x30201be5	ldr	r2, [fp, #-0x30]
      0x00410ac4: 0x0210a0e1	mov	r1, r2
      0x00410ac8: 0x0300a0e1	mov	r0, r3
bl    at 0x00410acc: hooking 0x281200eb	bl	#0x415374 -> 0x5fbd03eb	bl	#0x500050
      0x00410ad0: 0x0030a0e1	mov	r3, r0
      0x00410ad4: 0x40300be5	str	r3, [fp, #-0x40]
      0x00410ad8: 0x54301be5	ldr	r3, [fp, #-0x54]
      0x00410adc: 0x8331a0e1	lsl	r3, r3, #3
      0x00410ae0: 0x14201be5	ldr	r2, [fp, #-0x14]
      0x00410ae4: 0x033082e0	add	r3, r2, r3
      0x00410ae8: 0x14300be5	str	r3, [fp, #-0x14]
      0x00410aec: 0x54301be5	ldr	r3, [fp, #-0x54]
      0x00410af0: 0x0332a0e1	lsl	r3, r3, #4
      0x00410af4: 0x18201be5	ldr	r2, [fp, #-0x18]
      0x00410af8: 0x033082e0	add	r3, r2, r3
      0x00410afc: 0x18300be5	str	r3, [fp, #-0x18]
      0x00410b00: 0x50301be5	ldr	r3, [fp, #-0x50]
      0x00410b04: 0x003093e5	ldr	r3, [r3]
      0x00410b08: 0x0300a0e1	mov	r0, r3
bl    at 0x00410b0c: hooking 0x221000eb	bl	#0x414b9c -> 0x4fbd03eb	bl	#0x500050
      0x00410b10: 0x0040a0e1	mov	r4, r0
      0x00410b14: 0x0150a0e1	mov	r5, r1
      0x00410b18: 0x2c301be5	ldr	r3, [fp, #-0x2c]
      0x00410b1c: 0x0300a0e1	mov	r0, r3
bl    at 0x00410b20: hooking 0x1d1000eb	bl	#0x414b9c -> 0x4abd03eb	bl	#0x500050
      0x00410b24: 0x0020a0e3	mov	r2, #0
      0x00410b28: 0x40329fe5	ldr	r3, [pc, #0x240]
bl    at 0x00410b2c: hooking 0x491000eb	bl	#0x414c58 -> 0x47bd03eb	bl	#0x500050
      0x00410b30: 0x0020a0e1	mov	r2, r0
      0x00410b34: 0x0130a0e1	mov	r3, r1
      0x00410b38: 0x0400a0e1	mov	r0, r4
      0x00410b3c: 0x0510a0e1	mov	r1, r5
bl    at 0x00410b40: hooking 0x3d0f00eb	bl	#0x41483c -> 0x42bd03eb	bl	#0x500050
      0x00410b44: 0x0020a0e1	mov	r2, r0
      0x00410b48: 0x0130a0e1	mov	r3, r1
      0x00410b4c: 0x0200a0e1	mov	r0, r2
      0x00410b50: 0x0310a0e1	mov	r1, r3
      0x00410b54: 0x5c301be5	ldr	r3, [fp, #-0x5c]
      0x00410b58: 0x8331a0e1	lsl	r3, r3, #3
      0x00410b5c: 0x50201be5	ldr	r2, [fp, #-0x50]
      0x00410b60: 0x034082e0	add	r4, r2, r3
bl    at 0x00410b64: hooking 0xd81100eb	bl	#0x4152cc -> 0x39bd03eb	bl	#0x500050
      0x00410b68: 0x0030a0e1	mov	r3, r0
      0x00410b6c: 0x003084e5	str	r3, [r4]
      0x00410b70: 0x50301be5	ldr	r3, [fp, #-0x50]
      0x00410b74: 0x043093e5	ldr	r3, [r3, #4]
      0x00410b78: 0x0300a0e1	mov	r0, r3
bl    at 0x00410b7c: hooking 0x061000eb	bl	#0x414b9c -> 0x33bd03eb	bl	#0x500050
      0x00410b80: 0x0040a0e1	mov	r4, r0
      0x00410b84: 0x0150a0e1	mov	r5, r1
      0x00410b88: 0x28301be5	ldr	r3, [fp, #-0x28]
      0x00410b8c: 0x0300a0e1	mov	r0, r3
bl    at 0x00410b90: hooking 0x011000eb	bl	#0x414b9c -> 0x2ebd03eb	bl	#0x500050
      0x00410b94: 0x0020a0e3	mov	r2, #0
      0x00410b98: 0xd0319fe5	ldr	r3, [pc, #0x1d0]
bl    at 0x00410b9c: hooking 0x2d1000eb	bl	#0x414c58 -> 0x2bbd03eb	bl	#0x500050
      0x00410ba0: 0x0020a0e1	mov	r2, r0
      0x00410ba4: 0x0130a0e1	mov	r3, r1
      0x00410ba8: 0x0400a0e1	mov	r0, r4
      0x00410bac: 0x0510a0e1	mov	r1, r5
bl    at 0x00410bb0: hooking 0x210f00eb	bl	#0x41483c -> 0x26bd03eb	bl	#0x500050
      0x00410bb4: 0x0020a0e1	mov	r2, r0
      0x00410bb8: 0x0130a0e1	mov	r3, r1
      0x00410bbc: 0x0200a0e1	mov	r0, r2
      0x00410bc0: 0x0310a0e1	mov	r1, r3
      0x00410bc4: 0x5c301be5	ldr	r3, [fp, #-0x5c]
      0x00410bc8: 0x8331a0e1	lsl	r3, r3, #3
      0x00410bcc: 0x50201be5	ldr	r2, [fp, #-0x50]
      0x00410bd0: 0x034082e0	add	r4, r2, r3
bl    at 0x00410bd4: hooking 0xbc1100eb	bl	#0x4152cc -> 0x1dbd03eb	bl	#0x500050
      0x00410bd8: 0x0030a0e1	mov	r3, r0
      0x00410bdc: 0x043084e5	str	r3, [r4, #4]
      0x00410be0: 0x44301be5	ldr	r3, [fp, #-0x44]
      0x00410be4: 0x48201be5	ldr	r2, [fp, #-0x48]
      0x00410be8: 0x0210a0e1	mov	r1, r2
      0x00410bec: 0x0300a0e1	mov	r0, r3
bl    at 0x00410bf0: hooking 0x560e00eb	bl	#0x414550 -> 0x16bd03eb	bl	#0x500050
      0x00410bf4: 0x0030a0e1	mov	r3, r0
      0x00410bf8: 0x44300be5	str	r3, [fp, #-0x44]
      0x00410bfc: 0x40301be5	ldr	r3, [fp, #-0x40]
      0x00410c00: 0x48201be5	ldr	r2, [fp, #-0x48]
      0x00410c04: 0x0210a0e1	mov	r1, r2
      0x00410c08: 0x0300a0e1	mov	r0, r3
bl    at 0x00410c0c: hooking 0x4f0e00eb	bl	#0x414550 -> 0x0fbd03eb	bl	#0x500050
      0x00410c10: 0x0030a0e1	mov	r3, r0
      0x00410c14: 0x40300be5	str	r3, [fp, #-0x40]
      0x00410c18: 0x50301be5	ldr	r3, [fp, #-0x50]
      0x00410c1c: 0x003093e5	ldr	r3, [r3]
      0x00410c20: 0x2c201be5	ldr	r2, [fp, #-0x2c]
      0x00410c24: 0x0210a0e1	mov	r1, r2
      0x00410c28: 0x0300a0e1	mov	r0, r3
bl    at 0x00410c2c: hooking 0xd11100eb	bl	#0x415378 -> 0x07bd03eb	bl	#0x500050
      0x00410c30: 0x0030a0e1	mov	r3, r0
      0x00410c34: 0x0320a0e1	mov	r2, r3
      0x00410c38: 0x50301be5	ldr	r3, [fp, #-0x50]
      0x00410c3c: 0x002083e5	str	r2, [r3]
      0x00410c40: 0x50301be5	ldr	r3, [fp, #-0x50]
      0x00410c44: 0x043093e5	ldr	r3, [r3, #4]
      0x00410c48: 0x28201be5	ldr	r2, [fp, #-0x28]
      0x00410c4c: 0x0210a0e1	mov	r1, r2
      0x00410c50: 0x0300a0e1	mov	r0, r3
bl    at 0x00410c54: hooking 0xc71100eb	bl	#0x415378 -> 0xfdbc03eb	bl	#0x500050
      0x00410c58: 0x0030a0e1	mov	r3, r0
      0x00410c5c: 0x0320a0e1	mov	r2, r3
      0x00410c60: 0x50301be5	ldr	r3, [fp, #-0x50]
      0x00410c64: 0x042083e5	str	r2, [r3, #4]
      0x00410c68: 0x5c301be5	ldr	r3, [fp, #-0x5c]
      0x00410c6c: 0x8331a0e1	lsl	r3, r3, #3
      0x00410c70: 0x50201be5	ldr	r2, [fp, #-0x50]
      0x00410c74: 0x033082e0	add	r3, r2, r3
      0x00410c78: 0x000093e5	ldr	r0, [r3]
      0x00410c7c: 0x40101be5	ldr	r1, [fp, #-0x40]
      0x00410c80: 0x1c301be5	ldr	r3, [fp, #-0x1c]
      0x00410c84: 0x8331a0e1	lsl	r3, r3, #3
      0x00410c88: 0x50201be5	ldr	r2, [fp, #-0x50]
      0x00410c8c: 0x034082e0	add	r4, r2, r3
bl    at 0x00410c90: hooking 0xb81100eb	bl	#0x415378 -> 0xeebc03eb	bl	#0x500050
      0x00410c94: 0x0030a0e1	mov	r3, r0
      0x00410c98: 0x003084e5	str	r3, [r4]
      0x00410c9c: 0x5c301be5	ldr	r3, [fp, #-0x5c]
      0x00410ca0: 0x8331a0e1	lsl	r3, r3, #3
      0x00410ca4: 0x50201be5	ldr	r2, [fp, #-0x50]
      0x00410ca8: 0x033082e0	add	r3, r2, r3
      0x00410cac: 0x040093e5	ldr	r0, [r3, #4]
      0x00410cb0: 0x44101be5	ldr	r1, [fp, #-0x44]
      0x00410cb4: 0x1c301be5	ldr	r3, [fp, #-0x1c]
      0x00410cb8: 0x8331a0e1	lsl	r3, r3, #3
      0x00410cbc: 0x50201be5	ldr	r2, [fp, #-0x50]
      0x00410cc0: 0x034082e0	add	r4, r2, r3
bl    at 0x00410cc4: hooking 0xaa1100eb	bl	#0x415374 -> 0xe1bc03eb	bl	#0x500050
      0x00410cc8: 0x0030a0e1	mov	r3, r0
      0x00410ccc: 0x043084e5	str	r3, [r4, #4]
      0x00410cd0: 0x5c301be5	ldr	r3, [fp, #-0x5c]
      0x00410cd4: 0x8331a0e1	lsl	r3, r3, #3
      0x00410cd8: 0x50201be5	ldr	r2, [fp, #-0x50]
      0x00410cdc: 0x033082e0	add	r3, r2, r3
      0x00410ce0: 0x000093e5	ldr	r0, [r3]
      0x00410ce4: 0x40101be5	ldr	r1, [fp, #-0x40]
      0x00410ce8: 0x5c301be5	ldr	r3, [fp, #-0x5c]
      0x00410cec: 0x8331a0e1	lsl	r3, r3, #3
      0x00410cf0: 0x50201be5	ldr	r2, [fp, #-0x50]
      0x00410cf4: 0x034082e0	add	r4, r2, r3
bl    at 0x00410cf8: hooking 0x9d1100eb	bl	#0x415374 -> 0xd4bc03eb	bl	#0x500050
      0x00410cfc: 0x0030a0e1	mov	r3, r0
      0x00410d00: 0x003084e5	str	r3, [r4]
      0x00410d04: 0x5c301be5	ldr	r3, [fp, #-0x5c]
      0x00410d08: 0x8331a0e1	lsl	r3, r3, #3
      0x00410d0c: 0x50201be5	ldr	r2, [fp, #-0x50]
      0x00410d10: 0x033082e0	add	r3, r2, r3
      0x00410d14: 0x040093e5	ldr	r0, [r3, #4]
      0x00410d18: 0x44101be5	ldr	r1, [fp, #-0x44]
      0x00410d1c: 0x5c301be5	ldr	r3, [fp, #-0x5c]
      0x00410d20: 0x8331a0e1	lsl	r3, r3, #3
      0x00410d24: 0x50201be5	ldr	r2, [fp, #-0x50]
      0x00410d28: 0x034082e0	add	r4, r2, r3
bl    at 0x00410d2c: hooking 0x911100eb	bl	#0x415378 -> 0xc7bc03eb	bl	#0x500050
      0x00410d30: 0x0030a0e1	mov	r3, r0
      0x00410d34: 0x043084e5	str	r3, [r4, #4]
      0x00410d38: 0x50301be5	ldr	r3, [fp, #-0x50]
      0x00410d3c: 0x083083e2	add	r3, r3, #8
      0x00410d40: 0x50300be5	str	r3, [fp, #-0x50]
      0x00410d44: 0x10301be5	ldr	r3, [fp, #-0x10]
      0x00410d48: 0x013043e2	sub	r3, r3, #1
      0x00410d4c: 0x10300be5	str	r3, [fp, #-0x10]
      0x00410d50: 0x10301be5	ldr	r3, [fp, #-0x10]
      0x00410d54: 0x000053e3	cmp	r3, #0
      0x00410d58: 0xd2feff1a	bne	#0x4108a8
      0x00410d5c: 0x0000a0e1	mov	r0, r0
      0x00410d60: 0x0000a0e1	mov	r0, r0
      0x00410d64: 0x0cd04be2	sub	sp, fp, #0xc
      0x00410d68: 0x3048bde8	pop	{r4, r5, fp, lr}
      0x00410d6c: 0x1eff2fe1	bx	lr
      0x00410d70: 0x0000e03f	svclo	#0xe00000
      0x00410d74: 0x10482de9	push	{r4, fp, lr}
      0x00410d78: 0x08b08de2	add	fp, sp, #8
      0x00410d7c: 0xacd04de2	sub	sp, sp, #0xac
      0x00410d80: 0xa8000be5	str	r0, [fp, #-0xa8]
      0x00410d84: 0xac100be5	str	r1, [fp, #-0xac]
      0x00410d88: 0xb0200be5	str	r2, [fp, #-0xb0]
      0x00410d8c: 0xb4300be5	str	r3, [fp, #-0xb4]
      0x00410d90: 0xb0301be5	ldr	r3, [fp, #-0xb0]
      0x00410d94: 0x423f83e2	add	r3, r3, #0x108
      0x00410d98: 0x28300be5	str	r3, [fp, #-0x28]
      0x00410d9c: 0xb4301be5	ldr	r3, [fp, #-0xb4]
      0x00410da0: 0xac201be5	ldr	r2, [fp, #-0xac]
      0x00410da4: 0x920303e0	mul	r3, r2, r3
      0x00410da8: 0x8331a0e1	lsl	r3, r3, #3
      0x00410dac: 0x28201be5	ldr	r2, [fp, #-0x28]
      0x00410db0: 0x032082e0	add	r2, r2, r3
      0x00410db4: 0x9c304be2	sub	r3, fp, #0x9c
      0x00410db8: 0x030092e8	ldm	r2, {r0, r1}
      0x00410dbc: 0x030083e8	stm	r3, {r0, r1}
      0x00410dc0: 0xb4301be5	ldr	r3, [fp, #-0xb4]
      0x00410dc4: 0xac201be5	ldr	r2, [fp, #-0xac]
      0x00410dc8: 0x920303e0	mul	r3, r2, r3
      0x00410dcc: 0x0332a0e1	lsl	r3, r3, #4
      0x00410dd0: 0x28201be5	ldr	r2, [fp, #-0x28]
      0x00410dd4: 0x032082e0	add	r2, r2, r3
      0x00410dd8: 0xa4304be2	sub	r3, fp, #0xa4
      0x00410ddc: 0x030092e8	ldm	r2, {r0, r1}
      0x00410de0: 0x030083e8	stm	r3, {r0, r1}
      0x00410de4: 0xa8301be5	ldr	r3, [fp, #-0xa8]
      0x00410de8: 0x10300be5	str	r3, [fp, #-0x10]
      0x00410dec: 0xb4301be5	ldr	r3, [fp, #-0xb4]
      0x00410df0: 0x8331a0e1	lsl	r3, r3, #3
      0x00410df4: 0x10201be5	ldr	r2, [fp, #-0x10]
      0x00410df8: 0x033082e0	add	r3, r2, r3
      0x00410dfc: 0x14300be5	str	r3, [fp, #-0x14]
      0x00410e00: 0xb4301be5	ldr	r3, [fp, #-0xb4]
      0x00410e04: 0x0332a0e1	lsl	r3, r3, #4
      0x00410e08: 0x10201be5	ldr	r2, [fp, #-0x10]
      0x00410e0c: 0x033082e0	add	r3, r2, r3
      0x00410e10: 0x18300be5	str	r3, [fp, #-0x18]
      0x00410e14: 0xb4201be5	ldr	r2, [fp, #-0xb4]
      0x00410e18: 0x0230a0e1	mov	r3, r2
      0x00410e1c: 0x8330a0e1	lsl	r3, r3, #1
      0x00410e20: 0x023083e0	add	r3, r3, r2
      0x00410e24: 0x8331a0e1	lsl	r3, r3, #3
      0x00410e28: 0x0320a0e1	mov	r2, r3
      0x00410e2c: 0x10301be5	ldr	r3, [fp, #-0x10]
      0x00410e30: 0x023083e0	add	r3, r3, r2
      0x00410e34: 0x1c300be5	str	r3, [fp, #-0x1c]
      0x00410e38: 0xb4301be5	ldr	r3, [fp, #-0xb4]
      0x00410e3c: 0x8332a0e1	lsl	r3, r3, #5
      0x00410e40: 0x10201be5	ldr	r2, [fp, #-0x10]
      0x00410e44: 0x033082e0	add	r3, r2, r3
      0x00410e48: 0x20300be5	str	r3, [fp, #-0x20]
      0x00410e4c: 0xb0301be5	ldr	r3, [fp, #-0xb0]
      0x00410e50: 0x423f83e2	add	r3, r3, #0x108
      0x00410e54: 0x2c300be5	str	r3, [fp, #-0x2c]
      0x00410e58: 0x0030a0e3	mov	r3, #0
      0x00410e5c: 0x24300be5	str	r3, [fp, #-0x24]
b     at 0x00410e60: hooking 0x570200ea	b	#0x4117c4 -> 0x66bc03eb	bl	#0x500000
      0x00410e64: 0x10201be5	ldr	r2, [fp, #-0x10]
      0x00410e68: 0x94304be2	sub	r3, fp, #0x94
      0x00410e6c: 0x030092e8	ldm	r2, {r0, r1}
      0x00410e70: 0x030083e8	stm	r3, {r0, r1}
      0x00410e74: 0x14301be5	ldr	r3, [fp, #-0x14]
      0x00410e78: 0x000093e5	ldr	r0, [r3]
      0x00410e7c: 0x24301be5	ldr	r3, [fp, #-0x24]
      0x00410e80: 0xac201be5	ldr	r2, [fp, #-0xac]
      0x00410e84: 0x920303e0	mul	r3, r2, r3
      0x00410e88: 0x8331a0e1	lsl	r3, r3, #3
      0x00410e8c: 0x2c201be5	ldr	r2, [fp, #-0x2c]
      0x00410e90: 0x033082e0	add	r3, r2, r3
      0x00410e94: 0x003093e5	ldr	r3, [r3]
      0x00410e98: 0x0310a0e1	mov	r1, r3
bl    at 0x00410e9c: hooking 0xab0d00eb	bl	#0x414550 -> 0x6bbc03eb	bl	#0x500050
      0x00410ea0: 0x0030a0e1	mov	r3, r0
      0x00410ea4: 0x0340a0e1	mov	r4, r3
      0x00410ea8: 0x14301be5	ldr	r3, [fp, #-0x14]
      0x00410eac: 0x040093e5	ldr	r0, [r3, #4]
      0x00410eb0: 0x24301be5	ldr	r3, [fp, #-0x24]
      0x00410eb4: 0xac201be5	ldr	r2, [fp, #-0xac]
      0x00410eb8: 0x920303e0	mul	r3, r2, r3
      0x00410ebc: 0x8331a0e1	lsl	r3, r3, #3
      0x00410ec0: 0x2c201be5	ldr	r2, [fp, #-0x2c]
      0x00410ec4: 0x033082e0	add	r3, r2, r3
      0x00410ec8: 0x043093e5	ldr	r3, [r3, #4]
      0x00410ecc: 0x0310a0e1	mov	r1, r3
bl    at 0x00410ed0: hooking 0x9e0d00eb	bl	#0x414550 -> 0x5ebc03eb	bl	#0x500050
      0x00410ed4: 0x0030a0e1	mov	r3, r0
      0x00410ed8: 0x0310a0e1	mov	r1, r3
      0x00410edc: 0x0400a0e1	mov	r0, r4
bl    at 0x00410ee0: hooking 0x231100eb	bl	#0x415374 -> 0x5abc03eb	bl	#0x500050
      0x00410ee4: 0x0030a0e1	mov	r3, r0
      0x00410ee8: 0x8c300be5	str	r3, [fp, #-0x8c]
      0x00410eec: 0x14301be5	ldr	r3, [fp, #-0x14]
      0x00410ef0: 0x000093e5	ldr	r0, [r3]
      0x00410ef4: 0x24301be5	ldr	r3, [fp, #-0x24]
      0x00410ef8: 0xac201be5	ldr	r2, [fp, #-0xac]
      0x00410efc: 0x920303e0	mul	r3, r2, r3
      0x00410f00: 0x8331a0e1	lsl	r3, r3, #3
      0x00410f04: 0x2c201be5	ldr	r2, [fp, #-0x2c]
      0x00410f08: 0x033082e0	add	r3, r2, r3
      0x00410f0c: 0x043093e5	ldr	r3, [r3, #4]
      0x00410f10: 0x0310a0e1	mov	r1, r3
bl    at 0x00410f14: hooking 0x8d0d00eb	bl	#0x414550 -> 0x4dbc03eb	bl	#0x500050
      0x00410f18: 0x0030a0e1	mov	r3, r0
      0x00410f1c: 0x0340a0e1	mov	r4, r3
      0x00410f20: 0x14301be5	ldr	r3, [fp, #-0x14]
      0x00410f24: 0x040093e5	ldr	r0, [r3, #4]
      0x00410f28: 0x24301be5	ldr	r3, [fp, #-0x24]
      0x00410f2c: 0xac201be5	ldr	r2, [fp, #-0xac]
      0x00410f30: 0x920303e0	mul	r3, r2, r3
      0x00410f34: 0x8331a0e1	lsl	r3, r3, #3
      0x00410f38: 0x2c201be5	ldr	r2, [fp, #-0x2c]
      0x00410f3c: 0x033082e0	add	r3, r2, r3
      0x00410f40: 0x003093e5	ldr	r3, [r3]
      0x00410f44: 0x0310a0e1	mov	r1, r3
bl    at 0x00410f48: hooking 0x800d00eb	bl	#0x414550 -> 0x40bc03eb	bl	#0x500050
      0x00410f4c: 0x0030a0e1	mov	r3, r0
      0x00410f50: 0x0310a0e1	mov	r1, r3
      0x00410f54: 0x0400a0e1	mov	r0, r4
bl    at 0x00410f58: hooking 0x061100eb	bl	#0x415378 -> 0x3cbc03eb	bl	#0x500050
      0x00410f5c: 0x0030a0e1	mov	r3, r0
      0x00410f60: 0x88300be5	str	r3, [fp, #-0x88]
      0x00410f64: 0x18301be5	ldr	r3, [fp, #-0x18]
      0x00410f68: 0x000093e5	ldr	r0, [r3]
      0x00410f6c: 0x24301be5	ldr	r3, [fp, #-0x24]
      0x00410f70: 0xac201be5	ldr	r2, [fp, #-0xac]
      0x00410f74: 0x920303e0	mul	r3, r2, r3
      0x00410f78: 0x0332a0e1	lsl	r3, r3, #4
      0x00410f7c: 0x2c201be5	ldr	r2, [fp, #-0x2c]
      0x00410f80: 0x033082e0	add	r3, r2, r3
      0x00410f84: 0x003093e5	ldr	r3, [r3]
      0x00410f88: 0x0310a0e1	mov	r1, r3
bl    at 0x00410f8c: hooking 0x6f0d00eb	bl	#0x414550 -> 0x2fbc03eb	bl	#0x500050
      0x00410f90: 0x0030a0e1	mov	r3, r0
      0x00410f94: 0x0340a0e1	mov	r4, r3
      0x00410f98: 0x18301be5	ldr	r3, [fp, #-0x18]
      0x00410f9c: 0x040093e5	ldr	r0, [r3, #4]
      0x00410fa0: 0x24301be5	ldr	r3, [fp, #-0x24]
      0x00410fa4: 0xac201be5	ldr	r2, [fp, #-0xac]
      0x00410fa8: 0x920303e0	mul	r3, r2, r3
      0x00410fac: 0x0332a0e1	lsl	r3, r3, #4
      0x00410fb0: 0x2c201be5	ldr	r2, [fp, #-0x2c]
      0x00410fb4: 0x033082e0	add	r3, r2, r3
      0x00410fb8: 0x043093e5	ldr	r3, [r3, #4]
      0x00410fbc: 0x0310a0e1	mov	r1, r3
bl    at 0x00410fc0: hooking 0x620d00eb	bl	#0x414550 -> 0x22bc03eb	bl	#0x500050
      0x00410fc4: 0x0030a0e1	mov	r3, r0
      0x00410fc8: 0x0310a0e1	mov	r1, r3
      0x00410fcc: 0x0400a0e1	mov	r0, r4
bl    at 0x00410fd0: hooking 0xe71000eb	bl	#0x415374 -> 0x1ebc03eb	bl	#0x500050
      0x00410fd4: 0x0030a0e1	mov	r3, r0
      0x00410fd8: 0x84300be5	str	r3, [fp, #-0x84]
      0x00410fdc: 0x18301be5	ldr	r3, [fp, #-0x18]
      0x00410fe0: 0x000093e5	ldr	r0, [r3]
      0x00410fe4: 0x24301be5	ldr	r3, [fp, #-0x24]
      0x00410fe8: 0xac201be5	ldr	r2, [fp, #-0xac]
      0x00410fec: 0x920303e0	mul	r3, r2, r3
      0x00410ff0: 0x0332a0e1	lsl	r3, r3, #4
      0x00410ff4: 0x2c201be5	ldr	r2, [fp, #-0x2c]
      0x00410ff8: 0x033082e0	add	r3, r2, r3
      0x00410ffc: 0x043093e5	ldr	r3, [r3, #4]
      0x00411000: 0x0310a0e1	mov	r1, r3
bl    at 0x00411004: hooking 0x510d00eb	bl	#0x414550 -> 0x11bc03eb	bl	#0x500050
      0x00411008: 0x0030a0e1	mov	r3, r0
      0x0041100c: 0x0340a0e1	mov	r4, r3
      0x00411010: 0x18301be5	ldr	r3, [fp, #-0x18]
      0x00411014: 0x040093e5	ldr	r0, [r3, #4]
      0x00411018: 0x24301be5	ldr	r3, [fp, #-0x24]
      0x0041101c: 0xac201be5	ldr	r2, [fp, #-0xac]
      0x00411020: 0x920303e0	mul	r3, r2, r3
      0x00411024: 0x0332a0e1	lsl	r3, r3, #4
      0x00411028: 0x2c201be5	ldr	r2, [fp, #-0x2c]
      0x0041102c: 0x033082e0	add	r3, r2, r3
      0x00411030: 0x003093e5	ldr	r3, [r3]
      0x00411034: 0x0310a0e1	mov	r1, r3
bl    at 0x00411038: hooking 0x440d00eb	bl	#0x414550 -> 0x04bc03eb	bl	#0x500050
      0x0041103c: 0x0030a0e1	mov	r3, r0
      0x00411040: 0x0310a0e1	mov	r1, r3
      0x00411044: 0x0400a0e1	mov	r0, r4
bl    at 0x00411048: hooking 0xca1000eb	bl	#0x415378 -> 0x00bc03eb	bl	#0x500050
      0x0041104c: 0x0030a0e1	mov	r3, r0
      0x00411050: 0x80300be5	str	r3, [fp, #-0x80]
      0x00411054: 0x1c301be5	ldr	r3, [fp, #-0x1c]
      0x00411058: 0x000093e5	ldr	r0, [r3]
      0x0041105c: 0x24301be5	ldr	r3, [fp, #-0x24]
      0x00411060: 0xac201be5	ldr	r2, [fp, #-0xac]
      0x00411064: 0x930202e0	mul	r2, r3, r2
      0x00411068: 0x0230a0e1	mov	r3, r2
      0x0041106c: 0x8330a0e1	lsl	r3, r3, #1
      0x00411070: 0x023083e0	add	r3, r3, r2
      0x00411074: 0x8331a0e1	lsl	r3, r3, #3
      0x00411078: 0x0320a0e1	mov	r2, r3
      0x0041107c: 0x2c301be5	ldr	r3, [fp, #-0x2c]
      0x00411080: 0x023083e0	add	r3, r3, r2
      0x00411084: 0x003093e5	ldr	r3, [r3]
      0x00411088: 0x0310a0e1	mov	r1, r3
bl    at 0x0041108c: hooking 0x2f0d00eb	bl	#0x414550 -> 0xefbb03eb	bl	#0x500050
      0x00411090: 0x0030a0e1	mov	r3, r0
      0x00411094: 0x0340a0e1	mov	r4, r3
      0x00411098: 0x1c301be5	ldr	r3, [fp, #-0x1c]
      0x0041109c: 0x040093e5	ldr	r0, [r3, #4]
      0x004110a0: 0x24301be5	ldr	r3, [fp, #-0x24]
      0x004110a4: 0xac201be5	ldr	r2, [fp, #-0xac]
      0x004110a8: 0x930202e0	mul	r2, r3, r2
      0x004110ac: 0x0230a0e1	mov	r3, r2
      0x004110b0: 0x8330a0e1	lsl	r3, r3, #1
      0x004110b4: 0x023083e0	add	r3, r3, r2
      0x004110b8: 0x8331a0e1	lsl	r3, r3, #3
      0x004110bc: 0x0320a0e1	mov	r2, r3
      0x004110c0: 0x2c301be5	ldr	r3, [fp, #-0x2c]
      0x004110c4: 0x023083e0	add	r3, r3, r2
      0x004110c8: 0x043093e5	ldr	r3, [r3, #4]
      0x004110cc: 0x0310a0e1	mov	r1, r3
bl    at 0x004110d0: hooking 0x1e0d00eb	bl	#0x414550 -> 0xdebb03eb	bl	#0x500050
      0x004110d4: 0x0030a0e1	mov	r3, r0
      0x004110d8: 0x0310a0e1	mov	r1, r3
      0x004110dc: 0x0400a0e1	mov	r0, r4
bl    at 0x004110e0: hooking 0xa31000eb	bl	#0x415374 -> 0xdabb03eb	bl	#0x500050
      0x004110e4: 0x0030a0e1	mov	r3, r0
      0x004110e8: 0x7c300be5	str	r3, [fp, #-0x7c]
      0x004110ec: 0x1c301be5	ldr	r3, [fp, #-0x1c]
      0x004110f0: 0x000093e5	ldr	r0, [r3]
      0x004110f4: 0x24301be5	ldr	r3, [fp, #-0x24]
      0x004110f8: 0xac201be5	ldr	r2, [fp, #-0xac]
      0x004110fc: 0x930202e0	mul	r2, r3, r2
      0x00411100: 0x0230a0e1	mov	r3, r2
      0x00411104: 0x8330a0e1	lsl	r3, r3, #1
      0x00411108: 0x023083e0	add	r3, r3, r2
      0x0041110c: 0x8331a0e1	lsl	r3, r3, #3
      0x00411110: 0x0320a0e1	mov	r2, r3
      0x00411114: 0x2c301be5	ldr	r3, [fp, #-0x2c]
      0x00411118: 0x023083e0	add	r3, r3, r2
      0x0041111c: 0x043093e5	ldr	r3, [r3, #4]
      0x00411120: 0x0310a0e1	mov	r1, r3
bl    at 0x00411124: hooking 0x090d00eb	bl	#0x414550 -> 0xc9bb03eb	bl	#0x500050
      0x00411128: 0x0030a0e1	mov	r3, r0
      0x0041112c: 0x0340a0e1	mov	r4, r3
      0x00411130: 0x1c301be5	ldr	r3, [fp, #-0x1c]
      0x00411134: 0x040093e5	ldr	r0, [r3, #4]
      0x00411138: 0x24301be5	ldr	r3, [fp, #-0x24]
      0x0041113c: 0xac201be5	ldr	r2, [fp, #-0xac]
      0x00411140: 0x930202e0	mul	r2, r3, r2
      0x00411144: 0x0230a0e1	mov	r3, r2
      0x00411148: 0x8330a0e1	lsl	r3, r3, #1
      0x0041114c: 0x023083e0	add	r3, r3, r2
      0x00411150: 0x8331a0e1	lsl	r3, r3, #3
      0x00411154: 0x0320a0e1	mov	r2, r3
      0x00411158: 0x2c301be5	ldr	r3, [fp, #-0x2c]
      0x0041115c: 0x023083e0	add	r3, r3, r2
      0x00411160: 0x003093e5	ldr	r3, [r3]
      0x00411164: 0x0310a0e1	mov	r1, r3
bl    at 0x00411168: hooking 0xf80c00eb	bl	#0x414550 -> 0xb8bb03eb	bl	#0x500050
      0x0041116c: 0x0030a0e1	mov	r3, r0
      0x00411170: 0x0310a0e1	mov	r1, r3
      0x00411174: 0x0400a0e1	mov	r0, r4
bl    at 0x00411178: hooking 0x7e1000eb	bl	#0x415378 -> 0xb4bb03eb	bl	#0x500050
      0x0041117c: 0x0030a0e1	mov	r3, r0
      0x00411180: 0x78300be5	str	r3, [fp, #-0x78]
      0x00411184: 0x20301be5	ldr	r3, [fp, #-0x20]
      0x00411188: 0x000093e5	ldr	r0, [r3]
      0x0041118c: 0x24301be5	ldr	r3, [fp, #-0x24]
      0x00411190: 0xac201be5	ldr	r2, [fp, #-0xac]
      0x00411194: 0x920303e0	mul	r3, r2, r3
      0x00411198: 0x8332a0e1	lsl	r3, r3, #5
      0x0041119c: 0x2c201be5	ldr	r2, [fp, #-0x2c]
      0x004111a0: 0x033082e0	add	r3, r2, r3
      0x004111a4: 0x003093e5	ldr	r3, [r3]
      0x004111a8: 0x0310a0e1	mov	r1, r3
bl    at 0x004111ac: hooking 0xe70c00eb	bl	#0x414550 -> 0xa7bb03eb	bl	#0x500050
      0x004111b0: 0x0030a0e1	mov	r3, r0
      0x004111b4: 0x0340a0e1	mov	r4, r3
      0x004111b8: 0x20301be5	ldr	r3, [fp, #-0x20]
      0x004111bc: 0x040093e5	ldr	r0, [r3, #4]
      0x004111c0: 0x24301be5	ldr	r3, [fp, #-0x24]
      0x004111c4: 0xac201be5	ldr	r2, [fp, #-0xac]
      0x004111c8: 0x920303e0	mul	r3, r2, r3
      0x004111cc: 0x8332a0e1	lsl	r3, r3, #5
      0x004111d0: 0x2c201be5	ldr	r2, [fp, #-0x2c]
      0x004111d4: 0x033082e0	add	r3, r2, r3
      0x004111d8: 0x043093e5	ldr	r3, [r3, #4]
      0x004111dc: 0x0310a0e1	mov	r1, r3
bl    at 0x004111e0: hooking 0xda0c00eb	bl	#0x414550 -> 0x9abb03eb	bl	#0x500050
      0x004111e4: 0x0030a0e1	mov	r3, r0
      0x004111e8: 0x0310a0e1	mov	r1, r3
      0x004111ec: 0x0400a0e1	mov	r0, r4
bl    at 0x004111f0: hooking 0x5f1000eb	bl	#0x415374 -> 0x96bb03eb	bl	#0x500050
      0x004111f4: 0x0030a0e1	mov	r3, r0
      0x004111f8: 0x74300be5	str	r3, [fp, #-0x74]
      0x004111fc: 0x20301be5	ldr	r3, [fp, #-0x20]
      0x00411200: 0x000093e5	ldr	r0, [r3]
      0x00411204: 0x24301be5	ldr	r3, [fp, #-0x24]
      0x00411208: 0xac201be5	ldr	r2, [fp, #-0xac]
      0x0041120c: 0x920303e0	mul	r3, r2, r3
      0x00411210: 0x8332a0e1	lsl	r3, r3, #5
      0x00411214: 0x2c201be5	ldr	r2, [fp, #-0x2c]
      0x00411218: 0x033082e0	add	r3, r2, r3
      0x0041121c: 0x043093e5	ldr	r3, [r3, #4]
      0x00411220: 0x0310a0e1	mov	r1, r3
bl    at 0x00411224: hooking 0xc90c00eb	bl	#0x414550 -> 0x89bb03eb	bl	#0x500050
      0x00411228: 0x0030a0e1	mov	r3, r0
      0x0041122c: 0x0340a0e1	mov	r4, r3
      0x00411230: 0x20301be5	ldr	r3, [fp, #-0x20]
      0x00411234: 0x040093e5	ldr	r0, [r3, #4]
      0x00411238: 0x24301be5	ldr	r3, [fp, #-0x24]
      0x0041123c: 0xac201be5	ldr	r2, [fp, #-0xac]
      0x00411240: 0x920303e0	mul	r3, r2, r3
      0x00411244: 0x8332a0e1	lsl	r3, r3, #5
      0x00411248: 0x2c201be5	ldr	r2, [fp, #-0x2c]
      0x0041124c: 0x033082e0	add	r3, r2, r3
      0x00411250: 0x003093e5	ldr	r3, [r3]
      0x00411254: 0x0310a0e1	mov	r1, r3
bl    at 0x00411258: hooking 0xbc0c00eb	bl	#0x414550 -> 0x7cbb03eb	bl	#0x500050
      0x0041125c: 0x0030a0e1	mov	r3, r0
      0x00411260: 0x0310a0e1	mov	r1, r3
      0x00411264: 0x0400a0e1	mov	r0, r4
bl    at 0x00411268: hooking 0x421000eb	bl	#0x415378 -> 0x78bb03eb	bl	#0x500050
      0x0041126c: 0x0030a0e1	mov	r3, r0
      0x00411270: 0x70300be5	str	r3, [fp, #-0x70]
      0x00411274: 0x8c301be5	ldr	r3, [fp, #-0x8c]
      0x00411278: 0x74201be5	ldr	r2, [fp, #-0x74]
      0x0041127c: 0x0210a0e1	mov	r1, r2
      0x00411280: 0x0300a0e1	mov	r0, r3
bl    at 0x00411284: hooking 0x3b1000eb	bl	#0x415378 -> 0x71bb03eb	bl	#0x500050
      0x00411288: 0x0030a0e1	mov	r3, r0
      0x0041128c: 0x5c300be5	str	r3, [fp, #-0x5c]
      0x00411290: 0x88301be5	ldr	r3, [fp, #-0x88]
      0x00411294: 0x70201be5	ldr	r2, [fp, #-0x70]
      0x00411298: 0x0210a0e1	mov	r1, r2
      0x0041129c: 0x0300a0e1	mov	r0, r3
bl    at 0x004112a0: hooking 0x341000eb	bl	#0x415378 -> 0x6abb03eb	bl	#0x500050
      0x004112a4: 0x0030a0e1	mov	r3, r0
      0x004112a8: 0x58300be5	str	r3, [fp, #-0x58]
      0x004112ac: 0x8c301be5	ldr	r3, [fp, #-0x8c]
      0x004112b0: 0x74201be5	ldr	r2, [fp, #-0x74]
      0x004112b4: 0x0210a0e1	mov	r1, r2
      0x004112b8: 0x0300a0e1	mov	r0, r3
bl    at 0x004112bc: hooking 0x2c1000eb	bl	#0x415374 -> 0x63bb03eb	bl	#0x500050
      0x004112c0: 0x0030a0e1	mov	r3, r0
      0x004112c4: 0x44300be5	str	r3, [fp, #-0x44]
      0x004112c8: 0x88301be5	ldr	r3, [fp, #-0x88]
      0x004112cc: 0x70201be5	ldr	r2, [fp, #-0x70]
      0x004112d0: 0x0210a0e1	mov	r1, r2
      0x004112d4: 0x0300a0e1	mov	r0, r3
bl    at 0x004112d8: hooking 0x251000eb	bl	#0x415374 -> 0x5cbb03eb	bl	#0x500050
      0x004112dc: 0x0030a0e1	mov	r3, r0
      0x004112e0: 0x40300be5	str	r3, [fp, #-0x40]
      0x004112e4: 0x84301be5	ldr	r3, [fp, #-0x84]
      0x004112e8: 0x7c201be5	ldr	r2, [fp, #-0x7c]
      0x004112ec: 0x0210a0e1	mov	r1, r2
      0x004112f0: 0x0300a0e1	mov	r0, r3
bl    at 0x004112f4: hooking 0x1f1000eb	bl	#0x415378 -> 0x55bb03eb	bl	#0x500050
      0x004112f8: 0x0030a0e1	mov	r3, r0
      0x004112fc: 0x54300be5	str	r3, [fp, #-0x54]
      0x00411300: 0x80301be5	ldr	r3, [fp, #-0x80]
      0x00411304: 0x78201be5	ldr	r2, [fp, #-0x78]
      0x00411308: 0x0210a0e1	mov	r1, r2
      0x0041130c: 0x0300a0e1	mov	r0, r3
bl    at 0x00411310: hooking 0x181000eb	bl	#0x415378 -> 0x4ebb03eb	bl	#0x500050
      0x00411314: 0x0030a0e1	mov	r3, r0
      0x00411318: 0x50300be5	str	r3, [fp, #-0x50]
      0x0041131c: 0x84301be5	ldr	r3, [fp, #-0x84]
      0x00411320: 0x7c201be5	ldr	r2, [fp, #-0x7c]
      0x00411324: 0x0210a0e1	mov	r1, r2
      0x00411328: 0x0300a0e1	mov	r0, r3
bl    at 0x0041132c: hooking 0x101000eb	bl	#0x415374 -> 0x47bb03eb	bl	#0x500050
      0x00411330: 0x0030a0e1	mov	r3, r0
      0x00411334: 0x4c300be5	str	r3, [fp, #-0x4c]
      0x00411338: 0x80301be5	ldr	r3, [fp, #-0x80]
      0x0041133c: 0x78201be5	ldr	r2, [fp, #-0x78]
      0x00411340: 0x0210a0e1	mov	r1, r2
      0x00411344: 0x0300a0e1	mov	r0, r3
bl    at 0x00411348: hooking 0x091000eb	bl	#0x415374 -> 0x40bb03eb	bl	#0x500050
      0x0041134c: 0x0030a0e1	mov	r3, r0
      0x00411350: 0x48300be5	str	r3, [fp, #-0x48]
      0x00411354: 0x10301be5	ldr	r3, [fp, #-0x10]
      0x00411358: 0x004093e5	ldr	r4, [r3]
      0x0041135c: 0x5c301be5	ldr	r3, [fp, #-0x5c]
      0x00411360: 0x54201be5	ldr	r2, [fp, #-0x54]
      0x00411364: 0x0210a0e1	mov	r1, r2
      0x00411368: 0x0300a0e1	mov	r0, r3
bl    at 0x0041136c: hooking 0x011000eb	bl	#0x415378 -> 0x37bb03eb	bl	#0x500050
      0x00411370: 0x0030a0e1	mov	r3, r0
      0x00411374: 0x0310a0e1	mov	r1, r3
      0x00411378: 0x0400a0e1	mov	r0, r4
bl    at 0x0041137c: hooking 0xfd0f00eb	bl	#0x415378 -> 0x33bb03eb	bl	#0x500050
      0x00411380: 0x0030a0e1	mov	r3, r0
      0x00411384: 0x0320a0e1	mov	r2, r3
      0x00411388: 0x10301be5	ldr	r3, [fp, #-0x10]
      0x0041138c: 0x002083e5	str	r2, [r3]
      0x00411390: 0x10301be5	ldr	r3, [fp, #-0x10]
      0x00411394: 0x044093e5	ldr	r4, [r3, #4]
      0x00411398: 0x58301be5	ldr	r3, [fp, #-0x58]
      0x0041139c: 0x50201be5	ldr	r2, [fp, #-0x50]
      0x004113a0: 0x0210a0e1	mov	r1, r2
      0x004113a4: 0x0300a0e1	mov	r0, r3
bl    at 0x004113a8: hooking 0xf20f00eb	bl	#0x415378 -> 0x28bb03eb	bl	#0x500050
      0x004113ac: 0x0030a0e1	mov	r3, r0
      0x004113b0: 0x0310a0e1	mov	r1, r3
      0x004113b4: 0x0400a0e1	mov	r0, r4
bl    at 0x004113b8: hooking 0xee0f00eb	bl	#0x415378 -> 0x24bb03eb	bl	#0x500050
      0x004113bc: 0x0030a0e1	mov	r3, r0
      0x004113c0: 0x0320a0e1	mov	r2, r3
      0x004113c4: 0x10301be5	ldr	r3, [fp, #-0x10]
      0x004113c8: 0x042083e5	str	r2, [r3, #4]
      0x004113cc: 0x94401be5	ldr	r4, [fp, #-0x94]
      0x004113d0: 0x5c301be5	ldr	r3, [fp, #-0x5c]
      0x004113d4: 0x9c201be5	ldr	r2, [fp, #-0x9c]
      0x004113d8: 0x0210a0e1	mov	r1, r2
      0x004113dc: 0x0300a0e1	mov	r0, r3
bl    at 0x004113e0: hooking 0x5a0c00eb	bl	#0x414550 -> 0x1abb03eb	bl	#0x500050
      0x004113e4: 0x0030a0e1	mov	r3, r0
      0x004113e8: 0x0310a0e1	mov	r1, r3
      0x004113ec: 0x0400a0e1	mov	r0, r4
bl    at 0x004113f0: hooking 0xe00f00eb	bl	#0x415378 -> 0x16bb03eb	bl	#0x500050
      0x004113f4: 0x0030a0e1	mov	r3, r0
      0x004113f8: 0x0340a0e1	mov	r4, r3
      0x004113fc: 0x54301be5	ldr	r3, [fp, #-0x54]
      0x00411400: 0xa4201be5	ldr	r2, [fp, #-0xa4]
      0x00411404: 0x0210a0e1	mov	r1, r2
      0x00411408: 0x0300a0e1	mov	r0, r3
bl    at 0x0041140c: hooking 0x4f0c00eb	bl	#0x414550 -> 0x0fbb03eb	bl	#0x500050
      0x00411410: 0x0030a0e1	mov	r3, r0
      0x00411414: 0x0310a0e1	mov	r1, r3
      0x00411418: 0x0400a0e1	mov	r0, r4
bl    at 0x0041141c: hooking 0xd50f00eb	bl	#0x415378 -> 0x0bbb03eb	bl	#0x500050
      0x00411420: 0x0030a0e1	mov	r3, r0
      0x00411424: 0x6c300be5	str	r3, [fp, #-0x6c]
      0x00411428: 0x90401be5	ldr	r4, [fp, #-0x90]
      0x0041142c: 0x58301be5	ldr	r3, [fp, #-0x58]
      0x00411430: 0x9c201be5	ldr	r2, [fp, #-0x9c]
      0x00411434: 0x0210a0e1	mov	r1, r2
      0x00411438: 0x0300a0e1	mov	r0, r3
bl    at 0x0041143c: hooking 0x430c00eb	bl	#0x414550 -> 0x03bb03eb	bl	#0x500050
      0x00411440: 0x0030a0e1	mov	r3, r0
      0x00411444: 0x0310a0e1	mov	r1, r3
      0x00411448: 0x0400a0e1	mov	r0, r4
bl    at 0x0041144c: hooking 0xc90f00eb	bl	#0x415378 -> 0xffba03eb	bl	#0x500050
      0x00411450: 0x0030a0e1	mov	r3, r0
      0x00411454: 0x0340a0e1	mov	r4, r3
      0x00411458: 0x50301be5	ldr	r3, [fp, #-0x50]
      0x0041145c: 0xa4201be5	ldr	r2, [fp, #-0xa4]
      0x00411460: 0x0210a0e1	mov	r1, r2
      0x00411464: 0x0300a0e1	mov	r0, r3
bl    at 0x00411468: hooking 0x380c00eb	bl	#0x414550 -> 0xf8ba03eb	bl	#0x500050
      0x0041146c: 0x0030a0e1	mov	r3, r0
      0x00411470: 0x0310a0e1	mov	r1, r3
      0x00411474: 0x0400a0e1	mov	r0, r4
bl    at 0x00411478: hooking 0xbe0f00eb	bl	#0x415378 -> 0xf4ba03eb	bl	#0x500050
      0x0041147c: 0x0030a0e1	mov	r3, r0
      0x00411480: 0x68300be5	str	r3, [fp, #-0x68]
      0x00411484: 0x40301be5	ldr	r3, [fp, #-0x40]
      0x00411488: 0x98201be5	ldr	r2, [fp, #-0x98]
      0x0041148c: 0x0210a0e1	mov	r1, r2
      0x00411490: 0x0300a0e1	mov	r0, r3
bl    at 0x00411494: hooking 0x2d0c00eb	bl	#0x414550 -> 0xedba03eb	bl	#0x500050
      0x00411498: 0x0030a0e1	mov	r3, r0
      0x0041149c: 0x0340a0e1	mov	r4, r3
      0x004114a0: 0x48301be5	ldr	r3, [fp, #-0x48]
      0x004114a4: 0xa0201be5	ldr	r2, [fp, #-0xa0]
      0x004114a8: 0x0210a0e1	mov	r1, r2
      0x004114ac: 0x0300a0e1	mov	r0, r3
bl    at 0x004114b0: hooking 0x260c00eb	bl	#0x414550 -> 0xe6ba03eb	bl	#0x500050
      0x004114b4: 0x0030a0e1	mov	r3, r0
      0x004114b8: 0x0310a0e1	mov	r1, r3
      0x004114bc: 0x0400a0e1	mov	r0, r4
bl    at 0x004114c0: hooking 0xac0f00eb	bl	#0x415378 -> 0xe2ba03eb	bl	#0x500050
      0x004114c4: 0x0030a0e1	mov	r3, r0
      0x004114c8: 0x64300be5	str	r3, [fp, #-0x64]
      0x004114cc: 0x44301be5	ldr	r3, [fp, #-0x44]
      0x004114d0: 0x98201be5	ldr	r2, [fp, #-0x98]
      0x004114d4: 0x0210a0e1	mov	r1, r2
      0x004114d8: 0x0300a0e1	mov	r0, r3
bl    at 0x004114dc: hooking 0x1b0c00eb	bl	#0x414550 -> 0xdbba03eb	bl	#0x500050
      0x004114e0: 0x0030a0e1	mov	r3, r0
      0x004114e4: 0x024123e2	eor	r4, r3, #0x80000000
      0x004114e8: 0x4c301be5	ldr	r3, [fp, #-0x4c]
      0x004114ec: 0xa0201be5	ldr	r2, [fp, #-0xa0]
      0x004114f0: 0x0210a0e1	mov	r1, r2
      0x004114f4: 0x0300a0e1	mov	r0, r3
bl    at 0x004114f8: hooking 0x140c00eb	bl	#0x414550 -> 0xd4ba03eb	bl	#0x500050
      0x004114fc: 0x0030a0e1	mov	r3, r0
      0x00411500: 0x0310a0e1	mov	r1, r3
      0x00411504: 0x0400a0e1	mov	r0, r4
bl    at 0x00411508: hooking 0x990f00eb	bl	#0x415374 -> 0xd0ba03eb	bl	#0x500050
      0x0041150c: 0x0030a0e1	mov	r3, r0
      0x00411510: 0x60300be5	str	r3, [fp, #-0x60]
      0x00411514: 0x6c301be5	ldr	r3, [fp, #-0x6c]
      0x00411518: 0x64201be5	ldr	r2, [fp, #-0x64]
      0x0041151c: 0x0210a0e1	mov	r1, r2
      0x00411520: 0x0300a0e1	mov	r0, r3
bl    at 0x00411524: hooking 0x920f00eb	bl	#0x415374 -> 0xc9ba03eb	bl	#0x500050
      0x00411528: 0x0030a0e1	mov	r3, r0
      0x0041152c: 0x0320a0e1	mov	r2, r3
      0x00411530: 0x14301be5	ldr	r3, [fp, #-0x14]
      0x00411534: 0x002083e5	str	r2, [r3]
      0x00411538: 0x68301be5	ldr	r3, [fp, #-0x68]
      0x0041153c: 0x60201be5	ldr	r2, [fp, #-0x60]
      0x00411540: 0x0210a0e1	mov	r1, r2
      0x00411544: 0x0300a0e1	mov	r0, r3
bl    at 0x00411548: hooking 0x890f00eb	bl	#0x415374 -> 0xc0ba03eb	bl	#0x500050
      0x0041154c: 0x0030a0e1	mov	r3, r0
      0x00411550: 0x0320a0e1	mov	r2, r3
      0x00411554: 0x14301be5	ldr	r3, [fp, #-0x14]
      0x00411558: 0x042083e5	str	r2, [r3, #4]
      0x0041155c: 0x6c301be5	ldr	r3, [fp, #-0x6c]
      0x00411560: 0x64201be5	ldr	r2, [fp, #-0x64]
      0x00411564: 0x0210a0e1	mov	r1, r2
      0x00411568: 0x0300a0e1	mov	r0, r3
bl    at 0x0041156c: hooking 0x810f00eb	bl	#0x415378 -> 0xb7ba03eb	bl	#0x500050
      0x00411570: 0x0030a0e1	mov	r3, r0
      0x00411574: 0x0320a0e1	mov	r2, r3
      0x00411578: 0x20301be5	ldr	r3, [fp, #-0x20]
      0x0041157c: 0x002083e5	str	r2, [r3]
      0x00411580: 0x68301be5	ldr	r3, [fp, #-0x68]
      0x00411584: 0x60201be5	ldr	r2, [fp, #-0x60]
      0x00411588: 0x0210a0e1	mov	r1, r2
      0x0041158c: 0x0300a0e1	mov	r0, r3
bl    at 0x00411590: hooking 0x780f00eb	bl	#0x415378 -> 0xaeba03eb	bl	#0x500050
      0x00411594: 0x0030a0e1	mov	r3, r0
      0x00411598: 0x0320a0e1	mov	r2, r3
      0x0041159c: 0x20301be5	ldr	r3, [fp, #-0x20]
      0x004115a0: 0x042083e5	str	r2, [r3, #4]
      0x004115a4: 0x94401be5	ldr	r4, [fp, #-0x94]
      0x004115a8: 0x5c301be5	ldr	r3, [fp, #-0x5c]
      0x004115ac: 0xa4201be5	ldr	r2, [fp, #-0xa4]
      0x004115b0: 0x0210a0e1	mov	r1, r2
      0x004115b4: 0x0300a0e1	mov	r0, r3
bl    at 0x004115b8: hooking 0xe40b00eb	bl	#0x414550 -> 0xa4ba03eb	bl	#0x500050
      0x004115bc: 0x0030a0e1	mov	r3, r0
      0x004115c0: 0x0310a0e1	mov	r1, r3
      0x004115c4: 0x0400a0e1	mov	r0, r4
bl    at 0x004115c8: hooking 0x6a0f00eb	bl	#0x415378 -> 0xa0ba03eb	bl	#0x500050
      0x004115cc: 0x0030a0e1	mov	r3, r0
      0x004115d0: 0x0340a0e1	mov	r4, r3
      0x004115d4: 0x54301be5	ldr	r3, [fp, #-0x54]
      0x004115d8: 0x9c201be5	ldr	r2, [fp, #-0x9c]
      0x004115dc: 0x0210a0e1	mov	r1, r2
      0x004115e0: 0x0300a0e1	mov	r0, r3
bl    at 0x004115e4: hooking 0xd90b00eb	bl	#0x414550 -> 0x99ba03eb	bl	#0x500050
      0x004115e8: 0x0030a0e1	mov	r3, r0
      0x004115ec: 0x0310a0e1	mov	r1, r3
      0x004115f0: 0x0400a0e1	mov	r0, r4
bl    at 0x004115f4: hooking 0x5f0f00eb	bl	#0x415378 -> 0x95ba03eb	bl	#0x500050
      0x004115f8: 0x0030a0e1	mov	r3, r0
      0x004115fc: 0x3c300be5	str	r3, [fp, #-0x3c]
      0x00411600: 0x90401be5	ldr	r4, [fp, #-0x90]
      0x00411604: 0x58301be5	ldr	r3, [fp, #-0x58]
      0x00411608: 0xa4201be5	ldr	r2, [fp, #-0xa4]
      0x0041160c: 0x0210a0e1	mov	r1, r2
      0x00411610: 0x0300a0e1	mov	r0, r3
bl    at 0x00411614: hooking 0xcd0b00eb	bl	#0x414550 -> 0x8dba03eb	bl	#0x500050
      0x00411618: 0x0030a0e1	mov	r3, r0
      0x0041161c: 0x0310a0e1	mov	r1, r3
      0x00411620: 0x0400a0e1	mov	r0, r4
bl    at 0x00411624: hooking 0x530f00eb	bl	#0x415378 -> 0x89ba03eb	bl	#0x500050
      0x00411628: 0x0030a0e1	mov	r3, r0
      0x0041162c: 0x0340a0e1	mov	r4, r3
      0x00411630: 0x50301be5	ldr	r3, [fp, #-0x50]
      0x00411634: 0x9c201be5	ldr	r2, [fp, #-0x9c]
      0x00411638: 0x0210a0e1	mov	r1, r2
      0x0041163c: 0x0300a0e1	mov	r0, r3
bl    at 0x00411640: hooking 0xc20b00eb	bl	#0x414550 -> 0x82ba03eb	bl	#0x500050
      0x00411644: 0x0030a0e1	mov	r3, r0
      0x00411648: 0x0310a0e1	mov	r1, r3
      0x0041164c: 0x0400a0e1	mov	r0, r4
bl    at 0x00411650: hooking 0x480f00eb	bl	#0x415378 -> 0x7eba03eb	bl	#0x500050
      0x00411654: 0x0030a0e1	mov	r3, r0
      0x00411658: 0x38300be5	str	r3, [fp, #-0x38]
      0x0041165c: 0x48301be5	ldr	r3, [fp, #-0x48]
      0x00411660: 0x98201be5	ldr	r2, [fp, #-0x98]
      0x00411664: 0x0210a0e1	mov	r1, r2
      0x00411668: 0x0300a0e1	mov	r0, r3
bl    at 0x0041166c: hooking 0xb70b00eb	bl	#0x414550 -> 0x77ba03eb	bl	#0x500050
      0x00411670: 0x0030a0e1	mov	r3, r0
      0x00411674: 0x0340a0e1	mov	r4, r3
      0x00411678: 0x40301be5	ldr	r3, [fp, #-0x40]
      0x0041167c: 0xa0201be5	ldr	r2, [fp, #-0xa0]
      0x00411680: 0x0210a0e1	mov	r1, r2
      0x00411684: 0x0300a0e1	mov	r0, r3
bl    at 0x00411688: hooking 0xb00b00eb	bl	#0x414550 -> 0x70ba03eb	bl	#0x500050
      0x0041168c: 0x0030a0e1	mov	r3, r0
      0x00411690: 0x0310a0e1	mov	r1, r3
      0x00411694: 0x0400a0e1	mov	r0, r4
bl    at 0x00411698: hooking 0x350f00eb	bl	#0x415374 -> 0x6cba03eb	bl	#0x500050
      0x0041169c: 0x0030a0e1	mov	r3, r0
      0x004116a0: 0x34300be5	str	r3, [fp, #-0x34]
      0x004116a4: 0x44301be5	ldr	r3, [fp, #-0x44]
      0x004116a8: 0xa0201be5	ldr	r2, [fp, #-0xa0]
      0x004116ac: 0x0210a0e1	mov	r1, r2
      0x004116b0: 0x0300a0e1	mov	r0, r3
bl    at 0x004116b4: hooking 0xa50b00eb	bl	#0x414550 -> 0x65ba03eb	bl	#0x500050
      0x004116b8: 0x0030a0e1	mov	r3, r0
      0x004116bc: 0x0340a0e1	mov	r4, r3
      0x004116c0: 0x4c301be5	ldr	r3, [fp, #-0x4c]
      0x004116c4: 0x98201be5	ldr	r2, [fp, #-0x98]
      0x004116c8: 0x0210a0e1	mov	r1, r2
      0x004116cc: 0x0300a0e1	mov	r0, r3
bl    at 0x004116d0: hooking 0x9e0b00eb	bl	#0x414550 -> 0x5eba03eb	bl	#0x500050
      0x004116d4: 0x0030a0e1	mov	r3, r0
      0x004116d8: 0x0310a0e1	mov	r1, r3
      0x004116dc: 0x0400a0e1	mov	r0, r4
bl    at 0x004116e0: hooking 0x230f00eb	bl	#0x415374 -> 0x5aba03eb	bl	#0x500050
      0x004116e4: 0x0030a0e1	mov	r3, r0
      0x004116e8: 0x30300be5	str	r3, [fp, #-0x30]
      0x004116ec: 0x3c301be5	ldr	r3, [fp, #-0x3c]
      0x004116f0: 0x34201be5	ldr	r2, [fp, #-0x34]
      0x004116f4: 0x0210a0e1	mov	r1, r2
      0x004116f8: 0x0300a0e1	mov	r0, r3
bl    at 0x004116fc: hooking 0x1d0f00eb	bl	#0x415378 -> 0x53ba03eb	bl	#0x500050
      0x00411700: 0x0030a0e1	mov	r3, r0
      0x00411704: 0x0320a0e1	mov	r2, r3
      0x00411708: 0x18301be5	ldr	r3, [fp, #-0x18]
      0x0041170c: 0x002083e5	str	r2, [r3]
      0x00411710: 0x38301be5	ldr	r3, [fp, #-0x38]
      0x00411714: 0x30201be5	ldr	r2, [fp, #-0x30]
      0x00411718: 0x0210a0e1	mov	r1, r2
      0x0041171c: 0x0300a0e1	mov	r0, r3
bl    at 0x00411720: hooking 0x140f00eb	bl	#0x415378 -> 0x4aba03eb	bl	#0x500050
      0x00411724: 0x0030a0e1	mov	r3, r0
      0x00411728: 0x0320a0e1	mov	r2, r3
      0x0041172c: 0x18301be5	ldr	r3, [fp, #-0x18]
      0x00411730: 0x042083e5	str	r2, [r3, #4]
      0x00411734: 0x3c301be5	ldr	r3, [fp, #-0x3c]
      0x00411738: 0x34201be5	ldr	r2, [fp, #-0x34]
      0x0041173c: 0x0210a0e1	mov	r1, r2
      0x00411740: 0x0300a0e1	mov	r0, r3
bl    at 0x00411744: hooking 0x0a0f00eb	bl	#0x415374 -> 0x41ba03eb	bl	#0x500050
      0x00411748: 0x0030a0e1	mov	r3, r0
      0x0041174c: 0x0320a0e1	mov	r2, r3
      0x00411750: 0x1c301be5	ldr	r3, [fp, #-0x1c]
      0x00411754: 0x002083e5	str	r2, [r3]
      0x00411758: 0x38301be5	ldr	r3, [fp, #-0x38]
      0x0041175c: 0x30201be5	ldr	r2, [fp, #-0x30]
      0x00411760: 0x0210a0e1	mov	r1, r2
      0x00411764: 0x0300a0e1	mov	r0, r3
bl    at 0x00411768: hooking 0x010f00eb	bl	#0x415374 -> 0x38ba03eb	bl	#0x500050
      0x0041176c: 0x0030a0e1	mov	r3, r0
      0x00411770: 0x0320a0e1	mov	r2, r3
      0x00411774: 0x1c301be5	ldr	r3, [fp, #-0x1c]
      0x00411778: 0x042083e5	str	r2, [r3, #4]
      0x0041177c: 0x10301be5	ldr	r3, [fp, #-0x10]
      0x00411780: 0x083083e2	add	r3, r3, #8
      0x00411784: 0x10300be5	str	r3, [fp, #-0x10]
      0x00411788: 0x14301be5	ldr	r3, [fp, #-0x14]
      0x0041178c: 0x083083e2	add	r3, r3, #8
      0x00411790: 0x14300be5	str	r3, [fp, #-0x14]
      0x00411794: 0x18301be5	ldr	r3, [fp, #-0x18]
      0x00411798: 0x083083e2	add	r3, r3, #8
      0x0041179c: 0x18300be5	str	r3, [fp, #-0x18]
      0x004117a0: 0x1c301be5	ldr	r3, [fp, #-0x1c]
      0x004117a4: 0x083083e2	add	r3, r3, #8
      0x004117a8: 0x1c300be5	str	r3, [fp, #-0x1c]
      0x004117ac: 0x20301be5	ldr	r3, [fp, #-0x20]
      0x004117b0: 0x083083e2	add	r3, r3, #8
      0x004117b4: 0x20300be5	str	r3, [fp, #-0x20]
      0x004117b8: 0x24301be5	ldr	r3, [fp, #-0x24]
      0x004117bc: 0x013083e2	add	r3, r3, #1
      0x004117c0: 0x24300be5	str	r3, [fp, #-0x24]
      0x004117c4: 0x24201be5	ldr	r2, [fp, #-0x24]
      0x004117c8: 0xb4301be5	ldr	r3, [fp, #-0xb4]
      0x004117cc: 0x030052e1	cmp	r2, r3
      0x004117d0: 0xa3fdffba	blt	#0x410e64
      0x004117d4: 0x0000a0e1	mov	r0, r0
      0x004117d8: 0x0000a0e1	mov	r0, r0
      0x004117dc: 0x08d04be2	sub	sp, fp, #8
      0x004117e0: 0x1048bde8	pop	{r4, fp, lr}
      0x004117e4: 0x1eff2fe1	bx	lr
      0x004117e8: 0x10482de9	push	{r4, fp, lr}
      0x004117ec: 0x08b08de2	add	fp, sp, #8
      0x004117f0: 0x3cd04de2	sub	sp, sp, #0x3c
      0x004117f4: 0x38000be5	str	r0, [fp, #-0x38]
      0x004117f8: 0x3c100be5	str	r1, [fp, #-0x3c]
      0x004117fc: 0x40200be5	str	r2, [fp, #-0x40]
      0x00411800: 0x44300be5	str	r3, [fp, #-0x44]
      0x00411804: 0x40301be5	ldr	r3, [fp, #-0x40]
      0x00411808: 0x423f83e2	add	r3, r3, #0x108
      0x0041180c: 0x24300be5	str	r3, [fp, #-0x24]
      0x00411810: 0x40301be5	ldr	r3, [fp, #-0x40]
      0x00411814: 0x003093e5	ldr	r3, [r3]
      0x00411818: 0x28300be5	str	r3, [fp, #-0x28]
      0x0041181c: 0x04309be5	ldr	r3, [fp, #4]
      0x00411820: 0x8331a0e1	lsl	r3, r3, #3
      0x00411824: 0x0300a0e1	mov	r0, r3
bl    at 0x00411828: hooking 0x7e0f00eb	bl	#0x415628 -> 0x08ba03eb	bl	#0x500050
      0x0041182c: 0x0030a0e1	mov	r3, r0
      0x00411830: 0x2c300be5	str	r3, [fp, #-0x2c]
      0x00411834: 0x0030a0e3	mov	r3, #0
      0x00411838: 0x10300be5	str	r3, [fp, #-0x10]
b     at 0x0041183c: hooking 0xa80000ea	b	#0x411ae4 -> 0xefb903eb	bl	#0x500000
      0x00411840: 0x10301be5	ldr	r3, [fp, #-0x10]
      0x00411844: 0x14300be5	str	r3, [fp, #-0x14]
      0x00411848: 0x0030a0e3	mov	r3, #0
      0x0041184c: 0x18300be5	str	r3, [fp, #-0x18]
b     at 0x00411850: hooking 0x110000ea	b	#0x41189c -> 0xeab903eb	bl	#0x500000
      0x00411854: 0x14301be5	ldr	r3, [fp, #-0x14]
      0x00411858: 0x8331a0e1	lsl	r3, r3, #3
      0x0041185c: 0x38201be5	ldr	r2, [fp, #-0x38]
      0x00411860: 0x031082e0	add	r1, r2, r3
      0x00411864: 0x18301be5	ldr	r3, [fp, #-0x18]
      0x00411868: 0x8331a0e1	lsl	r3, r3, #3
      0x0041186c: 0x2c201be5	ldr	r2, [fp, #-0x2c]
      0x00411870: 0x033082e0	add	r3, r2, r3
      0x00411874: 0x0120a0e1	mov	r2, r1
      0x00411878: 0x030092e8	ldm	r2, {r0, r1}
      0x0041187c: 0x030083e8	stm	r3, {r0, r1}
      0x00411880: 0x14201be5	ldr	r2, [fp, #-0x14]
      0x00411884: 0x44301be5	ldr	r3, [fp, #-0x44]
      0x00411888: 0x033082e0	add	r3, r2, r3
      0x0041188c: 0x14300be5	str	r3, [fp, #-0x14]
      0x00411890: 0x18301be5	ldr	r3, [fp, #-0x18]
      0x00411894: 0x013083e2	add	r3, r3, #1
      0x00411898: 0x18300be5	str	r3, [fp, #-0x18]
      0x0041189c: 0x18201be5	ldr	r2, [fp, #-0x18]
      0x004118a0: 0x04309be5	ldr	r3, [fp, #4]
      0x004118a4: 0x030052e1	cmp	r2, r3
      0x004118a8: 0xe9ffffba	blt	#0x411854
      0x004118ac: 0x10301be5	ldr	r3, [fp, #-0x10]
      0x004118b0: 0x14300be5	str	r3, [fp, #-0x14]
      0x004118b4: 0x0030a0e3	mov	r3, #0
      0x004118b8: 0x18300be5	str	r3, [fp, #-0x18]
b     at 0x004118bc: hooking 0x810000ea	b	#0x411ac8 -> 0xcfb903eb	bl	#0x500000
      0x004118c0: 0x0030a0e3	mov	r3, #0
      0x004118c4: 0x20300be5	str	r3, [fp, #-0x20]
      0x004118c8: 0x14301be5	ldr	r3, [fp, #-0x14]
      0x004118cc: 0x8331a0e1	lsl	r3, r3, #3
      0x004118d0: 0x38201be5	ldr	r2, [fp, #-0x38]
      0x004118d4: 0x033082e0	add	r3, r2, r3
      0x004118d8: 0x2c201be5	ldr	r2, [fp, #-0x2c]
      0x004118dc: 0x030092e8	ldm	r2, {r0, r1}
      0x004118e0: 0x030083e8	stm	r3, {r0, r1}
      0x004118e4: 0x0130a0e3	mov	r3, #1
      0x004118e8: 0x1c300be5	str	r3, [fp, #-0x1c]
b     at 0x004118ec: hooking 0x6a0000ea	b	#0x411a9c -> 0xc3b903eb	bl	#0x500000
      0x004118f0: 0x14301be5	ldr	r3, [fp, #-0x14]
      0x004118f4: 0x3c201be5	ldr	r2, [fp, #-0x3c]
      0x004118f8: 0x930202e0	mul	r2, r3, r2
      0x004118fc: 0x20301be5	ldr	r3, [fp, #-0x20]
      0x00411900: 0x033082e0	add	r3, r2, r3
      0x00411904: 0x20300be5	str	r3, [fp, #-0x20]
      0x00411908: 0x20201be5	ldr	r2, [fp, #-0x20]
      0x0041190c: 0x28301be5	ldr	r3, [fp, #-0x28]
      0x00411910: 0x030052e1	cmp	r2, r3
      0x00411914: 0x030000ba	blt	#0x411928
      0x00411918: 0x20201be5	ldr	r2, [fp, #-0x20]
      0x0041191c: 0x28301be5	ldr	r3, [fp, #-0x28]
      0x00411920: 0x033042e0	sub	r3, r2, r3
      0x00411924: 0x20300be5	str	r3, [fp, #-0x20]
      0x00411928: 0x1c301be5	ldr	r3, [fp, #-0x1c]
      0x0041192c: 0x8331a0e1	lsl	r3, r3, #3
      0x00411930: 0x2c201be5	ldr	r2, [fp, #-0x2c]
      0x00411934: 0x033082e0	add	r3, r2, r3
      0x00411938: 0x000093e5	ldr	r0, [r3]
      0x0041193c: 0x20301be5	ldr	r3, [fp, #-0x20]
      0x00411940: 0x8331a0e1	lsl	r3, r3, #3
      0x00411944: 0x24201be5	ldr	r2, [fp, #-0x24]
      0x00411948: 0x033082e0	add	r3, r2, r3
      0x0041194c: 0x003093e5	ldr	r3, [r3]
      0x00411950: 0x0310a0e1	mov	r1, r3
bl    at 0x00411954: hooking 0xfd0a00eb	bl	#0x414550 -> 0xbdb903eb	bl	#0x500050
      0x00411958: 0x0030a0e1	mov	r3, r0
      0x0041195c: 0x0340a0e1	mov	r4, r3
      0x00411960: 0x1c301be5	ldr	r3, [fp, #-0x1c]
      0x00411964: 0x8331a0e1	lsl	r3, r3, #3
      0x00411968: 0x2c201be5	ldr	r2, [fp, #-0x2c]
      0x0041196c: 0x033082e0	add	r3, r2, r3
      0x00411970: 0x040093e5	ldr	r0, [r3, #4]
      0x00411974: 0x20301be5	ldr	r3, [fp, #-0x20]
      0x00411978: 0x8331a0e1	lsl	r3, r3, #3
      0x0041197c: 0x24201be5	ldr	r2, [fp, #-0x24]
      0x00411980: 0x033082e0	add	r3, r2, r3
      0x00411984: 0x043093e5	ldr	r3, [r3, #4]
      0x00411988: 0x0310a0e1	mov	r1, r3
bl    at 0x0041198c: hooking 0xef0a00eb	bl	#0x414550 -> 0xafb903eb	bl	#0x500050
      0x00411990: 0x0030a0e1	mov	r3, r0
      0x00411994: 0x0310a0e1	mov	r1, r3
      0x00411998: 0x0400a0e1	mov	r0, r4
bl    at 0x0041199c: hooking 0x740e00eb	bl	#0x415374 -> 0xabb903eb	bl	#0x500050
      0x004119a0: 0x0030a0e1	mov	r3, r0
      0x004119a4: 0x34300be5	str	r3, [fp, #-0x34]
      0x004119a8: 0x1c301be5	ldr	r3, [fp, #-0x1c]
      0x004119ac: 0x8331a0e1	lsl	r3, r3, #3
      0x004119b0: 0x2c201be5	ldr	r2, [fp, #-0x2c]
      0x004119b4: 0x033082e0	add	r3, r2, r3
      0x004119b8: 0x000093e5	ldr	r0, [r3]
      0x004119bc: 0x20301be5	ldr	r3, [fp, #-0x20]
      0x004119c0: 0x8331a0e1	lsl	r3, r3, #3
      0x004119c4: 0x24201be5	ldr	r2, [fp, #-0x24]
      0x004119c8: 0x033082e0	add	r3, r2, r3
      0x004119cc: 0x043093e5	ldr	r3, [r3, #4]
      0x004119d0: 0x0310a0e1	mov	r1, r3
bl    at 0x004119d4: hooking 0xdd0a00eb	bl	#0x414550 -> 0x9db903eb	bl	#0x500050
      0x004119d8: 0x0030a0e1	mov	r3, r0
      0x004119dc: 0x0340a0e1	mov	r4, r3
      0x004119e0: 0x1c301be5	ldr	r3, [fp, #-0x1c]
      0x004119e4: 0x8331a0e1	lsl	r3, r3, #3
      0x004119e8: 0x2c201be5	ldr	r2, [fp, #-0x2c]
      0x004119ec: 0x033082e0	add	r3, r2, r3
      0x004119f0: 0x040093e5	ldr	r0, [r3, #4]
      0x004119f4: 0x20301be5	ldr	r3, [fp, #-0x20]
      0x004119f8: 0x8331a0e1	lsl	r3, r3, #3
      0x004119fc: 0x24201be5	ldr	r2, [fp, #-0x24]
      0x00411a00: 0x033082e0	add	r3, r2, r3
      0x00411a04: 0x003093e5	ldr	r3, [r3]
      0x00411a08: 0x0310a0e1	mov	r1, r3
bl    at 0x00411a0c: hooking 0xcf0a00eb	bl	#0x414550 -> 0x8fb903eb	bl	#0x500050
      0x00411a10: 0x0030a0e1	mov	r3, r0
      0x00411a14: 0x0310a0e1	mov	r1, r3
      0x00411a18: 0x0400a0e1	mov	r0, r4
bl    at 0x00411a1c: hooking 0x550e00eb	bl	#0x415378 -> 0x8bb903eb	bl	#0x500050
      0x00411a20: 0x0030a0e1	mov	r3, r0
      0x00411a24: 0x30300be5	str	r3, [fp, #-0x30]
      0x00411a28: 0x14301be5	ldr	r3, [fp, #-0x14]
      0x00411a2c: 0x8331a0e1	lsl	r3, r3, #3
      0x00411a30: 0x38201be5	ldr	r2, [fp, #-0x38]
      0x00411a34: 0x033082e0	add	r3, r2, r3
      0x00411a38: 0x000093e5	ldr	r0, [r3]
      0x00411a3c: 0x34101be5	ldr	r1, [fp, #-0x34]
      0x00411a40: 0x14301be5	ldr	r3, [fp, #-0x14]
      0x00411a44: 0x8331a0e1	lsl	r3, r3, #3
      0x00411a48: 0x38201be5	ldr	r2, [fp, #-0x38]
      0x00411a4c: 0x034082e0	add	r4, r2, r3
bl    at 0x00411a50: hooking 0x480e00eb	bl	#0x415378 -> 0x7eb903eb	bl	#0x500050
      0x00411a54: 0x0030a0e1	mov	r3, r0
      0x00411a58: 0x003084e5	str	r3, [r4]
      0x00411a5c: 0x14301be5	ldr	r3, [fp, #-0x14]
      0x00411a60: 0x8331a0e1	lsl	r3, r3, #3
      0x00411a64: 0x38201be5	ldr	r2, [fp, #-0x38]
      0x00411a68: 0x033082e0	add	r3, r2, r3
      0x00411a6c: 0x040093e5	ldr	r0, [r3, #4]
      0x00411a70: 0x30101be5	ldr	r1, [fp, #-0x30]
      0x00411a74: 0x14301be5	ldr	r3, [fp, #-0x14]
      0x00411a78: 0x8331a0e1	lsl	r3, r3, #3
      0x00411a7c: 0x38201be5	ldr	r2, [fp, #-0x38]
      0x00411a80: 0x034082e0	add	r4, r2, r3
bl    at 0x00411a84: hooking 0x3b0e00eb	bl	#0x415378 -> 0x71b903eb	bl	#0x500050
      0x00411a88: 0x0030a0e1	mov	r3, r0
      0x00411a8c: 0x043084e5	str	r3, [r4, #4]
      0x00411a90: 0x1c301be5	ldr	r3, [fp, #-0x1c]
      0x00411a94: 0x013083e2	add	r3, r3, #1
      0x00411a98: 0x1c300be5	str	r3, [fp, #-0x1c]
      0x00411a9c: 0x1c201be5	ldr	r2, [fp, #-0x1c]
      0x00411aa0: 0x04309be5	ldr	r3, [fp, #4]
      0x00411aa4: 0x030052e1	cmp	r2, r3
      0x00411aa8: 0x90ffffba	blt	#0x4118f0
      0x00411aac: 0x14201be5	ldr	r2, [fp, #-0x14]
      0x00411ab0: 0x44301be5	ldr	r3, [fp, #-0x44]
      0x00411ab4: 0x033082e0	add	r3, r2, r3
      0x00411ab8: 0x14300be5	str	r3, [fp, #-0x14]
      0x00411abc: 0x18301be5	ldr	r3, [fp, #-0x18]
      0x00411ac0: 0x013083e2	add	r3, r3, #1
      0x00411ac4: 0x18300be5	str	r3, [fp, #-0x18]
      0x00411ac8: 0x18201be5	ldr	r2, [fp, #-0x18]
      0x00411acc: 0x04309be5	ldr	r3, [fp, #4]
      0x00411ad0: 0x030052e1	cmp	r2, r3
      0x00411ad4: 0x79ffffba	blt	#0x4118c0
      0x00411ad8: 0x10301be5	ldr	r3, [fp, #-0x10]
      0x00411adc: 0x013083e2	add	r3, r3, #1
      0x00411ae0: 0x10300be5	str	r3, [fp, #-0x10]
      0x00411ae4: 0x10201be5	ldr	r2, [fp, #-0x10]
      0x00411ae8: 0x44301be5	ldr	r3, [fp, #-0x44]
      0x00411aec: 0x030052e1	cmp	r2, r3
      0x00411af0: 0x52ffffba	blt	#0x411840
      0x00411af4: 0x2c001be5	ldr	r0, [fp, #-0x2c]
bl    at 0x00411af8: hooking 0xd20e00eb	bl	#0x415648 -> 0x54b903eb	bl	#0x500050
      0x00411afc: 0x0000a0e1	mov	r0, r0
      0x00411b00: 0x08d04be2	sub	sp, fp, #8
      0x00411b04: 0x1048bde8	pop	{r4, fp, lr}
      0x00411b08: 0x1eff2fe1	bx	lr
      0x00411b0c: 0x00482de9	push	{fp, lr}
      0x00411b10: 0x04b08de2	add	fp, sp, #4
      0x00411b14: 0x28d04de2	sub	sp, sp, #0x28
      0x00411b18: 0x18000be5	str	r0, [fp, #-0x18]
      0x00411b1c: 0x1c100be5	str	r1, [fp, #-0x1c]
      0x00411b20: 0x20200be5	str	r2, [fp, #-0x20]
      0x00411b24: 0x24300be5	str	r3, [fp, #-0x24]
      0x00411b28: 0x18301be5	ldr	r3, [fp, #-0x18]
      0x00411b2c: 0x08300be5	str	r3, [fp, #-8]
      0x00411b30: 0x04309be5	ldr	r3, [fp, #4]
      0x00411b34: 0x042083e2	add	r2, r3, #4
      0x00411b38: 0x04208be5	str	r2, [fp, #4]
      0x00411b3c: 0x003093e5	ldr	r3, [r3]
      0x00411b40: 0x0c300be5	str	r3, [fp, #-0xc]
      0x00411b44: 0x04309be5	ldr	r3, [fp, #4]
      0x00411b48: 0x042083e2	add	r2, r3, #4
      0x00411b4c: 0x04208be5	str	r2, [fp, #4]
      0x00411b50: 0x003093e5	ldr	r3, [r3]
      0x00411b54: 0x10300be5	str	r3, [fp, #-0x10]
      0x00411b58: 0x0c301be5	ldr	r3, [fp, #-0xc]
      0x00411b5c: 0x10201be5	ldr	r2, [fp, #-0x10]
      0x00411b60: 0x920303e0	mul	r3, r2, r3
      0x00411b64: 0x8331a0e1	lsl	r3, r3, #3
      0x00411b68: 0x18201be5	ldr	r2, [fp, #-0x18]
      0x00411b6c: 0x033082e0	add	r3, r2, r3
      0x00411b70: 0x14300be5	str	r3, [fp, #-0x14]
      0x00411b74: 0x10301be5	ldr	r3, [fp, #-0x10]
      0x00411b78: 0x010053e3	cmp	r3, #1
      0x00411b7c: 0x1200001a	bne	#0x411bcc
      0x00411b80: 0x18301be5	ldr	r3, [fp, #-0x18]
      0x00411b84: 0x1c201be5	ldr	r2, [fp, #-0x1c]
      0x00411b88: 0x030092e8	ldm	r2, {r0, r1}
      0x00411b8c: 0x030083e8	stm	r3, {r0, r1}
      0x00411b90: 0x24301be5	ldr	r3, [fp, #-0x24]
      0x00411b94: 0x20201be5	ldr	r2, [fp, #-0x20]
      0x00411b98: 0x920303e0	mul	r3, r2, r3
      0x00411b9c: 0x8331a0e1	lsl	r3, r3, #3
      0x00411ba0: 0x1c201be5	ldr	r2, [fp, #-0x1c]
      0x00411ba4: 0x033082e0	add	r3, r2, r3
      0x00411ba8: 0x1c300be5	str	r3, [fp, #-0x1c]
      0x00411bac: 0x18301be5	ldr	r3, [fp, #-0x18]
      0x00411bb0: 0x083083e2	add	r3, r3, #8
      0x00411bb4: 0x18300be5	str	r3, [fp, #-0x18]
      0x00411bb8: 0x18201be5	ldr	r2, [fp, #-0x18]
      0x00411bbc: 0x14301be5	ldr	r3, [fp, #-0x14]
      0x00411bc0: 0x030052e1	cmp	r2, r3
      0x00411bc4: 0xedffff1a	bne	#0x411b80
b     at 0x00411bc8: hooking 0x1a0000ea	b	#0x411c38 -> 0x0cb903eb	bl	#0x500000
      0x00411bcc: 0x0c301be5	ldr	r3, [fp, #-0xc]
      0x00411bd0: 0x20201be5	ldr	r2, [fp, #-0x20]
      0x00411bd4: 0x930202e0	mul	r2, r3, r2
      0x00411bd8: 0x08309be5	ldr	r3, [fp, #8]
      0x00411bdc: 0x04308de5	str	r3, [sp, #4]
      0x00411be0: 0x04309be5	ldr	r3, [fp, #4]
      0x00411be4: 0x00308de5	str	r3, [sp]
      0x00411be8: 0x24301be5	ldr	r3, [fp, #-0x24]
      0x00411bec: 0x1c101be5	ldr	r1, [fp, #-0x1c]
      0x00411bf0: 0x18001be5	ldr	r0, [fp, #-0x18]
bl    at 0x00411bf4: hooking 0xc4ffffeb	bl	#0x411b0c -> 0x15b903eb	bl	#0x500050
      0x00411bf8: 0x24301be5	ldr	r3, [fp, #-0x24]
      0x00411bfc: 0x20201be5	ldr	r2, [fp, #-0x20]
      0x00411c00: 0x920303e0	mul	r3, r2, r3
      0x00411c04: 0x8331a0e1	lsl	r3, r3, #3
      0x00411c08: 0x1c201be5	ldr	r2, [fp, #-0x1c]
      0x00411c0c: 0x033082e0	add	r3, r2, r3
      0x00411c10: 0x1c300be5	str	r3, [fp, #-0x1c]
      0x00411c14: 0x10301be5	ldr	r3, [fp, #-0x10]
      0x00411c18: 0x8331a0e1	lsl	r3, r3, #3
      0x00411c1c: 0x18201be5	ldr	r2, [fp, #-0x18]
      0x00411c20: 0x033082e0	add	r3, r2, r3
      0x00411c24: 0x18300be5	str	r3, [fp, #-0x18]
      0x00411c28: 0x18201be5	ldr	r2, [fp, #-0x18]
      0x00411c2c: 0x14301be5	ldr	r3, [fp, #-0x14]
      0x00411c30: 0x030052e1	cmp	r2, r3
      0x00411c34: 0xe4ffff1a	bne	#0x411bcc
      0x00411c38: 0x08301be5	ldr	r3, [fp, #-8]
      0x00411c3c: 0x18300be5	str	r3, [fp, #-0x18]
      0x00411c40: 0x0c301be5	ldr	r3, [fp, #-0xc]
      0x00411c44: 0x023043e2	sub	r3, r3, #2
      0x00411c48: 0x030053e3	cmp	r3, #3
      0x00411c4c: 0x03f19f97	ldrls	pc, [pc, r3, lsl #2]
b     at 0x00411c50: hooking 0x1b0000ea	b	#0x411cc4 -> 0xeab803eb	bl	#0x500000
      0x00411c54: 0x641c4000	subeq	r1, r0, r4, ror #24
      0x00411c58: 0x7c1c4000	subeq	r1, r0, ip, ror ip
      0x00411c5c: 0x941c4000	umaaleq	r1, r0, r4, ip
      0x00411c60: 0xac1c4000	subeq	r1, r0, ip, lsr #25
      0x00411c64: 0x10301be5	ldr	r3, [fp, #-0x10]
      0x00411c68: 0x08209be5	ldr	r2, [fp, #8]
      0x00411c6c: 0x20101be5	ldr	r1, [fp, #-0x20]
      0x00411c70: 0x18001be5	ldr	r0, [fp, #-0x18]
bl    at 0x00411c74: hooking 0xe1f8ffeb	bl	#0x410000 -> 0xf5b803eb	bl	#0x500050
b     at 0x00411c78: hooking 0x190000ea	b	#0x411ce4 -> 0xe0b803eb	bl	#0x500000
      0x00411c7c: 0x10301be5	ldr	r3, [fp, #-0x10]
      0x00411c80: 0x08209be5	ldr	r2, [fp, #8]
      0x00411c84: 0x20101be5	ldr	r1, [fp, #-0x20]
      0x00411c88: 0x18001be5	ldr	r0, [fp, #-0x18]
bl    at 0x00411c8c: hooking 0xeafaffeb	bl	#0x41083c -> 0xefb803eb	bl	#0x500050
b     at 0x00411c90: hooking 0x130000ea	b	#0x411ce4 -> 0xdab803eb	bl	#0x500000
      0x00411c94: 0x10301be5	ldr	r3, [fp, #-0x10]
      0x00411c98: 0x08209be5	ldr	r2, [fp, #8]
      0x00411c9c: 0x20101be5	ldr	r1, [fp, #-0x20]
      0x00411ca0: 0x18001be5	ldr	r0, [fp, #-0x18]
bl    at 0x00411ca4: hooking 0x4ef9ffeb	bl	#0x4101e4 -> 0xe9b803eb	bl	#0x500050
b     at 0x00411ca8: hooking 0x0d0000ea	b	#0x411ce4 -> 0xd4b803eb	bl	#0x500000
      0x00411cac: 0x10301be5	ldr	r3, [fp, #-0x10]
      0x00411cb0: 0x08209be5	ldr	r2, [fp, #8]
      0x00411cb4: 0x20101be5	ldr	r1, [fp, #-0x20]
      0x00411cb8: 0x18001be5	ldr	r0, [fp, #-0x18]
bl    at 0x00411cbc: hooking 0x2cfcffeb	bl	#0x410d74 -> 0xe3b803eb	bl	#0x500050
b     at 0x00411cc0: hooking 0x070000ea	b	#0x411ce4 -> 0xceb803eb	bl	#0x500000
      0x00411cc4: 0x0c301be5	ldr	r3, [fp, #-0xc]
      0x00411cc8: 0x00308de5	str	r3, [sp]
      0x00411ccc: 0x10301be5	ldr	r3, [fp, #-0x10]
      0x00411cd0: 0x08209be5	ldr	r2, [fp, #8]
      0x00411cd4: 0x20101be5	ldr	r1, [fp, #-0x20]
      0x00411cd8: 0x18001be5	ldr	r0, [fp, #-0x18]
bl    at 0x00411cdc: hooking 0xc1feffeb	bl	#0x4117e8 -> 0xdbb803eb	bl	#0x500050
      0x00411ce0: 0x0000a0e1	mov	r0, r0
      0x00411ce4: 0x0000a0e1	mov	r0, r0
      0x00411ce8: 0x04d04be2	sub	sp, fp, #4
      0x00411cec: 0x0048bde8	pop	{fp, lr}
      0x00411cf0: 0x1eff2fe1	bx	lr
      0x00411cf4: 0x00482de9	push	{fp, lr}
      0x00411cf8: 0x04b08de2	add	fp, sp, #4
      0x00411cfc: 0x18d04de2	sub	sp, sp, #0x18
      0x00411d00: 0x18000be5	str	r0, [fp, #-0x18]
      0x00411d04: 0x1c100be5	str	r1, [fp, #-0x1c]
      0x00411d08: 0x0430a0e3	mov	r3, #4
      0x00411d0c: 0x08300be5	str	r3, [fp, #-8]
      0x00411d10: 0x18001be5	ldr	r0, [fp, #-0x18]
bl    at 0x00411d14: hooking 0x960b00eb	bl	#0x414b74 -> 0xcdb803eb	bl	#0x500050
      0x00411d18: 0x0020a0e1	mov	r2, r0
      0x00411d1c: 0x0130a0e1	mov	r3, r1
      0x00411d20: 0x0200a0e1	mov	r0, r2
      0x00411d24: 0x0310a0e1	mov	r1, r3
bl    at 0x00411d28: hooking 0x3d0200eb	bl	#0x412624 -> 0xc8b803eb	bl	#0x500050
      0x00411d2c: 0x0020a0e1	mov	r2, r0
      0x00411d30: 0x0130a0e1	mov	r3, r1
      0x00411d34: 0x0200a0e1	mov	r0, r2
      0x00411d38: 0x0310a0e1	mov	r1, r3
bl    at 0x00411d3c: hooking 0x950100eb	bl	#0x412398 -> 0xc3b803eb	bl	#0x500050
      0x00411d40: 0x14000be5	str	r0, [fp, #-0x14]
      0x00411d44: 0x10100be5	str	r1, [fp, #-0x10]
b     at 0x00411d48: hooking 0x1c0000ea	b	#0x411dc0 -> 0xacb803eb	bl	#0x500000
      0x00411d4c: 0x08301be5	ldr	r3, [fp, #-8]
      0x00411d50: 0x020053e3	cmp	r3, #2
      0x00411d54: 0x0500000a	beq	#0x411d70
      0x00411d58: 0x08301be5	ldr	r3, [fp, #-8]
      0x00411d5c: 0x040053e3	cmp	r3, #4
      0x00411d60: 0x0500001a	bne	#0x411d7c
      0x00411d64: 0x0230a0e3	mov	r3, #2
      0x00411d68: 0x08300be5	str	r3, [fp, #-8]
b     at 0x00411d6c: hooking 0x060000ea	b	#0x411d8c -> 0xa3b803eb	bl	#0x500000
      0x00411d70: 0x0330a0e3	mov	r3, #3
      0x00411d74: 0x08300be5	str	r3, [fp, #-8]
b     at 0x00411d78: hooking 0x030000ea	b	#0x411d8c -> 0xa0b803eb	bl	#0x500000
      0x00411d7c: 0x08301be5	ldr	r3, [fp, #-8]
      0x00411d80: 0x023083e2	add	r3, r3, #2
      0x00411d84: 0x08300be5	str	r3, [fp, #-8]
      0x00411d88: 0x0000a0e1	mov	r0, r0
      0x00411d8c: 0x08001be5	ldr	r0, [fp, #-8]
bl    at 0x00411d90: hooking 0x770b00eb	bl	#0x414b74 -> 0xaeb803eb	bl	#0x500050
      0x00411d94: 0x0020a0e1	mov	r2, r0
      0x00411d98: 0x0130a0e1	mov	r3, r1
      0x00411d9c: 0x14104be2	sub	r1, fp, #0x14
      0x00411da0: 0x030091e8	ldm	r1, {r0, r1}
bl    at 0x00411da4: hooking 0x0b0d00eb	bl	#0x4151d8 -> 0xa9b803eb	bl	#0x500050
      0x00411da8: 0x0030a0e1	mov	r3, r0
      0x00411dac: 0x000053e3	cmp	r3, #0
      0x00411db0: 0x0000001a	bne	#0x411db8
b     at 0x00411db4: hooking 0x010000ea	b	#0x411dc0 -> 0x91b803eb	bl	#0x500000
      0x00411db8: 0x18301be5	ldr	r3, [fp, #-0x18]
      0x00411dbc: 0x08300be5	str	r3, [fp, #-8]
      0x00411dc0: 0x18301be5	ldr	r3, [fp, #-0x18]
      0x00411dc4: 0x08101be5	ldr	r1, [fp, #-8]
      0x00411dc8: 0x0300a0e1	mov	r0, r3
bl    at 0x00411dcc: hooking 0x8f0a00eb	bl	#0x414810 -> 0x9fb803eb	bl	#0x500050
      0x00411dd0: 0x0130a0e1	mov	r3, r1
      0x00411dd4: 0x000053e3	cmp	r3, #0
      0x00411dd8: 0xdbffff1a	bne	#0x411d4c
      0x00411ddc: 0x08101be5	ldr	r1, [fp, #-8]
      0x00411de0: 0x18001be5	ldr	r0, [fp, #-0x18]
bl    at 0x00411de4: hooking 0x3f0a00eb	bl	#0x4146e8 -> 0x99b803eb	bl	#0x500050
      0x00411de8: 0x0030a0e1	mov	r3, r0
      0x00411dec: 0x18300be5	str	r3, [fp, #-0x18]
      0x00411df0: 0x1c301be5	ldr	r3, [fp, #-0x1c]
      0x00411df4: 0x042083e2	add	r2, r3, #4
      0x00411df8: 0x1c200be5	str	r2, [fp, #-0x1c]
      0x00411dfc: 0x08201be5	ldr	r2, [fp, #-8]
      0x00411e00: 0x002083e5	str	r2, [r3]
      0x00411e04: 0x1c301be5	ldr	r3, [fp, #-0x1c]
      0x00411e08: 0x042083e2	add	r2, r3, #4
      0x00411e0c: 0x1c200be5	str	r2, [fp, #-0x1c]
      0x00411e10: 0x18201be5	ldr	r2, [fp, #-0x18]
      0x00411e14: 0x002083e5	str	r2, [r3]
      0x00411e18: 0x18301be5	ldr	r3, [fp, #-0x18]
      0x00411e1c: 0x010053e3	cmp	r3, #1
      0x00411e20: 0xe6ffffca	bgt	#0x411dc0
      0x00411e24: 0x0000a0e1	mov	r0, r0
      0x00411e28: 0x0000a0e1	mov	r0, r0
      0x00411e2c: 0x04d04be2	sub	sp, fp, #4
      0x00411e30: 0x0048bde8	pop	{fp, lr}
      0x00411e34: 0x1eff2fe1	bx	lr
      0x00411e38: 0x30482de9	push	{r4, r5, fp, lr}
      0x00411e3c: 0x0cb08de2	add	fp, sp, #0xc
      0x00411e40: 0x30d04de2	sub	sp, sp, #0x30
      0x00411e44: 0x30000be5	str	r0, [fp, #-0x30]
      0x00411e48: 0x34100be5	str	r1, [fp, #-0x34]
      0x00411e4c: 0x38200be5	str	r2, [fp, #-0x38]
      0x00411e50: 0x3c300be5	str	r3, [fp, #-0x3c]
      0x00411e54: 0x0030a0e3	mov	r3, #0
      0x00411e58: 0x10300be5	str	r3, [fp, #-0x10]
      0x00411e5c: 0x30301be5	ldr	r3, [fp, #-0x30]
      0x00411e60: 0x213083e2	add	r3, r3, #0x21
      0x00411e64: 0x8331a0e1	lsl	r3, r3, #3
      0x00411e68: 0x20300be5	str	r3, [fp, #-0x20]
      0x00411e6c: 0x3c301be5	ldr	r3, [fp, #-0x3c]
      0x00411e70: 0x000053e3	cmp	r3, #0
      0x00411e74: 0x0400001a	bne	#0x411e8c
      0x00411e78: 0x20001be5	ldr	r0, [fp, #-0x20]
bl    at 0x00411e7c: hooking 0xe90d00eb	bl	#0x415628 -> 0x73b803eb	bl	#0x500050
      0x00411e80: 0x0030a0e1	mov	r3, r0
      0x00411e84: 0x10300be5	str	r3, [fp, #-0x10]
b     at 0x00411e88: hooking 0x0c0000ea	b	#0x411ec0 -> 0x5cb803eb	bl	#0x500000
      0x00411e8c: 0x38301be5	ldr	r3, [fp, #-0x38]
      0x00411e90: 0x000053e3	cmp	r3, #0
      0x00411e94: 0x0600000a	beq	#0x411eb4
      0x00411e98: 0x3c301be5	ldr	r3, [fp, #-0x3c]
      0x00411e9c: 0x003093e5	ldr	r3, [r3]
      0x00411ea0: 0x20201be5	ldr	r2, [fp, #-0x20]
      0x00411ea4: 0x030052e1	cmp	r2, r3
      0x00411ea8: 0x0100008a	bhi	#0x411eb4
      0x00411eac: 0x38301be5	ldr	r3, [fp, #-0x38]
      0x00411eb0: 0x10300be5	str	r3, [fp, #-0x10]
      0x00411eb4: 0x3c301be5	ldr	r3, [fp, #-0x3c]
      0x00411eb8: 0x20201be5	ldr	r2, [fp, #-0x20]
      0x00411ebc: 0x002083e5	str	r2, [r3]
      0x00411ec0: 0x10301be5	ldr	r3, [fp, #-0x10]
      0x00411ec4: 0x000053e3	cmp	r3, #0
      0x00411ec8: 0x5e00000a	beq	#0x412048
      0x00411ecc: 0x10301be5	ldr	r3, [fp, #-0x10]
      0x00411ed0: 0x30201be5	ldr	r2, [fp, #-0x30]
      0x00411ed4: 0x002083e5	str	r2, [r3]
      0x00411ed8: 0x10301be5	ldr	r3, [fp, #-0x10]
      0x00411edc: 0x34201be5	ldr	r2, [fp, #-0x34]
      0x00411ee0: 0x042083e5	str	r2, [r3, #4]
      0x00411ee4: 0x0030a0e3	mov	r3, #0
      0x00411ee8: 0x14300be5	str	r3, [fp, #-0x14]
b     at 0x00411eec: hooking 0x4c0000ea	b	#0x412024 -> 0x43b803eb	bl	#0x500000
      0x00411ef0: 0x5a3f8fe2	add	r3, pc, #0x168
      0x00411ef4: 0x0c0093e8	ldm	r3, {r2, r3}
      0x00411ef8: 0x2c200be5	str	r2, [fp, #-0x2c]
      0x00411efc: 0x28300be5	str	r3, [fp, #-0x28]
      0x00411f00: 0x0020a0e3	mov	r2, #0
      0x00411f04: 0x0331a0e3	mov	r3, #0xc0000000
      0x00411f08: 0x2c104be2	sub	r1, fp, #0x2c
      0x00411f0c: 0x030091e8	ldm	r1, {r0, r1}
bl    at 0x00411f10: hooking 0x500b00eb	bl	#0x414c58 -> 0x4eb803eb	bl	#0x500050
      0x00411f14: 0x0020a0e1	mov	r2, r0
      0x00411f18: 0x0130a0e1	mov	r3, r1
      0x00411f1c: 0x0240a0e1	mov	r4, r2
      0x00411f20: 0x0350a0e1	mov	r5, r3
      0x00411f24: 0x14001be5	ldr	r0, [fp, #-0x14]
bl    at 0x00411f28: hooking 0x110b00eb	bl	#0x414b74 -> 0x48b803eb	bl	#0x500050
      0x00411f2c: 0x0020a0e1	mov	r2, r0
      0x00411f30: 0x0130a0e1	mov	r3, r1
      0x00411f34: 0x0400a0e1	mov	r0, r4
      0x00411f38: 0x0510a0e1	mov	r1, r5
bl    at 0x00411f3c: hooking 0x450b00eb	bl	#0x414c58 -> 0x43b803eb	bl	#0x500050
      0x00411f40: 0x0020a0e1	mov	r2, r0
      0x00411f44: 0x0130a0e1	mov	r3, r1
      0x00411f48: 0x0240a0e1	mov	r4, r2
      0x00411f4c: 0x0350a0e1	mov	r5, r3
      0x00411f50: 0x30001be5	ldr	r0, [fp, #-0x30]
bl    at 0x00411f54: hooking 0x060b00eb	bl	#0x414b74 -> 0x3db803eb	bl	#0x500050
      0x00411f58: 0x0020a0e1	mov	r2, r0
      0x00411f5c: 0x0130a0e1	mov	r3, r1
      0x00411f60: 0x0400a0e1	mov	r0, r4
      0x00411f64: 0x0510a0e1	mov	r1, r5
bl    at 0x00411f68: hooking 0xde0b00eb	bl	#0x414ee8 -> 0x38b803eb	bl	#0x500050
      0x00411f6c: 0x0020a0e1	mov	r2, r0
      0x00411f70: 0x0130a0e1	mov	r3, r1
      0x00411f74: 0x1c200be5	str	r2, [fp, #-0x1c]
      0x00411f78: 0x18300be5	str	r3, [fp, #-0x18]
      0x00411f7c: 0x10301be5	ldr	r3, [fp, #-0x10]
      0x00411f80: 0x043093e5	ldr	r3, [r3, #4]
      0x00411f84: 0x000053e3	cmp	r3, #0
      0x00411f88: 0x0400000a	beq	#0x411fa0
      0x00411f8c: 0x1c301be5	ldr	r3, [fp, #-0x1c]
      0x00411f90: 0x1c300be5	str	r3, [fp, #-0x1c]
      0x00411f94: 0x18301be5	ldr	r3, [fp, #-0x18]
      0x00411f98: 0x023123e2	eor	r3, r3, #0x80000000
      0x00411f9c: 0x18300be5	str	r3, [fp, #-0x18]
      0x00411fa0: 0x1c104be2	sub	r1, fp, #0x1c
      0x00411fa4: 0x030091e8	ldm	r1, {r0, r1}
bl    at 0x00411fa8: hooking 0xbc0000eb	bl	#0x4122a0 -> 0x28b803eb	bl	#0x500050
      0x00411fac: 0x0020a0e1	mov	r2, r0
      0x00411fb0: 0x0130a0e1	mov	r3, r1
      0x00411fb4: 0x10101be5	ldr	r1, [fp, #-0x10]
      0x00411fb8: 0x420f81e2	add	r0, r1, #0x108
      0x00411fbc: 0x14101be5	ldr	r1, [fp, #-0x14]
      0x00411fc0: 0x8111a0e1	lsl	r1, r1, #3
      0x00411fc4: 0x014080e0	add	r4, r0, r1
      0x00411fc8: 0x0200a0e1	mov	r0, r2
      0x00411fcc: 0x0310a0e1	mov	r1, r3
bl    at 0x00411fd0: hooking 0xbd0c00eb	bl	#0x4152cc -> 0x1eb803eb	bl	#0x500050
      0x00411fd4: 0x0030a0e1	mov	r3, r0
      0x00411fd8: 0x003084e5	str	r3, [r4]
      0x00411fdc: 0x1c104be2	sub	r1, fp, #0x1c
      0x00411fe0: 0x030091e8	ldm	r1, {r0, r1}
bl    at 0x00411fe4: hooking 0x4e0100eb	bl	#0x412524 -> 0x19b803eb	bl	#0x500050
      0x00411fe8: 0x0020a0e1	mov	r2, r0
      0x00411fec: 0x0130a0e1	mov	r3, r1
      0x00411ff0: 0x10101be5	ldr	r1, [fp, #-0x10]
      0x00411ff4: 0x420f81e2	add	r0, r1, #0x108
      0x00411ff8: 0x14101be5	ldr	r1, [fp, #-0x14]
      0x00411ffc: 0x8111a0e1	lsl	r1, r1, #3
      0x00412000: 0x014080e0	add	r4, r0, r1
      0x00412004: 0x0200a0e1	mov	r0, r2
      0x00412008: 0x0310a0e1	mov	r1, r3
bl    at 0x0041200c: hooking 0xae0c00eb	bl	#0x4152cc -> 0x0fb803eb	bl	#0x500050
      0x00412010: 0x0030a0e1	mov	r3, r0
      0x00412014: 0x043084e5	str	r3, [r4, #4]
      0x00412018: 0x14301be5	ldr	r3, [fp, #-0x14]
      0x0041201c: 0x013083e2	add	r3, r3, #1
      0x00412020: 0x14300be5	str	r3, [fp, #-0x14]
      0x00412024: 0x14201be5	ldr	r2, [fp, #-0x14]
      0x00412028: 0x30301be5	ldr	r3, [fp, #-0x30]
      0x0041202c: 0x030052e1	cmp	r2, r3
      0x00412030: 0xaeffffba	blt	#0x411ef0
      0x00412034: 0x10301be5	ldr	r3, [fp, #-0x10]
      0x00412038: 0x083083e2	add	r3, r3, #8
      0x0041203c: 0x0310a0e1	mov	r1, r3
      0x00412040: 0x30001be5	ldr	r0, [fp, #-0x30]
bl    at 0x00412044: hooking 0x2affffeb	bl	#0x411cf4 -> 0x01b803eb	bl	#0x500050
      0x00412048: 0x10301be5	ldr	r3, [fp, #-0x10]
      0x0041204c: 0x0300a0e1	mov	r0, r3
      0x00412050: 0x0cd04be2	sub	sp, fp, #0xc
      0x00412054: 0x3048bde8	pop	{r4, r5, fp, lr}
      0x00412058: 0x1eff2fe1	bx	lr
      0x0041205c: 0x0000a0e1	mov	r0, r0
      0x00412060: 0x182d4454	strbpl	r2, [r4], #-0xd18
      0x00412064: 0xfb210940	strdmi	r2, r3, [sb], -fp
      0x00412068: 0x00482de9	push	{fp, lr}
      0x0041206c: 0x04b08de2	add	fp, sp, #4
      0x00412070: 0x20d04de2	sub	sp, sp, #0x20
      0x00412074: 0x10000be5	str	r0, [fp, #-0x10]
      0x00412078: 0x14100be5	str	r1, [fp, #-0x14]
      0x0041207c: 0x18200be5	str	r2, [fp, #-0x18]
      0x00412080: 0x1c300be5	str	r3, [fp, #-0x1c]
      0x00412084: 0x14201be5	ldr	r2, [fp, #-0x14]
      0x00412088: 0x18301be5	ldr	r3, [fp, #-0x18]
      0x0041208c: 0x030052e1	cmp	r2, r3
      0x00412090: 0x1a00001a	bne	#0x412100
      0x00412094: 0x10301be5	ldr	r3, [fp, #-0x10]
      0x00412098: 0x003093e5	ldr	r3, [r3]
      0x0041209c: 0x8331a0e1	lsl	r3, r3, #3
      0x004120a0: 0x0300a0e1	mov	r0, r3
bl    at 0x004120a4: hooking 0x5f0d00eb	bl	#0x415628 -> 0xe9b703eb	bl	#0x500050
      0x004120a8: 0x0030a0e1	mov	r3, r0
      0x004120ac: 0x08300be5	str	r3, [fp, #-8]
      0x004120b0: 0x10301be5	ldr	r3, [fp, #-0x10]
      0x004120b4: 0x083083e2	add	r3, r3, #8
      0x004120b8: 0x10201be5	ldr	r2, [fp, #-0x10]
      0x004120bc: 0x04208de5	str	r2, [sp, #4]
      0x004120c0: 0x00308de5	str	r3, [sp]
      0x004120c4: 0x1c301be5	ldr	r3, [fp, #-0x1c]
      0x004120c8: 0x0120a0e3	mov	r2, #1
      0x004120cc: 0x14101be5	ldr	r1, [fp, #-0x14]
      0x004120d0: 0x08001be5	ldr	r0, [fp, #-8]
bl    at 0x004120d4: hooking 0x8cfeffeb	bl	#0x411b0c -> 0xddb703eb	bl	#0x500050
      0x004120d8: 0x10301be5	ldr	r3, [fp, #-0x10]
      0x004120dc: 0x003093e5	ldr	r3, [r3]
      0x004120e0: 0x8331a0e1	lsl	r3, r3, #3
      0x004120e4: 0x0320a0e1	mov	r2, r3
      0x004120e8: 0x08101be5	ldr	r1, [fp, #-8]
      0x004120ec: 0x18001be5	ldr	r0, [fp, #-0x18]
bl    at 0x004120f0: hooking 0x490f00eb	bl	#0x415e1c -> 0xd6b703eb	bl	#0x500050
      0x004120f4: 0x08001be5	ldr	r0, [fp, #-8]
bl    at 0x004120f8: hooking 0x520d00eb	bl	#0x415648 -> 0xd4b703eb	bl	#0x500050
b     at 0x004120fc: hooking 0x090000ea	b	#0x412128 -> 0xbfb703eb	bl	#0x500000
      0x00412100: 0x10301be5	ldr	r3, [fp, #-0x10]
      0x00412104: 0x083083e2	add	r3, r3, #8
      0x00412108: 0x10201be5	ldr	r2, [fp, #-0x10]
      0x0041210c: 0x04208de5	str	r2, [sp, #4]
      0x00412110: 0x00308de5	str	r3, [sp]
      0x00412114: 0x1c301be5	ldr	r3, [fp, #-0x1c]
      0x00412118: 0x0120a0e3	mov	r2, #1
      0x0041211c: 0x14101be5	ldr	r1, [fp, #-0x14]
      0x00412120: 0x18001be5	ldr	r0, [fp, #-0x18]
bl    at 0x00412124: hooking 0x78feffeb	bl	#0x411b0c -> 0xc9b703eb	bl	#0x500050
      0x00412128: 0x0000a0e1	mov	r0, r0
      0x0041212c: 0x04d04be2	sub	sp, fp, #4
      0x00412130: 0x0048bde8	pop	{fp, lr}
      0x00412134: 0x1eff2fe1	bx	lr
      0x00412138: 0x00482de9	push	{fp, lr}
      0x0041213c: 0x04b08de2	add	fp, sp, #4
      0x00412140: 0x10d04de2	sub	sp, sp, #0x10
      0x00412144: 0x08000be5	str	r0, [fp, #-8]
      0x00412148: 0x0c100be5	str	r1, [fp, #-0xc]
      0x0041214c: 0x10200be5	str	r2, [fp, #-0x10]
      0x00412150: 0x0130a0e3	mov	r3, #1
      0x00412154: 0x10201be5	ldr	r2, [fp, #-0x10]
      0x00412158: 0x0c101be5	ldr	r1, [fp, #-0xc]
      0x0041215c: 0x08001be5	ldr	r0, [fp, #-8]
bl    at 0x00412160: hooking 0xc0ffffeb	bl	#0x412068 -> 0xbab703eb	bl	#0x500050
      0x00412164: 0x0000a0e1	mov	r0, r0
      0x00412168: 0x04d04be2	sub	sp, fp, #4
      0x0041216c: 0x0048bde8	pop	{fp, lr}
      0x00412170: 0x1eff2fe1	bx	lr
      0x00412174: 0x04b02de5	str	fp, [sp, #-4]!
      0x00412178: 0x00b08de2	add	fp, sp, #0
      0x0041217c: 0x0000a0e1	mov	r0, r0
      0x00412180: 0x00d08be2	add	sp, fp, #0
      0x00412184: 0x04b09de4	pop	{fp}
      0x00412188: 0x1eff2fe1	bx	lr
      0x0041218c: 0x04b02de5	str	fp, [sp, #-4]!
      0x00412190: 0x00b08de2	add	fp, sp, #0
      0x00412194: 0x14d04de2	sub	sp, sp, #0x14
      0x00412198: 0x10000be5	str	r0, [fp, #-0x10]
      0x0041219c: 0x10301be5	ldr	r3, [fp, #-0x10]
      0x004121a0: 0x08300be5	str	r3, [fp, #-8]
b     at 0x004121a4: hooking 0x040000ea	b	#0x4121bc -> 0x95b703eb	bl	#0x500000
      0x004121a8: 0x08301be5	ldr	r3, [fp, #-8]
      0x004121ac: 0xa32fa0e1	lsr	r2, r3, #0x1f
      0x004121b0: 0x033082e0	add	r3, r2, r3
      0x004121b4: 0xc330a0e1	asr	r3, r3, #1
      0x004121b8: 0x08300be5	str	r3, [fp, #-8]
      0x004121bc: 0x08301be5	ldr	r3, [fp, #-8]
      0x004121c0: 0x013003e2	and	r3, r3, #1
      0x004121c4: 0x000053e3	cmp	r3, #0
      0x004121c8: 0xf6ffff0a	beq	#0x4121a8
b     at 0x004121cc: hooking 0x050000ea	b	#0x4121e8 -> 0x8bb703eb	bl	#0x500000
      0x004121d0: 0x08301be5	ldr	r3, [fp, #-8]
      0x004121d4: 0xbc209fe5	ldr	r2, [pc, #0xbc]
      0x004121d8: 0x9312c2e0	smull	r1, r2, r3, r2
      0x004121dc: 0xc33fa0e1	asr	r3, r3, #0x1f
      0x004121e0: 0x033042e0	sub	r3, r2, r3
      0x004121e4: 0x08300be5	str	r3, [fp, #-8]
      0x004121e8: 0x08101be5	ldr	r1, [fp, #-8]
      0x004121ec: 0xa4309fe5	ldr	r3, [pc, #0xa4]
      0x004121f0: 0x9301c2e0	smull	r0, r2, r3, r1
      0x004121f4: 0xc13fa0e1	asr	r3, r1, #0x1f
      0x004121f8: 0x032042e0	sub	r2, r2, r3
      0x004121fc: 0x0230a0e1	mov	r3, r2
      0x00412200: 0x8330a0e1	lsl	r3, r3, #1
      0x00412204: 0x023083e0	add	r3, r3, r2
      0x00412208: 0x032041e0	sub	r2, r1, r3
      0x0041220c: 0x000052e3	cmp	r2, #0
      0x00412210: 0xeeffff0a	beq	#0x4121d0
b     at 0x00412214: hooking 0x060000ea	b	#0x412234 -> 0x79b703eb	bl	#0x500000
      0x00412218: 0x08301be5	ldr	r3, [fp, #-8]
      0x0041221c: 0x78209fe5	ldr	r2, [pc, #0x78]
      0x00412220: 0x9312c2e0	smull	r1, r2, r3, r2
      0x00412224: 0xc220a0e1	asr	r2, r2, #1
      0x00412228: 0xc33fa0e1	asr	r3, r3, #0x1f
      0x0041222c: 0x033042e0	sub	r3, r2, r3
      0x00412230: 0x08300be5	str	r3, [fp, #-8]
      0x00412234: 0x08101be5	ldr	r1, [fp, #-8]
      0x00412238: 0x5c309fe5	ldr	r3, [pc, #0x5c]
      0x0041223c: 0x9123c3e0	smull	r2, r3, r1, r3
      0x00412240: 0xc320a0e1	asr	r2, r3, #1
      0x00412244: 0xc13fa0e1	asr	r3, r1, #0x1f
      0x00412248: 0x032042e0	sub	r2, r2, r3
      0x0041224c: 0x0230a0e1	mov	r3, r2
      0x00412250: 0x0331a0e1	lsl	r3, r3, #2
      0x00412254: 0x023083e0	add	r3, r3, r2
      0x00412258: 0x032041e0	sub	r2, r1, r3
      0x0041225c: 0x000052e3	cmp	r2, #0
      0x00412260: 0xecffff0a	beq	#0x412218
      0x00412264: 0x08301be5	ldr	r3, [fp, #-8]
      0x00412268: 0x010053e3	cmp	r3, #1
      0x0041226c: 0x030000da	ble	#0x412280
      0x00412270: 0x10301be5	ldr	r3, [fp, #-0x10]
      0x00412274: 0x013083e2	add	r3, r3, #1
      0x00412278: 0x10300be5	str	r3, [fp, #-0x10]
b     at 0x0041227c: hooking 0xc6ffffea	b	#0x41219c -> 0x5fb703eb	bl	#0x500000
      0x00412280: 0x0000a0e1	mov	r0, r0
      0x00412284: 0x10301be5	ldr	r3, [fp, #-0x10]
      0x00412288: 0x0300a0e1	mov	r0, r3
      0x0041228c: 0x00d08be2	add	sp, fp, #0
      0x00412290: 0x04b09de4	pop	{fp}
      0x00412294: 0x1eff2fe1	bx	lr
      0x00412298: 0x56555555	ldrbpl	r5, [r5, #-0x556]
      0x0041229c: 0x67666666	strbtvs	r6, [r6], -r7, ror #12
      0x004122a0: 0x04e02de5	str	lr, [sp, #-4]!
      0x004122a4: 0xe0209fe5	ldr	r2, [pc, #0xe0]
      0x004122a8: 0x0231c1e3	bic	r3, r1, #0x80000000
      0x004122ac: 0x020053e1	cmp	r3, r2
      0x004122b0: 0x1cd04de2	sub	sp, sp, #0x1c
      0x004122b4: 0x190000da	ble	#0x412320
      0x004122b8: 0xd0209fe5	ldr	r2, [pc, #0xd0]
      0x004122bc: 0x020053e1	cmp	r3, r2
      0x004122c0: 0x050000da	ble	#0x4122dc
      0x004122c4: 0x0020a0e1	mov	r2, r0
      0x004122c8: 0x0130a0e1	mov	r3, r1
bl    at 0x004122cc: hooking 0x5a0900eb	bl	#0x41483c -> 0x5fb703eb	bl	#0x500050
      0x004122d0: 0x1cd08de2	add	sp, sp, #0x1c
      0x004122d4: 0x04e09de4	pop	{lr}
      0x004122d8: 0x1eff2fe1	bx	lr
      0x004122dc: 0x08208de2	add	r2, sp, #8
bl    at 0x004122e0: hooking 0xfe0000eb	bl	#0x4126e0 -> 0x5ab703eb	bl	#0x500050
      0x004122e4: 0x030000e2	and	r0, r0, #3
      0x004122e8: 0x010050e3	cmp	r0, #1
      0x004122ec: 0x1100000a	beq	#0x412338
      0x004122f0: 0x020050e3	cmp	r0, #2
      0x004122f4: 0x1d00000a	beq	#0x412370
      0x004122f8: 0x000050e3	cmp	r0, #0
      0x004122fc: 0x1500000a	beq	#0x412358
      0x00412300: 0x0110a0e3	mov	r1, #1
      0x00412304: 0x10308de2	add	r3, sp, #0x10
      0x00412308: 0x0c0093e8	ldm	r3, {r2, r3}
      0x0041230c: 0x00108de5	str	r1, [sp]
      0x00412310: 0x08108de2	add	r1, sp, #8
      0x00412314: 0x030091e8	ldm	r1, {r0, r1}
bl    at 0x00412318: hooking 0xfe0600eb	bl	#0x413f18 -> 0x4cb703eb	bl	#0x500050
b     at 0x0041231c: hooking 0xebffffea	b	#0x4122d0 -> 0x37b703eb	bl	#0x500000
      0x00412320: 0x0020a0e3	mov	r2, #0
      0x00412324: 0x0030a0e3	mov	r3, #0
bl    at 0x00412328: hooking 0x180300eb	bl	#0x412f90 -> 0x48b703eb	bl	#0x500050
      0x0041232c: 0x1cd08de2	add	sp, sp, #0x1c
      0x00412330: 0x04e09de4	pop	{lr}
      0x00412334: 0x1eff2fe1	bx	lr
      0x00412338: 0x00008de5	str	r0, [sp]
      0x0041233c: 0x10308de2	add	r3, sp, #0x10
      0x00412340: 0x0c0093e8	ldm	r3, {r2, r3}
      0x00412344: 0x08108de2	add	r1, sp, #8
      0x00412348: 0x030091e8	ldm	r1, {r0, r1}
bl    at 0x0041234c: hooking 0xf10600eb	bl	#0x413f18 -> 0x3fb703eb	bl	#0x500050
      0x00412350: 0x021181e2	add	r1, r1, #0x80000000
b     at 0x00412354: hooking 0xddffffea	b	#0x4122d0 -> 0x29b703eb	bl	#0x500000
      0x00412358: 0x10308de2	add	r3, sp, #0x10
      0x0041235c: 0x0c0093e8	ldm	r3, {r2, r3}
      0x00412360: 0x08108de2	add	r1, sp, #8
      0x00412364: 0x030091e8	ldm	r1, {r0, r1}
bl    at 0x00412368: hooking 0x080300eb	bl	#0x412f90 -> 0x38b703eb	bl	#0x500050
b     at 0x0041236c: hooking 0xd7ffffea	b	#0x4122d0 -> 0x23b703eb	bl	#0x500000
      0x00412370: 0x10308de2	add	r3, sp, #0x10
      0x00412374: 0x0c0093e8	ldm	r3, {r2, r3}
      0x00412378: 0x08108de2	add	r1, sp, #8
      0x0041237c: 0x030091e8	ldm	r1, {r0, r1}
bl    at 0x00412380: hooking 0x020300eb	bl	#0x412f90 -> 0x32b703eb	bl	#0x500050
      0x00412384: 0x021181e2	add	r1, r1, #0x80000000
b     at 0x00412388: hooking 0xd0ffffea	b	#0x4122d0 -> 0x1cb703eb	bl	#0x500000
      0x0041238c: 0xfb21e93f	svclo	#0xe921fb
      0x00412390: 0xffffef7f	svcvc	#0xefffff
      0x00412394: 0x00000000	andeq	r0, r0, r0
      0x00412398: 0x78319fe5	ldr	r3, [pc, #0x178]
      0x0041239c: 0x413a03e0	and	r3, r3, r1, asr #20
      0x004123a0: 0xf0412de9	push	{r4, r5, r6, r7, r8, lr}
      0x004123a4: 0xff4f43e2	sub	r4, r3, #0x3fc
      0x004123a8: 0x034044e2	sub	r4, r4, #3
      0x004123ac: 0x130054e3	cmp	r4, #0x13
      0x004123b0: 0x01c0a0e1	mov	ip, r1
      0x004123b4: 0x0150a0e1	mov	r5, r1
      0x004123b8: 0x00e0a0e1	mov	lr, r0
      0x004123bc: 0x0060a0e1	mov	r6, r0
      0x004123c0: 0x2c0000ca	bgt	#0x412478
      0x004123c4: 0x000054e3	cmp	r4, #0
      0x004123c8: 0x170000ba	blt	#0x41242c
      0x004123cc: 0x48719fe5	ldr	r7, [pc, #0x148]
      0x004123d0: 0x5774a0e1	asr	r7, r7, r4
      0x004123d4: 0x013007e0	and	r3, r7, r1
      0x004123d8: 0x003093e1	orrs	r3, r3, r0
      0x004123dc: 0x0e00000a	beq	#0x41241c
      0x004123e0: 0x4a3f8fe2	add	r3, pc, #0x128
      0x004123e4: 0x0c0093e8	ldm	r3, {r2, r3}
bl    at 0x004123e8: hooking 0x140900eb	bl	#0x414840 -> 0x18b703eb	bl	#0x500050
      0x004123ec: 0x0020a0e3	mov	r2, #0
      0x004123f0: 0x0030a0e3	mov	r3, #0
bl    at 0x004123f4: hooking 0x890b00eb	bl	#0x415220 -> 0x15b703eb	bl	#0x500050
      0x004123f8: 0x000050e3	cmp	r0, #0
      0x004123fc: 0x0400000a	beq	#0x412414
      0x00412400: 0x000055e3	cmp	r5, #0
      0x00412404: 0x0136a0b3	movlt	r3, #0x100000
      0x00412408: 0x0060a0e3	mov	r6, #0
      0x0041240c: 0x535485b0	addlt	r5, r5, r3, asr r4
      0x00412410: 0x0750c5e1	bic	r5, r5, r7
      0x00412414: 0x06e0a0e1	mov	lr, r6
      0x00412418: 0x05c0a0e1	mov	ip, r5
      0x0041241c: 0x0e00a0e1	mov	r0, lr
      0x00412420: 0x0c10a0e1	mov	r1, ip
      0x00412424: 0xf041bde8	pop	{r4, r5, r6, r7, r8, lr}
      0x00412428: 0x1eff2fe1	bx	lr
      0x0041242c: 0xdc308fe2	add	r3, pc, #0xdc
      0x00412430: 0x0c0093e8	ldm	r3, {r2, r3}
bl    at 0x00412434: hooking 0x010900eb	bl	#0x414840 -> 0x05b703eb	bl	#0x500050
      0x00412438: 0x0020a0e3	mov	r2, #0
      0x0041243c: 0x0030a0e3	mov	r3, #0
bl    at 0x00412440: hooking 0x760b00eb	bl	#0x415220 -> 0x02b703eb	bl	#0x500050
      0x00412444: 0x000050e3	cmp	r0, #0
      0x00412448: 0xf1ffff0a	beq	#0x412414
      0x0041244c: 0x000055e3	cmp	r5, #0
      0x00412450: 0x0060a0a3	movge	r6, #0
      0x00412454: 0x0650a0a1	movge	r5, r6
      0x00412458: 0xedffffaa	bge	#0x412414
      0x0041245c: 0x0231c5e3	bic	r3, r5, #0x80000000
      0x00412460: 0x066083e1	orr	r6, r3, r6
      0x00412464: 0xb4209fe5	ldr	r2, [pc, #0xb4]
      0x00412468: 0x000056e3	cmp	r6, #0
      0x0041246c: 0x0250a011	movne	r5, r2
      0x00412470: 0x0060a0e3	mov	r6, #0
b     at 0x00412474: hooking 0xe6ffffea	b	#0x412414 -> 0xe1b603eb	bl	#0x500000
      0x00412478: 0x330054e3	cmp	r4, #0x33
      0x0041247c: 0x070000da	ble	#0x4124a0
      0x00412480: 0x010b54e3	cmp	r4, #0x400
      0x00412484: 0xe4ffff1a	bne	#0x41241c
      0x00412488: 0x0020a0e1	mov	r2, r0
      0x0041248c: 0x0130a0e1	mov	r3, r1
bl    at 0x00412490: hooking 0xea0800eb	bl	#0x414840 -> 0xeeb603eb	bl	#0x500050
      0x00412494: 0x00e0a0e1	mov	lr, r0
      0x00412498: 0x01c0a0e1	mov	ip, r1
b     at 0x0041249c: hooking 0xdeffffea	b	#0x41241c -> 0xd7b603eb	bl	#0x500000
      0x004124a0: 0x0070e0e3	mvn	r7, #0
      0x004124a4: 0x413e43e2	sub	r3, r3, #0x410
      0x004124a8: 0x033043e2	sub	r3, r3, #3
      0x004124ac: 0x3773a0e1	lsr	r7, r7, r3
      0x004124b0: 0x000017e1	tst	r7, r0
      0x004124b4: 0xd8ffff0a	beq	#0x41241c
      0x004124b8: 0x50308fe2	add	r3, pc, #0x50
      0x004124bc: 0x0c0093e8	ldm	r3, {r2, r3}
bl    at 0x004124c0: hooking 0xde0800eb	bl	#0x414840 -> 0xe2b603eb	bl	#0x500050
      0x004124c4: 0x0020a0e3	mov	r2, #0
      0x004124c8: 0x0030a0e3	mov	r3, #0
bl    at 0x004124cc: hooking 0x530b00eb	bl	#0x415220 -> 0xdfb603eb	bl	#0x500050
      0x004124d0: 0x000050e3	cmp	r0, #0
      0x004124d4: 0xceffff0a	beq	#0x412414
      0x004124d8: 0x000055e3	cmp	r5, #0
      0x004124dc: 0x010000ba	blt	#0x4124e8
      0x004124e0: 0x0760c6e1	bic	r6, r6, r7
b     at 0x004124e4: hooking 0xcaffffea	b	#0x412414 -> 0xc5b603eb	bl	#0x500000
      0x004124e8: 0x140054e3	cmp	r4, #0x14
      0x004124ec: 0x01508502	addeq	r5, r5, #1
      0x004124f0: 0xfaffff0a	beq	#0x4124e0
      0x004124f4: 0x0130a0e3	mov	r3, #1
      0x004124f8: 0x344064e2	rsb	r4, r4, #0x34
      0x004124fc: 0x134486e0	add	r4, r6, r3, lsl r4
      0x00412500: 0x040056e1	cmp	r6, r4
      0x00412504: 0x03508580	addhi	r5, r5, r3
      0x00412508: 0x0460a0e1	mov	r6, r4
b     at 0x0041250c: hooking 0xf3ffffea	b	#0x4124e0 -> 0xbbb603eb	bl	#0x500000
      0x00412510: 0x9c750088	stmdahi	r0, {r2, r3, r4, r7, r8, sl, ip, sp, lr}
      0x00412514: 0x3ce4377e	mrcvc	p4, #1, lr, c7, c12, #1
      0x00412518: 0xff070000	strdeq	r0, r1, [r0], -pc
Invalid instruction at 0x0041251c, skipping.
      0x00412520: 0x0000f0bf	svclt	#0xf00000
      0x00412524: 0x04e02de5	str	lr, [sp, #-4]!
      0x00412528: 0xec209fe5	ldr	r2, [pc, #0xec]
      0x0041252c: 0x0231c1e3	bic	r3, r1, #0x80000000
      0x00412530: 0x020053e1	cmp	r3, r2
      0x00412534: 0x1cd04de2	sub	sp, sp, #0x1c
      0x00412538: 0x180000da	ble	#0x4125a0
      0x0041253c: 0xdc209fe5	ldr	r2, [pc, #0xdc]
      0x00412540: 0x020053e1	cmp	r3, r2
      0x00412544: 0x050000da	ble	#0x412560
      0x00412548: 0x0020a0e1	mov	r2, r0
      0x0041254c: 0x0130a0e1	mov	r3, r1
bl    at 0x00412550: hooking 0xb90800eb	bl	#0x41483c -> 0xbeb603eb	bl	#0x500050
      0x00412554: 0x1cd08de2	add	sp, sp, #0x1c
      0x00412558: 0x04e09de4	pop	{lr}
      0x0041255c: 0x1eff2fe1	bx	lr
      0x00412560: 0x08208de2	add	r2, sp, #8
bl    at 0x00412564: hooking 0x5d0000eb	bl	#0x4126e0 -> 0xb9b603eb	bl	#0x500050
      0x00412568: 0x030000e2	and	r0, r0, #3
      0x0041256c: 0x010050e3	cmp	r0, #1
      0x00412570: 0x1200000a	beq	#0x4125c0
      0x00412574: 0x020050e3	cmp	r0, #2
      0x00412578: 0x1e00000a	beq	#0x4125f8
      0x0041257c: 0x000050e3	cmp	r0, #0
      0x00412580: 0x1400000a	beq	#0x4125d8
      0x00412584: 0x10308de2	add	r3, sp, #0x10
      0x00412588: 0x0c0093e8	ldm	r3, {r2, r3}
      0x0041258c: 0x08108de2	add	r1, sp, #8
      0x00412590: 0x030091e8	ldm	r1, {r0, r1}
bl    at 0x00412594: hooking 0x7d0200eb	bl	#0x412f90 -> 0xadb603eb	bl	#0x500050
      0x00412598: 0x021181e2	add	r1, r1, #0x80000000
b     at 0x0041259c: hooking 0xecffffea	b	#0x412554 -> 0x97b603eb	bl	#0x500000
      0x004125a0: 0x00c0a0e3	mov	ip, #0
      0x004125a4: 0x0020a0e3	mov	r2, #0
      0x004125a8: 0x0030a0e3	mov	r3, #0
      0x004125ac: 0x00c08de5	str	ip, [sp]
bl    at 0x004125b0: hooking 0x580600eb	bl	#0x413f18 -> 0xa6b603eb	bl	#0x500050
      0x004125b4: 0x1cd08de2	add	sp, sp, #0x1c
      0x004125b8: 0x04e09de4	pop	{lr}
      0x004125bc: 0x1eff2fe1	bx	lr
      0x004125c0: 0x10308de2	add	r3, sp, #0x10
      0x004125c4: 0x0c0093e8	ldm	r3, {r2, r3}
      0x004125c8: 0x08108de2	add	r1, sp, #8
      0x004125cc: 0x030091e8	ldm	r1, {r0, r1}
bl    at 0x004125d0: hooking 0x6e0200eb	bl	#0x412f90 -> 0x9eb603eb	bl	#0x500050
b     at 0x004125d4: hooking 0xdeffffea	b	#0x412554 -> 0x89b603eb	bl	#0x500000
      0x004125d8: 0x0110a0e3	mov	r1, #1
      0x004125dc: 0x10308de2	add	r3, sp, #0x10
      0x004125e0: 0x0c0093e8	ldm	r3, {r2, r3}
      0x004125e4: 0x00108de5	str	r1, [sp]
      0x004125e8: 0x08108de2	add	r1, sp, #8
      0x004125ec: 0x030091e8	ldm	r1, {r0, r1}
bl    at 0x004125f0: hooking 0x480600eb	bl	#0x413f18 -> 0x96b603eb	bl	#0x500050
b     at 0x004125f4: hooking 0xd6ffffea	b	#0x412554 -> 0x81b603eb	bl	#0x500000
      0x004125f8: 0x0110a0e3	mov	r1, #1
      0x004125fc: 0x10308de2	add	r3, sp, #0x10
      0x00412600: 0x0c0093e8	ldm	r3, {r2, r3}
      0x00412604: 0x00108de5	str	r1, [sp]
      0x00412608: 0x08108de2	add	r1, sp, #8
      0x0041260c: 0x030091e8	ldm	r1, {r0, r1}
bl    at 0x00412610: hooking 0x400600eb	bl	#0x413f18 -> 0x8eb603eb	bl	#0x500050
      0x00412614: 0x021181e2	add	r1, r1, #0x80000000
b     at 0x00412618: hooking 0xcdffffea	b	#0x412554 -> 0x78b603eb	bl	#0x500000
      0x0041261c: 0xfb21e93f	svclo	#0xe921fb
      0x00412620: 0xffffef7f	svcvc	#0xefffff
      0x00412624: 0xd0432de9	push	{r4, r6, r7, r8, sb, lr}
      0x00412628: 0x0060a0e1	mov	r6, r0
      0x0041262c: 0x0170a0e1	mov	r7, r1
bl    at 0x00412630: hooking 0xc10100eb	bl	#0x412d3c -> 0x86b603eb	bl	#0x500050
      0x00412634: 0xa0309fe5	ldr	r3, [pc, #0xa0]
      0x00412638: 0xd040d3e1	ldrsb	r4, [r3]
      0x0041263c: 0x0080a0e1	mov	r8, r0
      0x00412640: 0x010074e3	cmn	r4, #1
      0x00412644: 0x0190a0e1	mov	sb, r1
      0x00412648: 0x0620a0e1	mov	r2, r6
      0x0041264c: 0x0730a0e1	mov	r3, r7
      0x00412650: 0x0600a0e1	mov	r0, r6
      0x00412654: 0x0710a0e1	mov	r1, r7
      0x00412658: 0x0140a003	moveq	r4, #1
      0x0041265c: 0x0040a013	movne	r4, #0
bl    at 0x00412660: hooking 0xf40a00eb	bl	#0x415238 -> 0x7ab603eb	bl	#0x500050
      0x00412664: 0x000050e3	cmp	r0, #0
      0x00412668: 0x0400a001	moveq	r0, r4
      0x0041266c: 0x0100a013	movne	r0, #1
      0x00412670: 0x000050e3	cmp	r0, #0
      0x00412674: 0x0600001a	bne	#0x412694
      0x00412678: 0x0600a0e1	mov	r0, r6
      0x0041267c: 0x0710a0e1	mov	r1, r7
      0x00412680: 0x0020a0e3	mov	r2, #0
      0x00412684: 0x0030a0e3	mov	r3, #0
bl    at 0x00412688: hooking 0xd20a00eb	bl	#0x4151d8 -> 0x70b603eb	bl	#0x500050
      0x0041268c: 0x000050e3	cmp	r0, #0
      0x00412690: 0x0300001a	bne	#0x4126a4
      0x00412694: 0x0800a0e1	mov	r0, r8
      0x00412698: 0x0910a0e1	mov	r1, sb
      0x0041269c: 0xd043bde8	pop	{r4, r6, r7, r8, sb, lr}
      0x004126a0: 0x1eff2fe1	bx	lr
bl    at 0x004126a4: hooking 0xdb0b00eb	bl	#0x415618 -> 0x69b603eb	bl	#0x500050
      0x004126a8: 0x2110a0e3	mov	r1, #0x21
      0x004126ac: 0x0020a0e3	mov	r2, #0
      0x004126b0: 0x0030a0e3	mov	r3, #0
      0x004126b4: 0x001080e5	str	r1, [r0]
      0x004126b8: 0x0200a0e1	mov	r0, r2
      0x004126bc: 0x0310a0e1	mov	r1, r3
bl    at 0x004126c0: hooking 0x080a00eb	bl	#0x414ee8 -> 0x62b603eb	bl	#0x500050
      0x004126c4: 0x0080a0e1	mov	r8, r0
      0x004126c8: 0x0190a0e1	mov	sb, r1
      0x004126cc: 0x0800a0e1	mov	r0, r8
      0x004126d0: 0x0910a0e1	mov	r1, sb
      0x004126d4: 0xd043bde8	pop	{r4, r6, r7, r8, sb, lr}
      0x004126d8: 0x1eff2fe1	bx	lr
      0x004126dc: 0x90664000	umaaleq	r6, r0, r0, r6
      0x004126e0: 0xf04f2de9	push	{r4, r5, r6, r7, r8, sb, sl, fp, lr}
      0x004126e4: 0x9cc39fe5	ldr	ip, [pc, #0x39c]
      0x004126e8: 0x0251c1e3	bic	r5, r1, #0x80000000
      0x004126ec: 0x0c0055e1	cmp	r5, ip
      0x004126f0: 0x3cd04de2	sub	sp, sp, #0x3c
      0x004126f4: 0x0130a0e1	mov	r3, r1
      0x004126f8: 0x670000da	ble	#0x41289c
      0x004126fc: 0x0240a0e1	mov	r4, r2
      0x00412700: 0x84239fe5	ldr	r2, [pc, #0x384]
      0x00412704: 0x020055e1	cmp	r5, r2
      0x00412708: 0x0160a0e1	mov	r6, r1
      0x0041270c: 0x1c0000ca	bgt	#0x412784
      0x00412710: 0x000051e3	cmp	r1, #0
      0x00412714: 0xd13f8fe2	add	r3, pc, #0x344
      0x00412718: 0x0c0093e8	ldm	r3, {r2, r3}
      0x0041271c: 0x500100da	ble	#0x412c64
bl    at 0x00412720: hooking 0x450800eb	bl	#0x41483c -> 0x4ab603eb	bl	#0x500050
      0x00412724: 0x64339fe5	ldr	r3, [pc, #0x364]
      0x00412728: 0x030055e1	cmp	r5, r3
      0x0041272c: 0x0060a0e1	mov	r6, r0
      0x00412730: 0x0170a0e1	mov	r7, r1
      0x00412734: 0x6900000a	beq	#0x4128e0
      0x00412738: 0xca3f8fe2	add	r3, pc, #0x328
      0x0041273c: 0x0c0093e8	ldm	r3, {r2, r3}
bl    at 0x00412740: hooking 0x3d0800eb	bl	#0x41483c -> 0x42b603eb	bl	#0x500050
      0x00412744: 0x0020a0e1	mov	r2, r0
      0x00412748: 0x0130a0e1	mov	r3, r1
      0x0041274c: 0x0600a0e1	mov	r0, r6
      0x00412750: 0x0710a0e1	mov	r1, r7
      0x00412754: 0x0c0084e8	stm	r4, {r2, r3}
bl    at 0x00412758: hooking 0x370800eb	bl	#0x41483c -> 0x3cb603eb	bl	#0x500050
      0x0041275c: 0xc13f8fe2	add	r3, pc, #0x304
      0x00412760: 0x0c0093e8	ldm	r3, {r2, r3}
bl    at 0x00412764: hooking 0x340800eb	bl	#0x41483c -> 0x39b603eb	bl	#0x500050
      0x00412768: 0x0170a0e3	mov	r7, #1
      0x0041276c: 0x080084e5	str	r0, [r4, #8]
      0x00412770: 0x0c1084e5	str	r1, [r4, #0xc]
      0x00412774: 0x0700a0e1	mov	r0, r7
      0x00412778: 0x3cd08de2	add	sp, sp, #0x3c
      0x0041277c: 0xf04fbde8	pop	{r4, r5, r6, r7, r8, sb, sl, fp, lr}
      0x00412780: 0x1eff2fe1	bx	lr
      0x00412784: 0x08239fe5	ldr	r2, [pc, #0x308]
      0x00412788: 0x020055e1	cmp	r5, r2
      0x0041278c: 0x6b0000da	ble	#0x412940
      0x00412790: 0x00239fe5	ldr	r2, [pc, #0x300]
      0x00412794: 0x020055e1	cmp	r5, r2
      0x00412798: 0x490000ca	bgt	#0x4128c4
      0x0041279c: 0x457aa0e1	asr	r7, r5, #0x14
      0x004127a0: 0x417e47e2	sub	r7, r7, #0x410
      0x004127a4: 0x067047e2	sub	r7, r7, #6
      0x004127a8: 0x071a45e0	sub	r1, r5, r7, lsl #20
      0x004127ac: 0x0190a0e1	mov	sb, r1
      0x004127b0: 0x0080a0e1	mov	r8, r0
bl    at 0x004127b4: hooking 0xad0a00eb	bl	#0x415270 -> 0x25b603eb	bl	#0x500050
bl    at 0x004127b8: hooking 0xed0800eb	bl	#0x414b74 -> 0x24b603eb	bl	#0x500050
      0x004127bc: 0x00a0a0e1	mov	sl, r0
      0x004127c0: 0x01b0a0e1	mov	fp, r1
      0x004127c4: 0x0800a0e1	mov	r0, r8
      0x004127c8: 0x0910a0e1	mov	r1, sb
      0x004127cc: 0x0a20a0e1	mov	r2, sl
      0x004127d0: 0x0b30a0e1	mov	r3, fp
      0x004127d4: 0x20a08de5	str	sl, [sp, #0x20]
      0x004127d8: 0x24b08de5	str	fp, [sp, #0x24]
bl    at 0x004127dc: hooking 0x160800eb	bl	#0x41483c -> 0x1bb603eb	bl	#0x500050
      0x004127e0: 0x0020a0e3	mov	r2, #0
      0x004127e4: 0xb0329fe5	ldr	r3, [pc, #0x2b0]
bl    at 0x004127e8: hooking 0x1a0900eb	bl	#0x414c58 -> 0x18b603eb	bl	#0x500050
      0x004127ec: 0x0190a0e1	mov	sb, r1
      0x004127f0: 0x0080a0e1	mov	r8, r0
bl    at 0x004127f4: hooking 0x9d0a00eb	bl	#0x415270 -> 0x15b603eb	bl	#0x500050
      0x004127f8: 0x0050a0e1	mov	r5, r0
bl    at 0x004127fc: hooking 0xdc0800eb	bl	#0x414b74 -> 0x13b603eb	bl	#0x500050
      0x00412800: 0x0020a0e1	mov	r2, r0
      0x00412804: 0x0130a0e1	mov	r3, r1
      0x00412808: 0x0800a0e1	mov	r0, r8
      0x0041280c: 0x0910a0e1	mov	r1, sb
      0x00412810: 0x28208de5	str	r2, [sp, #0x28]
      0x00412814: 0x2c308de5	str	r3, [sp, #0x2c]
bl    at 0x00412818: hooking 0x070800eb	bl	#0x41483c -> 0x0cb603eb	bl	#0x500050
      0x0041281c: 0x0020a0e3	mov	r2, #0
      0x00412820: 0x74329fe5	ldr	r3, [pc, #0x274]
bl    at 0x00412824: hooking 0x0b0900eb	bl	#0x414c58 -> 0x09b603eb	bl	#0x500050
      0x00412828: 0x0030a0e3	mov	r3, #0
      0x0041282c: 0x0020a0e3	mov	r2, #0
      0x00412830: 0x30008de5	str	r0, [sp, #0x30]
      0x00412834: 0x34108de5	str	r1, [sp, #0x34]
bl    at 0x00412838: hooking 0x600a00eb	bl	#0x4151c0 -> 0x04b603eb	bl	#0x500050
      0x0041283c: 0x000050e3	cmp	r0, #0
      0x00412840: 0x0330a003	moveq	r3, #3
      0x00412844: 0x0200000a	beq	#0x412854
      0x00412848: 0x000055e3	cmp	r5, #0
      0x0041284c: 0x0130a003	moveq	r3, #1
      0x00412850: 0x0230a013	movne	r3, #2
      0x00412854: 0x0200a0e3	mov	r0, #2
      0x00412858: 0x40129fe5	ldr	r1, [pc, #0x240]
      0x0041285c: 0x0720a0e1	mov	r2, r7
      0x00412860: 0x03008de8	stm	sp, {r0, r1}
      0x00412864: 0x0410a0e1	mov	r1, r4
      0x00412868: 0x20008de2	add	r0, sp, #0x20
bl    at 0x0041286c: hooking 0x9b0200eb	bl	#0x4132e0 -> 0xf7b503eb	bl	#0x500050
      0x00412870: 0x000056e3	cmp	r6, #0
      0x00412874: 0x0070a0e1	mov	r7, r0
      0x00412878: 0xbdffffaa	bge	#0x412774
      0x0041287c: 0x042094e5	ldr	r2, [r4, #4]
      0x00412880: 0x0c3094e5	ldr	r3, [r4, #0xc]
      0x00412884: 0x022182e2	add	r2, r2, #0x80000000
      0x00412888: 0x023183e2	add	r3, r3, #0x80000000
      0x0041288c: 0x042084e5	str	r2, [r4, #4]
      0x00412890: 0x0c3084e5	str	r3, [r4, #0xc]
      0x00412894: 0x007060e2	rsb	r7, r0, #0
b     at 0x00412898: hooking 0xb5ffffea	b	#0x412774 -> 0xd8b503eb	bl	#0x500000
      0x0041289c: 0x0070a0e3	mov	r7, #0
      0x004128a0: 0x0040a0e3	mov	r4, #0
      0x004128a4: 0x0050a0e3	mov	r5, #0
      0x004128a8: 0x030082e8	stm	r2, {r0, r1}
      0x004128ac: 0x0700a0e1	mov	r0, r7
      0x004128b0: 0x084082e5	str	r4, [r2, #8]
      0x004128b4: 0x0c5082e5	str	r5, [r2, #0xc]
      0x004128b8: 0x3cd08de2	add	sp, sp, #0x3c
      0x004128bc: 0xf04fbde8	pop	{r4, r5, r6, r7, r8, sb, sl, fp, lr}
      0x004128c0: 0x1eff2fe1	bx	lr
      0x004128c4: 0x0020a0e1	mov	r2, r0
bl    at 0x004128c8: hooking 0xdb0700eb	bl	#0x41483c -> 0xe0b503eb	bl	#0x500050
      0x004128cc: 0x0070a0e3	mov	r7, #0
      0x004128d0: 0x080084e5	str	r0, [r4, #8]
      0x004128d4: 0x0c1084e5	str	r1, [r4, #0xc]
      0x004128d8: 0x030084e8	stm	r4, {r0, r1}
b     at 0x004128dc: hooking 0xa4ffffea	b	#0x412774 -> 0xc7b503eb	bl	#0x500000
      0x004128e0: 0x623f8fe2	add	r3, pc, #0x188
      0x004128e4: 0x0c0093e8	ldm	r3, {r2, r3}
bl    at 0x004128e8: hooking 0xd30700eb	bl	#0x41483c -> 0xd8b503eb	bl	#0x500050
      0x004128ec: 0x613f8fe2	add	r3, pc, #0x184
      0x004128f0: 0x0c0093e8	ldm	r3, {r2, r3}
      0x004128f4: 0x0060a0e1	mov	r6, r0
      0x004128f8: 0x0170a0e1	mov	r7, r1
bl    at 0x004128fc: hooking 0xce0700eb	bl	#0x41483c -> 0xd3b503eb	bl	#0x500050
      0x00412900: 0x0020a0e1	mov	r2, r0
      0x00412904: 0x0130a0e1	mov	r3, r1
      0x00412908: 0x0600a0e1	mov	r0, r6
      0x0041290c: 0x0c0084e8	stm	r4, {r2, r3}
      0x00412910: 0x0710a0e1	mov	r1, r7
bl    at 0x00412914: hooking 0xc80700eb	bl	#0x41483c -> 0xcdb503eb	bl	#0x500050
      0x00412918: 0x563f8fe2	add	r3, pc, #0x158
      0x0041291c: 0x0c0093e8	ldm	r3, {r2, r3}
bl    at 0x00412920: hooking 0xc50700eb	bl	#0x41483c -> 0xcab503eb	bl	#0x500050
      0x00412924: 0x0170a0e3	mov	r7, #1
      0x00412928: 0x080084e5	str	r0, [r4, #8]
      0x0041292c: 0x0c1084e5	str	r1, [r4, #0xc]
      0x00412930: 0x0700a0e1	mov	r0, r7
      0x00412934: 0x3cd08de2	add	sp, sp, #0x3c
      0x00412938: 0xf04fbde8	pop	{r4, r5, r6, r7, r8, sb, sl, fp, lr}
      0x0041293c: 0x1eff2fe1	bx	lr
bl    at 0x00412940: hooking 0xf90500eb	bl	#0x41412c -> 0xc2b503eb	bl	#0x500050
      0x00412944: 0x4d3f8fe2	add	r3, pc, #0x134
      0x00412948: 0x0c0093e8	ldm	r3, {r2, r3}
      0x0041294c: 0x0080a0e1	mov	r8, r0
      0x00412950: 0x0190a0e1	mov	sb, r1
bl    at 0x00412954: hooking 0xbf0800eb	bl	#0x414c58 -> 0xbdb503eb	bl	#0x500050
      0x00412958: 0x0020a0e3	mov	r2, #0
      0x0041295c: 0x40319fe5	ldr	r3, [pc, #0x140]
bl    at 0x00412960: hooking 0xb60700eb	bl	#0x414840 -> 0xbab503eb	bl	#0x500050
bl    at 0x00412964: hooking 0x410a00eb	bl	#0x415270 -> 0xb9b503eb	bl	#0x500050
      0x00412968: 0x0070a0e1	mov	r7, r0
bl    at 0x0041296c: hooking 0x800800eb	bl	#0x414b74 -> 0xb7b503eb	bl	#0x500050
      0x00412970: 0x00a0a0e1	mov	sl, r0
      0x00412974: 0x01b0a0e1	mov	fp, r1
      0x00412978: 0xe0308fe2	add	r3, pc, #0xe0
      0x0041297c: 0x0c0093e8	ldm	r3, {r2, r3}
      0x00412980: 0x10a08de5	str	sl, [sp, #0x10]
      0x00412984: 0x14b08de5	str	fp, [sp, #0x14]
bl    at 0x00412988: hooking 0xb20800eb	bl	#0x414c58 -> 0xb0b503eb	bl	#0x500050
      0x0041298c: 0x0020a0e1	mov	r2, r0
      0x00412990: 0x0130a0e1	mov	r3, r1
      0x00412994: 0x0800a0e1	mov	r0, r8
      0x00412998: 0x0910a0e1	mov	r1, sb
bl    at 0x0041299c: hooking 0xa60700eb	bl	#0x41483c -> 0xabb503eb	bl	#0x500050
      0x004129a0: 0xc0308fe2	add	r3, pc, #0xc0
      0x004129a4: 0x0c0093e8	ldm	r3, {r2, r3}
      0x004129a8: 0x08008de5	str	r0, [sp, #8]
      0x004129ac: 0x0c108de5	str	r1, [sp, #0xc]
      0x004129b0: 0x0a00a0e1	mov	r0, sl
      0x004129b4: 0x0b10a0e1	mov	r1, fp
bl    at 0x004129b8: hooking 0xa60800eb	bl	#0x414c58 -> 0xa4b503eb	bl	#0x500050
      0x004129bc: 0x1f0057e3	cmp	r7, #0x1f
      0x004129c0: 0x0080a0e1	mov	r8, r0
      0x004129c4: 0x0190a0e1	mov	sb, r1
      0x004129c8: 0x0020a0e1	mov	r2, r0
      0x004129cc: 0x0130a0e1	mov	r3, r1
      0x004129d0: 0x08108de2	add	r1, sp, #8
      0x004129d4: 0x030091e8	ldm	r1, {r0, r1}
      0x004129d8: 0x340000ca	bgt	#0x412ab0
bl    at 0x004129dc: hooking 0x960700eb	bl	#0x41483c -> 0x9bb503eb	bl	#0x500050
      0x004129e0: 0xc0309fe5	ldr	r3, [pc, #0xc0]
      0x004129e4: 0x012047e2	sub	r2, r7, #1
      0x004129e8: 0x023193e7	ldr	r3, [r3, r2, lsl #2]
      0x004129ec: 0x050053e1	cmp	r3, r5
      0x004129f0: 0x00b0a0e1	mov	fp, r0
      0x004129f4: 0x01a0a0e1	mov	sl, r1
      0x004129f8: 0x2f00000a	beq	#0x412abc
      0x004129fc: 0x0b20a0e1	mov	r2, fp
      0x00412a00: 0x0a30a0e1	mov	r3, sl
      0x00412a04: 0x0c0084e8	stm	r4, {r2, r3}
      0x00412a08: 0x0b20a0e1	mov	r2, fp
      0x00412a0c: 0x0a30a0e1	mov	r3, sl
      0x00412a10: 0x08108de2	add	r1, sp, #8
      0x00412a14: 0x030091e8	ldm	r1, {r0, r1}
bl    at 0x00412a18: hooking 0x870700eb	bl	#0x41483c -> 0x8cb503eb	bl	#0x500050
      0x00412a1c: 0x0820a0e1	mov	r2, r8
      0x00412a20: 0x0930a0e1	mov	r3, sb
bl    at 0x00412a24: hooking 0x840700eb	bl	#0x41483c -> 0x89b503eb	bl	#0x500050
      0x00412a28: 0x0020a0e1	mov	r2, r0
      0x00412a2c: 0x0130a0e1	mov	r3, r1
      0x00412a30: 0x000056e3	cmp	r6, #0
      0x00412a34: 0x082084e5	str	r2, [r4, #8]
      0x00412a38: 0x0c3084e5	str	r3, [r4, #0xc]
      0x00412a3c: 0x4cffffaa	bge	#0x412774
      0x00412a40: 0x02a18ae2	add	sl, sl, #0x80000000
      0x00412a44: 0x021181e2	add	r1, r1, #0x80000000
      0x00412a48: 0x00b084e5	str	fp, [r4]
      0x00412a4c: 0x04a084e5	str	sl, [r4, #4]
      0x00412a50: 0x0c1084e5	str	r1, [r4, #0xc]
      0x00412a54: 0x080084e5	str	r0, [r4, #8]
      0x00412a58: 0x007067e2	rsb	r7, r7, #0
b     at 0x00412a5c: hooking 0x44ffffea	b	#0x412774 -> 0x67b503eb	bl	#0x500000
      0x00412a60: 0x00004054	strbpl	r0, [r0], #-0
      0x00412a64: 0xfb21f93f	svclo	#0xf921fb
      0x00412a68: 0x3163621a	bne	#0x1cab734
      0x00412a6c: 0x61b4d03d	ldcllo	p4, c11, [r0, #0x184]
      0x00412a70: 0x0000601a	bne	#0x1c12a78
      0x00412a74: 0x61b4d03d	ldcllo	p4, c11, [r0, #0x184]
      0x00412a78: 0x7370032e	mcrhs	p0, #0, r7, c3, c3, #3
      0x00412a7c: 0x8a19a33b	bllo	#0xfecd90ac
      0x00412a80: 0x83c8c96d	stclvs	p8, c12, [sb, #0x20c]
      0x00412a84: 0x305fe43f	svclo	#0xe45f30
      0x00412a88: 0xfb21e93f	svclo	#0xe921fb
      0x00412a8c: 0x7bd90240	andmi	sp, r2, fp, ror sb
      0x00412a90: 0xfb21f93f	svclo	#0xf921fb
      0x00412a94: 0xfb213941	ldrshmi	r2, [sb, -fp]!
      0x00412a98: 0xffffef7f	svcvc	#0xefffff
      0x00412a9c: 0x00007041	cmnmi	r0, r0
      0x00412aa0: 0x30654000	subeq	r6, r0, r0, lsr r5
      0x00412aa4: 0x0000e03f	svclo	#0xe00000
      0x00412aa8: 0xb0644000	strheq	r6, [r0], #-0x40
      0x00412aac: 0xff070000	strdeq	r0, r1, [r0], -pc
bl    at 0x00412ab0: hooking 0x610700eb	bl	#0x41483c -> 0x66b503eb	bl	#0x500050
      0x00412ab4: 0x00b0a0e1	mov	fp, r0
      0x00412ab8: 0x01a0a0e1	mov	sl, r1
      0x00412abc: 0x18201fe5	ldr	r2, [pc, #-0x18]
      0x00412ac0: 0x455aa0e1	asr	r5, r5, #0x14
      0x00412ac4: 0x2a3a02e0	and	r3, r2, sl, lsr #20
      0x00412ac8: 0x033045e0	sub	r3, r5, r3
      0x00412acc: 0x100053e3	cmp	r3, #0x10
      0x00412ad0: 0xc9ffffda	ble	#0x4129fc
      0x00412ad4: 0x8d3f8fe2	add	r3, pc, #0x234
      0x00412ad8: 0x0c0093e8	ldm	r3, {r2, r3}
      0x00412adc: 0x10108de2	add	r1, sp, #0x10
      0x00412ae0: 0x030091e8	ldm	r1, {r0, r1}
bl    at 0x00412ae4: hooking 0x5b0800eb	bl	#0x414c58 -> 0x59b503eb	bl	#0x500050
      0x00412ae8: 0x0080a0e1	mov	r8, r0
      0x00412aec: 0x0190a0e1	mov	sb, r1
      0x00412af0: 0x0020a0e1	mov	r2, r0
      0x00412af4: 0x0130a0e1	mov	r3, r1
      0x00412af8: 0x08108de2	add	r1, sp, #8
      0x00412afc: 0x030091e8	ldm	r1, {r0, r1}
bl    at 0x00412b00: hooking 0x4d0700eb	bl	#0x41483c -> 0x52b503eb	bl	#0x500050
      0x00412b04: 0x00a0a0e1	mov	sl, r0
      0x00412b08: 0x01b0a0e1	mov	fp, r1
      0x00412b0c: 0x0020a0e1	mov	r2, r0
      0x00412b10: 0x0130a0e1	mov	r3, r1
      0x00412b14: 0x08108de2	add	r1, sp, #8
      0x00412b18: 0x030091e8	ldm	r1, {r0, r1}
bl    at 0x00412b1c: hooking 0x460700eb	bl	#0x41483c -> 0x4bb503eb	bl	#0x500050
      0x00412b20: 0x0820a0e1	mov	r2, r8
      0x00412b24: 0x0930a0e1	mov	r3, sb
bl    at 0x00412b28: hooking 0x430700eb	bl	#0x41483c -> 0x48b503eb	bl	#0x500050
      0x00412b2c: 0x0080a0e1	mov	r8, r0
      0x00412b30: 0x0190a0e1	mov	sb, r1
      0x00412b34: 0x773f8fe2	add	r3, pc, #0x1dc
      0x00412b38: 0x0c0093e8	ldm	r3, {r2, r3}
      0x00412b3c: 0x10108de2	add	r1, sp, #0x10
      0x00412b40: 0x030091e8	ldm	r1, {r0, r1}
bl    at 0x00412b44: hooking 0x430800eb	bl	#0x414c58 -> 0x41b503eb	bl	#0x500050
      0x00412b48: 0x0820a0e1	mov	r2, r8
      0x00412b4c: 0x0930a0e1	mov	r3, sb
bl    at 0x00412b50: hooking 0x390700eb	bl	#0x41483c -> 0x3eb503eb	bl	#0x500050
      0x00412b54: 0x0020a0e1	mov	r2, r0
      0x00412b58: 0x0130a0e1	mov	r3, r1
      0x00412b5c: 0x0080a0e1	mov	r8, r0
      0x00412b60: 0x0190a0e1	mov	sb, r1
      0x00412b64: 0x0a00a0e1	mov	r0, sl
      0x00412b68: 0x0b10a0e1	mov	r1, fp
      0x00412b6c: 0x18a08de5	str	sl, [sp, #0x18]
      0x00412b70: 0x1cb08de5	str	fp, [sp, #0x1c]
bl    at 0x00412b74: hooking 0x300700eb	bl	#0x41483c -> 0x35b503eb	bl	#0x500050
      0x00412b78: 0xb0219fe5	ldr	r2, [pc, #0x1b0]
      0x00412b7c: 0x213a02e0	and	r3, r2, r1, lsr #20
      0x00412b80: 0x035045e0	sub	r5, r5, r3
      0x00412b84: 0x310055e3	cmp	r5, #0x31
      0x00412b88: 0x00b0a0e1	mov	fp, r0
      0x00412b8c: 0x01a0a0e1	mov	sl, r1
      0x00412b90: 0x070000ca	bgt	#0x412bb4
      0x00412b94: 0x0020a0e1	mov	r2, r0
      0x00412b98: 0x0130a0e1	mov	r3, r1
      0x00412b9c: 0x18108de2	add	r1, sp, #0x18
      0x00412ba0: 0x030091e8	ldm	r1, {r0, r1}
      0x00412ba4: 0x0c0084e8	stm	r4, {r2, r3}
      0x00412ba8: 0x08008de5	str	r0, [sp, #8]
      0x00412bac: 0x0c108de5	str	r1, [sp, #0xc]
b     at 0x00412bb0: hooking 0x94ffffea	b	#0x412a08 -> 0x12b503eb	bl	#0x500000
      0x00412bb4: 0x2e24a0e3	mov	r2, #0x2e000000
      0x00412bb8: 0x74319fe5	ldr	r3, [pc, #0x174]
      0x00412bbc: 0x10108de2	add	r1, sp, #0x10
      0x00412bc0: 0x030091e8	ldm	r1, {r0, r1}
bl    at 0x00412bc4: hooking 0x230800eb	bl	#0x414c58 -> 0x21b503eb	bl	#0x500050
      0x00412bc8: 0x0080a0e1	mov	r8, r0
      0x00412bcc: 0x0190a0e1	mov	sb, r1
      0x00412bd0: 0x0020a0e1	mov	r2, r0
      0x00412bd4: 0x0130a0e1	mov	r3, r1
      0x00412bd8: 0x18108de2	add	r1, sp, #0x18
      0x00412bdc: 0x030091e8	ldm	r1, {r0, r1}
bl    at 0x00412be0: hooking 0x150700eb	bl	#0x41483c -> 0x1ab503eb	bl	#0x500050
      0x00412be4: 0x00a0a0e1	mov	sl, r0
      0x00412be8: 0x01b0a0e1	mov	fp, r1
      0x00412bec: 0x0020a0e1	mov	r2, r0
      0x00412bf0: 0x0130a0e1	mov	r3, r1
      0x00412bf4: 0x18108de2	add	r1, sp, #0x18
      0x00412bf8: 0x030091e8	ldm	r1, {r0, r1}
      0x00412bfc: 0x08a08de5	str	sl, [sp, #8]
      0x00412c00: 0x0cb08de5	str	fp, [sp, #0xc]
bl    at 0x00412c04: hooking 0x0c0700eb	bl	#0x41483c -> 0x11b503eb	bl	#0x500050
      0x00412c08: 0x0820a0e1	mov	r2, r8
      0x00412c0c: 0x0930a0e1	mov	r3, sb
bl    at 0x00412c10: hooking 0x090700eb	bl	#0x41483c -> 0x0eb503eb	bl	#0x500050
      0x00412c14: 0x0080a0e1	mov	r8, r0
      0x00412c18: 0x0190a0e1	mov	sb, r1
      0x00412c1c: 0xfc308fe2	add	r3, pc, #0xfc
      0x00412c20: 0x0c0093e8	ldm	r3, {r2, r3}
      0x00412c24: 0x10108de2	add	r1, sp, #0x10
      0x00412c28: 0x030091e8	ldm	r1, {r0, r1}
bl    at 0x00412c2c: hooking 0x090800eb	bl	#0x414c58 -> 0x07b503eb	bl	#0x500050
      0x00412c30: 0x0820a0e1	mov	r2, r8
      0x00412c34: 0x0930a0e1	mov	r3, sb
bl    at 0x00412c38: hooking 0xff0600eb	bl	#0x41483c -> 0x04b503eb	bl	#0x500050
      0x00412c3c: 0x0020a0e1	mov	r2, r0
      0x00412c40: 0x0130a0e1	mov	r3, r1
      0x00412c44: 0x0080a0e1	mov	r8, r0
      0x00412c48: 0x0190a0e1	mov	sb, r1
      0x00412c4c: 0x0a00a0e1	mov	r0, sl
      0x00412c50: 0x0b10a0e1	mov	r1, fp
bl    at 0x00412c54: hooking 0xf80600eb	bl	#0x41483c -> 0xfdb403eb	bl	#0x500050
      0x00412c58: 0x00b0a0e1	mov	fp, r0
      0x00412c5c: 0x01a0a0e1	mov	sl, r1
b     at 0x00412c60: hooking 0x65ffffea	b	#0x4129fc -> 0xe6b403eb	bl	#0x500000
bl    at 0x00412c64: hooking 0xf50600eb	bl	#0x414840 -> 0xf9b403eb	bl	#0x500050
      0x00412c68: 0xc8309fe5	ldr	r3, [pc, #0xc8]
      0x00412c6c: 0x030055e1	cmp	r5, r3
      0x00412c70: 0x0060a0e1	mov	r6, r0
      0x00412c74: 0x0170a0e1	mov	r7, r1
      0x00412c78: 0x0f00000a	beq	#0x412cbc
      0x00412c7c: 0xa4308fe2	add	r3, pc, #0xa4
      0x00412c80: 0x0c0093e8	ldm	r3, {r2, r3}
bl    at 0x00412c84: hooking 0xed0600eb	bl	#0x414840 -> 0xf1b403eb	bl	#0x500050
      0x00412c88: 0x0020a0e1	mov	r2, r0
      0x00412c8c: 0x0130a0e1	mov	r3, r1
      0x00412c90: 0x0600a0e1	mov	r0, r6
      0x00412c94: 0x0710a0e1	mov	r1, r7
      0x00412c98: 0x0c0084e8	stm	r4, {r2, r3}
bl    at 0x00412c9c: hooking 0xe60600eb	bl	#0x41483c -> 0xebb403eb	bl	#0x500050
      0x00412ca0: 0x80308fe2	add	r3, pc, #0x80
      0x00412ca4: 0x0c0093e8	ldm	r3, {r2, r3}
bl    at 0x00412ca8: hooking 0xe40600eb	bl	#0x414840 -> 0xe8b403eb	bl	#0x500050
      0x00412cac: 0x0070e0e3	mvn	r7, #0
      0x00412cb0: 0x080084e5	str	r0, [r4, #8]
      0x00412cb4: 0x0c1084e5	str	r1, [r4, #0xc]
b     at 0x00412cb8: hooking 0xadfeffea	b	#0x412774 -> 0xd0b403eb	bl	#0x500000
      0x00412cbc: 0x4c308fe2	add	r3, pc, #0x4c
      0x00412cc0: 0x0c0093e8	ldm	r3, {r2, r3}
bl    at 0x00412cc4: hooking 0xdd0600eb	bl	#0x414840 -> 0xe1b403eb	bl	#0x500050
      0x00412cc8: 0x48308fe2	add	r3, pc, #0x48
      0x00412ccc: 0x0c0093e8	ldm	r3, {r2, r3}
      0x00412cd0: 0x0170a0e1	mov	r7, r1
      0x00412cd4: 0x0060a0e1	mov	r6, r0
bl    at 0x00412cd8: hooking 0xd80600eb	bl	#0x414840 -> 0xdcb403eb	bl	#0x500050
      0x00412cdc: 0x0020a0e1	mov	r2, r0
      0x00412ce0: 0x0130a0e1	mov	r3, r1
      0x00412ce4: 0x0600a0e1	mov	r0, r6
      0x00412ce8: 0x0710a0e1	mov	r1, r7
      0x00412cec: 0x0c0084e8	stm	r4, {r2, r3}
bl    at 0x00412cf0: hooking 0xd10600eb	bl	#0x41483c -> 0xd6b403eb	bl	#0x500050
      0x00412cf4: 0x1c308fe2	add	r3, pc, #0x1c
      0x00412cf8: 0x0c0093e8	ldm	r3, {r2, r3}
bl    at 0x00412cfc: hooking 0xcf0600eb	bl	#0x414840 -> 0xd3b403eb	bl	#0x500050
      0x00412d00: 0x0070e0e3	mvn	r7, #0
      0x00412d04: 0x080084e5	str	r0, [r4, #8]
      0x00412d08: 0x0c1084e5	str	r1, [r4, #0xc]
b     at 0x00412d0c: hooking 0x98feffea	b	#0x412774 -> 0xbbb403eb	bl	#0x500000
      0x00412d10: 0x0000601a	bne	#0x1c12d18
      0x00412d14: 0x61b4d03d	ldcllo	p4, c11, [r0, #0x184]
      0x00412d18: 0x7370032e	mcrhs	p0, #0, r7, c3, c3, #3
      0x00412d1c: 0x8a19a33b	bllo	#0xfecd934c
      0x00412d20: 0xc1492025	strhs	r4, [r0, #-0x9c1]!
      0x00412d24: 0x9a837b39	ldmdblo	fp!, {r1, r3, r4, r7, r8, sb, pc} ^
      0x00412d28: 0x3163621a	bne	#0x1cab9f4
      0x00412d2c: 0x61b4d03d	ldcllo	p4, c11, [r0, #0x184]
      0x00412d30: 0xff070000	strdeq	r0, r1, [r0], -pc
      0x00412d34: 0x8a19a33b	bllo	#0xfecd9364
      0x00412d38: 0xfb21f93f	svclo	#0xf921fb
      0x00412d3c: 0x48229fe5	ldr	r2, [pc, #0x248]
      0x00412d40: 0x0120d2e1	bics	r2, r2, r1
      0x00412d44: 0xf0412de9	push	{r4, r5, r6, r7, r8, lr}
      0x00412d48: 0x0140a0e1	mov	r4, r1
      0x00412d4c: 0x0050a0e1	mov	r5, r0
      0x00412d50: 0x7500000a	beq	#0x412f2c
      0x00412d54: 0x000051e3	cmp	r1, #0
      0x00412d58: 0x0130a0e1	mov	r3, r1
      0x00412d5c: 0x00c0a0e1	mov	ip, r0
      0x00412d60: 0x410000da	ble	#0x412e6c
      0x00412d64: 0x417ab0e1	asrs	r7, r1, #0x14
      0x00412d68: 0x8000000a	beq	#0x412f70
      0x00412d6c: 0x0060a0e3	mov	r6, #0
      0x00412d70: 0xff34c3e3	bic	r3, r3, #0xff000000
      0x00412d74: 0xff7f47e2	sub	r7, r7, #0x3fc
      0x00412d78: 0x0f36c3e3	bic	r3, r3, #0xf00000
      0x00412d7c: 0xac2fa0e1	lsr	r2, ip, #0x1f
      0x00412d80: 0x037047e2	sub	r7, r7, #3
      0x00412d84: 0x013683e3	orr	r3, r3, #0x100000
      0x00412d88: 0x010017e3	tst	r7, #1
      0x00412d8c: 0x833082e0	add	r3, r2, r3, lsl #1
      0x00412d90: 0x8c20a0e1	lsl	r2, ip, #1
      0x00412d94: 0xa22fa011	lsrne	r2, r2, #0x1f
      0x00412d98: 0x83308210	addne	r3, r2, r3, lsl #1
      0x00412d9c: 0x06e0a0e1	mov	lr, r6
      0x00412da0: 0x0c21a011	lslne	r2, ip, #2
      0x00412da4: 0x0216a0e3	mov	r1, #0x200000
      0x00412da8: 0x16c0a0e3	mov	ip, #0x16
      0x00412dac: 0xc770a0e1	asr	r7, r7, #1
      0x00412db0: 0x01008ee0	add	r0, lr, r1
      0x00412db4: 0x030050e1	cmp	r0, r3
      0x00412db8: 0x003043d0	suble	r3, r3, r0
      0x00412dbc: 0x01e080d0	addle	lr, r0, r1
      0x00412dc0: 0x016086d0	addle	r6, r6, r1
      0x00412dc4: 0x8330a0e1	lsl	r3, r3, #1
      0x00412dc8: 0x01c05ce2	subs	ip, ip, #1
      0x00412dcc: 0xa23f83e0	add	r3, r3, r2, lsr #31
      0x00412dd0: 0xa110a0e1	lsr	r1, r1, #1
      0x00412dd4: 0x8220a0e1	lsl	r2, r2, #1
      0x00412dd8: 0xf4ffff1a	bne	#0x412db0
      0x00412ddc: 0x0c80a0e1	mov	r8, ip
      0x00412de0: 0x2040a0e3	mov	r4, #0x20
      0x00412de4: 0x0211a0e3	mov	r1, #0x80000000
b     at 0x00412de8: hooking 0x140000ea	b	#0x412e40 -> 0x84b403eb	bl	#0x500000
      0x00412dec: 0x0150a003	moveq	r5, #1
      0x00412df0: 0x0050a013	movne	r5, #0
      0x00412df4: 0x020050e1	cmp	r0, r2
      0x00412df8: 0x0050a083	movhi	r5, #0
      0x00412dfc: 0x01500592	andls	r5, r5, #1
      0x00412e00: 0x000055e3	cmp	r5, #0
      0x00412e04: 0x0700000a	beq	#0x412e28
      0x00412e08: 0x000050e3	cmp	r0, #0
      0x00412e0c: 0x01c080e0	add	ip, r0, r1
      0x00412e10: 0x0e50a0a1	movge	r5, lr
      0x00412e14: 0x0030a0a3	movge	r3, #0
      0x00412e18: 0x2e0000ba	blt	#0x412ed8
      0x00412e1c: 0x05e0a0e1	mov	lr, r5
      0x00412e20: 0x002042e0	sub	r2, r2, r0
      0x00412e24: 0x018088e0	add	r8, r8, r1
      0x00412e28: 0xa20fa0e1	lsr	r0, r2, #0x1f
      0x00412e2c: 0x014054e2	subs	r4, r4, #1
      0x00412e30: 0xa110a0e1	lsr	r1, r1, #1
      0x00412e34: 0x833080e0	add	r3, r0, r3, lsl #1
      0x00412e38: 0x8220a0e1	lsl	r2, r2, #1
      0x00412e3c: 0x2900000a	beq	#0x412ee8
      0x00412e40: 0x0e0053e1	cmp	r3, lr
      0x00412e44: 0x0c0081e0	add	r0, r1, ip
      0x00412e48: 0xe7ffffda	ble	#0x412dec
      0x00412e4c: 0x000050e3	cmp	r0, #0
      0x00412e50: 0x01c080e0	add	ip, r0, r1
      0x00412e54: 0x1f0000ba	blt	#0x412ed8
      0x00412e58: 0x0e50a0e1	mov	r5, lr
      0x00412e5c: 0x020050e1	cmp	r0, r2
      0x00412e60: 0x0e3043e0	sub	r3, r3, lr
      0x00412e64: 0x01304382	subhi	r3, r3, #1
b     at 0x00412e68: hooking 0xebffffea	b	#0x412e1c -> 0x64b403eb	bl	#0x500000
      0x00412e6c: 0x0221c1e3	bic	r2, r1, #0x80000000
      0x00412e70: 0x002092e1	orrs	r2, r2, r0
      0x00412e74: 0x2900000a	beq	#0x412f20
      0x00412e78: 0x000054e3	cmp	r4, #0
      0x00412e7c: 0x3400001a	bne	#0x412f54
      0x00412e80: 0xac05a0e1	lsr	r0, ip, #0xb
      0x00412e84: 0x000050e3	cmp	r0, #0
      0x00412e88: 0x153043e2	sub	r3, r3, #0x15
      0x00412e8c: 0x8ccaa0e1	lsl	ip, ip, #0x15
      0x00412e90: 0x0020a0e1	mov	r2, r0
      0x00412e94: 0xf9ffff0a	beq	#0x412e80
      0x00412e98: 0x010610e3	tst	r0, #0x100000
      0x00412e9c: 0x3600001a	bne	#0x412f7c
      0x00412ea0: 0x0010a0e3	mov	r1, #0
b     at 0x00412ea4: hooking 0x000000ea	b	#0x412eac -> 0x55b403eb	bl	#0x500000
      0x00412ea8: 0x0e10a0e1	mov	r1, lr
      0x00412eac: 0x8220a0e1	lsl	r2, r2, #1
      0x00412eb0: 0x010612e3	tst	r2, #0x100000
      0x00412eb4: 0x01e081e2	add	lr, r1, #1
      0x00412eb8: 0xfaffff0a	beq	#0x412ea8
      0x00412ebc: 0x0200a0e1	mov	r0, r2
      0x00412ec0: 0x0c20a0e1	mov	r2, ip
      0x00412ec4: 0x1ccea0e1	lsl	ip, ip, lr
      0x00412ec8: 0x20e06ee2	rsb	lr, lr, #0x20
      0x00412ecc: 0x017043e0	sub	r7, r3, r1
      0x00412ed0: 0x323e80e1	orr	r3, r0, r2, lsr lr
b     at 0x00412ed4: hooking 0xa4ffffea	b	#0x412d6c -> 0x49b403eb	bl	#0x500000
      0x00412ed8: 0x00005ce3	cmp	ip, #0
      0x00412edc: 0x01508ea2	addge	r5, lr, #1
      0x00412ee0: 0xddffffaa	bge	#0x412e5c
b     at 0x00412ee4: hooking 0xdbffffea	b	#0x412e58 -> 0x45b403eb	bl	#0x500000
      0x00412ee8: 0x023093e1	orrs	r3, r3, r2
      0x00412eec: 0xa840a001	lsreq	r4, r8, #1
      0x00412ef0: 0x0300000a	beq	#0x412f04
      0x00412ef4: 0x010078e3	cmn	r8, #1
      0x00412ef8: 0x01408812	addne	r4, r8, #1
      0x00412efc: 0x01608602	addeq	r6, r6, #1
      0x00412f00: 0xa440a011	lsrne	r4, r4, #1
      0x00412f04: 0x010016e3	tst	r6, #1
      0x00412f08: 0x02418413	orrne	r4, r4, #0x80000000
      0x00412f0c: 0x0450a0e1	mov	r5, r4
      0x00412f10: 0xc630a0e1	asr	r3, r6, #1
      0x00412f14: 0xff3583e2	add	r3, r3, #0x3fc00000
      0x00412f18: 0x023683e2	add	r3, r3, #0x200000
      0x00412f1c: 0x071a83e0	add	r1, r3, r7, lsl #20
      0x00412f20: 0x0500a0e1	mov	r0, r5
      0x00412f24: 0xf041bde8	pop	{r4, r5, r6, r7, r8, lr}
      0x00412f28: 0x1eff2fe1	bx	lr
      0x00412f2c: 0x0020a0e1	mov	r2, r0
      0x00412f30: 0x0130a0e1	mov	r3, r1
bl    at 0x00412f34: hooking 0x470700eb	bl	#0x414c58 -> 0x45b403eb	bl	#0x500050
      0x00412f38: 0x0520a0e1	mov	r2, r5
      0x00412f3c: 0x0430a0e1	mov	r3, r4
bl    at 0x00412f40: hooking 0x3e0600eb	bl	#0x414840 -> 0x42b403eb	bl	#0x500050
      0x00412f44: 0x0050a0e1	mov	r5, r0
      0x00412f48: 0x0500a0e1	mov	r0, r5
      0x00412f4c: 0xf041bde8	pop	{r4, r5, r6, r7, r8, lr}
      0x00412f50: 0x1eff2fe1	bx	lr
      0x00412f54: 0x0020a0e1	mov	r2, r0
bl    at 0x00412f58: hooking 0x370600eb	bl	#0x41483c -> 0x3cb403eb	bl	#0x500050
      0x00412f5c: 0x0020a0e1	mov	r2, r0
      0x00412f60: 0x0130a0e1	mov	r3, r1
bl    at 0x00412f64: hooking 0xdf0700eb	bl	#0x414ee8 -> 0x39b403eb	bl	#0x500050
      0x00412f68: 0x0050a0e1	mov	r5, r0
b     at 0x00412f6c: hooking 0xebffffea	b	#0x412f20 -> 0x23b403eb	bl	#0x500000
      0x00412f70: 0x0120a0e1	mov	r2, r1
      0x00412f74: 0x0730a0e1	mov	r3, r7
b     at 0x00412f78: hooking 0xc8ffffea	b	#0x412ea0 -> 0x20b403eb	bl	#0x500000
      0x00412f7c: 0x0c20a0e1	mov	r2, ip
      0x00412f80: 0x20e0a0e3	mov	lr, #0x20
      0x00412f84: 0x0010e0e3	mvn	r1, #0
b     at 0x00412f88: hooking 0xcfffffea	b	#0x412ecc -> 0x1cb403eb	bl	#0x500000
      0x00412f8c: 0x0000f07f	svcvc	#0xf00000
      0x00412f90: 0xf04f2de9	push	{r4, r5, r6, r7, r8, sb, sl, fp, lr}
      0x00412f94: 0x0261c1e3	bic	r6, r1, #0x80000000
      0x00412f98: 0xf90556e3	cmp	r6, #0x3e400000
      0x00412f9c: 0x14d04de2	sub	sp, sp, #0x14
      0x00412fa0: 0x0140a0e1	mov	r4, r1
      0x00412fa4: 0x02a0a0e1	mov	sl, r2
      0x00412fa8: 0x03b0a0e1	mov	fp, r3
      0x00412fac: 0x0050a0e1	mov	r5, r0
      0x00412fb0: 0x4f0000aa	bge	#0x4130f4
bl    at 0x00412fb4: hooking 0xad0800eb	bl	#0x415270 -> 0x25b403eb	bl	#0x500050
      0x00412fb8: 0x000050e3	cmp	r0, #0
      0x00412fbc: 0xaf00000a	beq	#0x413280
      0x00412fc0: 0x0520a0e1	mov	r2, r5
      0x00412fc4: 0x0430a0e1	mov	r3, r4
      0x00412fc8: 0x0500a0e1	mov	r0, r5
      0x00412fcc: 0x0410a0e1	mov	r1, r4
bl    at 0x00412fd0: hooking 0x200700eb	bl	#0x414c58 -> 0x1eb403eb	bl	#0x500050
      0x00412fd4: 0x0080a0e1	mov	r8, r0
      0x00412fd8: 0x0190a0e1	mov	sb, r1
      0x00412fdc: 0xad3f8fe2	add	r3, pc, #0x2b4
      0x00412fe0: 0x0c0093e8	ldm	r3, {r2, r3}
bl    at 0x00412fe4: hooking 0x1b0700eb	bl	#0x414c58 -> 0x19b403eb	bl	#0x500050
      0x00412fe8: 0x2b3e8fe2	add	r3, pc, #0x2b0
      0x00412fec: 0x0c0093e8	ldm	r3, {r2, r3}
bl    at 0x00412ff0: hooking 0x120600eb	bl	#0x414840 -> 0x16b403eb	bl	#0x500050
      0x00412ff4: 0x0820a0e1	mov	r2, r8
      0x00412ff8: 0x0930a0e1	mov	r3, sb
bl    at 0x00412ffc: hooking 0x150700eb	bl	#0x414c58 -> 0x13b403eb	bl	#0x500050
      0x00413000: 0x2a3e8fe2	add	r3, pc, #0x2a0
      0x00413004: 0x0c0093e8	ldm	r3, {r2, r3}
bl    at 0x00413008: hooking 0x0b0600eb	bl	#0x41483c -> 0x10b403eb	bl	#0x500050
      0x0041300c: 0x0820a0e1	mov	r2, r8
      0x00413010: 0x0930a0e1	mov	r3, sb
bl    at 0x00413014: hooking 0x0f0700eb	bl	#0x414c58 -> 0x0db403eb	bl	#0x500050
      0x00413018: 0x293e8fe2	add	r3, pc, #0x290
      0x0041301c: 0x0c0093e8	ldm	r3, {r2, r3}
bl    at 0x00413020: hooking 0x060600eb	bl	#0x414840 -> 0x0ab403eb	bl	#0x500050
      0x00413024: 0x0820a0e1	mov	r2, r8
      0x00413028: 0x0930a0e1	mov	r3, sb
bl    at 0x0041302c: hooking 0x090700eb	bl	#0x414c58 -> 0x07b403eb	bl	#0x500050
      0x00413030: 0x0a3d8fe2	add	r3, pc, #0x280
      0x00413034: 0x0c0093e8	ldm	r3, {r2, r3}
bl    at 0x00413038: hooking 0xff0500eb	bl	#0x41483c -> 0x04b403eb	bl	#0x500050
      0x0041303c: 0x0820a0e1	mov	r2, r8
      0x00413040: 0x0930a0e1	mov	r3, sb
bl    at 0x00413044: hooking 0x030700eb	bl	#0x414c58 -> 0x01b403eb	bl	#0x500050
      0x00413048: 0x273e8fe2	add	r3, pc, #0x270
      0x0041304c: 0x0c0093e8	ldm	r3, {r2, r3}
bl    at 0x00413050: hooking 0xfa0500eb	bl	#0x414840 -> 0xfeb303eb	bl	#0x500050
      0x00413054: 0x0820a0e1	mov	r2, r8
      0x00413058: 0x0930a0e1	mov	r3, sb
bl    at 0x0041305c: hooking 0xfd0600eb	bl	#0x414c58 -> 0xfbb303eb	bl	#0x500050
      0x00413060: 0x03008de8	stm	sp, {r0, r1}
      0x00413064: 0x0020a0e3	mov	r2, #0
      0x00413068: 0x58329fe5	ldr	r3, [pc, #0x258]
      0x0041306c: 0x0800a0e1	mov	r0, r8
      0x00413070: 0x0910a0e1	mov	r1, sb
bl    at 0x00413074: hooking 0xf70600eb	bl	#0x414c58 -> 0xf5b303eb	bl	#0x500050
      0x00413078: 0x0c009de8	ldm	sp, {r2, r3}
      0x0041307c: 0x0060a0e1	mov	r6, r0
      0x00413080: 0x0170a0e1	mov	r7, r1
      0x00413084: 0x0800a0e1	mov	r0, r8
      0x00413088: 0x0910a0e1	mov	r1, sb
bl    at 0x0041308c: hooking 0xf10600eb	bl	#0x414c58 -> 0xefb303eb	bl	#0x500050
      0x00413090: 0x0a20a0e1	mov	r2, sl
      0x00413094: 0x0080a0e1	mov	r8, r0
      0x00413098: 0x0190a0e1	mov	sb, r1
      0x0041309c: 0x0b30a0e1	mov	r3, fp
      0x004130a0: 0x0500a0e1	mov	r0, r5
      0x004130a4: 0x0410a0e1	mov	r1, r4
bl    at 0x004130a8: hooking 0xea0600eb	bl	#0x414c58 -> 0xe8b303eb	bl	#0x500050
      0x004130ac: 0x0020a0e1	mov	r2, r0
      0x004130b0: 0x0130a0e1	mov	r3, r1
      0x004130b4: 0x0800a0e1	mov	r0, r8
      0x004130b8: 0x0910a0e1	mov	r1, sb
bl    at 0x004130bc: hooking 0xde0500eb	bl	#0x41483c -> 0xe3b303eb	bl	#0x500050
      0x004130c0: 0x0020a0e1	mov	r2, r0
      0x004130c4: 0x0130a0e1	mov	r3, r1
      0x004130c8: 0x0600a0e1	mov	r0, r6
      0x004130cc: 0x0710a0e1	mov	r1, r7
bl    at 0x004130d0: hooking 0xd90500eb	bl	#0x41483c -> 0xdeb303eb	bl	#0x500050
      0x004130d4: 0x0020a0e1	mov	r2, r0
      0x004130d8: 0x0130a0e1	mov	r3, r1
      0x004130dc: 0x0000a0e3	mov	r0, #0
      0x004130e0: 0xe4119fe5	ldr	r1, [pc, #0x1e4]
bl    at 0x004130e4: hooking 0xd40500eb	bl	#0x41483c -> 0xd9b303eb	bl	#0x500050
      0x004130e8: 0x14d08de2	add	sp, sp, #0x14
      0x004130ec: 0xf04fbde8	pop	{r4, r5, r6, r7, r8, sb, sl, fp, lr}
      0x004130f0: 0x1eff2fe1	bx	lr
      0x004130f4: 0x0020a0e1	mov	r2, r0
      0x004130f8: 0x0130a0e1	mov	r3, r1
bl    at 0x004130fc: hooking 0xd50600eb	bl	#0x414c58 -> 0xd3b303eb	bl	#0x500050
      0x00413100: 0x0080a0e1	mov	r8, r0
      0x00413104: 0x0190a0e1	mov	sb, r1
      0x00413108: 0x623f8fe2	add	r3, pc, #0x188
      0x0041310c: 0x0c0093e8	ldm	r3, {r2, r3}
bl    at 0x00413110: hooking 0xd00600eb	bl	#0x414c58 -> 0xceb303eb	bl	#0x500050
      0x00413114: 0x613f8fe2	add	r3, pc, #0x184
      0x00413118: 0x0c0093e8	ldm	r3, {r2, r3}
bl    at 0x0041311c: hooking 0xc70500eb	bl	#0x414840 -> 0xcbb303eb	bl	#0x500050
      0x00413120: 0x0820a0e1	mov	r2, r8
      0x00413124: 0x0930a0e1	mov	r3, sb
bl    at 0x00413128: hooking 0xca0600eb	bl	#0x414c58 -> 0xc8b303eb	bl	#0x500050
      0x0041312c: 0x5d3f8fe2	add	r3, pc, #0x174
      0x00413130: 0x0c0093e8	ldm	r3, {r2, r3}
bl    at 0x00413134: hooking 0xc00500eb	bl	#0x41483c -> 0xc5b303eb	bl	#0x500050
      0x00413138: 0x0820a0e1	mov	r2, r8
      0x0041313c: 0x0930a0e1	mov	r3, sb
bl    at 0x00413140: hooking 0xc40600eb	bl	#0x414c58 -> 0xc2b303eb	bl	#0x500050
      0x00413144: 0x593f8fe2	add	r3, pc, #0x164
      0x00413148: 0x0c0093e8	ldm	r3, {r2, r3}
bl    at 0x0041314c: hooking 0xbb0500eb	bl	#0x414840 -> 0xbfb303eb	bl	#0x500050
      0x00413150: 0x0820a0e1	mov	r2, r8
      0x00413154: 0x0930a0e1	mov	r3, sb
bl    at 0x00413158: hooking 0xbe0600eb	bl	#0x414c58 -> 0xbcb303eb	bl	#0x500050
      0x0041315c: 0x553f8fe2	add	r3, pc, #0x154
      0x00413160: 0x0c0093e8	ldm	r3, {r2, r3}
bl    at 0x00413164: hooking 0xb40500eb	bl	#0x41483c -> 0xb9b303eb	bl	#0x500050
      0x00413168: 0x0820a0e1	mov	r2, r8
      0x0041316c: 0x0930a0e1	mov	r3, sb
bl    at 0x00413170: hooking 0xb80600eb	bl	#0x414c58 -> 0xb6b303eb	bl	#0x500050
      0x00413174: 0x513f8fe2	add	r3, pc, #0x144
      0x00413178: 0x0c0093e8	ldm	r3, {r2, r3}
bl    at 0x0041317c: hooking 0xaf0500eb	bl	#0x414840 -> 0xb3b303eb	bl	#0x500050
      0x00413180: 0x0930a0e1	mov	r3, sb
      0x00413184: 0x0820a0e1	mov	r2, r8
bl    at 0x00413188: hooking 0xb20600eb	bl	#0x414c58 -> 0xb0b303eb	bl	#0x500050
      0x0041318c: 0x3c319fe5	ldr	r3, [pc, #0x13c]
      0x00413190: 0x030056e1	cmp	r6, r3
      0x00413194: 0x03008de8	stm	sp, {r0, r1}
      0x00413198: 0xb1ffffda	ble	#0x413064
      0x0041319c: 0x30319fe5	ldr	r3, [pc, #0x130]
      0x004131a0: 0x030056e1	cmp	r6, r3
      0x004131a4: 0x0020a0e3	mov	r2, #0
      0x004131a8: 0x2e0000ca	bgt	#0x413268
      0x004131ac: 0x023646e2	sub	r3, r6, #0x200000
      0x004131b0: 0x0000a0e3	mov	r0, #0
      0x004131b4: 0x10119fe5	ldr	r1, [pc, #0x110]
      0x004131b8: 0x0260a0e1	mov	r6, r2
      0x004131bc: 0x0370a0e1	mov	r7, r3
bl    at 0x004131c0: hooking 0x9d0500eb	bl	#0x41483c -> 0xa2b303eb	bl	#0x500050
      0x004131c4: 0x08008de5	str	r0, [sp, #8]
      0x004131c8: 0x0c108de5	str	r1, [sp, #0xc]
      0x004131cc: 0x0020a0e3	mov	r2, #0
      0x004131d0: 0xf0309fe5	ldr	r3, [pc, #0xf0]
      0x004131d4: 0x0800a0e1	mov	r0, r8
      0x004131d8: 0x0910a0e1	mov	r1, sb
bl    at 0x004131dc: hooking 0x9d0600eb	bl	#0x414c58 -> 0x9bb303eb	bl	#0x500050
      0x004131e0: 0x0620a0e1	mov	r2, r6
      0x004131e4: 0x0730a0e1	mov	r3, r7
bl    at 0x004131e8: hooking 0x930500eb	bl	#0x41483c -> 0x98b303eb	bl	#0x500050
      0x004131ec: 0x0c009de8	ldm	sp, {r2, r3}
      0x004131f0: 0x0060a0e1	mov	r6, r0
      0x004131f4: 0x0170a0e1	mov	r7, r1
      0x004131f8: 0x0800a0e1	mov	r0, r8
      0x004131fc: 0x0910a0e1	mov	r1, sb
bl    at 0x00413200: hooking 0x940600eb	bl	#0x414c58 -> 0x92b303eb	bl	#0x500050
      0x00413204: 0x0a20a0e1	mov	r2, sl
      0x00413208: 0x0080a0e1	mov	r8, r0
      0x0041320c: 0x0190a0e1	mov	sb, r1
      0x00413210: 0x0b30a0e1	mov	r3, fp
      0x00413214: 0x0500a0e1	mov	r0, r5
      0x00413218: 0x0410a0e1	mov	r1, r4
bl    at 0x0041321c: hooking 0x8d0600eb	bl	#0x414c58 -> 0x8bb303eb	bl	#0x500050
      0x00413220: 0x0020a0e1	mov	r2, r0
      0x00413224: 0x0130a0e1	mov	r3, r1
      0x00413228: 0x0800a0e1	mov	r0, r8
      0x0041322c: 0x0910a0e1	mov	r1, sb
bl    at 0x00413230: hooking 0x810500eb	bl	#0x41483c -> 0x86b303eb	bl	#0x500050
      0x00413234: 0x0020a0e1	mov	r2, r0
      0x00413238: 0x0130a0e1	mov	r3, r1
      0x0041323c: 0x0600a0e1	mov	r0, r6
      0x00413240: 0x0710a0e1	mov	r1, r7
bl    at 0x00413244: hooking 0x7c0500eb	bl	#0x41483c -> 0x81b303eb	bl	#0x500050
      0x00413248: 0x0020a0e1	mov	r2, r0
      0x0041324c: 0x0130a0e1	mov	r3, r1
      0x00413250: 0x08108de2	add	r1, sp, #8
      0x00413254: 0x030091e8	ldm	r1, {r0, r1}
bl    at 0x00413258: hooking 0x770500eb	bl	#0x41483c -> 0x7cb303eb	bl	#0x500050
      0x0041325c: 0x14d08de2	add	sp, sp, #0x14
      0x00413260: 0xf04fbde8	pop	{r4, r5, r6, r7, r8, sb, sl, fp, lr}
      0x00413264: 0x1eff2fe1	bx	lr
      0x00413268: 0x68309fe5	ldr	r3, [pc, #0x68]
      0x0041326c: 0x0060a0e3	mov	r6, #0
      0x00413270: 0x08208de5	str	r2, [sp, #8]
      0x00413274: 0x0c308de5	str	r3, [sp, #0xc]
      0x00413278: 0x5c709fe5	ldr	r7, [pc, #0x5c]
b     at 0x0041327c: hooking 0xd2ffffea	b	#0x4131cc -> 0x5fb303eb	bl	#0x500000
      0x00413280: 0x0000a0e3	mov	r0, #0
      0x00413284: 0x40109fe5	ldr	r1, [pc, #0x40]
      0x00413288: 0x14d08de2	add	sp, sp, #0x14
      0x0041328c: 0xf04fbde8	pop	{r4, r5, r6, r7, r8, sb, sl, fp, lr}
      0x00413290: 0x1eff2fe1	bx	lr
      0x00413294: 0x0000a0e1	mov	r0, r0
      0x00413298: 0xd43888be	mcrlt	p8, #4, r3, c8, c4, #6
Invalid instruction at 0x0041329c, skipping.
      0x004132a0: 0xc4b1b4bd	ldclt	p1, c11, [r4, #0x310]!
      0x004132a4: 0x9eee213e	mcrlo	p14, #1, lr, c1, c14, #4
      0x004132a8: 0xad529c80	addshi	r5, ip, sp, lsr #5
      0x004132ac: 0x4f7e923e	cdplo	p14, #9, c7, c2, c15, #2
      0x004132b0: 0x9015cb19	stmibne	fp, {r4, r7, r8, sl, ip} ^
      0x004132b4: 0xa001fa3e	cdplo	p1, #0xf, c0, c10, c0, #5
      0x004132b8: 0x7751c116	uxtab16ne	r5, r1, r7
      0x004132bc: 0x6cc1563f	svclo	#0x56c16c
      0x004132c0: 0x4c555555	ldrbpl	r5, [r5, #-0x54c]
      0x004132c4: 0x5555a53f	svclo	#0xa55555
      0x004132c8: 0x0000e03f	svclo	#0xe00000
      0x004132cc: 0x0000f03f	svclo	#0xf00000
      0x004132d0: 0x3233d33f	svclo	#0xd33332
      0x004132d4: 0x0000e93f	svclo	#0xe90000
      0x004132d8: 0x0000e73f	svclo	#0xe70000
      0x004132dc: 0x0000d23f	svclo	#0xd20000
      0x004132e0: 0x03c0a0e1	mov	ip, r3
      0x004132e4: 0xf04f2de9	push	{r4, r5, r6, r7, r8, sb, sl, fp, lr}
      0x004132e8: 0x99df4de2	sub	sp, sp, #0x264
      0x004132ec: 0x2c108de5	str	r1, [sp, #0x2c]
      0x004132f0: 0x01104ce2	sub	r1, ip, #1
      0x004132f4: 0x20308de5	str	r3, [sp, #0x20]
      0x004132f8: 0x0c108de5	str	r1, [sp, #0xc]
      0x004132fc: 0xf03b9fe5	ldr	r3, [pc, #0xbf0]
      0x00413300: 0x88129de5	ldr	r1, [sp, #0x288]
      0x00413304: 0x013193e7	ldr	r3, [r3, r1, lsl #2]
      0x00413308: 0x140072e3	cmn	r2, #0x14
      0x0041330c: 0x10008de5	str	r0, [sp, #0x10]
      0x00413310: 0x14308de5	str	r3, [sp, #0x14]
      0x00413314: 0x0c0200ba	blt	#0x413b4c
      0x00413318: 0xd81b9fe5	ldr	r1, [pc, #0xbd8]
      0x0041331c: 0x033042e2	sub	r3, r2, #3
      0x00413320: 0x9301cce0	smull	r0, ip, r3, r1
      0x00413324: 0xc33fa0e1	asr	r3, r3, #0x1f
      0x00413328: 0x4c3163e0	rsb	r3, r3, ip, asr #2
      0x0041332c: 0x1c308de5	str	r3, [sp, #0x1c]
      0x00413330: 0x013083e2	add	r3, r3, #1
      0x00413334: 0x033143e0	sub	r3, r3, r3, lsl #2
      0x00413338: 0x8331a0e1	lsl	r3, r3, #3
      0x0041333c: 0x0c009de5	ldr	r0, [sp, #0xc]
      0x00413340: 0x033082e0	add	r3, r2, r3
      0x00413344: 0x14109de5	ldr	r1, [sp, #0x14]
      0x00413348: 0x18308de5	str	r3, [sp, #0x18]
      0x0041334c: 0x1c309de5	ldr	r3, [sp, #0x1c]
      0x00413350: 0x001091e0	adds	r1, r1, r0
      0x00413354: 0x006043e0	sub	r6, r3, r0
      0x00413358: 0x0e00004a	bmi	#0x413398
      0x0041335c: 0x0040a0e3	mov	r4, #0
      0x00413360: 0x0050a0e3	mov	r5, #0
      0x00413364: 0x011081e2	add	r1, r1, #1
      0x00413368: 0x8c929de5	ldr	sb, [sp, #0x28c]
      0x0041336c: 0x068081e0	add	r8, r1, r6
      0x00413370: 0x80708de2	add	r7, sp, #0x80
      0x00413374: 0x000056e3	cmp	r6, #0
      0x00413378: 0x0400a0b1	movlt	r0, r4
      0x0041337c: 0x0510a0b1	movlt	r1, r5
      0x00413380: 0x060199a7	ldrge	r0, [sb, r6, lsl #2]
      0x00413384: 0xfa0500ab	blge	#0x414b74
      0x00413388: 0x016086e2	add	r6, r6, #1
      0x0041338c: 0x080056e1	cmp	r6, r8
      0x00413390: 0x0300a7e8	stm	r7!, {r0, r1}
      0x00413394: 0xf6ffff1a	bne	#0x413374
      0x00413398: 0x14309de5	ldr	r3, [sp, #0x14]
      0x0041339c: 0x000053e3	cmp	r3, #0
      0x004133a0: 0x20309de5	ldr	r3, [sp, #0x20]
      0x004133a4: 0x8331a0e1	lsl	r3, r3, #3
      0x004133a8: 0x08308de5	str	r3, [sp, #8]
      0x004133ac: 0x200000ba	blt	#0x413434
      0x004133b0: 0x80208de2	add	r2, sp, #0x80
      0x004133b4: 0x03a082e0	add	sl, r2, r3
      0x004133b8: 0x10209de5	ldr	r2, [sp, #0x10]
      0x004133bc: 0x038082e0	add	r8, r2, r3
      0x004133c0: 0x14209de5	ldr	r2, [sp, #0x14]
      0x004133c4: 0x723f8de2	add	r3, sp, #0x1c8
      0x004133c8: 0x82b183e0	add	fp, r3, r2, lsl #3
      0x004133cc: 0x079d8de2	add	sb, sp, #0x1c0
      0x004133d0: 0x0c309de5	ldr	r3, [sp, #0xc]
      0x004133d4: 0x000053e3	cmp	r3, #0
      0x004133d8: 0x0060a0b3	movlt	r6, #0
      0x004133dc: 0x0070a0b3	movlt	r7, #0
      0x004133e0: 0x0f0000ba	blt	#0x413424
      0x004133e4: 0x0a50a0e1	mov	r5, sl
      0x004133e8: 0x0060a0e3	mov	r6, #0
      0x004133ec: 0x0070a0e3	mov	r7, #0
      0x004133f0: 0x10409de5	ldr	r4, [sp, #0x10]
      0x004133f4: 0x0c0035e9	ldmdb	r5!, {r2, r3}
      0x004133f8: 0x0300b4e8	ldm	r4!, {r0, r1}
bl    at 0x004133fc: hooking 0x150600eb	bl	#0x414c58 -> 0x13b303eb	bl	#0x500050
      0x00413400: 0x0020a0e1	mov	r2, r0
      0x00413404: 0x0130a0e1	mov	r3, r1
      0x00413408: 0x0600a0e1	mov	r0, r6
      0x0041340c: 0x0710a0e1	mov	r1, r7
bl    at 0x00413410: hooking 0x0a0500eb	bl	#0x414840 -> 0x0eb303eb	bl	#0x500050
      0x00413414: 0x080054e1	cmp	r4, r8
      0x00413418: 0x0060a0e1	mov	r6, r0
      0x0041341c: 0x0170a0e1	mov	r7, r1
      0x00413420: 0xf3ffff1a	bne	#0x4133f4
      0x00413424: 0xc000a9e8	stm	sb!, {r6, r7}
      0x00413428: 0x0b0059e1	cmp	sb, fp
      0x0041342c: 0x08a08ae2	add	sl, sl, #8
      0x00413430: 0xe6ffff1a	bne	#0x4133d0
      0x00413434: 0x14309de5	ldr	r3, [sp, #0x14]
      0x00413438: 0x10109de5	ldr	r1, [sp, #0x10]
      0x0041343c: 0x08009de5	ldr	r0, [sp, #8]
      0x00413440: 0x04308de5	str	r3, [sp, #4]
      0x00413444: 0x0331a0e1	lsl	r3, r3, #2
      0x00413448: 0x042043e2	sub	r2, r3, #4
      0x0041344c: 0x00b081e0	add	fp, r1, r0
      0x00413450: 0x30108de2	add	r1, sp, #0x30
      0x00413454: 0x022081e0	add	r2, r1, r2
      0x00413458: 0x033081e0	add	r3, r1, r3
      0x0041345c: 0x24208de5	str	r2, [sp, #0x24]
      0x00413460: 0x28308de5	str	r3, [sp, #0x28]
      0x00413464: 0x04209de5	ldr	r2, [sp, #4]
      0x00413468: 0x263e8de2	add	r3, sp, #0x260
      0x0041346c: 0x823183e0	add	r3, r3, r2, lsl #3
      0x00413470: 0x000052e3	cmp	r2, #0
      0x00413474: 0xa05043e2	sub	r5, r3, #0xa0
      0x00413478: 0x300095e8	ldm	r5, {r4, r5}
      0x0041347c: 0x1d0000da	ble	#0x4134f8
      0x00413480: 0x07ad8de2	add	sl, sp, #0x1c0
      0x00413484: 0x82818ae0	add	r8, sl, r2, lsl #3
      0x00413488: 0x2c908de2	add	sb, sp, #0x2c
      0x0041348c: 0x0020a0e3	mov	r2, #0
      0x00413490: 0x643a9fe5	ldr	r3, [pc, #0xa64]
      0x00413494: 0x0400a0e1	mov	r0, r4
      0x00413498: 0x0510a0e1	mov	r1, r5
bl    at 0x0041349c: hooking 0xed0500eb	bl	#0x414c58 -> 0xebb203eb	bl	#0x500050
bl    at 0x004134a0: hooking 0x720700eb	bl	#0x415270 -> 0xeab203eb	bl	#0x500050
bl    at 0x004134a4: hooking 0xb20500eb	bl	#0x414b74 -> 0xe9b203eb	bl	#0x500050
      0x004134a8: 0x0020a0e3	mov	r2, #0
      0x004134ac: 0x4c3a9fe5	ldr	r3, [pc, #0xa4c]
      0x004134b0: 0x0060a0e1	mov	r6, r0
      0x004134b4: 0x0170a0e1	mov	r7, r1
bl    at 0x004134b8: hooking 0xe60500eb	bl	#0x414c58 -> 0xe4b203eb	bl	#0x500050
      0x004134bc: 0x0020a0e1	mov	r2, r0
      0x004134c0: 0x0130a0e1	mov	r3, r1
      0x004134c4: 0x0400a0e1	mov	r0, r4
      0x004134c8: 0x0510a0e1	mov	r1, r5
bl    at 0x004134cc: hooking 0xda0400eb	bl	#0x41483c -> 0xdfb203eb	bl	#0x500050
bl    at 0x004134d0: hooking 0x660700eb	bl	#0x415270 -> 0xdeb203eb	bl	#0x500050
      0x004134d4: 0x0c0038e9	ldmdb	r8!, {r2, r3}
      0x004134d8: 0x0400a9e5	str	r0, [sb, #4]!
      0x004134dc: 0x0710a0e1	mov	r1, r7
      0x004134e0: 0x0600a0e1	mov	r0, r6
bl    at 0x004134e4: hooking 0xd50400eb	bl	#0x414840 -> 0xd9b203eb	bl	#0x500050
      0x004134e8: 0x0a0058e1	cmp	r8, sl
      0x004134ec: 0x0040a0e1	mov	r4, r0
      0x004134f0: 0x0150a0e1	mov	r5, r1
      0x004134f4: 0xe4ffff1a	bne	#0x41348c
      0x004134f8: 0x18909de5	ldr	sb, [sp, #0x18]
      0x004134fc: 0x0400a0e1	mov	r0, r4
      0x00413500: 0x0510a0e1	mov	r1, r5
      0x00413504: 0x0920a0e1	mov	r2, sb
bl    at 0x00413508: hooking 0x0a0300eb	bl	#0x414138 -> 0xd0b203eb	bl	#0x500050
      0x0041350c: 0x0020a0e3	mov	r2, #0
      0x00413510: 0xff35a0e3	mov	r3, #0x3fc00000
      0x00413514: 0x0040a0e1	mov	r4, r0
      0x00413518: 0x0150a0e1	mov	r5, r1
bl    at 0x0041351c: hooking 0xcd0500eb	bl	#0x414c58 -> 0xcbb203eb	bl	#0x500050
bl    at 0x00413520: hooking 0x9cfbffeb	bl	#0x412398 -> 0xcab203eb	bl	#0x500050
      0x00413524: 0x0020a0e3	mov	r2, #0
      0x00413528: 0xd4399fe5	ldr	r3, [pc, #0x9d4]
bl    at 0x0041352c: hooking 0xc90500eb	bl	#0x414c58 -> 0xc7b203eb	bl	#0x500050
      0x00413530: 0x0020a0e1	mov	r2, r0
      0x00413534: 0x0130a0e1	mov	r3, r1
      0x00413538: 0x0400a0e1	mov	r0, r4
      0x0041353c: 0x0510a0e1	mov	r1, r5
bl    at 0x00413540: hooking 0xbd0400eb	bl	#0x41483c -> 0xc2b203eb	bl	#0x500050
      0x00413544: 0x0150a0e1	mov	r5, r1
      0x00413548: 0x0040a0e1	mov	r4, r0
bl    at 0x0041354c: hooking 0x470700eb	bl	#0x415270 -> 0xbfb203eb	bl	#0x500050
      0x00413550: 0x0080a0e1	mov	r8, r0
bl    at 0x00413554: hooking 0x860500eb	bl	#0x414b74 -> 0xbdb203eb	bl	#0x500050
      0x00413558: 0x0020a0e1	mov	r2, r0
      0x0041355c: 0x0130a0e1	mov	r3, r1
      0x00413560: 0x0400a0e1	mov	r0, r4
      0x00413564: 0x0510a0e1	mov	r1, r5
bl    at 0x00413568: hooking 0xb30400eb	bl	#0x41483c -> 0xb8b203eb	bl	#0x500050
      0x0041356c: 0x000059e3	cmp	sb, #0
      0x00413570: 0x0060a0e1	mov	r6, r0
      0x00413574: 0x0170a0e1	mov	r7, r1
      0x00413578: 0x680000da	ble	#0x413720
      0x0041357c: 0x04309de5	ldr	r3, [sp, #4]
      0x00413580: 0x012043e2	sub	r2, r3, #1
      0x00413584: 0x263e8de2	add	r3, sp, #0x260
      0x00413588: 0x022183e0	add	r2, r3, r2, lsl #2
      0x0041358c: 0x303212e5	ldr	r3, [r2, #-0x230]
      0x00413590: 0x185069e2	rsb	r5, sb, #0x18
      0x00413594: 0x5315a0e1	asr	r1, r3, r5
      0x00413598: 0x113543e0	sub	r3, r3, r1, lsl r5
      0x0041359c: 0x175069e2	rsb	r5, sb, #0x17
      0x004135a0: 0x5355a0e1	asr	r5, r3, r5
      0x004135a4: 0x000055e3	cmp	r5, #0
      0x004135a8: 0x303202e5	str	r3, [r2, #-0x230]
      0x004135ac: 0x018088e0	add	r8, r8, r1
      0x004135b0: 0x620000ca	bgt	#0x413740
      0x004135b4: 0x0020a0e3	mov	r2, #0
      0x004135b8: 0x0030a0e3	mov	r3, #0
      0x004135bc: 0x0600a0e1	mov	r0, r6
      0x004135c0: 0x0710a0e1	mov	r1, r7
bl    at 0x004135c4: hooking 0xfd0600eb	bl	#0x4151c0 -> 0xa1b203eb	bl	#0x500050
      0x004135c8: 0x000050e3	cmp	r0, #0
      0x004135cc: 0xf601000a	beq	#0x413dac
      0x004135d0: 0x04309de5	ldr	r3, [sp, #4]
      0x004135d4: 0x14209de5	ldr	r2, [sp, #0x14]
      0x004135d8: 0x019043e2	sub	sb, r3, #1
      0x004135dc: 0x090052e1	cmp	r2, sb
      0x004135e0: 0x090000ca	bgt	#0x41360c
      0x004135e4: 0x0020a0e3	mov	r2, #0
      0x004135e8: 0x30108de2	add	r1, sp, #0x30
      0x004135ec: 0x28009de5	ldr	r0, [sp, #0x28]
      0x004135f0: 0x033181e0	add	r3, r1, r3, lsl #2
      0x004135f4: 0x041033e5	ldr	r1, [r3, #-4]!
      0x004135f8: 0x000053e1	cmp	r3, r0
      0x004135fc: 0x012082e1	orr	r2, r2, r1
      0x00413600: 0xfbffff1a	bne	#0x4135f4
      0x00413604: 0x000052e3	cmp	r2, #0
      0x00413608: 0xb700001a	bne	#0x4138ec
      0x0041360c: 0x14209de5	ldr	r2, [sp, #0x14]
      0x00413610: 0x263e8de2	add	r3, sp, #0x260
      0x00413614: 0x023183e0	add	r3, r3, r2, lsl #2
      0x00413618: 0x343213e5	ldr	r3, [r3, #-0x234]
      0x0041361c: 0x000053e3	cmp	r3, #0
      0x00413620: 0xac00001a	bne	#0x4138d8
      0x00413624: 0x0130a0e3	mov	r3, #1
      0x00413628: 0x24209de5	ldr	r2, [sp, #0x24]
      0x0041362c: 0x041032e5	ldr	r1, [r2, #-4]!
      0x00413630: 0x000051e3	cmp	r1, #0
      0x00413634: 0x013083e2	add	r3, r3, #1
      0x00413638: 0xfbffff0a	beq	#0x41362c
      0x0041363c: 0x04109de5	ldr	r1, [sp, #4]
      0x00413640: 0x012081e2	add	r2, r1, #1
      0x00413644: 0x0290a0e1	mov	sb, r2
      0x00413648: 0x033081e0	add	r3, r1, r3
      0x0041364c: 0x08308de5	str	r3, [sp, #8]
      0x00413650: 0x1c309de5	ldr	r3, [sp, #0x1c]
      0x00413654: 0x04109de5	ldr	r1, [sp, #4]
      0x00413658: 0x03a082e0	add	sl, r2, r3
      0x0041365c: 0x20309de5	ldr	r3, [sp, #0x20]
      0x00413660: 0x015083e0	add	r5, r3, r1
      0x00413664: 0x80308de2	add	r3, sp, #0x80
      0x00413668: 0x855183e0	add	r5, r3, r5, lsl #3
      0x0041366c: 0x8c329de5	ldr	r3, [sp, #0x28c]
      0x00413670: 0x07a14ae2	sub	sl, sl, #0xc0000001
      0x00413674: 0x0aa183e0	add	sl, r3, sl, lsl #2
      0x00413678: 0x073d8de2	add	r3, sp, #0x1c0
      0x0041367c: 0x823183e0	add	r3, r3, r2, lsl #3
      0x00413680: 0x04308de5	str	r3, [sp, #4]
      0x00413684: 0x0400bae5	ldr	r0, [sl, #4]!
bl    at 0x00413688: hooking 0x390500eb	bl	#0x414b74 -> 0x70b203eb	bl	#0x500050
      0x0041368c: 0x0580a0e1	mov	r8, r5
      0x00413690: 0x0130a0e1	mov	r3, r1
      0x00413694: 0x0020a0e1	mov	r2, r0
      0x00413698: 0x0c109de5	ldr	r1, [sp, #0xc]
      0x0041369c: 0x000051e3	cmp	r1, #0
      0x004136a0: 0x0c00a8e8	stm	r8!, {r2, r3}
      0x004136a4: 0x1a0000ba	blt	#0x413714
      0x004136a8: 0x10409de5	ldr	r4, [sp, #0x10]
      0x004136ac: 0x0060a0e3	mov	r6, #0
      0x004136b0: 0x0070a0e3	mov	r7, #0
b     at 0x004136b4: hooking 0x000000ea	b	#0x4136bc -> 0x51b203eb	bl	#0x500000
      0x004136b8: 0x0c0035e9	ldmdb	r5!, {r2, r3}
      0x004136bc: 0x0300b4e8	ldm	r4!, {r0, r1}
bl    at 0x004136c0: hooking 0x640500eb	bl	#0x414c58 -> 0x62b203eb	bl	#0x500050
      0x004136c4: 0x0020a0e1	mov	r2, r0
      0x004136c8: 0x0130a0e1	mov	r3, r1
      0x004136cc: 0x0600a0e1	mov	r0, r6
      0x004136d0: 0x0710a0e1	mov	r1, r7
bl    at 0x004136d4: hooking 0x590400eb	bl	#0x414840 -> 0x5db203eb	bl	#0x500050
      0x004136d8: 0x0b0054e1	cmp	r4, fp
      0x004136dc: 0x0060a0e1	mov	r6, r0
      0x004136e0: 0x0170a0e1	mov	r7, r1
      0x004136e4: 0xf3ffff1a	bne	#0x4136b8
      0x004136e8: 0x08309de5	ldr	r3, [sp, #8]
      0x004136ec: 0x019089e2	add	sb, sb, #1
      0x004136f0: 0x030059e1	cmp	sb, r3
      0x004136f4: 0x04309de5	ldr	r3, [sp, #4]
      0x004136f8: 0xc000a3e8	stm	r3!, {r6, r7}
      0x004136fc: 0x0850a0e1	mov	r5, r8
      0x00413700: 0x04308de5	str	r3, [sp, #4]
      0x00413704: 0xdeffffda	ble	#0x413684
      0x00413708: 0x08309de5	ldr	r3, [sp, #8]
      0x0041370c: 0x04308de5	str	r3, [sp, #4]
b     at 0x00413710: hooking 0x53ffffea	b	#0x413464 -> 0x3ab203eb	bl	#0x500000
      0x00413714: 0x0060a0e3	mov	r6, #0
      0x00413718: 0x0070a0e3	mov	r7, #0
b     at 0x0041371c: hooking 0xf1ffffea	b	#0x4136e8 -> 0x37b203eb	bl	#0x500000
      0x00413720: 0x5900001a	bne	#0x41388c
      0x00413724: 0x04209de5	ldr	r2, [sp, #4]
      0x00413728: 0x263e8de2	add	r3, sp, #0x260
      0x0041372c: 0x023183e0	add	r3, r3, r2, lsl #2
      0x00413730: 0x345213e5	ldr	r5, [r3, #-0x234]
      0x00413734: 0xc55ba0e1	asr	r5, r5, #0x17
      0x00413738: 0x000055e3	cmp	r5, #0
      0x0041373c: 0x9cffffda	ble	#0x4135b4
      0x00413740: 0x04309de5	ldr	r3, [sp, #4]
      0x00413744: 0x000053e3	cmp	r3, #0
      0x00413748: 0x018088e2	add	r8, r8, #1
      0x0041374c: 0x940100da	ble	#0x413da4
      0x00413750: 0x30409de5	ldr	r4, [sp, #0x30]
      0x00413754: 0x000054e3	cmp	r4, #0
      0x00413758: 0x3200001a	bne	#0x413828
      0x0041375c: 0x04309de5	ldr	r3, [sp, #4]
      0x00413760: 0x010053e3	cmp	r3, #1
      0x00413764: 0x0900000a	beq	#0x413790
      0x00413768: 0x0120a0e3	mov	r2, #1
      0x0041376c: 0x34108de2	add	r1, sp, #0x34
      0x00413770: 0x044091e4	ldr	r4, [r1], #4
      0x00413774: 0x000054e3	cmp	r4, #0
      0x00413778: 0x013082e2	add	r3, r2, #1
      0x0041377c: 0x2b00001a	bne	#0x413830
      0x00413780: 0x0320a0e1	mov	r2, r3
      0x00413784: 0x04309de5	ldr	r3, [sp, #4]
      0x00413788: 0x020053e1	cmp	r3, r2
      0x0041378c: 0xf7ffff1a	bne	#0x413770
      0x00413790: 0x18309de5	ldr	r3, [sp, #0x18]
      0x00413794: 0x000053e3	cmp	r3, #0
      0x00413798: 0x0b0000da	ble	#0x4137cc
      0x0041379c: 0x010053e3	cmp	r3, #1
      0x004137a0: 0xe000000a	beq	#0x413b28
      0x004137a4: 0x020053e3	cmp	r3, #2
      0x004137a8: 0x0700001a	bne	#0x4137cc
      0x004137ac: 0x04309de5	ldr	r3, [sp, #4]
      0x004137b0: 0x012043e2	sub	r2, r3, #1
      0x004137b4: 0x263e8de2	add	r3, sp, #0x260
      0x004137b8: 0x022183e0	add	r2, r3, r2, lsl #2
      0x004137bc: 0x303212e5	ldr	r3, [r2, #-0x230]
      0x004137c0: 0xff34c3e3	bic	r3, r3, #0xff000000
      0x004137c4: 0x0335c3e3	bic	r3, r3, #0xc00000
      0x004137c8: 0x303202e5	str	r3, [r2, #-0x230]
      0x004137cc: 0x020055e3	cmp	r5, #2
      0x004137d0: 0x77ffff1a	bne	#0x4135b4
      0x004137d4: 0x0620a0e1	mov	r2, r6
      0x004137d8: 0x0730a0e1	mov	r3, r7
      0x004137dc: 0x0000a0e3	mov	r0, #0
      0x004137e0: 0x20179fe5	ldr	r1, [pc, #0x720]
bl    at 0x004137e4: hooking 0x140400eb	bl	#0x41483c -> 0x19b203eb	bl	#0x500050
      0x004137e8: 0x000054e3	cmp	r4, #0
      0x004137ec: 0x0060a0e1	mov	r6, r0
      0x004137f0: 0x0170a0e1	mov	r7, r1
      0x004137f4: 0x6effff0a	beq	#0x4135b4
      0x004137f8: 0x18209de5	ldr	r2, [sp, #0x18]
      0x004137fc: 0x0000a0e3	mov	r0, #0
      0x00413800: 0x00179fe5	ldr	r1, [pc, #0x700]
bl    at 0x00413804: hooking 0x4b0200eb	bl	#0x414138 -> 0x11b203eb	bl	#0x500050
      0x00413808: 0x0020a0e1	mov	r2, r0
      0x0041380c: 0x0130a0e1	mov	r3, r1
      0x00413810: 0x0600a0e1	mov	r0, r6
      0x00413814: 0x0710a0e1	mov	r1, r7
bl    at 0x00413818: hooking 0x070400eb	bl	#0x41483c -> 0x0cb203eb	bl	#0x500050
      0x0041381c: 0x0060a0e1	mov	r6, r0
      0x00413820: 0x0170a0e1	mov	r7, r1
b     at 0x00413824: hooking 0x62ffffea	b	#0x4135b4 -> 0xf5b103eb	bl	#0x500000
      0x00413828: 0x0130a0e3	mov	r3, #1
      0x0041382c: 0x0020a0e3	mov	r2, #0
      0x00413830: 0x04009de5	ldr	r0, [sp, #4]
      0x00413834: 0x261e8de2	add	r1, sp, #0x260
      0x00413838: 0x022181e0	add	r2, r1, r2, lsl #2
      0x0041383c: 0x014464e2	rsb	r4, r4, #0x1000000
      0x00413840: 0x030050e1	cmp	r0, r3
      0x00413844: 0x304202e5	str	r4, [r2, #-0x230]
      0x00413848: 0x0d0000da	ble	#0x413884
      0x0041384c: 0x0331a0e1	lsl	r3, r3, #2
      0x00413850: 0x262e8de2	add	r2, sp, #0x260
      0x00413854: 0x032082e0	add	r2, r2, r3
      0x00413858: 0x30c08de2	add	ip, sp, #0x30
      0x0041385c: 0xff14e0e3	mvn	r1, #0xff000000
      0x00413860: 0x302212e5	ldr	r2, [r2, #-0x230]
      0x00413864: 0x03308ce0	add	r3, ip, r3
      0x00413868: 0x00018ce0	add	r0, ip, r0, lsl #2
b     at 0x0041386c: hooking 0x000000ea	b	#0x413874 -> 0xe3b103eb	bl	#0x500000
      0x00413870: 0x002093e5	ldr	r2, [r3]
      0x00413874: 0x022041e0	sub	r2, r1, r2
      0x00413878: 0x042083e4	str	r2, [r3], #4
      0x0041387c: 0x000053e1	cmp	r3, r0
      0x00413880: 0xfaffff1a	bne	#0x413870
      0x00413884: 0x0140a0e3	mov	r4, #1
b     at 0x00413888: hooking 0xc0ffffea	b	#0x413790 -> 0xdcb103eb	bl	#0x500000
      0x0041388c: 0x0020a0e3	mov	r2, #0
      0x00413890: 0x74369fe5	ldr	r3, [pc, #0x674]
bl    at 0x00413894: hooking 0x5b0600eb	bl	#0x415208 -> 0xedb103eb	bl	#0x500050
      0x00413898: 0x005050e2	subs	r5, r0, #0
      0x0041389c: 0x44ffff0a	beq	#0x4135b4
      0x004138a0: 0x04309de5	ldr	r3, [sp, #4]
      0x004138a4: 0x000053e3	cmp	r3, #0
      0x004138a8: 0x018088e2	add	r8, r8, #1
      0x004138ac: 0x0250a0c3	movgt	r5, #2
      0x004138b0: 0xa6ffffca	bgt	#0x413750
      0x004138b4: 0x0620a0e1	mov	r2, r6
      0x004138b8: 0x0730a0e1	mov	r3, r7
      0x004138bc: 0x0000a0e3	mov	r0, #0
      0x004138c0: 0x40169fe5	ldr	r1, [pc, #0x640]
bl    at 0x004138c4: hooking 0xdc0300eb	bl	#0x41483c -> 0xe1b103eb	bl	#0x500050
      0x004138c8: 0x0250a0e3	mov	r5, #2
      0x004138cc: 0x0060a0e1	mov	r6, r0
      0x004138d0: 0x0170a0e1	mov	r7, r1
b     at 0x004138d4: hooking 0x36ffffea	b	#0x4135b4 -> 0xc9b103eb	bl	#0x500000
      0x004138d8: 0x04309de5	ldr	r3, [sp, #4]
      0x004138dc: 0x012083e2	add	r2, r3, #1
      0x004138e0: 0x0290a0e1	mov	sb, r2
      0x004138e4: 0x08208de5	str	r2, [sp, #8]
b     at 0x004138e8: hooking 0x58ffffea	b	#0x413650 -> 0xc4b103eb	bl	#0x500000
      0x004138ec: 0x263e8de2	add	r3, sp, #0x260
      0x004138f0: 0x093183e0	add	r3, r3, sb, lsl #2
      0x004138f4: 0x303213e5	ldr	r3, [r3, #-0x230]
      0x004138f8: 0x000053e3	cmp	r3, #0
      0x004138fc: 0x18309de5	ldr	r3, [sp, #0x18]
      0x00413900: 0x182043e2	sub	r2, r3, #0x18
      0x00413904: 0x10808de5	str	r8, [sp, #0x10]
      0x00413908: 0x0c508de5	str	r5, [sp, #0xc]
      0x0041390c: 0x18208de5	str	r2, [sp, #0x18]
      0x00413910: 0x0900001a	bne	#0x41393c
      0x00413914: 0x04309de5	ldr	r3, [sp, #4]
      0x00413918: 0x30108de2	add	r1, sp, #0x30
      0x0041391c: 0x073143e2	sub	r3, r3, #0xc0000001
      0x00413920: 0x033181e0	add	r3, r1, r3, lsl #2
      0x00413924: 0x041033e5	ldr	r1, [r3, #-4]!
      0x00413928: 0x000051e3	cmp	r1, #0
      0x0041392c: 0x019049e2	sub	sb, sb, #1
      0x00413930: 0x182042e2	sub	r2, r2, #0x18
      0x00413934: 0xfaffff0a	beq	#0x413924
      0x00413938: 0x18208de5	str	r2, [sp, #0x18]
      0x0041393c: 0x18209de5	ldr	r2, [sp, #0x18]
      0x00413940: 0x0000a0e3	mov	r0, #0
      0x00413944: 0xbc159fe5	ldr	r1, [pc, #0x5bc]
bl    at 0x00413948: hooking 0xfa0100eb	bl	#0x414138 -> 0xc0b103eb	bl	#0x500050
      0x0041394c: 0x000059e3	cmp	sb, #0
      0x00413950: 0x0040a0e1	mov	r4, r0
      0x00413954: 0x0150a0e1	mov	r5, r1
      0x00413958: 0x570100ba	blt	#0x413ebc
      0x0041395c: 0x8931a0e1	lsl	r3, sb, #3
      0x00413960: 0x072d8de2	add	r2, sp, #0x1c0
      0x00413964: 0x18308de5	str	r3, [sp, #0x18]
      0x00413968: 0x033082e0	add	r3, r2, r3
      0x0041396c: 0x04308de5	str	r3, [sp, #4]
      0x00413970: 0x088083e2	add	r8, r3, #8
      0x00413974: 0x30308de2	add	r3, sp, #0x30
      0x00413978: 0x097183e0	add	r7, r3, sb, lsl #2
      0x0041397c: 0x00a0a0e3	mov	sl, #0
      0x00413980: 0x74b59fe5	ldr	fp, [pc, #0x574]
b     at 0x00413984: hooking 0x000000ea	b	#0x41398c -> 0x9db103eb	bl	#0x500000
      0x00413988: 0x0670a0e1	mov	r7, r6
      0x0041398c: 0x0760a0e1	mov	r6, r7
      0x00413990: 0x040016e4	ldr	r0, [r6], #-4
bl    at 0x00413994: hooking 0x760400eb	bl	#0x414b74 -> 0xadb103eb	bl	#0x500050
      0x00413998: 0x0420a0e1	mov	r2, r4
      0x0041399c: 0x0530a0e1	mov	r3, r5
bl    at 0x004139a0: hooking 0xac0400eb	bl	#0x414c58 -> 0xaab103eb	bl	#0x500050
      0x004139a4: 0x0b30a0e1	mov	r3, fp
      0x004139a8: 0x030028e9	stmdb	r8!, {r0, r1}
      0x004139ac: 0x0a20a0e1	mov	r2, sl
      0x004139b0: 0x0400a0e1	mov	r0, r4
      0x004139b4: 0x0510a0e1	mov	r1, r5
bl    at 0x004139b8: hooking 0xa60400eb	bl	#0x414c58 -> 0xa4b103eb	bl	#0x500050
      0x004139bc: 0x30308de2	add	r3, sp, #0x30
      0x004139c0: 0x030057e1	cmp	r7, r3
      0x004139c4: 0x0040a0e1	mov	r4, r0
      0x004139c8: 0x0150a0e1	mov	r5, r1
      0x004139cc: 0xedffff1a	bne	#0x413988
      0x004139d0: 0x00a0a0e3	mov	sl, #0
      0x004139d4: 0x123e8de2	add	r3, sp, #0x120
      0x004139d8: 0x04b09de5	ldr	fp, [sp, #4]
      0x004139dc: 0x1c908de5	str	sb, [sp, #0x1c]
      0x004139e0: 0x08308de5	str	r3, [sp, #8]
      0x004139e4: 0x04308de5	str	r3, [sp, #4]
      0x004139e8: 0x14909de5	ldr	sb, [sp, #0x14]
      0x004139ec: 0x000059e3	cmp	sb, #0
      0x004139f0: 0xe80000ba	blt	#0x413d98
      0x004139f4: 0x14859fe5	ldr	r8, [pc, #0x514]
      0x004139f8: 0x0b50a0e1	mov	r5, fp
      0x004139fc: 0x0121a0e3	mov	r2, #0x40000000
      0x00413a00: 0x0c359fe5	ldr	r3, [pc, #0x50c]
      0x00413a04: 0x0060a0e3	mov	r6, #0
      0x00413a08: 0x0070a0e3	mov	r7, #0
      0x00413a0c: 0x0040a0e3	mov	r4, #0
b     at 0x00413a10: hooking 0x020000ea	b	#0x413a20 -> 0x7ab103eb	bl	#0x500000
      0x00413a14: 0x0a0054e1	cmp	r4, sl
      0x00413a18: 0x0c0000ca	bgt	#0x413a50
      0x00413a1c: 0x0c00b8e8	ldm	r8!, {r2, r3}
      0x00413a20: 0x0300b5e8	ldm	r5!, {r0, r1}
bl    at 0x00413a24: hooking 0x8b0400eb	bl	#0x414c58 -> 0x89b103eb	bl	#0x500050
      0x00413a28: 0x0020a0e1	mov	r2, r0
      0x00413a2c: 0x0130a0e1	mov	r3, r1
      0x00413a30: 0x0600a0e1	mov	r0, r6
      0x00413a34: 0x0710a0e1	mov	r1, r7
bl    at 0x00413a38: hooking 0x800300eb	bl	#0x414840 -> 0x84b103eb	bl	#0x500050
      0x00413a3c: 0x014084e2	add	r4, r4, #1
      0x00413a40: 0x040059e1	cmp	sb, r4
      0x00413a44: 0x0060a0e1	mov	r6, r0
      0x00413a48: 0x0170a0e1	mov	r7, r1
      0x00413a4c: 0xf0ffffaa	bge	#0x413a14
      0x00413a50: 0x073d8de2	add	r3, sp, #0x1c0
      0x00413a54: 0x03005be1	cmp	fp, r3
      0x00413a58: 0x04309de5	ldr	r3, [sp, #4]
      0x00413a5c: 0xc000a3e8	stm	r3!, {r6, r7}
      0x00413a60: 0x01a08ae2	add	sl, sl, #1
      0x00413a64: 0x04308de5	str	r3, [sp, #4]
      0x00413a68: 0x08b04be2	sub	fp, fp, #8
      0x00413a6c: 0xdeffff1a	bne	#0x4139ec
      0x00413a70: 0x88329de5	ldr	r3, [sp, #0x288]
      0x00413a74: 0x1c909de5	ldr	sb, [sp, #0x1c]
      0x00413a78: 0x030053e3	cmp	r3, #3
      0x00413a7c: 0x03f19f97	ldrls	pc, [pc, r3, lsl #2]
b     at 0x00413a80: hooking 0x230000ea	b	#0x413b14 -> 0x5eb103eb	bl	#0x500000
      0x00413a84: 0x403d4000	subeq	r3, r0, r0, asr #26
      0x00413a88: 0x043d4000	subeq	r3, r0, r4, lsl #26
      0x00413a8c: 0x043d4000	subeq	r3, r0, r4, lsl #26
      0x00413a90: 0x5c3b4000	subeq	r3, r0, ip, asr fp
      0x00413a94: 0x0050a0e3	mov	r5, #0
      0x00413a98: 0x0540a0e1	mov	r4, r5
      0x00413a9c: 0x0430a0e1	mov	r3, r4
      0x00413aa0: 0x0520a0e1	mov	r2, r5
      0x00413aa4: 0x121e8de2	add	r1, sp, #0x120
      0x00413aa8: 0x030091e8	ldm	r1, {r0, r1}
bl    at 0x00413aac: hooking 0x620300eb	bl	#0x41483c -> 0x67b103eb	bl	#0x500050
      0x00413ab0: 0x0c309de5	ldr	r3, [sp, #0xc]
      0x00413ab4: 0x000053e3	cmp	r3, #0
      0x00413ab8: 0xed00001a	bne	#0x413e74
      0x00413abc: 0x0520a0e1	mov	r2, r5
      0x00413ac0: 0x0430a0e1	mov	r3, r4
      0x00413ac4: 0x2cc09de5	ldr	ip, [sp, #0x2c]
      0x00413ac8: 0x000059e3	cmp	sb, #0
      0x00413acc: 0x0c008ce8	stm	ip, {r2, r3}
      0x00413ad0: 0x0a0000da	ble	#0x413b00
      0x00413ad4: 0x0160a0e3	mov	r6, #1
      0x00413ad8: 0x4a7f8de2	add	r7, sp, #0x128
      0x00413adc: 0x0c00b7e8	ldm	r7!, {r2, r3}
      0x00413ae0: 0x016086e2	add	r6, r6, #1
bl    at 0x00413ae4: hooking 0x550300eb	bl	#0x414840 -> 0x59b103eb	bl	#0x500050
      0x00413ae8: 0x060059e1	cmp	sb, r6
      0x00413aec: 0xfaffffaa	bge	#0x413adc
      0x00413af0: 0x0c309de5	ldr	r3, [sp, #0xc]
      0x00413af4: 0x000053e3	cmp	r3, #0
      0x00413af8: 0x0000000a	beq	#0x413b00
      0x00413afc: 0x021181e2	add	r1, r1, #0x80000000
      0x00413b00: 0x0130a0e1	mov	r3, r1
      0x00413b04: 0x0020a0e1	mov	r2, r0
      0x00413b08: 0x2c109de5	ldr	r1, [sp, #0x2c]
      0x00413b0c: 0x082081e5	str	r2, [r1, #8]
      0x00413b10: 0x0c3081e5	str	r3, [r1, #0xc]
      0x00413b14: 0x10309de5	ldr	r3, [sp, #0x10]
      0x00413b18: 0x070003e2	and	r0, r3, #7
      0x00413b1c: 0x99df8de2	add	sp, sp, #0x264
      0x00413b20: 0xf04fbde8	pop	{r4, r5, r6, r7, r8, sb, sl, fp, lr}
      0x00413b24: 0x1eff2fe1	bx	lr
      0x00413b28: 0x04309de5	ldr	r3, [sp, #4]
      0x00413b2c: 0x012043e2	sub	r2, r3, #1
      0x00413b30: 0x263e8de2	add	r3, sp, #0x260
      0x00413b34: 0x022183e0	add	r2, r3, r2, lsl #2
      0x00413b38: 0x303212e5	ldr	r3, [r2, #-0x230]
      0x00413b3c: 0xff34c3e3	bic	r3, r3, #0xff000000
      0x00413b40: 0x0235c3e3	bic	r3, r3, #0x800000
      0x00413b44: 0x303202e5	str	r3, [r2, #-0x230]
b     at 0x00413b48: hooking 0x1fffffea	b	#0x4137cc -> 0x2cb103eb	bl	#0x500000
      0x00413b4c: 0x0010a0e3	mov	r1, #0
      0x00413b50: 0x1730e0e3	mvn	r3, #0x17
      0x00413b54: 0x1c108de5	str	r1, [sp, #0x1c]
b     at 0x00413b58: hooking 0xf7fdffea	b	#0x41333c -> 0x28b103eb	bl	#0x500000
      0x00413b5c: 0x000059e3	cmp	sb, #0
      0x00413b60: 0xe00000da	ble	#0x413ee8
      0x00413b64: 0x8931a0e1	lsl	r3, sb, #3
      0x00413b68: 0x262e8de2	add	r2, sp, #0x260
      0x00413b6c: 0x14308de5	str	r3, [sp, #0x14]
      0x00413b70: 0x033082e0	add	r3, r2, r3
      0x00413b74: 0x05bd43e2	sub	fp, r3, #0x140
      0x00413b78: 0x000c9be8	ldm	fp, {sl, fp}
      0x00413b7c: 0x123e8de2	add	r3, sp, #0x120
      0x00413b80: 0x08308de5	str	r3, [sp, #8]
      0x00413b84: 0x898183e0	add	r8, r3, sb, lsl #3
      0x00413b88: 0xc00038e9	ldmdb	r8!, {r6, r7}
      0x00413b8c: 0x0a20a0e1	mov	r2, sl
      0x00413b90: 0x0b30a0e1	mov	r3, fp
      0x00413b94: 0x0600a0e1	mov	r0, r6
      0x00413b98: 0x0710a0e1	mov	r1, r7
bl    at 0x00413b9c: hooking 0x270300eb	bl	#0x414840 -> 0x2bb103eb	bl	#0x500050
      0x00413ba0: 0x0040a0e1	mov	r4, r0
      0x00413ba4: 0x0150a0e1	mov	r5, r1
      0x00413ba8: 0x0020a0e1	mov	r2, r0
      0x00413bac: 0x0130a0e1	mov	r3, r1
      0x00413bb0: 0x0600a0e1	mov	r0, r6
      0x00413bb4: 0x0710a0e1	mov	r1, r7
bl    at 0x00413bb8: hooking 0x1f0300eb	bl	#0x41483c -> 0x24b103eb	bl	#0x500050
      0x00413bbc: 0x0b30a0e1	mov	r3, fp
      0x00413bc0: 0x0a20a0e1	mov	r2, sl
bl    at 0x00413bc4: hooking 0x1d0300eb	bl	#0x414840 -> 0x21b103eb	bl	#0x500050
      0x00413bc8: 0x08309de5	ldr	r3, [sp, #8]
      0x00413bcc: 0x080053e1	cmp	r3, r8
      0x00413bd0: 0x080088e5	str	r0, [r8, #8]
      0x00413bd4: 0x0c1088e5	str	r1, [r8, #0xc]
      0x00413bd8: 0x300088e8	stm	r8, {r4, r5}
      0x00413bdc: 0x04a0a0e1	mov	sl, r4
      0x00413be0: 0x05b0a0e1	mov	fp, r5
      0x00413be4: 0xe7ffff1a	bne	#0x413b88
      0x00413be8: 0x010059e3	cmp	sb, #1
      0x00413bec: 0xbd0000da	ble	#0x413ee8
      0x00413bf0: 0x14109de5	ldr	r1, [sp, #0x14]
      0x00413bf4: 0x263e8de2	add	r3, sp, #0x260
      0x00413bf8: 0x013083e0	add	r3, r3, r1
      0x00413bfc: 0x1e9249e2	sub	sb, sb, #0xe0000001
      0x00413c00: 0x8921a0e1	lsl	r2, sb, #3
      0x00413c04: 0x057d43e2	sub	r7, r3, #0x140
      0x00413c08: 0xc00097e8	ldm	r7, {r6, r7}
      0x00413c0c: 0x08309de5	ldr	r3, [sp, #8]
      0x00413c10: 0x08a082e2	add	sl, r2, #8
      0x00413c14: 0x04208de5	str	r2, [sp, #4]
      0x00413c18: 0x0aa083e0	add	sl, r3, sl
      0x00413c1c: 0x4abf8de2	add	fp, sp, #0x128
      0x00413c20: 0x00033ae9	ldmdb	sl!, {r8, sb}
      0x00413c24: 0x0620a0e1	mov	r2, r6
      0x00413c28: 0x0730a0e1	mov	r3, r7
      0x00413c2c: 0x0800a0e1	mov	r0, r8
      0x00413c30: 0x0910a0e1	mov	r1, sb
bl    at 0x00413c34: hooking 0x010300eb	bl	#0x414840 -> 0x05b103eb	bl	#0x500050
      0x00413c38: 0x0040a0e1	mov	r4, r0
      0x00413c3c: 0x0150a0e1	mov	r5, r1
      0x00413c40: 0x0020a0e1	mov	r2, r0
      0x00413c44: 0x0130a0e1	mov	r3, r1
      0x00413c48: 0x0800a0e1	mov	r0, r8
      0x00413c4c: 0x0910a0e1	mov	r1, sb
bl    at 0x00413c50: hooking 0xf90200eb	bl	#0x41483c -> 0xfeb003eb	bl	#0x500050
      0x00413c54: 0x0620a0e1	mov	r2, r6
      0x00413c58: 0x0730a0e1	mov	r3, r7
bl    at 0x00413c5c: hooking 0xf70200eb	bl	#0x414840 -> 0xfbb003eb	bl	#0x500050
      0x00413c60: 0x0a005be1	cmp	fp, sl
      0x00413c64: 0x08008ae5	str	r0, [sl, #8]
      0x00413c68: 0x0c108ae5	str	r1, [sl, #0xc]
      0x00413c6c: 0x30008ae8	stm	sl, {r4, r5}
      0x00413c70: 0x0460a0e1	mov	r6, r4
      0x00413c74: 0x0570a0e1	mov	r7, r5
      0x00413c78: 0xe8ffff1a	bne	#0x413c20
      0x00413c7c: 0x0030a0e3	mov	r3, #0
      0x00413c80: 0x0320a0e1	mov	r2, r3
      0x00413c84: 0x04109de5	ldr	r1, [sp, #4]
      0x00413c88: 0x104081e2	add	r4, r1, #0x10
      0x00413c8c: 0x08109de5	ldr	r1, [sp, #8]
      0x00413c90: 0x044081e0	add	r4, r1, r4
      0x00413c94: 0x105081e2	add	r5, r1, #0x10
      0x00413c98: 0x0300a0e1	mov	r0, r3
      0x00413c9c: 0x0210a0e1	mov	r1, r2
      0x00413ca0: 0x0c0034e9	ldmdb	r4!, {r2, r3}
bl    at 0x00413ca4: hooking 0xe50200eb	bl	#0x414840 -> 0xe9b003eb	bl	#0x500050
      0x00413ca8: 0x040055e1	cmp	r5, r4
      0x00413cac: 0x0030a0e1	mov	r3, r0
      0x00413cb0: 0x0120a0e1	mov	r2, r1
      0x00413cb4: 0xf7ffff1a	bne	#0x413c98
      0x00413cb8: 0x0c109de5	ldr	r1, [sp, #0xc]
      0x00413cbc: 0x128e8de2	add	r8, sp, #0x120
      0x00413cc0: 0x000051e3	cmp	r1, #0
      0x00413cc4: 0x004398e8	ldm	r8, {r8, sb, lr}
      0x00413cc8: 0x2cc19de5	ldr	ip, [sp, #0x12c]
      0x00413ccc: 0x6f00001a	bne	#0x413e90
      0x00413cd0: 0x0300a0e1	mov	r0, r3
      0x00413cd4: 0x0860a0e1	mov	r6, r8
      0x00413cd8: 0x0e40a0e1	mov	r4, lr
      0x00413cdc: 0x0970a0e1	mov	r7, sb
      0x00413ce0: 0x0c50a0e1	mov	r5, ip
      0x00413ce4: 0x0210a0e1	mov	r1, r2
      0x00413ce8: 0x2c309de5	ldr	r3, [sp, #0x2c]
      0x00413cec: 0xc00083e8	stm	r3, {r6, r7}
      0x00413cf0: 0x084083e5	str	r4, [r3, #8]
      0x00413cf4: 0x0c5083e5	str	r5, [r3, #0xc]
      0x00413cf8: 0x100083e5	str	r0, [r3, #0x10]
      0x00413cfc: 0x141083e5	str	r1, [r3, #0x14]
b     at 0x00413d00: hooking 0x83ffffea	b	#0x413b14 -> 0xbeb003eb	bl	#0x500000
      0x00413d04: 0x0050a0e3	mov	r5, #0
      0x00413d08: 0x0540a0e1	mov	r4, r5
      0x00413d0c: 0x18309de5	ldr	r3, [sp, #0x18]
      0x00413d10: 0x08709de5	ldr	r7, [sp, #8]
      0x00413d14: 0x086083e2	add	r6, r3, #8
      0x00413d18: 0x066087e0	add	r6, r7, r6
      0x00413d1c: 0x0500a0e1	mov	r0, r5
      0x00413d20: 0x0410a0e1	mov	r1, r4
      0x00413d24: 0x0c0036e9	ldmdb	r6!, {r2, r3}
bl    at 0x00413d28: hooking 0xc40200eb	bl	#0x414840 -> 0xc8b003eb	bl	#0x500050
      0x00413d2c: 0x060057e1	cmp	r7, r6
      0x00413d30: 0x0050a0e1	mov	r5, r0
      0x00413d34: 0x0140a0e1	mov	r4, r1
      0x00413d38: 0xf7ffff1a	bne	#0x413d1c
b     at 0x00413d3c: hooking 0x56ffffea	b	#0x413a9c -> 0xafb003eb	bl	#0x500000
      0x00413d40: 0x0020a0e3	mov	r2, #0
      0x00413d44: 0x0230a0e1	mov	r3, r2
      0x00413d48: 0x18109de5	ldr	r1, [sp, #0x18]
      0x00413d4c: 0x08509de5	ldr	r5, [sp, #8]
      0x00413d50: 0x084081e2	add	r4, r1, #8
      0x00413d54: 0x044085e0	add	r4, r5, r4
      0x00413d58: 0x0200a0e1	mov	r0, r2
      0x00413d5c: 0x0310a0e1	mov	r1, r3
      0x00413d60: 0x0c0034e9	ldmdb	r4!, {r2, r3}
bl    at 0x00413d64: hooking 0xb50200eb	bl	#0x414840 -> 0xb9b003eb	bl	#0x500050
      0x00413d68: 0x040055e1	cmp	r5, r4
      0x00413d6c: 0x0020a0e1	mov	r2, r0
      0x00413d70: 0x0130a0e1	mov	r3, r1
      0x00413d74: 0xf7ffff1a	bne	#0x413d58
      0x00413d78: 0x0c109de5	ldr	r1, [sp, #0xc]
      0x00413d7c: 0x000051e3	cmp	r1, #0
      0x00413d80: 0x02318312	addne	r3, r3, #0x80000000
      0x00413d84: 0x0310a0e1	mov	r1, r3
      0x00413d88: 0x0200a0e1	mov	r0, r2
      0x00413d8c: 0x2c309de5	ldr	r3, [sp, #0x2c]
      0x00413d90: 0x030083e8	stm	r3, {r0, r1}
b     at 0x00413d94: hooking 0x5effffea	b	#0x413b14 -> 0x99b003eb	bl	#0x500000
      0x00413d98: 0x0060a0e3	mov	r6, #0
      0x00413d9c: 0x0070a0e3	mov	r7, #0
b     at 0x00413da0: hooking 0x2affffea	b	#0x413a50 -> 0x96b003eb	bl	#0x500000
      0x00413da4: 0x0040a0e3	mov	r4, #0
b     at 0x00413da8: hooking 0x78feffea	b	#0x413790 -> 0x94b003eb	bl	#0x500000
      0x00413dac: 0x0710a0e1	mov	r1, r7
      0x00413db0: 0x18709de5	ldr	r7, [sp, #0x18]
      0x00413db4: 0x0600a0e1	mov	r0, r6
      0x00413db8: 0x002067e2	rsb	r2, r7, #0
      0x00413dbc: 0x0c508de5	str	r5, [sp, #0xc]
      0x00413dc0: 0x10808de5	str	r8, [sp, #0x10]
bl    at 0x00413dc4: hooking 0xdb0000eb	bl	#0x414138 -> 0xa1b003eb	bl	#0x500050
      0x00413dc8: 0x0020a0e3	mov	r2, #0
      0x00413dcc: 0x2c319fe5	ldr	r3, [pc, #0x12c]
      0x00413dd0: 0x0040a0e1	mov	r4, r0
      0x00413dd4: 0x0150a0e1	mov	r5, r1
bl    at 0x00413dd8: hooking 0x0a0500eb	bl	#0x415208 -> 0x9cb003eb	bl	#0x500050
      0x00413ddc: 0x000050e3	cmp	r0, #0
      0x00413de0: 0x1a00000a	beq	#0x413e50
      0x00413de4: 0x0020a0e3	mov	r2, #0
      0x00413de8: 0x0c319fe5	ldr	r3, [pc, #0x10c]
      0x00413dec: 0x0400a0e1	mov	r0, r4
      0x00413df0: 0x0510a0e1	mov	r1, r5
bl    at 0x00413df4: hooking 0x970300eb	bl	#0x414c58 -> 0x95b003eb	bl	#0x500050
bl    at 0x00413df8: hooking 0x1c0500eb	bl	#0x415270 -> 0x94b003eb	bl	#0x500050
      0x00413dfc: 0x0060a0e1	mov	r6, r0
bl    at 0x00413e00: hooking 0x5b0300eb	bl	#0x414b74 -> 0x92b003eb	bl	#0x500050
      0x00413e04: 0x0020a0e3	mov	r2, #0
      0x00413e08: 0xf0309fe5	ldr	r3, [pc, #0xf0]
bl    at 0x00413e0c: hooking 0x910300eb	bl	#0x414c58 -> 0x8fb003eb	bl	#0x500050
      0x00413e10: 0x0020a0e1	mov	r2, r0
      0x00413e14: 0x0130a0e1	mov	r3, r1
      0x00413e18: 0x0400a0e1	mov	r0, r4
      0x00413e1c: 0x0510a0e1	mov	r1, r5
bl    at 0x00413e20: hooking 0x850200eb	bl	#0x41483c -> 0x8ab003eb	bl	#0x500050
bl    at 0x00413e24: hooking 0x110500eb	bl	#0x415270 -> 0x89b003eb	bl	#0x500050
      0x00413e28: 0x04309de5	ldr	r3, [sp, #4]
      0x00413e2c: 0x262e8de2	add	r2, sp, #0x260
      0x00413e30: 0x019083e2	add	sb, r3, #1
      0x00413e34: 0x03b182e0	add	fp, r2, r3, lsl #2
      0x00413e38: 0x093182e0	add	r3, r2, sb, lsl #2
      0x00413e3c: 0x182087e2	add	r2, r7, #0x18
      0x00413e40: 0x30020be5	str	r0, [fp, #-0x230]
      0x00413e44: 0x18208de5	str	r2, [sp, #0x18]
      0x00413e48: 0x306203e5	str	r6, [r3, #-0x230]
b     at 0x00413e4c: hooking 0xbafeffea	b	#0x41393c -> 0x6bb003eb	bl	#0x500000
      0x00413e50: 0x0400a0e1	mov	r0, r4
      0x00413e54: 0x0510a0e1	mov	r1, r5
bl    at 0x00413e58: hooking 0x040500eb	bl	#0x415270 -> 0x7cb003eb	bl	#0x500050
      0x00413e5c: 0x04309de5	ldr	r3, [sp, #4]
      0x00413e60: 0x262e8de2	add	r2, sp, #0x260
      0x00413e64: 0x03b182e0	add	fp, r2, r3, lsl #2
      0x00413e68: 0x0390a0e1	mov	sb, r3
      0x00413e6c: 0x30020be5	str	r0, [fp, #-0x230]
b     at 0x00413e70: hooking 0xb1feffea	b	#0x41393c -> 0x62b003eb	bl	#0x500000
      0x00413e74: 0x2c309de5	ldr	r3, [sp, #0x2c]
      0x00413e78: 0x024184e2	add	r4, r4, #0x80000000
      0x00413e7c: 0x000059e3	cmp	sb, #0
      0x00413e80: 0x044083e5	str	r4, [r3, #4]
      0x00413e84: 0x005083e5	str	r5, [r3]
      0x00413e88: 0x11ffffca	bgt	#0x413ad4
b     at 0x00413e8c: hooking 0x1affffea	b	#0x413afc -> 0x5bb003eb	bl	#0x500000
      0x00413e90: 0x2c109de5	ldr	r1, [sp, #0x2c]
      0x00413e94: 0x029189e2	add	sb, sb, #0x80000000
      0x00413e98: 0x02c18ce2	add	ip, ip, #0x80000000
      0x00413e9c: 0x022182e2	add	r2, r2, #0x80000000
      0x00413ea0: 0x049081e5	str	sb, [r1, #4]
      0x00413ea4: 0x0cc081e5	str	ip, [r1, #0xc]
      0x00413ea8: 0x142081e5	str	r2, [r1, #0x14]
      0x00413eac: 0x008081e5	str	r8, [r1]
      0x00413eb0: 0x08e081e5	str	lr, [r1, #8]
      0x00413eb4: 0x103081e5	str	r3, [r1, #0x10]
b     at 0x00413eb8: hooking 0x15ffffea	b	#0x413b14 -> 0x50b003eb	bl	#0x500000
      0x00413ebc: 0x88329de5	ldr	r3, [sp, #0x288]
      0x00413ec0: 0x030053e3	cmp	r3, #3
      0x00413ec4: 0x03f19f97	ldrls	pc, [pc, r3, lsl #2]
b     at 0x00413ec8: hooking 0x11ffffea	b	#0x413b14 -> 0x4cb003eb	bl	#0x500000
      0x00413ecc: 0xdc3e4000	ldrdeq	r3, r4, [r0], #-0xec
      0x00413ed0: 0x943a4000	umaaleq	r3, r0, r4, sl
      0x00413ed4: 0x943a4000	umaaleq	r3, r0, r4, sl
      0x00413ed8: 0x5c3b4000	subeq	r3, r0, ip, asr fp
      0x00413edc: 0x0020a0e3	mov	r2, #0
      0x00413ee0: 0x0230a0e1	mov	r3, r2
b     at 0x00413ee4: hooking 0xa3ffffea	b	#0x413d78 -> 0x45b003eb	bl	#0x500000
      0x00413ee8: 0x0030a0e3	mov	r3, #0
      0x00413eec: 0x0320a0e1	mov	r2, r3
b     at 0x00413ef0: hooking 0x70ffffea	b	#0x413cb8 -> 0x42b003eb	bl	#0x500000
      0x00413ef4: 0x38664000	subeq	r6, r0, r8, lsr r6
      0x00413ef8: 0xabaaaa2a	bhs	#0xfeebe9ac
      0x00413efc: 0x0000703e	cdplo	p0, #7, c0, c0, c0, #0
      0x00413f00: 0x00007041	cmnmi	r0, r0
      0x00413f04: 0x00002040	eormi	r0, r0, r0
      0x00413f08: 0x0000f03f	svclo	#0xf00000
      0x00413f0c: 0x0000e03f	svclo	#0xe00000
      0x00413f10: 0x50664000	subeq	r6, r0, r0, asr r6
      0x00413f14: 0xfb21f93f	svclo	#0xf921fb
      0x00413f18: 0xf04f2de9	push	{r4, r5, r6, r7, r8, sb, sl, fp, lr}
      0x00413f1c: 0x02c1c1e3	bic	ip, r1, #0x80000000
      0x00413f20: 0xf9055ce3	cmp	ip, #0x3e400000
      0x00413f24: 0x14d04de2	sub	sp, sp, #0x14
      0x00413f28: 0x0140a0e1	mov	r4, r1
      0x00413f2c: 0x0280a0e1	mov	r8, r2
      0x00413f30: 0x0390a0e1	mov	sb, r3
      0x00413f34: 0x0050a0e1	mov	r5, r0
      0x00413f38: 0x020000aa	bge	#0x413f48
bl    at 0x00413f3c: hooking 0xcb0400eb	bl	#0x415270 -> 0x43b003eb	bl	#0x500050
      0x00413f40: 0x000050e3	cmp	r0, #0
      0x00413f44: 0x6600000a	beq	#0x4140e4
      0x00413f48: 0x0520a0e1	mov	r2, r5
      0x00413f4c: 0x0430a0e1	mov	r3, r4
      0x00413f50: 0x0500a0e1	mov	r0, r5
      0x00413f54: 0x0410a0e1	mov	r1, r4
bl    at 0x00413f58: hooking 0x3e0300eb	bl	#0x414c58 -> 0x3cb003eb	bl	#0x500050
      0x00413f5c: 0x0060a0e1	mov	r6, r0
      0x00413f60: 0x0170a0e1	mov	r7, r1
      0x00413f64: 0x0020a0e1	mov	r2, r0
      0x00413f68: 0x0130a0e1	mov	r3, r1
      0x00413f6c: 0x0500a0e1	mov	r0, r5
      0x00413f70: 0x0410a0e1	mov	r1, r4
bl    at 0x00413f74: hooking 0x370300eb	bl	#0x414c58 -> 0x35b003eb	bl	#0x500050
      0x00413f78: 0x5e3f8fe2	add	r3, pc, #0x178
      0x00413f7c: 0x0c0093e8	ldm	r3, {r2, r3}
      0x00413f80: 0x00a0a0e1	mov	sl, r0
      0x00413f84: 0x01b0a0e1	mov	fp, r1
      0x00413f88: 0x0600a0e1	mov	r0, r6
      0x00413f8c: 0x0710a0e1	mov	r1, r7
bl    at 0x00413f90: hooking 0x300300eb	bl	#0x414c58 -> 0x2eb003eb	bl	#0x500050
      0x00413f94: 0x593f8fe2	add	r3, pc, #0x164
      0x00413f98: 0x0c0093e8	ldm	r3, {r2, r3}
bl    at 0x00413f9c: hooking 0x260200eb	bl	#0x41483c -> 0x2bb003eb	bl	#0x500050
      0x00413fa0: 0x0620a0e1	mov	r2, r6
      0x00413fa4: 0x0730a0e1	mov	r3, r7
bl    at 0x00413fa8: hooking 0x2a0300eb	bl	#0x414c58 -> 0x28b003eb	bl	#0x500050
      0x00413fac: 0x553f8fe2	add	r3, pc, #0x154
      0x00413fb0: 0x0c0093e8	ldm	r3, {r2, r3}
bl    at 0x00413fb4: hooking 0x210200eb	bl	#0x414840 -> 0x25b003eb	bl	#0x500050
      0x00413fb8: 0x0620a0e1	mov	r2, r6
      0x00413fbc: 0x0730a0e1	mov	r3, r7
bl    at 0x00413fc0: hooking 0x240300eb	bl	#0x414c58 -> 0x22b003eb	bl	#0x500050
      0x00413fc4: 0x513f8fe2	add	r3, pc, #0x144
      0x00413fc8: 0x0c0093e8	ldm	r3, {r2, r3}
bl    at 0x00413fcc: hooking 0x1a0200eb	bl	#0x41483c -> 0x1fb003eb	bl	#0x500050
      0x00413fd0: 0x0620a0e1	mov	r2, r6
      0x00413fd4: 0x0730a0e1	mov	r3, r7
bl    at 0x00413fd8: hooking 0x1e0300eb	bl	#0x414c58 -> 0x1cb003eb	bl	#0x500050
      0x00413fdc: 0x4d3f8fe2	add	r3, pc, #0x134
      0x00413fe0: 0x0c0093e8	ldm	r3, {r2, r3}
bl    at 0x00413fe4: hooking 0x150200eb	bl	#0x414840 -> 0x19b003eb	bl	#0x500050
      0x00413fe8: 0x38309de5	ldr	r3, [sp, #0x38]
      0x00413fec: 0x000053e3	cmp	r3, #0
      0x00413ff0: 0x03008de8	stm	sp, {r0, r1}
      0x00413ff4: 0x2900000a	beq	#0x4140a0
      0x00413ff8: 0x0020a0e3	mov	r2, #0
      0x00413ffc: 0x24319fe5	ldr	r3, [pc, #0x124]
      0x00414000: 0x0800a0e1	mov	r0, r8
      0x00414004: 0x0910a0e1	mov	r1, sb
bl    at 0x00414008: hooking 0x120300eb	bl	#0x414c58 -> 0x10b003eb	bl	#0x500050
      0x0041400c: 0x0c009de8	ldm	sp, {r2, r3}
      0x00414010: 0x08008de5	str	r0, [sp, #8]
      0x00414014: 0x0c108de5	str	r1, [sp, #0xc]
      0x00414018: 0x0a00a0e1	mov	r0, sl
      0x0041401c: 0x0b10a0e1	mov	r1, fp
bl    at 0x00414020: hooking 0x0c0300eb	bl	#0x414c58 -> 0x0ab003eb	bl	#0x500050
      0x00414024: 0x0020a0e1	mov	r2, r0
      0x00414028: 0x0130a0e1	mov	r3, r1
      0x0041402c: 0x08108de2	add	r1, sp, #8
      0x00414030: 0x030091e8	ldm	r1, {r0, r1}
bl    at 0x00414034: hooking 0x000200eb	bl	#0x41483c -> 0x05b003eb	bl	#0x500050
      0x00414038: 0x0620a0e1	mov	r2, r6
      0x0041403c: 0x0730a0e1	mov	r3, r7
bl    at 0x00414040: hooking 0x040300eb	bl	#0x414c58 -> 0x02b003eb	bl	#0x500050
      0x00414044: 0x0820a0e1	mov	r2, r8
      0x00414048: 0x0930a0e1	mov	r3, sb
bl    at 0x0041404c: hooking 0xfa0100eb	bl	#0x41483c -> 0xffaf03eb	bl	#0x500050
      0x00414050: 0xc8308fe2	add	r3, pc, #0xc8
      0x00414054: 0x0c0093e8	ldm	r3, {r2, r3}
      0x00414058: 0x0060a0e1	mov	r6, r0
      0x0041405c: 0x0170a0e1	mov	r7, r1
      0x00414060: 0x0a00a0e1	mov	r0, sl
      0x00414064: 0x0b10a0e1	mov	r1, fp
bl    at 0x00414068: hooking 0xfa0200eb	bl	#0x414c58 -> 0xf8af03eb	bl	#0x500050
      0x0041406c: 0x0020a0e1	mov	r2, r0
      0x00414070: 0x0130a0e1	mov	r3, r1
      0x00414074: 0x0600a0e1	mov	r0, r6
      0x00414078: 0x0710a0e1	mov	r1, r7
bl    at 0x0041407c: hooking 0xef0100eb	bl	#0x414840 -> 0xf3af03eb	bl	#0x500050
      0x00414080: 0x0020a0e1	mov	r2, r0
      0x00414084: 0x0130a0e1	mov	r3, r1
      0x00414088: 0x0500a0e1	mov	r0, r5
      0x0041408c: 0x0410a0e1	mov	r1, r4
bl    at 0x00414090: hooking 0xe90100eb	bl	#0x41483c -> 0xeeaf03eb	bl	#0x500050
      0x00414094: 0x14d08de2	add	sp, sp, #0x14
      0x00414098: 0xf04fbde8	pop	{r4, r5, r6, r7, r8, sb, sl, fp, lr}
      0x0041409c: 0x1eff2fe1	bx	lr
      0x004140a0: 0x0020a0e1	mov	r2, r0
      0x004140a4: 0x0130a0e1	mov	r3, r1
      0x004140a8: 0x0600a0e1	mov	r0, r6
      0x004140ac: 0x0710a0e1	mov	r1, r7
bl    at 0x004140b0: hooking 0xe80200eb	bl	#0x414c58 -> 0xe6af03eb	bl	#0x500050
      0x004140b4: 0x64308fe2	add	r3, pc, #0x64
      0x004140b8: 0x0c0093e8	ldm	r3, {r2, r3}
bl    at 0x004140bc: hooking 0xde0100eb	bl	#0x41483c -> 0xe3af03eb	bl	#0x500050
      0x004140c0: 0x0a20a0e1	mov	r2, sl
      0x004140c4: 0x0b30a0e1	mov	r3, fp
bl    at 0x004140c8: hooking 0xe20200eb	bl	#0x414c58 -> 0xe0af03eb	bl	#0x500050
      0x004140cc: 0x0520a0e1	mov	r2, r5
      0x004140d0: 0x0430a0e1	mov	r3, r4
bl    at 0x004140d4: hooking 0xd90100eb	bl	#0x414840 -> 0xddaf03eb	bl	#0x500050
      0x004140d8: 0x14d08de2	add	sp, sp, #0x14
      0x004140dc: 0xf04fbde8	pop	{r4, r5, r6, r7, r8, sb, sl, fp, lr}
      0x004140e0: 0x1eff2fe1	bx	lr
      0x004140e4: 0x0500a0e1	mov	r0, r5
      0x004140e8: 0x0410a0e1	mov	r1, r4
      0x004140ec: 0x14d08de2	add	sp, sp, #0x14
      0x004140f0: 0xf04fbde8	pop	{r4, r5, r6, r7, r8, sb, sl, fp, lr}
      0x004140f4: 0x1eff2fe1	bx	lr
      0x004140f8: 0x7cd5cf5a	bpl	#0xff8096f0
      0x004140fc: 0x3ad9e53d	stcllo	p9, c13, [r5, #0xe8]!
      0x00414100: 0xeb9c2b8a	bhi	#0xefb4b4
      0x00414104: 0xe6e55a3e	cdplo	p5, #5, c14, c10, c6, #7
Invalid instruction at 0x00414108, skipping.
      0x0041410c: 0xe31dc73e	cdplo	p13, #0xc, c1, c7, c3, #7
      0x00414110: 0xd561c119	stmibne	r1, {r0, r2, r4, r6, r7, r8, sp, lr} ^
      0x00414114: 0xa0012a3f	svclo	#0x2a01a0
      0x00414118: 0xa6f81011	tstne	r0, r6, lsr #17
      0x0041411c: 0x1111813f	svclo	#0x811111
      0x00414120: 0x49555555	ldrbpl	r5, [r5, #-0x549]
      0x00414124: 0x5555c53f	svclo	#0xc55555
      0x00414128: 0x0000e03f	svclo	#0xe00000
      0x0041412c: 0x0231c1e3	bic	r3, r1, #0x80000000
      0x00414130: 0x0310a0e1	mov	r1, r3
      0x00414134: 0x1eff2fe1	bx	lr
      0x00414138: 0xf0412de9	push	{r4, r5, r6, r7, r8, lr}
      0x0041413c: 0x64619fe5	ldr	r6, [pc, #0x164]
      0x00414140: 0x41ca16e0	ands	ip, r6, r1, asr #20
      0x00414144: 0x0040a0e1	mov	r4, r0
      0x00414148: 0x0150a0e1	mov	r5, r1
      0x0041414c: 0x0130a0e1	mov	r3, r1
      0x00414150: 0x0270a0e1	mov	r7, r2
      0x00414154: 0x2100001a	bne	#0x4141e0
      0x00414158: 0x0231c1e3	bic	r3, r1, #0x80000000
      0x0041415c: 0x003093e1	orrs	r3, r3, r0
      0x00414160: 0x1c00000a	beq	#0x4141d8
      0x00414164: 0x40319fe5	ldr	r3, [pc, #0x140]
      0x00414168: 0x0020a0e3	mov	r2, #0
bl    at 0x0041416c: hooking 0xb90200eb	bl	#0x414c58 -> 0xb7af03eb	bl	#0x500050
      0x00414170: 0x38319fe5	ldr	r3, [pc, #0x138]
      0x00414174: 0x030057e1	cmp	r7, r3
      0x00414178: 0x0130a0a1	movge	r3, r1
      0x0041417c: 0x43ca06a0	andge	ip, r6, r3, asr #20
      0x00414180: 0x0040a0e1	mov	r4, r0
      0x00414184: 0x0150a0e1	mov	r5, r1
      0x00414188: 0x36c04ca2	subge	ip, ip, #0x36
      0x0041418c: 0x0e0000ba	blt	#0x4141cc
      0x00414190: 0x1c219fe5	ldr	r2, [pc, #0x11c]
      0x00414194: 0x0cc087e0	add	ip, r7, ip
      0x00414198: 0x02005ce1	cmp	ip, r2
      0x0041419c: 0x150000ca	bgt	#0x4141f8
      0x004141a0: 0x00005ce3	cmp	ip, #0
      0x004141a4: 0x2d0000ca	bgt	#0x414260
      0x004141a8: 0x35007ce3	cmn	ip, #0x35
      0x004141ac: 0x200000aa	bge	#0x414234
      0x004141b0: 0x00319fe5	ldr	r3, [pc, #0x100]
      0x004141b4: 0x030057e1	cmp	r7, r3
      0x004141b8: 0x0e0000ca	bgt	#0x4141f8
      0x004141bc: 0x000055e3	cmp	r5, #0
      0x004141c0: 0xc0108fe2	add	r1, pc, #0xc0
      0x004141c4: 0x030091e8	ldm	r1, {r0, r1}
      0x004141c8: 0x2b0000ba	blt	#0x41427c
      0x004141cc: 0xb4308fe2	add	r3, pc, #0xb4
      0x004141d0: 0x0c0093e8	ldm	r3, {r2, r3}
bl    at 0x004141d4: hooking 0x9f0200eb	bl	#0x414c58 -> 0x9daf03eb	bl	#0x500050
      0x004141d8: 0xf041bde8	pop	{r4, r5, r6, r7, r8, lr}
      0x004141dc: 0x1eff2fe1	bx	lr
      0x004141e0: 0x06005ce1	cmp	ip, r6
      0x004141e4: 0xe9ffff1a	bne	#0x414190
      0x004141e8: 0x0020a0e1	mov	r2, r0
bl    at 0x004141ec: hooking 0x930100eb	bl	#0x414840 -> 0x97af03eb	bl	#0x500050
      0x004141f0: 0xf041bde8	pop	{r4, r5, r6, r7, r8, lr}
      0x004141f4: 0x1eff2fe1	bx	lr
      0x004141f8: 0x000055e3	cmp	r5, #0
      0x004141fc: 0x8c108fe2	add	r1, pc, #0x8c
      0x00414200: 0x030091e8	ldm	r1, {r0, r1}
      0x00414204: 0x040000ba	blt	#0x41421c
      0x00414208: 0x80308fe2	add	r3, pc, #0x80
      0x0041420c: 0x0c0093e8	ldm	r3, {r2, r3}
bl    at 0x00414210: hooking 0x900200eb	bl	#0x414c58 -> 0x8eaf03eb	bl	#0x500050
      0x00414214: 0xf041bde8	pop	{r4, r5, r6, r7, r8, lr}
      0x00414218: 0x1eff2fe1	bx	lr
      0x0041421c: 0x6c308fe2	add	r3, pc, #0x6c
      0x00414220: 0x0c0093e8	ldm	r3, {r2, r3}
      0x00414224: 0x6c108fe2	add	r1, pc, #0x6c
      0x00414228: 0x030091e8	ldm	r1, {r0, r1}
bl    at 0x0041422c: hooking 0x890200eb	bl	#0x414c58 -> 0x87af03eb	bl	#0x500050
b     at 0x00414230: hooking 0xf7ffffea	b	#0x414214 -> 0x72af03eb	bl	#0x500000
      0x00414234: 0x7f34c3e3	bic	r3, r3, #0x7f000000
      0x00414238: 0x0f36c3e3	bic	r3, r3, #0xf00000
      0x0041423c: 0x36c08ce2	add	ip, ip, #0x36
      0x00414240: 0x0c5a83e1	orr	r5, r3, ip, lsl #20
      0x00414244: 0x0400a0e1	mov	r0, r4
      0x00414248: 0x0510a0e1	mov	r1, r5
      0x0041424c: 0x0020a0e3	mov	r2, #0
      0x00414250: 0x64309fe5	ldr	r3, [pc, #0x64]
bl    at 0x00414254: hooking 0x7f0200eb	bl	#0x414c58 -> 0x7daf03eb	bl	#0x500050
      0x00414258: 0xf041bde8	pop	{r4, r5, r6, r7, r8, lr}
      0x0041425c: 0x1eff2fe1	bx	lr
      0x00414260: 0x7f34c3e3	bic	r3, r3, #0x7f000000
      0x00414264: 0x0f36c3e3	bic	r3, r3, #0xf00000
      0x00414268: 0x0c5a83e1	orr	r5, r3, ip, lsl #20
      0x0041426c: 0x0400a0e1	mov	r0, r4
      0x00414270: 0x0510a0e1	mov	r1, r5
      0x00414274: 0xf041bde8	pop	{r4, r5, r6, r7, r8, lr}
      0x00414278: 0x1eff2fe1	bx	lr
      0x0041427c: 0x1c108fe2	add	r1, pc, #0x1c
      0x00414280: 0x030091e8	ldm	r1, {r0, r1}
b     at 0x00414284: hooking 0xd0ffffea	b	#0x4141cc -> 0x5daf03eb	bl	#0x500000
      0x00414288: 0x59f3f8c2	rscsgt	pc, r8, #0x64000001
Invalid instruction at 0x0041428c, skipping.
      0x00414290: 0x9c750088	stmdahi	r0, {r2, r3, r4, r7, r8, sl, ip, sp, lr}
      0x00414294: 0x3ce4377e	mrcvc	p4, #1, lr, c7, c12, #1
      0x00414298: 0x9c750088	stmdahi	r0, {r2, r3, r4, r7, r8, sl, ip, sp, lr}
      0x0041429c: 0x3ce437fe	mrc2	p4, #1, lr, c7, c12, #1
      0x004142a0: 0x59f3f8c2	rscsgt	pc, r8, #0x64000001
Invalid instruction at 0x004142a4, skipping.
      0x004142a8: 0xff070000	strdeq	r0, r1, [r0], -pc
      0x004142ac: 0x00005043	cmpmi	r0, #0
Invalid instruction at 0x004142b0, skipping.
      0x004142b4: 0xfe070000	strdeq	r0, r1, [r0], -lr
      0x004142b8: 0x50c30000	andeq	ip, r0, r0, asr r3
      0x004142bc: 0x0000903c	ldclo	p0, c0, [r0], {0}
      0x004142c0: 0x70402de9	push	{r4, r5, r6, lr}
      0x004142c4: 0xffc0a0e3	mov	ip, #0xff
      0x004142c8: 0x07cc8ce3	orr	ip, ip, #0x700
      0x004142cc: 0x214a1ce0	ands	r4, ip, r1, lsr #20
      0x004142d0: 0x235a1c10	andsne	r5, ip, r3, lsr #20
      0x004142d4: 0x0c003411	teqne	r4, ip
      0x004142d8: 0x0c003511	teqne	r5, ip
      0x004142dc: 0x7500000b	bleq	#0x4144b8
      0x004142e0: 0x054084e0	add	r4, r4, r5
      0x004142e4: 0x036021e0	eor	r6, r1, r3
      0x004142e8: 0x8c1ac1e1	bic	r1, r1, ip, lsl #21
      0x004142ec: 0x8c3ac3e1	bic	r3, r3, ip, lsl #21
      0x004142f0: 0x015690e1	orrs	r5, r0, r1, lsl #12
      0x004142f4: 0x03569211	orrsne	r5, r2, r3, lsl #12
      0x004142f8: 0x011681e3	orr	r1, r1, #0x100000
      0x004142fc: 0x013683e3	orr	r3, r3, #0x100000
      0x00414300: 0x1d00000a	beq	#0x41437c
      0x00414304: 0x90c28ee0	umull	ip, lr, r0, r2
      0x00414308: 0x0050a0e3	mov	r5, #0
      0x0041430c: 0x91e2a5e0	umlal	lr, r5, r1, r2
      0x00414310: 0x022106e2	and	r2, r6, #0x80000000
      0x00414314: 0x90e3a5e0	umlal	lr, r5, r0, r3
      0x00414318: 0x0060a0e3	mov	r6, #0
      0x0041431c: 0x9153a6e0	umlal	r5, r6, r1, r3
      0x00414320: 0x00003ce3	teq	ip, #0
      0x00414324: 0x01e08e13	orrne	lr, lr, #1
      0x00414328: 0xff4044e2	sub	r4, r4, #0xff
      0x0041432c: 0x020c56e3	cmp	r6, #0x200
      0x00414330: 0x034cc4e2	sbc	r4, r4, #0x300
      0x00414334: 0x0200002a	bhs	#0x414344
      0x00414338: 0x8ee0b0e1	lsls	lr, lr, #1
      0x0041433c: 0x0550b5e0	adcs	r5, r5, r5
      0x00414340: 0x0660a6e0	adc	r6, r6, r6
      0x00414344: 0x861582e1	orr	r1, r2, r6, lsl #11
      0x00414348: 0xa51a81e1	orr	r1, r1, r5, lsr #21
      0x0041434c: 0x8505a0e1	lsl	r0, r5, #0xb
      0x00414350: 0xae0a80e1	orr	r0, r0, lr, lsr #21
      0x00414354: 0x8ee5a0e1	lsl	lr, lr, #0xb
      0x00414358: 0xfdc054e2	subs	ip, r4, #0xfd
      0x0041435c: 0x070c5c83	cmphi	ip, #0x700
      0x00414360: 0x1100008a	bhi	#0x4143ac
      0x00414364: 0x02015ee3	cmp	lr, #0x80000000
      0x00414368: 0xa0e0b001	lsrseq	lr, r0, #1
      0x0041436c: 0x0000b0e2	adcs	r0, r0, #0
      0x00414370: 0x041aa1e0	adc	r1, r1, r4, lsl #20
      0x00414374: 0x7040bde8	pop	{r4, r5, r6, lr}
      0x00414378: 0x1eff2fe1	bx	lr
      0x0041437c: 0x026106e2	and	r6, r6, #0x80000000
      0x00414380: 0x011086e1	orr	r1, r6, r1
      0x00414384: 0x020080e1	orr	r0, r0, r2
      0x00414388: 0x031021e0	eor	r1, r1, r3
      0x0041438c: 0xac4054e0	subs	r4, r4, ip, lsr #1
      0x00414390: 0x0c5074c0	rsbsgt	r5, r4, ip
      0x00414394: 0x041a81c1	orrgt	r1, r1, r4, lsl #20
      0x00414398: 0x7040bdc8	popgt	{r4, r5, r6, lr}
      0x0041439c: 0x1eff2fc1	bxgt	lr
      0x004143a0: 0x011681e3	orr	r1, r1, #0x100000
      0x004143a4: 0x00e0a0e3	mov	lr, #0
      0x004143a8: 0x014054e2	subs	r4, r4, #1
      0x004143ac: 0x5d0000ca	bgt	#0x414528
      0x004143b0: 0x360074e3	cmn	r4, #0x36
      0x004143b4: 0x0000a0d3	movle	r0, #0
      0x004143b8: 0x021101d2	andle	r1, r1, #0x80000000
      0x004143bc: 0x7040bdd8	pople	{r4, r5, r6, lr}
      0x004143c0: 0x1eff2fd1	bxle	lr
      0x004143c4: 0x004064e2	rsb	r4, r4, #0
      0x004143c8: 0x204054e2	subs	r4, r4, #0x20
      0x004143cc: 0x1a0000aa	bge	#0x41443c
      0x004143d0: 0x0c4094e2	adds	r4, r4, #0xc
      0x004143d4: 0x0c0000ca	bgt	#0x41440c
      0x004143d8: 0x144084e2	add	r4, r4, #0x14
      0x004143dc: 0x205064e2	rsb	r5, r4, #0x20
      0x004143e0: 0x1035a0e1	lsl	r3, r0, r5
      0x004143e4: 0x3004a0e1	lsr	r0, r0, r4
      0x004143e8: 0x110580e1	orr	r0, r0, r1, lsl r5
      0x004143ec: 0x022101e2	and	r2, r1, #0x80000000
      0x004143f0: 0x0211c1e3	bic	r1, r1, #0x80000000
      0x004143f4: 0xa30f90e0	adds	r0, r0, r3, lsr #31
      0x004143f8: 0x3114a2e0	adc	r1, r2, r1, lsr r4
      0x004143fc: 0x83e09ee1	orrs	lr, lr, r3, lsl #1
      0x00414400: 0xa30fc001	biceq	r0, r0, r3, lsr #31
      0x00414404: 0x7040bde8	pop	{r4, r5, r6, lr}
      0x00414408: 0x1eff2fe1	bx	lr
      0x0041440c: 0x0c4064e2	rsb	r4, r4, #0xc
      0x00414410: 0x205064e2	rsb	r5, r4, #0x20
      0x00414414: 0x1034a0e1	lsl	r3, r0, r4
      0x00414418: 0x3005a0e1	lsr	r0, r0, r5
      0x0041441c: 0x110480e1	orr	r0, r0, r1, lsl r4
      0x00414420: 0x021101e2	and	r1, r1, #0x80000000
      0x00414424: 0xa30f90e0	adds	r0, r0, r3, lsr #31
      0x00414428: 0x0010a1e2	adc	r1, r1, #0
      0x0041442c: 0x83e09ee1	orrs	lr, lr, r3, lsl #1
      0x00414430: 0xa30fc001	biceq	r0, r0, r3, lsr #31
      0x00414434: 0x7040bde8	pop	{r4, r5, r6, lr}
      0x00414438: 0x1eff2fe1	bx	lr
      0x0041443c: 0x205064e2	rsb	r5, r4, #0x20
      0x00414440: 0x10e58ee1	orr	lr, lr, r0, lsl r5
      0x00414444: 0x3034a0e1	lsr	r3, r0, r4
      0x00414448: 0x113583e1	orr	r3, r3, r1, lsl r5
      0x0041444c: 0x3104a0e1	lsr	r0, r1, r4
      0x00414450: 0x021101e2	and	r1, r1, #0x80000000
      0x00414454: 0x3104c0e1	bic	r0, r0, r1, lsr r4
      0x00414458: 0xa30f80e0	add	r0, r0, r3, lsr #31
      0x0041445c: 0x83e09ee1	orrs	lr, lr, r3, lsl #1
      0x00414460: 0xa30fc001	biceq	r0, r0, r3, lsr #31
      0x00414464: 0x7040bde8	pop	{r4, r5, r6, lr}
      0x00414468: 0x1eff2fe1	bx	lr
      0x0041446c: 0x000034e3	teq	r4, #0
      0x00414470: 0x0800001a	bne	#0x414498
      0x00414474: 0x026101e2	and	r6, r1, #0x80000000
      0x00414478: 0x8000b0e1	lsls	r0, r0, #1
      0x0041447c: 0x0110a1e0	adc	r1, r1, r1
      0x00414480: 0x010611e3	tst	r1, #0x100000
      0x00414484: 0x01404402	subeq	r4, r4, #1
      0x00414488: 0xfaffff0a	beq	#0x414478
      0x0041448c: 0x061081e1	orr	r1, r1, r6
      0x00414490: 0x000035e3	teq	r5, #0
      0x00414494: 0x1eff2f11	bxne	lr
      0x00414498: 0x026103e2	and	r6, r3, #0x80000000
      0x0041449c: 0x8220b0e1	lsls	r2, r2, #1
      0x004144a0: 0x0330a3e0	adc	r3, r3, r3
      0x004144a4: 0x010613e3	tst	r3, #0x100000
      0x004144a8: 0x01504502	subeq	r5, r5, #1
      0x004144ac: 0xfaffff0a	beq	#0x41449c
      0x004144b0: 0x063083e1	orr	r3, r3, r6
      0x004144b4: 0x1eff2fe1	bx	lr
      0x004144b8: 0x0c0034e1	teq	r4, ip
      0x004144bc: 0x235a0ce0	and	r5, ip, r3, lsr #20
      0x004144c0: 0x0c003511	teqne	r5, ip
      0x004144c4: 0x0700000a	beq	#0x4144e8
      0x004144c8: 0x816090e1	orrs	r6, r0, r1, lsl #1
      0x004144cc: 0x83609211	orrsne	r6, r2, r3, lsl #1
      0x004144d0: 0xe5ffff1a	bne	#0x41446c
      0x004144d4: 0x031021e0	eor	r1, r1, r3
      0x004144d8: 0x021101e2	and	r1, r1, #0x80000000
      0x004144dc: 0x0000a0e3	mov	r0, #0
      0x004144e0: 0x7040bde8	pop	{r4, r5, r6, lr}
      0x004144e4: 0x1eff2fe1	bx	lr
      0x004144e8: 0x816090e1	orrs	r6, r0, r1, lsl #1
      0x004144ec: 0x0200a001	moveq	r0, r2
      0x004144f0: 0x0310a001	moveq	r1, r3
      0x004144f4: 0x83609211	orrsne	r6, r2, r3, lsl #1
      0x004144f8: 0x1000000a	beq	#0x414540
      0x004144fc: 0x0c0034e1	teq	r4, ip
      0x00414500: 0x0100001a	bne	#0x41450c
      0x00414504: 0x016690e1	orrs	r6, r0, r1, lsl #12
      0x00414508: 0x0c00001a	bne	#0x414540
      0x0041450c: 0x0c0035e1	teq	r5, ip
      0x00414510: 0x0300001a	bne	#0x414524
      0x00414514: 0x036692e1	orrs	r6, r2, r3, lsl #12
      0x00414518: 0x0200a011	movne	r0, r2
      0x0041451c: 0x0310a011	movne	r1, r3
      0x00414520: 0x0600001a	bne	#0x414540
      0x00414524: 0x031021e0	eor	r1, r1, r3
      0x00414528: 0x021101e2	and	r1, r1, #0x80000000
      0x0041452c: 0x7f1481e3	orr	r1, r1, #0x7f000000
      0x00414530: 0x0f1681e3	orr	r1, r1, #0xf00000
      0x00414534: 0x0000a0e3	mov	r0, #0
      0x00414538: 0x7040bde8	pop	{r4, r5, r6, lr}
      0x0041453c: 0x1eff2fe1	bx	lr
      0x00414540: 0x7f1481e3	orr	r1, r1, #0x7f000000
      0x00414544: 0x3e1781e3	orr	r1, r1, #0xf80000
      0x00414548: 0x7040bde8	pop	{r4, r5, r6, lr}
      0x0041454c: 0x1eff2fe1	bx	lr
      0x00414550: 0xffc0a0e3	mov	ip, #0xff
      0x00414554: 0xa02b1ce0	ands	r2, ip, r0, lsr #23
      0x00414558: 0xa13b1c10	andsne	r3, ip, r1, lsr #23
      0x0041455c: 0x0c003211	teqne	r2, ip
      0x00414560: 0x0c003311	teqne	r3, ip
      0x00414564: 0x3e00000a	beq	#0x414664
      0x00414568: 0x032082e0	add	r2, r2, r3
      0x0041456c: 0x01c020e0	eor	ip, r0, r1
      0x00414570: 0x8004b0e1	lsls	r0, r0, #9
      0x00414574: 0x8114b011	lslsne	r1, r1, #9
      0x00414578: 0x1000000a	beq	#0x4145c0
      0x0041457c: 0x0233a0e3	mov	r3, #0x8000000
      0x00414580: 0xa00283e1	orr	r0, r3, r0, lsr #5
      0x00414584: 0xa11283e1	orr	r1, r3, r1, lsr #5
      0x00414588: 0x903181e0	umull	r3, r1, r0, r1
      0x0041458c: 0x02010ce2	and	r0, ip, #0x80000000
      0x00414590: 0x020551e3	cmp	r1, #0x800000
      0x00414594: 0x8110a031	lsllo	r1, r1, #1
      0x00414598: 0xa31f8131	orrlo	r1, r1, r3, lsr #31
      0x0041459c: 0x8330a031	lsllo	r3, r3, #1
      0x004145a0: 0x010080e1	orr	r0, r0, r1
      0x004145a4: 0x7f20c2e2	sbc	r2, r2, #0x7f
      0x004145a8: 0xfd0052e3	cmp	r2, #0xfd
      0x004145ac: 0x0f00008a	bhi	#0x4145f0
      0x004145b0: 0x020153e3	cmp	r3, #0x80000000
      0x004145b4: 0x820ba0e0	adc	r0, r0, r2, lsl #23
      0x004145b8: 0x0100c003	biceq	r0, r0, #1
      0x004145bc: 0x1eff2fe1	bx	lr
      0x004145c0: 0x000030e3	teq	r0, #0
      0x004145c4: 0x02c10ce2	and	ip, ip, #0x80000000
      0x004145c8: 0x8114a001	lsleq	r1, r1, #9
      0x004145cc: 0xa0048ce1	orr	r0, ip, r0, lsr #9
      0x004145d0: 0xa10480e1	orr	r0, r0, r1, lsr #9
      0x004145d4: 0x7f2052e2	subs	r2, r2, #0x7f
      0x004145d8: 0xff3072c2	rsbsgt	r3, r2, #0xff
      0x004145dc: 0x820b80c1	orrgt	r0, r0, r2, lsl #23
      0x004145e0: 0x1eff2fc1	bxgt	lr
      0x004145e4: 0x020580e3	orr	r0, r0, #0x800000
      0x004145e8: 0x0030a0e3	mov	r3, #0
      0x004145ec: 0x012052e2	subs	r2, r2, #1
      0x004145f0: 0x350000ca	bgt	#0x4146cc
      0x004145f4: 0x190072e3	cmn	r2, #0x19
      0x004145f8: 0x020100d2	andle	r0, r0, #0x80000000
      0x004145fc: 0x1eff2fd1	bxle	lr
      0x00414600: 0x002062e2	rsb	r2, r2, #0
      0x00414604: 0x8010b0e1	lsls	r1, r0, #1
      0x00414608: 0x3112a0e1	lsr	r1, r1, r2
      0x0041460c: 0x202062e2	rsb	r2, r2, #0x20
      0x00414610: 0x10c2a0e1	lsl	ip, r0, r2
      0x00414614: 0x6100b0e1	rrxs	r0, r1
      0x00414618: 0x0000a0e2	adc	r0, r0, #0
      0x0041461c: 0x8c3093e1	orrs	r3, r3, ip, lsl #1
      0x00414620: 0xac0fc001	biceq	r0, r0, ip, lsr #31
      0x00414624: 0x1eff2fe1	bx	lr
      0x00414628: 0x000032e3	teq	r2, #0
      0x0041462c: 0x02c100e2	and	ip, r0, #0x80000000
      0x00414630: 0x8000a001	lsleq	r0, r0, #1
      0x00414634: 0x02051003	tsteq	r0, #0x800000
      0x00414638: 0x01204202	subeq	r2, r2, #1
      0x0041463c: 0xfbffff0a	beq	#0x414630
      0x00414640: 0x0c0080e1	orr	r0, r0, ip
      0x00414644: 0x000033e3	teq	r3, #0
      0x00414648: 0x02c101e2	and	ip, r1, #0x80000000
      0x0041464c: 0x8110a001	lsleq	r1, r1, #1
      0x00414650: 0x02051103	tsteq	r1, #0x800000
      0x00414654: 0x01304302	subeq	r3, r3, #1
      0x00414658: 0xfbffff0a	beq	#0x41464c
      0x0041465c: 0x0c1081e1	orr	r1, r1, ip
b     at 0x00414660: hooking 0xc0ffffea	b	#0x414568 -> 0x66ae03eb	bl	#0x500000
      0x00414664: 0xa13b0ce0	and	r3, ip, r1, lsr #23
      0x00414668: 0x0c0032e1	teq	r2, ip
      0x0041466c: 0x0c003311	teqne	r3, ip
      0x00414670: 0x0500000a	beq	#0x41468c
      0x00414674: 0x02c1d0e3	bics	ip, r0, #0x80000000
      0x00414678: 0x02c1d113	bicsne	ip, r1, #0x80000000
      0x0041467c: 0xe9ffff1a	bne	#0x414628
      0x00414680: 0x010020e0	eor	r0, r0, r1
      0x00414684: 0x020100e2	and	r0, r0, #0x80000000
      0x00414688: 0x1eff2fe1	bx	lr
      0x0041468c: 0x000030e3	teq	r0, #0
      0x00414690: 0x02013013	teqne	r0, #0x80000000
      0x00414694: 0x0100a001	moveq	r0, r1
      0x00414698: 0x00003113	teqne	r1, #0
      0x0041469c: 0x02013113	teqne	r1, #0x80000000
      0x004146a0: 0x0d00000a	beq	#0x4146dc
      0x004146a4: 0x0c0032e1	teq	r2, ip
      0x004146a8: 0x0100001a	bne	#0x4146b4
      0x004146ac: 0x8024b0e1	lsls	r2, r0, #9
      0x004146b0: 0x0900001a	bne	#0x4146dc
      0x004146b4: 0x0c0033e1	teq	r3, ip
      0x004146b8: 0x0200001a	bne	#0x4146c8
      0x004146bc: 0x8134b0e1	lsls	r3, r1, #9
      0x004146c0: 0x0100a011	movne	r0, r1
      0x004146c4: 0x0400001a	bne	#0x4146dc
      0x004146c8: 0x010020e0	eor	r0, r0, r1
      0x004146cc: 0x020100e2	and	r0, r0, #0x80000000
      0x004146d0: 0x7f0480e3	orr	r0, r0, #0x7f000000
      0x004146d4: 0x020580e3	orr	r0, r0, #0x800000
      0x004146d8: 0x1eff2fe1	bx	lr
      0x004146dc: 0x7f0480e3	orr	r0, r0, #0x7f000000
      0x004146e0: 0x030580e3	orr	r0, r0, #0xc00000
      0x004146e4: 0x1eff2fe1	bx	lr
      0x004146e8: 0x000051e3	cmp	r1, #0
      0x004146ec: 0x4300000a	beq	#0x414800
      0x004146f0: 0x01c020e0	eor	ip, r0, r1
      0x004146f4: 0x00106142	rsbmi	r1, r1, #0
      0x004146f8: 0x012051e2	subs	r2, r1, #1
      0x004146fc: 0x2700000a	beq	#0x4147a0
      0x00414700: 0x0030b0e1	movs	r3, r0
      0x00414704: 0x00306042	rsbmi	r3, r0, #0
      0x00414708: 0x010053e1	cmp	r3, r1
      0x0041470c: 0x2600009a	bls	#0x4147ac
      0x00414710: 0x020011e1	tst	r1, r2
      0x00414714: 0x2800000a	beq	#0x4147bc
      0x00414718: 0x0e0211e3	tst	r1, #0xe0000000
      0x0041471c: 0x8111a001	lsleq	r1, r1, #3
      0x00414720: 0x0820a003	moveq	r2, #8
      0x00414724: 0x0120a013	movne	r2, #1
      0x00414728: 0x010251e3	cmp	r1, #0x10000000
      0x0041472c: 0x03005131	cmplo	r1, r3
      0x00414730: 0x0112a031	lsllo	r1, r1, #4
      0x00414734: 0x0222a031	lsllo	r2, r2, #4
      0x00414738: 0xfaffff3a	blo	#0x414728
      0x0041473c: 0x020151e3	cmp	r1, #0x80000000
      0x00414740: 0x03005131	cmplo	r1, r3
      0x00414744: 0x8110a031	lsllo	r1, r1, #1
      0x00414748: 0x8220a031	lsllo	r2, r2, #1
      0x0041474c: 0xfaffff3a	blo	#0x41473c
      0x00414750: 0x0000a0e3	mov	r0, #0
      0x00414754: 0x010053e1	cmp	r3, r1
      0x00414758: 0x01304320	subhs	r3, r3, r1
      0x0041475c: 0x02008021	orrhs	r0, r0, r2
      0x00414760: 0xa10053e1	cmp	r3, r1, lsr #1
      0x00414764: 0xa1304320	subhs	r3, r3, r1, lsr #1
      0x00414768: 0xa2008021	orrhs	r0, r0, r2, lsr #1
      0x0041476c: 0x210153e1	cmp	r3, r1, lsr #2
      0x00414770: 0x21314320	subhs	r3, r3, r1, lsr #2
      0x00414774: 0x22018021	orrhs	r0, r0, r2, lsr #2
      0x00414778: 0xa10153e1	cmp	r3, r1, lsr #3
      0x0041477c: 0xa1314320	subhs	r3, r3, r1, lsr #3
      0x00414780: 0xa2018021	orrhs	r0, r0, r2, lsr #3
      0x00414784: 0x000053e3	cmp	r3, #0
      0x00414788: 0x2222b011	lsrsne	r2, r2, #4
      0x0041478c: 0x2112a011	lsrne	r1, r1, #4
      0x00414790: 0xefffff1a	bne	#0x414754
      0x00414794: 0x00005ce3	cmp	ip, #0
      0x00414798: 0x00006042	rsbmi	r0, r0, #0
      0x0041479c: 0x1eff2fe1	bx	lr
      0x004147a0: 0x00003ce1	teq	ip, r0
      0x004147a4: 0x00006042	rsbmi	r0, r0, #0
      0x004147a8: 0x1eff2fe1	bx	lr
      0x004147ac: 0x0000a033	movlo	r0, #0
      0x004147b0: 0xcc0fa001	asreq	r0, ip, #0x1f
      0x004147b4: 0x01008003	orreq	r0, r0, #1
      0x004147b8: 0x1eff2fe1	bx	lr
      0x004147bc: 0x010851e3	cmp	r1, #0x10000
      0x004147c0: 0x2118a021	lsrhs	r1, r1, #0x10
      0x004147c4: 0x1020a023	movhs	r2, #0x10
      0x004147c8: 0x0020a033	movlo	r2, #0
      0x004147cc: 0x010c51e3	cmp	r1, #0x100
      0x004147d0: 0x2114a021	lsrhs	r1, r1, #8
      0x004147d4: 0x08208222	addhs	r2, r2, #8
      0x004147d8: 0x100051e3	cmp	r1, #0x10
      0x004147dc: 0x2112a021	lsrhs	r1, r1, #4
      0x004147e0: 0x04208222	addhs	r2, r2, #4
      0x004147e4: 0x040051e3	cmp	r1, #4
      0x004147e8: 0x03208282	addhi	r2, r2, #3
      0x004147ec: 0xa1208290	addls	r2, r2, r1, lsr #1
      0x004147f0: 0x00005ce3	cmp	ip, #0
      0x004147f4: 0x3302a0e1	lsr	r0, r3, r2
      0x004147f8: 0x00006042	rsbmi	r0, r0, #0
      0x004147fc: 0x1eff2fe1	bx	lr
      0x00414800: 0x000050e3	cmp	r0, #0
      0x00414804: 0x0201e0c3	mvngt	r0, #0x80000000
      0x00414808: 0x0201a0b3	movlt	r0, #0x80000000
b     at 0x0041480c: hooking 0x070000ea	b	#0x414830 -> 0xfbad03eb	bl	#0x500000
      0x00414810: 0x000051e3	cmp	r1, #0
      0x00414814: 0xf9ffff0a	beq	#0x414800
      0x00414818: 0x03402de9	push	{r0, r1, lr}
bl    at 0x0041481c: hooking 0xb3ffffeb	bl	#0x4146f0 -> 0x0bae03eb	bl	#0x500050
      0x00414820: 0x0640bde8	pop	{r1, r2, lr}
      0x00414824: 0x920003e0	mul	r3, r2, r0
      0x00414828: 0x031041e0	sub	r1, r1, r3
      0x0041482c: 0x1eff2fe1	bx	lr
      0x00414830: 0x1eff2fe1	bx	lr
      0x00414834: 0x021121e2	eor	r1, r1, #0x80000000
b     at 0x00414838: hooking 0x000000ea	b	#0x414840 -> 0xf0ad03eb	bl	#0x500000
      0x0041483c: 0x023123e2	eor	r3, r3, #0x80000000
      0x00414840: 0x30402de9	push	{r4, r5, lr}
      0x00414844: 0x8140a0e1	lsl	r4, r1, #1
      0x00414848: 0x8350a0e1	lsl	r5, r3, #1
      0x0041484c: 0x050034e1	teq	r4, r5
      0x00414850: 0x02003001	teqeq	r0, r2
      0x00414854: 0x00c09411	orrsne	ip, r4, r0
      0x00414858: 0x02c09511	orrsne	ip, r5, r2
      0x0041485c: 0xc4caf011	mvnsne	ip, r4, asr #21
      0x00414860: 0xc5caf011	mvnsne	ip, r5, asr #21
      0x00414864: 0x8c00000a	beq	#0x414a9c
      0x00414868: 0xa44aa0e1	lsr	r4, r4, #0x15
      0x0041486c: 0xa55a74e0	rsbs	r5, r4, r5, lsr #21
      0x00414870: 0x005065b2	rsblt	r5, r5, #0
      0x00414874: 0x060000da	ble	#0x414894
      0x00414878: 0x054084e0	add	r4, r4, r5
      0x0041487c: 0x022020e0	eor	r2, r0, r2
      0x00414880: 0x033021e0	eor	r3, r1, r3
      0x00414884: 0x000022e0	eor	r0, r2, r0
      0x00414888: 0x011023e0	eor	r1, r3, r1
      0x0041488c: 0x022020e0	eor	r2, r0, r2
      0x00414890: 0x033021e0	eor	r3, r1, r3
      0x00414894: 0x360055e3	cmp	r5, #0x36
      0x00414898: 0x3040bd88	pophi	{r4, r5, lr}
      0x0041489c: 0x1eff2f81	bxhi	lr
      0x004148a0: 0x020111e3	tst	r1, #0x80000000
      0x004148a4: 0x0116a0e1	lsl	r1, r1, #0xc
      0x004148a8: 0x01c6a0e3	mov	ip, #0x100000
      0x004148ac: 0x21168ce1	orr	r1, ip, r1, lsr #12
      0x004148b0: 0x0100000a	beq	#0x4148bc
      0x004148b4: 0x000070e2	rsbs	r0, r0, #0
      0x004148b8: 0x0010e1e2	rsc	r1, r1, #0
      0x004148bc: 0x020113e3	tst	r3, #0x80000000
      0x004148c0: 0x0336a0e1	lsl	r3, r3, #0xc
      0x004148c4: 0x23368ce1	orr	r3, ip, r3, lsr #12
      0x004148c8: 0x0100000a	beq	#0x4148d4
      0x004148cc: 0x002072e2	rsbs	r2, r2, #0
      0x004148d0: 0x0030e3e2	rsc	r3, r3, #0
      0x004148d4: 0x050034e1	teq	r4, r5
      0x004148d8: 0x6900000a	beq	#0x414a84
      0x004148dc: 0x014044e2	sub	r4, r4, #1
      0x004148e0: 0x20e075e2	rsbs	lr, r5, #0x20
      0x004148e4: 0x050000ba	blt	#0x414900
      0x004148e8: 0x12cea0e1	lsl	ip, r2, lr
      0x004148ec: 0x320590e0	adds	r0, r0, r2, lsr r5
      0x004148f0: 0x0010a1e2	adc	r1, r1, #0
      0x004148f4: 0x130e90e0	adds	r0, r0, r3, lsl lr
      0x004148f8: 0x5315b1e0	adcs	r1, r1, r3, asr r5
b     at 0x004148fc: hooking 0x060000ea	b	#0x41491c -> 0xbfad03eb	bl	#0x500000
      0x00414900: 0x205045e2	sub	r5, r5, #0x20
      0x00414904: 0x20e08ee2	add	lr, lr, #0x20
      0x00414908: 0x010052e3	cmp	r2, #1
      0x0041490c: 0x13cea0e1	lsl	ip, r3, lr
      0x00414910: 0x02c08c23	orrhs	ip, ip, #2
      0x00414914: 0x530590e0	adds	r0, r0, r3, asr r5
      0x00414918: 0xc31fb1e0	adcs	r1, r1, r3, asr #31
      0x0041491c: 0x025101e2	and	r5, r1, #0x80000000
      0x00414920: 0x0200005a	bpl	#0x414930
      0x00414924: 0x00c07ce2	rsbs	ip, ip, #0
      0x00414928: 0x0000f0e2	rscs	r0, r0, #0
      0x0041492c: 0x0010e1e2	rsc	r1, r1, #0
      0x00414930: 0x010651e3	cmp	r1, #0x100000
      0x00414934: 0x0f00003a	blo	#0x414978
      0x00414938: 0x020651e3	cmp	r1, #0x200000
      0x0041493c: 0x0600003a	blo	#0x41495c
      0x00414940: 0xa110b0e1	lsrs	r1, r1, #1
      0x00414944: 0x6000b0e1	rrxs	r0, r0
      0x00414948: 0x6cc0a0e1	rrx	ip, ip
      0x0041494c: 0x014084e2	add	r4, r4, #1
      0x00414950: 0x842aa0e1	lsl	r2, r4, #0x15
      0x00414954: 0x010572e3	cmn	r2, #0x400000
      0x00414958: 0x6b00002a	bhs	#0x414b0c
      0x0041495c: 0x02015ce3	cmp	ip, #0x80000000
      0x00414960: 0xa0c0b001	lsrseq	ip, r0, #1
      0x00414964: 0x0000b0e2	adcs	r0, r0, #0
      0x00414968: 0x041aa1e0	adc	r1, r1, r4, lsl #20
      0x0041496c: 0x051081e1	orr	r1, r1, r5
      0x00414970: 0x3040bde8	pop	{r4, r5, lr}
      0x00414974: 0x1eff2fe1	bx	lr
      0x00414978: 0x8cc0b0e1	lsls	ip, ip, #1
      0x0041497c: 0x0000b0e0	adcs	r0, r0, r0
      0x00414980: 0x0110a1e0	adc	r1, r1, r1
      0x00414984: 0x014054e2	subs	r4, r4, #1
      0x00414988: 0x01065123	cmphs	r1, #0x100000
      0x0041498c: 0xf2ffff2a	bhs	#0x41495c
      0x00414990: 0x000031e3	teq	r1, #0
      0x00414994: 0x1430a013	movne	r3, #0x14
      0x00414998: 0x3430a003	moveq	r3, #0x34
      0x0041499c: 0x0010a001	moveq	r1, r0
      0x004149a0: 0x0000a003	moveq	r0, #0
      0x004149a4: 0x0120a0e1	mov	r2, r1
      0x004149a8: 0x010852e3	cmp	r2, #0x10000
      0x004149ac: 0x2228a021	lsrhs	r2, r2, #0x10
      0x004149b0: 0x10304322	subhs	r3, r3, #0x10
      0x004149b4: 0x010c52e3	cmp	r2, #0x100
      0x004149b8: 0x2224a021	lsrhs	r2, r2, #8
      0x004149bc: 0x08304322	subhs	r3, r3, #8
      0x004149c0: 0x100052e3	cmp	r2, #0x10
      0x004149c4: 0x2222a021	lsrhs	r2, r2, #4
      0x004149c8: 0x04304322	subhs	r3, r3, #4
      0x004149cc: 0x040052e3	cmp	r2, #4
      0x004149d0: 0x02304322	subhs	r3, r3, #2
      0x004149d4: 0xa2304330	sublo	r3, r3, r2, lsr #1
      0x004149d8: 0xa23143e0	sub	r3, r3, r2, lsr #3
      0x004149dc: 0x202053e2	subs	r2, r3, #0x20
      0x004149e0: 0x070000aa	bge	#0x414a04
      0x004149e4: 0x0c2092e2	adds	r2, r2, #0xc
      0x004149e8: 0x040000da	ble	#0x414a00
      0x004149ec: 0x14c082e2	add	ip, r2, #0x14
      0x004149f0: 0x0c2062e2	rsb	r2, r2, #0xc
      0x004149f4: 0x110ca0e1	lsl	r0, r1, ip
      0x004149f8: 0x3112a0e1	lsr	r1, r1, r2
b     at 0x004149fc: hooking 0x040000ea	b	#0x414a14 -> 0x7fad03eb	bl	#0x500000
      0x00414a00: 0x142082e2	add	r2, r2, #0x14
      0x00414a04: 0x20c062d2	rsble	ip, r2, #0x20
      0x00414a08: 0x1112a0e1	lsl	r1, r1, r2
      0x00414a0c: 0x301c81d1	orrle	r1, r1, r0, lsr ip
      0x00414a10: 0x1002a0d1	lslle	r0, r0, r2
      0x00414a14: 0x034054e0	subs	r4, r4, r3
      0x00414a18: 0x041a81a0	addge	r1, r1, r4, lsl #20
      0x00414a1c: 0x051081a1	orrge	r1, r1, r5
      0x00414a20: 0x3040bda8	popge	{r4, r5, lr}
      0x00414a24: 0x1eff2fa1	bxge	lr
      0x00414a28: 0x0440e0e1	mvn	r4, r4
      0x00414a2c: 0x1f4054e2	subs	r4, r4, #0x1f
      0x00414a30: 0x0f0000aa	bge	#0x414a74
      0x00414a34: 0x0c4094e2	adds	r4, r4, #0xc
      0x00414a38: 0x060000ca	bgt	#0x414a58
      0x00414a3c: 0x144084e2	add	r4, r4, #0x14
      0x00414a40: 0x202064e2	rsb	r2, r4, #0x20
      0x00414a44: 0x3004a0e1	lsr	r0, r0, r4
      0x00414a48: 0x110280e1	orr	r0, r0, r1, lsl r2
      0x00414a4c: 0x311485e1	orr	r1, r5, r1, lsr r4
      0x00414a50: 0x3040bde8	pop	{r4, r5, lr}
      0x00414a54: 0x1eff2fe1	bx	lr
      0x00414a58: 0x0c4064e2	rsb	r4, r4, #0xc
      0x00414a5c: 0x202064e2	rsb	r2, r4, #0x20
      0x00414a60: 0x3002a0e1	lsr	r0, r0, r2
      0x00414a64: 0x110480e1	orr	r0, r0, r1, lsl r4
      0x00414a68: 0x0510a0e1	mov	r1, r5
      0x00414a6c: 0x3040bde8	pop	{r4, r5, lr}
      0x00414a70: 0x1eff2fe1	bx	lr
      0x00414a74: 0x3104a0e1	lsr	r0, r1, r4
      0x00414a78: 0x0510a0e1	mov	r1, r5
      0x00414a7c: 0x3040bde8	pop	{r4, r5, lr}
      0x00414a80: 0x1eff2fe1	bx	lr
      0x00414a84: 0x000034e3	teq	r4, #0
      0x00414a88: 0x013623e2	eor	r3, r3, #0x100000
      0x00414a8c: 0x01162102	eoreq	r1, r1, #0x100000
      0x00414a90: 0x01408402	addeq	r4, r4, #1
      0x00414a94: 0x01504512	subne	r5, r5, #1
b     at 0x00414a98: hooking 0x8fffffea	b	#0x4148dc -> 0x58ad03eb	bl	#0x500000
      0x00414a9c: 0xc4caf0e1	mvns	ip, r4, asr #21
      0x00414aa0: 0xc5caf011	mvnsne	ip, r5, asr #21
      0x00414aa4: 0x1d00000a	beq	#0x414b20
      0x00414aa8: 0x050034e1	teq	r4, r5
      0x00414aac: 0x02003001	teqeq	r0, r2
      0x00414ab0: 0x0400000a	beq	#0x414ac8
      0x00414ab4: 0x00c094e1	orrs	ip, r4, r0
      0x00414ab8: 0x0310a001	moveq	r1, r3
      0x00414abc: 0x0200a001	moveq	r0, r2
      0x00414ac0: 0x3040bde8	pop	{r4, r5, lr}
      0x00414ac4: 0x1eff2fe1	bx	lr
      0x00414ac8: 0x030031e1	teq	r1, r3
      0x00414acc: 0x0010a013	movne	r1, #0
      0x00414ad0: 0x0000a013	movne	r0, #0
      0x00414ad4: 0x3040bd18	popne	{r4, r5, lr}
      0x00414ad8: 0x1eff2f11	bxne	lr
      0x00414adc: 0xa4cab0e1	lsrs	ip, r4, #0x15
      0x00414ae0: 0x0400001a	bne	#0x414af8
      0x00414ae4: 0x8000b0e1	lsls	r0, r0, #1
      0x00414ae8: 0x0110b1e0	adcs	r1, r1, r1
      0x00414aec: 0x02118123	orrhs	r1, r1, #0x80000000
      0x00414af0: 0x3040bde8	pop	{r4, r5, lr}
      0x00414af4: 0x1eff2fe1	bx	lr
      0x00414af8: 0x014594e2	adds	r4, r4, #0x400000
      0x00414afc: 0x01168132	addlo	r1, r1, #0x100000
      0x00414b00: 0x3040bd38	poplo	{r4, r5, lr}
      0x00414b04: 0x1eff2f31	bxlo	lr
      0x00414b08: 0x025101e2	and	r5, r1, #0x80000000
      0x00414b0c: 0x7f1485e3	orr	r1, r5, #0x7f000000
      0x00414b10: 0x0f1681e3	orr	r1, r1, #0xf00000
      0x00414b14: 0x0000a0e3	mov	r0, #0
      0x00414b18: 0x3040bde8	pop	{r4, r5, lr}
      0x00414b1c: 0x1eff2fe1	bx	lr
      0x00414b20: 0xc4caf0e1	mvns	ip, r4, asr #21
      0x00414b24: 0x0310a011	movne	r1, r3
      0x00414b28: 0x0200a011	movne	r0, r2
      0x00414b2c: 0xc5caf001	mvnseq	ip, r5, asr #21
      0x00414b30: 0x0130a011	movne	r3, r1
      0x00414b34: 0x0020a011	movne	r2, r0
      0x00414b38: 0x014690e1	orrs	r4, r0, r1, lsl #12
      0x00414b3c: 0x03569201	orrseq	r5, r2, r3, lsl #12
      0x00414b40: 0x03003101	teqeq	r1, r3
      0x00414b44: 0x02178113	orrne	r1, r1, #0x80000
      0x00414b48: 0x3040bde8	pop	{r4, r5, lr}
      0x00414b4c: 0x1eff2fe1	bx	lr
      0x00414b50: 0x000030e3	teq	r0, #0
      0x00414b54: 0x0010a003	moveq	r1, #0
      0x00414b58: 0x1eff2f01	bxeq	lr
      0x00414b5c: 0x30402de9	push	{r4, r5, lr}
      0x00414b60: 0x014ba0e3	mov	r4, #0x400
      0x00414b64: 0x324084e2	add	r4, r4, #0x32
      0x00414b68: 0x0050a0e3	mov	r5, #0
      0x00414b6c: 0x0010a0e3	mov	r1, #0
b     at 0x00414b70: hooking 0x86ffffea	b	#0x414990 -> 0x22ad03eb	bl	#0x500000
      0x00414b74: 0x000030e3	teq	r0, #0
      0x00414b78: 0x0010a003	moveq	r1, #0
      0x00414b7c: 0x1eff2f01	bxeq	lr
      0x00414b80: 0x30402de9	push	{r4, r5, lr}
      0x00414b84: 0x014ba0e3	mov	r4, #0x400
      0x00414b88: 0x324084e2	add	r4, r4, #0x32
      0x00414b8c: 0x025110e2	ands	r5, r0, #0x80000000
      0x00414b90: 0x00006042	rsbmi	r0, r0, #0
      0x00414b94: 0x0010a0e3	mov	r1, #0
b     at 0x00414b98: hooking 0x7cffffea	b	#0x414990 -> 0x18ad03eb	bl	#0x500000
      0x00414b9c: 0x8020b0e1	lsls	r2, r0, #1
      0x00414ba0: 0xc211a0e1	asr	r1, r2, #3
      0x00414ba4: 0x6110a0e1	rrx	r1, r1
      0x00414ba8: 0x020ea0e1	lsl	r0, r2, #0x1c
      0x00414bac: 0xff341212	andsne	r3, r2, #0xff000000
      0x00414bb0: 0xff043313	teqne	r3, #0xff000000
      0x00414bb4: 0x0e132112	eorne	r1, r1, #0x38000000
      0x00414bb8: 0x1eff2f11	bxne	lr
      0x00414bbc: 0xff24d2e3	bics	r2, r2, #0xff000000
      0x00414bc0: 0x1eff2f01	bxeq	lr
      0x00414bc4: 0xff0433e3	teq	r3, #0xff000000
      0x00414bc8: 0x02178103	orreq	r1, r1, #0x80000
      0x00414bcc: 0x1eff2f01	bxeq	lr
      0x00414bd0: 0x30402de9	push	{r4, r5, lr}
      0x00414bd4: 0x0e4da0e3	mov	r4, #0x380
      0x00414bd8: 0x025101e2	and	r5, r1, #0x80000000
      0x00414bdc: 0x0211c1e3	bic	r1, r1, #0x80000000
b     at 0x00414be0: hooking 0x6affffea	b	#0x414990 -> 0x06ad03eb	bl	#0x500000
      0x00414be4: 0x012090e1	orrs	r2, r0, r1
      0x00414be8: 0x1eff2f01	bxeq	lr
      0x00414bec: 0x30402de9	push	{r4, r5, lr}
      0x00414bf0: 0x0050a0e3	mov	r5, #0
b     at 0x00414bf4: hooking 0x060000ea	b	#0x414c14 -> 0x01ad03eb	bl	#0x500000
      0x00414bf8: 0x012090e1	orrs	r2, r0, r1
      0x00414bfc: 0x1eff2f01	bxeq	lr
      0x00414c00: 0x30402de9	push	{r4, r5, lr}
      0x00414c04: 0x025111e2	ands	r5, r1, #0x80000000
      0x00414c08: 0x0100005a	bpl	#0x414c14
      0x00414c0c: 0x000070e2	rsbs	r0, r0, #0
      0x00414c10: 0x0010e1e2	rsc	r1, r1, #0
      0x00414c14: 0x014ba0e3	mov	r4, #0x400
      0x00414c18: 0x324084e2	add	r4, r4, #0x32
      0x00414c1c: 0x21cbb0e1	lsrs	ip, r1, #0x16
      0x00414c20: 0x42ffff0a	beq	#0x414930
      0x00414c24: 0x0320a0e3	mov	r2, #3
      0x00414c28: 0xacc1b0e1	lsrs	ip, ip, #3
      0x00414c2c: 0x03208212	addne	r2, r2, #3
      0x00414c30: 0xacc1b0e1	lsrs	ip, ip, #3
      0x00414c34: 0x03208212	addne	r2, r2, #3
      0x00414c38: 0xac2182e0	add	r2, r2, ip, lsr #3
      0x00414c3c: 0x203062e2	rsb	r3, r2, #0x20
      0x00414c40: 0x10c3a0e1	lsl	ip, r0, r3
      0x00414c44: 0x3002a0e1	lsr	r0, r0, r2
      0x00414c48: 0x110380e1	orr	r0, r0, r1, lsl r3
      0x00414c4c: 0x3112a0e1	lsr	r1, r1, r2
      0x00414c50: 0x024084e0	add	r4, r4, r2
b     at 0x00414c54: hooking 0x35ffffea	b	#0x414930 -> 0xe9ac03eb	bl	#0x500000
      0x00414c58: 0x70402de9	push	{r4, r5, r6, lr}
      0x00414c5c: 0xffc0a0e3	mov	ip, #0xff
      0x00414c60: 0x07cc8ce3	orr	ip, ip, #0x700
      0x00414c64: 0x214a1ce0	ands	r4, ip, r1, lsr #20
      0x00414c68: 0x235a1c10	andsne	r5, ip, r3, lsr #20
      0x00414c6c: 0x0c003411	teqne	r4, ip
      0x00414c70: 0x0c003511	teqne	r5, ip
      0x00414c74: 0x7500000b	bleq	#0x414e50
      0x00414c78: 0x054084e0	add	r4, r4, r5
      0x00414c7c: 0x036021e0	eor	r6, r1, r3
      0x00414c80: 0x8c1ac1e1	bic	r1, r1, ip, lsl #21
      0x00414c84: 0x8c3ac3e1	bic	r3, r3, ip, lsl #21
      0x00414c88: 0x015690e1	orrs	r5, r0, r1, lsl #12
      0x00414c8c: 0x03569211	orrsne	r5, r2, r3, lsl #12
      0x00414c90: 0x011681e3	orr	r1, r1, #0x100000
      0x00414c94: 0x013683e3	orr	r3, r3, #0x100000
      0x00414c98: 0x1d00000a	beq	#0x414d14
      0x00414c9c: 0x90c28ee0	umull	ip, lr, r0, r2
      0x00414ca0: 0x0050a0e3	mov	r5, #0
      0x00414ca4: 0x91e2a5e0	umlal	lr, r5, r1, r2
      0x00414ca8: 0x022106e2	and	r2, r6, #0x80000000
      0x00414cac: 0x90e3a5e0	umlal	lr, r5, r0, r3
      0x00414cb0: 0x0060a0e3	mov	r6, #0
      0x00414cb4: 0x9153a6e0	umlal	r5, r6, r1, r3
      0x00414cb8: 0x00003ce3	teq	ip, #0
      0x00414cbc: 0x01e08e13	orrne	lr, lr, #1
      0x00414cc0: 0xff4044e2	sub	r4, r4, #0xff
      0x00414cc4: 0x020c56e3	cmp	r6, #0x200
      0x00414cc8: 0x034cc4e2	sbc	r4, r4, #0x300
      0x00414ccc: 0x0200002a	bhs	#0x414cdc
      0x00414cd0: 0x8ee0b0e1	lsls	lr, lr, #1
      0x00414cd4: 0x0550b5e0	adcs	r5, r5, r5
      0x00414cd8: 0x0660a6e0	adc	r6, r6, r6
      0x00414cdc: 0x861582e1	orr	r1, r2, r6, lsl #11
      0x00414ce0: 0xa51a81e1	orr	r1, r1, r5, lsr #21
      0x00414ce4: 0x8505a0e1	lsl	r0, r5, #0xb
      0x00414ce8: 0xae0a80e1	orr	r0, r0, lr, lsr #21
      0x00414cec: 0x8ee5a0e1	lsl	lr, lr, #0xb
      0x00414cf0: 0xfdc054e2	subs	ip, r4, #0xfd
      0x00414cf4: 0x070c5c83	cmphi	ip, #0x700
      0x00414cf8: 0x1100008a	bhi	#0x414d44
      0x00414cfc: 0x02015ee3	cmp	lr, #0x80000000
      0x00414d00: 0xa0e0b001	lsrseq	lr, r0, #1
      0x00414d04: 0x0000b0e2	adcs	r0, r0, #0
      0x00414d08: 0x041aa1e0	adc	r1, r1, r4, lsl #20
      0x00414d0c: 0x7040bde8	pop	{r4, r5, r6, lr}
      0x00414d10: 0x1eff2fe1	bx	lr
      0x00414d14: 0x026106e2	and	r6, r6, #0x80000000
      0x00414d18: 0x011086e1	orr	r1, r6, r1
      0x00414d1c: 0x020080e1	orr	r0, r0, r2
      0x00414d20: 0x031021e0	eor	r1, r1, r3
      0x00414d24: 0xac4054e0	subs	r4, r4, ip, lsr #1
      0x00414d28: 0x0c5074c0	rsbsgt	r5, r4, ip
      0x00414d2c: 0x041a81c1	orrgt	r1, r1, r4, lsl #20
      0x00414d30: 0x7040bdc8	popgt	{r4, r5, r6, lr}
      0x00414d34: 0x1eff2fc1	bxgt	lr
      0x00414d38: 0x011681e3	orr	r1, r1, #0x100000
      0x00414d3c: 0x00e0a0e3	mov	lr, #0
      0x00414d40: 0x014054e2	subs	r4, r4, #1
      0x00414d44: 0x5d0000ca	bgt	#0x414ec0
      0x00414d48: 0x360074e3	cmn	r4, #0x36
      0x00414d4c: 0x0000a0d3	movle	r0, #0
      0x00414d50: 0x021101d2	andle	r1, r1, #0x80000000
      0x00414d54: 0x7040bdd8	pople	{r4, r5, r6, lr}
      0x00414d58: 0x1eff2fd1	bxle	lr
      0x00414d5c: 0x004064e2	rsb	r4, r4, #0
      0x00414d60: 0x204054e2	subs	r4, r4, #0x20
      0x00414d64: 0x1a0000aa	bge	#0x414dd4
      0x00414d68: 0x0c4094e2	adds	r4, r4, #0xc
      0x00414d6c: 0x0c0000ca	bgt	#0x414da4
      0x00414d70: 0x144084e2	add	r4, r4, #0x14
      0x00414d74: 0x205064e2	rsb	r5, r4, #0x20
      0x00414d78: 0x1035a0e1	lsl	r3, r0, r5
      0x00414d7c: 0x3004a0e1	lsr	r0, r0, r4
      0x00414d80: 0x110580e1	orr	r0, r0, r1, lsl r5
      0x00414d84: 0x022101e2	and	r2, r1, #0x80000000
      0x00414d88: 0x0211c1e3	bic	r1, r1, #0x80000000
      0x00414d8c: 0xa30f90e0	adds	r0, r0, r3, lsr #31
      0x00414d90: 0x3114a2e0	adc	r1, r2, r1, lsr r4
      0x00414d94: 0x83e09ee1	orrs	lr, lr, r3, lsl #1
      0x00414d98: 0xa30fc001	biceq	r0, r0, r3, lsr #31
      0x00414d9c: 0x7040bde8	pop	{r4, r5, r6, lr}
      0x00414da0: 0x1eff2fe1	bx	lr
      0x00414da4: 0x0c4064e2	rsb	r4, r4, #0xc
      0x00414da8: 0x205064e2	rsb	r5, r4, #0x20
      0x00414dac: 0x1034a0e1	lsl	r3, r0, r4
      0x00414db0: 0x3005a0e1	lsr	r0, r0, r5
      0x00414db4: 0x110480e1	orr	r0, r0, r1, lsl r4
      0x00414db8: 0x021101e2	and	r1, r1, #0x80000000
      0x00414dbc: 0xa30f90e0	adds	r0, r0, r3, lsr #31
      0x00414dc0: 0x0010a1e2	adc	r1, r1, #0
      0x00414dc4: 0x83e09ee1	orrs	lr, lr, r3, lsl #1
      0x00414dc8: 0xa30fc001	biceq	r0, r0, r3, lsr #31
      0x00414dcc: 0x7040bde8	pop	{r4, r5, r6, lr}
      0x00414dd0: 0x1eff2fe1	bx	lr
      0x00414dd4: 0x205064e2	rsb	r5, r4, #0x20
      0x00414dd8: 0x10e58ee1	orr	lr, lr, r0, lsl r5
      0x00414ddc: 0x3034a0e1	lsr	r3, r0, r4
      0x00414de0: 0x113583e1	orr	r3, r3, r1, lsl r5
      0x00414de4: 0x3104a0e1	lsr	r0, r1, r4
      0x00414de8: 0x021101e2	and	r1, r1, #0x80000000
      0x00414dec: 0x3104c0e1	bic	r0, r0, r1, lsr r4
      0x00414df0: 0xa30f80e0	add	r0, r0, r3, lsr #31
      0x00414df4: 0x83e09ee1	orrs	lr, lr, r3, lsl #1
      0x00414df8: 0xa30fc001	biceq	r0, r0, r3, lsr #31
      0x00414dfc: 0x7040bde8	pop	{r4, r5, r6, lr}
      0x00414e00: 0x1eff2fe1	bx	lr
      0x00414e04: 0x000034e3	teq	r4, #0
      0x00414e08: 0x0800001a	bne	#0x414e30
      0x00414e0c: 0x026101e2	and	r6, r1, #0x80000000
      0x00414e10: 0x8000b0e1	lsls	r0, r0, #1
      0x00414e14: 0x0110a1e0	adc	r1, r1, r1
      0x00414e18: 0x010611e3	tst	r1, #0x100000
      0x00414e1c: 0x01404402	subeq	r4, r4, #1
      0x00414e20: 0xfaffff0a	beq	#0x414e10
      0x00414e24: 0x061081e1	orr	r1, r1, r6
      0x00414e28: 0x000035e3	teq	r5, #0
      0x00414e2c: 0x1eff2f11	bxne	lr
      0x00414e30: 0x026103e2	and	r6, r3, #0x80000000
      0x00414e34: 0x8220b0e1	lsls	r2, r2, #1
      0x00414e38: 0x0330a3e0	adc	r3, r3, r3
      0x00414e3c: 0x010613e3	tst	r3, #0x100000
      0x00414e40: 0x01504502	subeq	r5, r5, #1
      0x00414e44: 0xfaffff0a	beq	#0x414e34
      0x00414e48: 0x063083e1	orr	r3, r3, r6
      0x00414e4c: 0x1eff2fe1	bx	lr
      0x00414e50: 0x0c0034e1	teq	r4, ip
      0x00414e54: 0x235a0ce0	and	r5, ip, r3, lsr #20
      0x00414e58: 0x0c003511	teqne	r5, ip
      0x00414e5c: 0x0700000a	beq	#0x414e80
      0x00414e60: 0x816090e1	orrs	r6, r0, r1, lsl #1
      0x00414e64: 0x83609211	orrsne	r6, r2, r3, lsl #1
      0x00414e68: 0xe5ffff1a	bne	#0x414e04
      0x00414e6c: 0x031021e0	eor	r1, r1, r3
      0x00414e70: 0x021101e2	and	r1, r1, #0x80000000
      0x00414e74: 0x0000a0e3	mov	r0, #0
      0x00414e78: 0x7040bde8	pop	{r4, r5, r6, lr}
      0x00414e7c: 0x1eff2fe1	bx	lr
      0x00414e80: 0x816090e1	orrs	r6, r0, r1, lsl #1
      0x00414e84: 0x0200a001	moveq	r0, r2
      0x00414e88: 0x0310a001	moveq	r1, r3
      0x00414e8c: 0x83609211	orrsne	r6, r2, r3, lsl #1
      0x00414e90: 0x1000000a	beq	#0x414ed8
      0x00414e94: 0x0c0034e1	teq	r4, ip
      0x00414e98: 0x0100001a	bne	#0x414ea4
      0x00414e9c: 0x016690e1	orrs	r6, r0, r1, lsl #12
      0x00414ea0: 0x0c00001a	bne	#0x414ed8
      0x00414ea4: 0x0c0035e1	teq	r5, ip
      0x00414ea8: 0x0300001a	bne	#0x414ebc
      0x00414eac: 0x036692e1	orrs	r6, r2, r3, lsl #12
      0x00414eb0: 0x0200a011	movne	r0, r2
      0x00414eb4: 0x0310a011	movne	r1, r3
      0x00414eb8: 0x0600001a	bne	#0x414ed8
      0x00414ebc: 0x031021e0	eor	r1, r1, r3
      0x00414ec0: 0x021101e2	and	r1, r1, #0x80000000
      0x00414ec4: 0x7f1481e3	orr	r1, r1, #0x7f000000
      0x00414ec8: 0x0f1681e3	orr	r1, r1, #0xf00000
      0x00414ecc: 0x0000a0e3	mov	r0, #0
      0x00414ed0: 0x7040bde8	pop	{r4, r5, r6, lr}
      0x00414ed4: 0x1eff2fe1	bx	lr
      0x00414ed8: 0x7f1481e3	orr	r1, r1, #0x7f000000
      0x00414edc: 0x3e1781e3	orr	r1, r1, #0xf80000
      0x00414ee0: 0x7040bde8	pop	{r4, r5, r6, lr}
      0x00414ee4: 0x1eff2fe1	bx	lr
      0x00414ee8: 0x70402de9	push	{r4, r5, r6, lr}
      0x00414eec: 0xffc0a0e3	mov	ip, #0xff
      0x00414ef0: 0x07cc8ce3	orr	ip, ip, #0x700
      0x00414ef4: 0x214a1ce0	ands	r4, ip, r1, lsr #20
      0x00414ef8: 0x235a1c10	andsne	r5, ip, r3, lsr #20
      0x00414efc: 0x0c003411	teqne	r4, ip
      0x00414f00: 0x0c003511	teqne	r5, ip
      0x00414f04: 0x5e00000b	bleq	#0x415084
      0x00414f08: 0x054044e0	sub	r4, r4, r5
      0x00414f0c: 0x03e021e0	eor	lr, r1, r3
      0x00414f10: 0x035692e1	orrs	r5, r2, r3, lsl #12
      0x00414f14: 0x0116a0e1	lsl	r1, r1, #0xc
      0x00414f18: 0x4c00000a	beq	#0x415050
      0x00414f1c: 0x0336a0e1	lsl	r3, r3, #0xc
      0x00414f20: 0x0152a0e3	mov	r5, #0x10000000
      0x00414f24: 0x233285e1	orr	r3, r5, r3, lsr #4
      0x00414f28: 0x223c83e1	orr	r3, r3, r2, lsr #24
      0x00414f2c: 0x0224a0e1	lsl	r2, r2, #8
      0x00414f30: 0x215285e1	orr	r5, r5, r1, lsr #4
      0x00414f34: 0x205c85e1	orr	r5, r5, r0, lsr #24
      0x00414f38: 0x0064a0e1	lsl	r6, r0, #8
      0x00414f3c: 0x02110ee2	and	r1, lr, #0x80000000
      0x00414f40: 0x030055e1	cmp	r5, r3
      0x00414f44: 0x02005601	cmpeq	r6, r2
      0x00414f48: 0xfd40a4e2	adc	r4, r4, #0xfd
      0x00414f4c: 0x034c84e2	add	r4, r4, #0x300
      0x00414f50: 0x0100002a	bhs	#0x414f5c
      0x00414f54: 0xa330b0e1	lsrs	r3, r3, #1
      0x00414f58: 0x6220a0e1	rrx	r2, r2
      0x00414f5c: 0x026056e0	subs	r6, r6, r2
      0x00414f60: 0x0350c5e0	sbc	r5, r5, r3
      0x00414f64: 0xa330b0e1	lsrs	r3, r3, #1
      0x00414f68: 0x6220a0e1	rrx	r2, r2
      0x00414f6c: 0x0106a0e3	mov	r0, #0x100000
      0x00414f70: 0x02c7a0e3	mov	ip, #0x80000
      0x00414f74: 0x02e056e0	subs	lr, r6, r2
      0x00414f78: 0x03e0d5e0	sbcs	lr, r5, r3
      0x00414f7c: 0x02604620	subhs	r6, r6, r2
      0x00414f80: 0x0e50a021	movhs	r5, lr
      0x00414f84: 0x0c008021	orrhs	r0, r0, ip
      0x00414f88: 0xa330b0e1	lsrs	r3, r3, #1
      0x00414f8c: 0x6220a0e1	rrx	r2, r2
      0x00414f90: 0x02e056e0	subs	lr, r6, r2
      0x00414f94: 0x03e0d5e0	sbcs	lr, r5, r3
      0x00414f98: 0x02604620	subhs	r6, r6, r2
      0x00414f9c: 0x0e50a021	movhs	r5, lr
      0x00414fa0: 0xac008021	orrhs	r0, r0, ip, lsr #1
      0x00414fa4: 0xa330b0e1	lsrs	r3, r3, #1
      0x00414fa8: 0x6220a0e1	rrx	r2, r2
      0x00414fac: 0x02e056e0	subs	lr, r6, r2
      0x00414fb0: 0x03e0d5e0	sbcs	lr, r5, r3
      0x00414fb4: 0x02604620	subhs	r6, r6, r2
      0x00414fb8: 0x0e50a021	movhs	r5, lr
      0x00414fbc: 0x2c018021	orrhs	r0, r0, ip, lsr #2
      0x00414fc0: 0xa330b0e1	lsrs	r3, r3, #1
      0x00414fc4: 0x6220a0e1	rrx	r2, r2
      0x00414fc8: 0x02e056e0	subs	lr, r6, r2
      0x00414fcc: 0x03e0d5e0	sbcs	lr, r5, r3
      0x00414fd0: 0x02604620	subhs	r6, r6, r2
      0x00414fd4: 0x0e50a021	movhs	r5, lr
      0x00414fd8: 0xac018021	orrhs	r0, r0, ip, lsr #3
      0x00414fdc: 0x06e095e1	orrs	lr, r5, r6
      0x00414fe0: 0x0d00000a	beq	#0x41501c
      0x00414fe4: 0x0552a0e1	lsl	r5, r5, #4
      0x00414fe8: 0x265e85e1	orr	r5, r5, r6, lsr #28
      0x00414fec: 0x0662a0e1	lsl	r6, r6, #4
      0x00414ff0: 0x8331a0e1	lsl	r3, r3, #3
      0x00414ff4: 0xa23e83e1	orr	r3, r3, r2, lsr #29
      0x00414ff8: 0x8221a0e1	lsl	r2, r2, #3
      0x00414ffc: 0x2cc2b0e1	lsrs	ip, ip, #4
      0x00415000: 0xdbffff1a	bne	#0x414f74
      0x00415004: 0x010611e3	tst	r1, #0x100000
      0x00415008: 0x0600001a	bne	#0x415028
      0x0041500c: 0x001081e1	orr	r1, r1, r0
      0x00415010: 0x0000a0e3	mov	r0, #0
      0x00415014: 0x02c1a0e3	mov	ip, #0x80000000
b     at 0x00415018: hooking 0xd5ffffea	b	#0x414f74 -> 0xf8ab03eb	bl	#0x500000
      0x0041501c: 0x010611e3	tst	r1, #0x100000
      0x00415020: 0x00108101	orreq	r1, r1, r0
      0x00415024: 0x0000a003	moveq	r0, #0
      0x00415028: 0xfdc054e2	subs	ip, r4, #0xfd
      0x0041502c: 0x070c5c83	cmphi	ip, #0x700
      0x00415030: 0x43ffff8a	bhi	#0x414d44
      0x00415034: 0x03c055e0	subs	ip, r5, r3
      0x00415038: 0x02c05600	subseq	ip, r6, r2
      0x0041503c: 0xa0c0b001	lsrseq	ip, r0, #1
      0x00415040: 0x0000b0e2	adcs	r0, r0, #0
      0x00415044: 0x041aa1e0	adc	r1, r1, r4, lsl #20
      0x00415048: 0x7040bde8	pop	{r4, r5, r6, lr}
      0x0041504c: 0x1eff2fe1	bx	lr
      0x00415050: 0x02e10ee2	and	lr, lr, #0x80000000
      0x00415054: 0x21168ee1	orr	r1, lr, r1, lsr #12
      0x00415058: 0xac4094e0	adds	r4, r4, ip, lsr #1
      0x0041505c: 0x0c5074c0	rsbsgt	r5, r4, ip
      0x00415060: 0x041a81c1	orrgt	r1, r1, r4, lsl #20
      0x00415064: 0x7040bdc8	popgt	{r4, r5, r6, lr}
      0x00415068: 0x1eff2fc1	bxgt	lr
      0x0041506c: 0x011681e3	orr	r1, r1, #0x100000
      0x00415070: 0x00e0a0e3	mov	lr, #0
      0x00415074: 0x014054e2	subs	r4, r4, #1
b     at 0x00415078: hooking 0x31ffffea	b	#0x414d44 -> 0xe0ab03eb	bl	#0x500000
      0x0041507c: 0x06e085e1	orr	lr, r5, r6
b     at 0x00415080: hooking 0x2fffffea	b	#0x414d44 -> 0xdeab03eb	bl	#0x500000
      0x00415084: 0x235a0ce0	and	r5, ip, r3, lsr #20
      0x00415088: 0x0c0034e1	teq	r4, ip
      0x0041508c: 0x0c003501	teqeq	r5, ip
      0x00415090: 0x90ffff0a	beq	#0x414ed8
      0x00415094: 0x0c0034e1	teq	r4, ip
      0x00415098: 0x0600001a	bne	#0x4150b8
      0x0041509c: 0x014690e1	orrs	r4, r0, r1, lsl #12
      0x004150a0: 0x8cffff1a	bne	#0x414ed8
      0x004150a4: 0x0c0035e1	teq	r5, ip
      0x004150a8: 0x83ffff1a	bne	#0x414ebc
      0x004150ac: 0x0200a0e1	mov	r0, r2
      0x004150b0: 0x0310a0e1	mov	r1, r3
b     at 0x004150b4: hooking 0x87ffffea	b	#0x414ed8 -> 0xd1ab03eb	bl	#0x500000
      0x004150b8: 0x0c0035e1	teq	r5, ip
      0x004150bc: 0x0400001a	bne	#0x4150d4
      0x004150c0: 0x035692e1	orrs	r5, r2, r3, lsl #12
      0x004150c4: 0x68ffff0a	beq	#0x414e6c
      0x004150c8: 0x0200a0e1	mov	r0, r2
      0x004150cc: 0x0310a0e1	mov	r1, r3
b     at 0x004150d0: hooking 0x80ffffea	b	#0x414ed8 -> 0xcaab03eb	bl	#0x500000
      0x004150d4: 0x816090e1	orrs	r6, r0, r1, lsl #1
      0x004150d8: 0x83609211	orrsne	r6, r2, r3, lsl #1
      0x004150dc: 0x48ffff1a	bne	#0x414e04
      0x004150e0: 0x814090e1	orrs	r4, r0, r1, lsl #1
      0x004150e4: 0x74ffff1a	bne	#0x414ebc
      0x004150e8: 0x835092e1	orrs	r5, r2, r3, lsl #1
      0x004150ec: 0x5effff1a	bne	#0x414e6c
b     at 0x004150f0: hooking 0x78ffffea	b	#0x414ed8 -> 0xc2ab03eb	bl	#0x500000
      0x004150f4: 0x00c0e0e3	mvn	ip, #0
b     at 0x004150f8: hooking 0x020000ea	b	#0x415108 -> 0xc0ab03eb	bl	#0x500000
      0x004150fc: 0x01c0a0e3	mov	ip, #1
b     at 0x00415100: hooking 0x000000ea	b	#0x415108 -> 0xbeab03eb	bl	#0x500000
      0x00415104: 0x01c0a0e3	mov	ip, #1
      0x00415108: 0x04c02de5	str	ip, [sp, #-4]!
      0x0041510c: 0x81c0a0e1	lsl	ip, r1, #1
      0x00415110: 0xcccaf0e1	mvns	ip, ip, asr #21
      0x00415114: 0x83c0a0e1	lsl	ip, r3, #1
      0x00415118: 0xcccaf011	mvnsne	ip, ip, asr #21
      0x0041511c: 0x0e00000a	beq	#0x41515c
      0x00415120: 0x04d08de2	add	sp, sp, #4
      0x00415124: 0x81c090e1	orrs	ip, r0, r1, lsl #1
      0x00415128: 0x83c09201	orrseq	ip, r2, r3, lsl #1
      0x0041512c: 0x03003111	teqne	r1, r3
      0x00415130: 0x02003001	teqeq	r0, r2
      0x00415134: 0x0000a003	moveq	r0, #0
      0x00415138: 0x1eff2f01	bxeq	lr
      0x0041513c: 0x000070e3	cmn	r0, #0
      0x00415140: 0x030031e1	teq	r1, r3
      0x00415144: 0x03005151	cmppl	r1, r3
      0x00415148: 0x02005001	cmpeq	r0, r2
      0x0041514c: 0xc30fa021	asrhs	r0, r3, #0x1f
      0x00415150: 0xc30fe031	mvnlo	r0, r3, asr #31
      0x00415154: 0x010080e3	orr	r0, r0, #1
      0x00415158: 0x1eff2fe1	bx	lr
      0x0041515c: 0x81c0a0e1	lsl	ip, r1, #1
      0x00415160: 0xcccaf0e1	mvns	ip, ip, asr #21
      0x00415164: 0x0100001a	bne	#0x415170
      0x00415168: 0x01c690e1	orrs	ip, r0, r1, lsl #12
      0x0041516c: 0x0400001a	bne	#0x415184
      0x00415170: 0x83c0a0e1	lsl	ip, r3, #1
      0x00415174: 0xcccaf0e1	mvns	ip, ip, asr #21
      0x00415178: 0xe8ffff1a	bne	#0x415120
      0x0041517c: 0x03c692e1	orrs	ip, r2, r3, lsl #12
      0x00415180: 0xe6ffff0a	beq	#0x415120
      0x00415184: 0x04009de4	pop	{r0}
      0x00415188: 0x1eff2fe1	bx	lr
      0x0041518c: 0x00c0a0e1	mov	ip, r0
      0x00415190: 0x0200a0e1	mov	r0, r2
      0x00415194: 0x0c20a0e1	mov	r2, ip
      0x00415198: 0x01c0a0e1	mov	ip, r1
      0x0041519c: 0x0310a0e1	mov	r1, r3
      0x004151a0: 0x0c30a0e1	mov	r3, ip
b     at 0x004151a4: hooking 0xffffffea	b	#0x4151a8 -> 0x95ab03eb	bl	#0x500000
      0x004151a8: 0x01402de9	push	{r0, lr}
bl    at 0x004151ac: hooking 0xd4ffffeb	bl	#0x415104 -> 0xa7ab03eb	bl	#0x500050
      0x004151b0: 0x000050e3	cmp	r0, #0
      0x004151b4: 0x00007043	cmnmi	r0, #0
      0x004151b8: 0x0140bde8	pop	{r0, lr}
      0x004151bc: 0x1eff2fe1	bx	lr
      0x004151c0: 0x08e02de5	str	lr, [sp, #-8]!
bl    at 0x004151c4: hooking 0xf7ffffeb	bl	#0x4151a8 -> 0xa1ab03eb	bl	#0x500050
      0x004151c8: 0x0100a003	moveq	r0, #1
      0x004151cc: 0x0000a013	movne	r0, #0
      0x004151d0: 0x08e09de4	ldr	lr, [sp], #8
      0x004151d4: 0x1eff2fe1	bx	lr
      0x004151d8: 0x08e02de5	str	lr, [sp, #-8]!
bl    at 0x004151dc: hooking 0xf1ffffeb	bl	#0x4151a8 -> 0x9bab03eb	bl	#0x500050
      0x004151e0: 0x0100a033	movlo	r0, #1
      0x004151e4: 0x0000a023	movhs	r0, #0
      0x004151e8: 0x08e09de4	ldr	lr, [sp], #8
      0x004151ec: 0x1eff2fe1	bx	lr
      0x004151f0: 0x08e02de5	str	lr, [sp, #-8]!
bl    at 0x004151f4: hooking 0xebffffeb	bl	#0x4151a8 -> 0x95ab03eb	bl	#0x500050
      0x004151f8: 0x0100a093	movls	r0, #1
      0x004151fc: 0x0000a083	movhi	r0, #0
      0x00415200: 0x08e09de4	ldr	lr, [sp], #8
      0x00415204: 0x1eff2fe1	bx	lr
      0x00415208: 0x08e02de5	str	lr, [sp, #-8]!
bl    at 0x0041520c: hooking 0xdeffffeb	bl	#0x41518c -> 0x8fab03eb	bl	#0x500050
      0x00415210: 0x0100a093	movls	r0, #1
      0x00415214: 0x0000a083	movhi	r0, #0
      0x00415218: 0x08e09de4	ldr	lr, [sp], #8
      0x0041521c: 0x1eff2fe1	bx	lr
      0x00415220: 0x08e02de5	str	lr, [sp, #-8]!
bl    at 0x00415224: hooking 0xd8ffffeb	bl	#0x41518c -> 0x89ab03eb	bl	#0x500050
      0x00415228: 0x0100a033	movlo	r0, #1
      0x0041522c: 0x0000a023	movhs	r0, #0
      0x00415230: 0x08e09de4	ldr	lr, [sp], #8
      0x00415234: 0x1eff2fe1	bx	lr
      0x00415238: 0x81c0a0e1	lsl	ip, r1, #1
      0x0041523c: 0xcccaf0e1	mvns	ip, ip, asr #21
      0x00415240: 0x0100001a	bne	#0x41524c
      0x00415244: 0x01c690e1	orrs	ip, r0, r1, lsl #12
      0x00415248: 0x0600001a	bne	#0x415268
      0x0041524c: 0x83c0a0e1	lsl	ip, r3, #1
      0x00415250: 0xcccaf0e1	mvns	ip, ip, asr #21
      0x00415254: 0x0100001a	bne	#0x415260
      0x00415258: 0x03c692e1	orrs	ip, r2, r3, lsl #12
      0x0041525c: 0x0100001a	bne	#0x415268
      0x00415260: 0x0000a0e3	mov	r0, #0
      0x00415264: 0x1eff2fe1	bx	lr
      0x00415268: 0x0100a0e3	mov	r0, #1
      0x0041526c: 0x1eff2fe1	bx	lr
      0x00415270: 0x8120a0e1	lsl	r2, r1, #1
      0x00415274: 0x022692e2	adds	r2, r2, #0x200000
      0x00415278: 0x0c00002a	bhs	#0x4152b0
      0x0041527c: 0x0900005a	bpl	#0x4152a8
      0x00415280: 0x3e3ee0e3	mvn	r3, #0x3e0
      0x00415284: 0xc22a53e0	subs	r2, r3, r2, asr #21
      0x00415288: 0x0a00009a	bls	#0x4152b8
      0x0041528c: 0x8135a0e1	lsl	r3, r1, #0xb
      0x00415290: 0x023183e3	orr	r3, r3, #0x80000000
      0x00415294: 0xa03a83e1	orr	r3, r3, r0, lsr #21
      0x00415298: 0x020111e3	tst	r1, #0x80000000
      0x0041529c: 0x3302a0e1	lsr	r0, r3, r2
      0x004152a0: 0x00006012	rsbne	r0, r0, #0
      0x004152a4: 0x1eff2fe1	bx	lr
      0x004152a8: 0x0000a0e3	mov	r0, #0
      0x004152ac: 0x1eff2fe1	bx	lr
      0x004152b0: 0x010690e1	orrs	r0, r0, r1, lsl #12
      0x004152b4: 0x0200001a	bne	#0x4152c4
      0x004152b8: 0x020111e2	ands	r0, r1, #0x80000000
      0x004152bc: 0x0201e003	mvneq	r0, #0x80000000
      0x004152c0: 0x1eff2fe1	bx	lr
      0x004152c4: 0x0000a0e3	mov	r0, #0
      0x004152c8: 0x1eff2fe1	bx	lr
      0x004152cc: 0x8120a0e1	lsl	r2, r1, #1
      0x004152d0: 0x073252e2	subs	r3, r2, #0x70000000
      0x004152d4: 0x02c65322	subshs	ip, r3, #0x200000
      0x004152d8: 0x7fc57c22	rsbshs	ip, ip, #0x1fc00000
      0x004152dc: 0x0600009a	bls	#0x4152fc
      0x004152e0: 0x02c101e2	and	ip, r1, #0x80000000
      0x004152e4: 0x8021a0e1	lsl	r2, r0, #3
      0x004152e8: 0xa00e8ce1	orr	r0, ip, r0, lsr #29
      0x004152ec: 0x020152e3	cmp	r2, #0x80000000
      0x004152f0: 0x0301a0e0	adc	r0, r0, r3, lsl #2
      0x004152f4: 0x0100c003	biceq	r0, r0, #1
      0x004152f8: 0x1eff2fe1	bx	lr
      0x004152fc: 0x010111e3	tst	r1, #0x40000000
      0x00415300: 0x0f00001a	bne	#0x415344
      0x00415304: 0x2e2693e2	adds	r2, r3, #0x2e00000
      0x00415308: 0x020101b2	andlt	r0, r1, #0x80000000
      0x0041530c: 0x1eff2fb1	bxlt	lr
      0x00415310: 0x011681e3	orr	r1, r1, #0x100000
      0x00415314: 0xa22aa0e1	lsr	r2, r2, #0x15
      0x00415318: 0x182062e2	rsb	r2, r2, #0x18
      0x0041531c: 0x20c062e2	rsb	ip, r2, #0x20
      0x00415320: 0x103cb0e1	lsls	r3, r0, ip
      0x00415324: 0x3002a0e1	lsr	r0, r0, r2
      0x00415328: 0x01008013	orrne	r0, r0, #1
      0x0041532c: 0x8135a0e1	lsl	r3, r1, #0xb
      0x00415330: 0xa335a0e1	lsr	r3, r3, #0xb
      0x00415334: 0x130c80e1	orr	r0, r0, r3, lsl ip
      0x00415338: 0x3332a0e1	lsr	r3, r3, r2
      0x0041533c: 0x8330a0e1	lsl	r3, r3, #1
b     at 0x00415340: hooking 0xe6ffffea	b	#0x4152e0 -> 0x2eab03eb	bl	#0x500000
      0x00415344: 0xc23af0e1	mvns	r3, r2, asr #21
      0x00415348: 0x0300001a	bne	#0x41535c
      0x0041534c: 0x013690e1	orrs	r3, r0, r1, lsl #12
      0x00415350: 0x7f04a013	movne	r0, #0x7f000000
      0x00415354: 0x03058013	orrne	r0, r0, #0xc00000
      0x00415358: 0x1eff2f11	bxne	lr
      0x0041535c: 0x020101e2	and	r0, r1, #0x80000000
      0x00415360: 0x7f0480e3	orr	r0, r0, #0x7f000000
      0x00415364: 0x020580e3	orr	r0, r0, #0x800000
      0x00415368: 0x1eff2fe1	bx	lr
      0x0041536c: 0x020120e2	eor	r0, r0, #0x80000000
b     at 0x00415370: hooking 0x000000ea	b	#0x415378 -> 0x22ab03eb	bl	#0x500000
      0x00415374: 0x021121e2	eor	r1, r1, #0x80000000
      0x00415378: 0x8020b0e1	lsls	r2, r0, #1
      0x0041537c: 0x8130b011	lslsne	r3, r1, #1
      0x00415380: 0x03003211	teqne	r2, r3
      0x00415384: 0x42ccf011	mvnsne	ip, r2, asr #24
      0x00415388: 0x43ccf011	mvnsne	ip, r3, asr #24
      0x0041538c: 0x4700000a	beq	#0x4154b0
      0x00415390: 0x222ca0e1	lsr	r2, r2, #0x18
      0x00415394: 0x233c72e0	rsbs	r3, r2, r3, lsr #24
      0x00415398: 0x032082c0	addgt	r2, r2, r3
      0x0041539c: 0x011020c0	eorgt	r1, r0, r1
      0x004153a0: 0x000021c0	eorgt	r0, r1, r0
      0x004153a4: 0x011020c0	eorgt	r1, r0, r1
      0x004153a8: 0x003063b2	rsblt	r3, r3, #0
      0x004153ac: 0x190053e3	cmp	r3, #0x19
      0x004153b0: 0x1eff2f81	bxhi	lr
      0x004153b4: 0x020110e3	tst	r0, #0x80000000
      0x004153b8: 0x020580e3	orr	r0, r0, #0x800000
      0x004153bc: 0xff04c0e3	bic	r0, r0, #0xff000000
      0x004153c0: 0x00006012	rsbne	r0, r0, #0
      0x004153c4: 0x020111e3	tst	r1, #0x80000000
      0x004153c8: 0x021581e3	orr	r1, r1, #0x800000
      0x004153cc: 0xff14c1e3	bic	r1, r1, #0xff000000
      0x004153d0: 0x00106112	rsbne	r1, r1, #0
      0x004153d4: 0x030032e1	teq	r2, r3
      0x004153d8: 0x2e00000a	beq	#0x415498
      0x004153dc: 0x012042e2	sub	r2, r2, #1
      0x004153e0: 0x510390e0	adds	r0, r0, r1, asr r3
      0x004153e4: 0x203063e2	rsb	r3, r3, #0x20
      0x004153e8: 0x1113a0e1	lsl	r1, r1, r3
      0x004153ec: 0x023100e2	and	r3, r0, #0x80000000
      0x004153f0: 0x0100005a	bpl	#0x4153fc
      0x004153f4: 0x001071e2	rsbs	r1, r1, #0
      0x004153f8: 0x0000e0e2	rsc	r0, r0, #0
      0x004153fc: 0x020550e3	cmp	r0, #0x800000
      0x00415400: 0x0b00003a	blo	#0x415434
      0x00415404: 0x010450e3	cmp	r0, #0x1000000
      0x00415408: 0x0400003a	blo	#0x415420
      0x0041540c: 0xa000b0e1	lsrs	r0, r0, #1
      0x00415410: 0x6110a0e1	rrx	r1, r1
      0x00415414: 0x012082e2	add	r2, r2, #1
      0x00415418: 0xfe0052e3	cmp	r2, #0xfe
      0x0041541c: 0x3800002a	bhs	#0x415504
      0x00415420: 0x020151e3	cmp	r1, #0x80000000
      0x00415424: 0x820ba0e0	adc	r0, r0, r2, lsl #23
      0x00415428: 0x0100c003	biceq	r0, r0, #1
      0x0041542c: 0x030080e1	orr	r0, r0, r3
      0x00415430: 0x1eff2fe1	bx	lr
      0x00415434: 0x8110b0e1	lsls	r1, r1, #1
      0x00415438: 0x0000a0e0	adc	r0, r0, r0
      0x0041543c: 0x012052e2	subs	r2, r2, #1
      0x00415440: 0x02055023	cmphs	r0, #0x800000
      0x00415444: 0xf5ffff2a	bhs	#0x415420
      0x00415448: 0x20c6b0e1	lsrs	ip, r0, #0xc
      0x0041544c: 0x0006a001	lsleq	r0, r0, #0xc
      0x00415450: 0x0c204202	subeq	r2, r2, #0xc
      0x00415454: 0xff0810e3	tst	r0, #0xff0000
      0x00415458: 0x0004a001	lsleq	r0, r0, #8
      0x0041545c: 0x08204202	subeq	r2, r2, #8
      0x00415460: 0x0f0610e3	tst	r0, #0xf00000
      0x00415464: 0x0002a001	lsleq	r0, r0, #4
      0x00415468: 0x04204202	subeq	r2, r2, #4
      0x0041546c: 0x030510e3	tst	r0, #0xc00000
      0x00415470: 0x0001a001	lsleq	r0, r0, #2
      0x00415474: 0x02204202	subeq	r2, r2, #2
      0x00415478: 0x020550e3	cmp	r0, #0x800000
      0x0041547c: 0x8000a031	lsllo	r0, r0, #1
      0x00415480: 0x0020d2e2	sbcs	r2, r2, #0
      0x00415484: 0x820b80a0	addge	r0, r0, r2, lsl #23
      0x00415488: 0x002062b2	rsblt	r2, r2, #0
      0x0041548c: 0x030080a1	orrge	r0, r0, r3
      0x00415490: 0x300283b1	orrlt	r0, r3, r0, lsr r2
      0x00415494: 0x1eff2fe1	bx	lr
      0x00415498: 0x000032e3	teq	r2, #0
      0x0041549c: 0x021521e2	eor	r1, r1, #0x800000
      0x004154a0: 0x02052002	eoreq	r0, r0, #0x800000
      0x004154a4: 0x01208202	addeq	r2, r2, #1
      0x004154a8: 0x01304312	subne	r3, r3, #1
b     at 0x004154ac: hooking 0xcaffffea	b	#0x4153dc -> 0xd3aa03eb	bl	#0x500000
      0x004154b0: 0x8130a0e1	lsl	r3, r1, #1
      0x004154b4: 0x42ccf0e1	mvns	ip, r2, asr #24
      0x004154b8: 0x43ccf011	mvnsne	ip, r3, asr #24
      0x004154bc: 0x1300000a	beq	#0x415510
      0x004154c0: 0x030032e1	teq	r2, r3
      0x004154c4: 0x0200000a	beq	#0x4154d4
      0x004154c8: 0x000032e3	teq	r2, #0
      0x004154cc: 0x0100a001	moveq	r0, r1
      0x004154d0: 0x1eff2fe1	bx	lr
      0x004154d4: 0x010030e1	teq	r0, r1
      0x004154d8: 0x0000a013	movne	r0, #0
      0x004154dc: 0x1eff2f11	bxne	lr
      0x004154e0: 0xff0412e3	tst	r2, #0xff000000
      0x004154e4: 0x0200001a	bne	#0x4154f4
      0x004154e8: 0x8000b0e1	lsls	r0, r0, #1
      0x004154ec: 0x02018023	orrhs	r0, r0, #0x80000000
      0x004154f0: 0x1eff2fe1	bx	lr
      0x004154f4: 0x022492e2	adds	r2, r2, #0x2000000
      0x004154f8: 0x02058032	addlo	r0, r0, #0x800000
      0x004154fc: 0x1eff2f31	bxlo	lr
      0x00415500: 0x023100e2	and	r3, r0, #0x80000000
      0x00415504: 0x7f0483e3	orr	r0, r3, #0x7f000000
      0x00415508: 0x020580e3	orr	r0, r0, #0x800000
      0x0041550c: 0x1eff2fe1	bx	lr
      0x00415510: 0x422cf0e1	mvns	r2, r2, asr #24
      0x00415514: 0x0100a011	movne	r0, r1
      0x00415518: 0x433cf001	mvnseq	r3, r3, asr #24
      0x0041551c: 0x0010a011	movne	r1, r0
      0x00415520: 0x8024b0e1	lsls	r2, r0, #9
      0x00415524: 0x8134b001	lslseq	r3, r1, #9
      0x00415528: 0x01003001	teqeq	r0, r1
      0x0041552c: 0x01058013	orrne	r0, r0, #0x400000
      0x00415530: 0x1eff2fe1	bx	lr
      0x00415534: 0x0030a0e3	mov	r3, #0
b     at 0x00415538: hooking 0x010000ea	b	#0x415544 -> 0xb0aa03eb	bl	#0x500000
      0x0041553c: 0x023110e2	ands	r3, r0, #0x80000000
      0x00415540: 0x00006042	rsbmi	r0, r0, #0
      0x00415544: 0x00c0b0e1	movs	ip, r0
      0x00415548: 0x1eff2f01	bxeq	lr
      0x0041554c: 0x4b3483e3	orr	r3, r3, #0x4b000000
      0x00415550: 0x0010a0e1	mov	r1, r0
      0x00415554: 0x0000a0e3	mov	r0, #0
b     at 0x00415558: hooking 0x0f0000ea	b	#0x41559c -> 0xa8aa03eb	bl	#0x500000
      0x0041555c: 0x012090e1	orrs	r2, r0, r1
      0x00415560: 0x1eff2f01	bxeq	lr
      0x00415564: 0x0030a0e3	mov	r3, #0
b     at 0x00415568: hooking 0x050000ea	b	#0x415584 -> 0xa4aa03eb	bl	#0x500000
      0x0041556c: 0x012090e1	orrs	r2, r0, r1
      0x00415570: 0x1eff2f01	bxeq	lr
      0x00415574: 0x023111e2	ands	r3, r1, #0x80000000
      0x00415578: 0x0100005a	bpl	#0x415584
      0x0041557c: 0x000070e2	rsbs	r0, r0, #0
      0x00415580: 0x0010e1e2	rsc	r1, r1, #0
      0x00415584: 0x01c0b0e1	movs	ip, r1
      0x00415588: 0x00c0a001	moveq	ip, r0
      0x0041558c: 0x0010a001	moveq	r1, r0
      0x00415590: 0x0000a003	moveq	r0, #0
      0x00415594: 0x5b3483e3	orr	r3, r3, #0x5b000000
      0x00415598: 0x01324302	subeq	r3, r3, #0x10000000
      0x0041559c: 0x023543e2	sub	r3, r3, #0x800000
      0x004155a0: 0x1720a0e3	mov	r2, #0x17
      0x004155a4: 0x01085ce3	cmp	ip, #0x10000
      0x004155a8: 0x2cc8a021	lsrhs	ip, ip, #0x10
      0x004155ac: 0x10204222	subhs	r2, r2, #0x10
      0x004155b0: 0x010c5ce3	cmp	ip, #0x100
      0x004155b4: 0x2cc4a021	lsrhs	ip, ip, #8
      0x004155b8: 0x08204222	subhs	r2, r2, #8
      0x004155bc: 0x10005ce3	cmp	ip, #0x10
      0x004155c0: 0x2cc2a021	lsrhs	ip, ip, #4
      0x004155c4: 0x04204222	subhs	r2, r2, #4
      0x004155c8: 0x04005ce3	cmp	ip, #4
      0x004155cc: 0x02204222	subhs	r2, r2, #2
      0x004155d0: 0xac204230	sublo	r2, r2, ip, lsr #1
      0x004155d4: 0xac2152e0	subs	r2, r2, ip, lsr #3
      0x004155d8: 0x823b43e0	sub	r3, r3, r2, lsl #23
      0x004155dc: 0x060000ba	blt	#0x4155fc
      0x004155e0: 0x113283e0	add	r3, r3, r1, lsl r2
      0x004155e4: 0x10c2a0e1	lsl	ip, r0, r2
      0x004155e8: 0x202062e2	rsb	r2, r2, #0x20
      0x004155ec: 0x02015ce3	cmp	ip, #0x80000000
      0x004155f0: 0x3002a3e0	adc	r0, r3, r0, lsr r2
      0x004155f4: 0x0100c003	biceq	r0, r0, #1
      0x004155f8: 0x1eff2fe1	bx	lr
      0x004155fc: 0x202082e2	add	r2, r2, #0x20
      0x00415600: 0x11c2a0e1	lsl	ip, r1, r2
      0x00415604: 0x202062e2	rsb	r2, r2, #0x20
      0x00415608: 0x8c0090e1	orrs	r0, r0, ip, lsl #1
      0x0041560c: 0x3102a3e0	adc	r0, r3, r1, lsr r2
      0x00415610: 0xac0fc001	biceq	r0, r0, ip, lsr #31
      0x00415614: 0x1eff2fe1	bx	lr
      0x00415618: 0x04309fe5	ldr	r3, [pc, #4]
      0x0041561c: 0x000093e5	ldr	r0, [r3]
      0x00415620: 0x1eff2fe1	bx	lr
      0x00415624: 0x98664000	umaaleq	r6, r0, r8, r6
      0x00415628: 0x10402de9	push	{r4, lr}
      0x0041562c: 0x10309fe5	ldr	r3, [pc, #0x10]
      0x00415630: 0x0010a0e1	mov	r1, r0
      0x00415634: 0x000093e5	ldr	r0, [r3]
bl    at 0x00415638: hooking 0x0a0000eb	bl	#0x415668 -> 0x84aa03eb	bl	#0x500050
      0x0041563c: 0x1040bde8	pop	{r4, lr}
      0x00415640: 0x1eff2fe1	bx	lr
      0x00415644: 0x98664000	umaaleq	r6, r0, r8, r6
      0x00415648: 0x10402de9	push	{r4, lr}
      0x0041564c: 0x10309fe5	ldr	r3, [pc, #0x10]
      0x00415650: 0x0010a0e1	mov	r1, r0
      0x00415654: 0x000093e5	ldr	r0, [r3]
bl    at 0x00415658: hooking 0x890200eb	bl	#0x416084 -> 0x7caa03eb	bl	#0x500050
      0x0041565c: 0x1040bde8	pop	{r4, lr}
      0x00415660: 0x1eff2fe1	bx	lr
      0x00415664: 0x98664000	umaaleq	r6, r0, r8, r6
      0x00415668: 0xf04f2de9	push	{r4, r5, r6, r7, r8, sb, sl, fp, lr}
      0x0041566c: 0x0b5081e2	add	r5, r1, #0xb
      0x00415670: 0x160055e3	cmp	r5, #0x16
      0x00415674: 0x0cd04de2	sub	sp, sp, #0xc
      0x00415678: 0x0060a0e1	mov	r6, r0
      0x0041567c: 0x2300008a	bhi	#0x415710
      0x00415680: 0x100051e3	cmp	r1, #0x10
      0x00415684: 0x1a00008a	bhi	#0x4156f4
bl    at 0x00415688: hooking 0x2a0200eb	bl	#0x415f38 -> 0x70aa03eb	bl	#0x500050
      0x0041568c: 0x1050a0e3	mov	r5, #0x10
      0x00415690: 0x1830a0e3	mov	r3, #0x18
      0x00415694: 0x0200a0e3	mov	r0, #2
      0x00415698: 0x6c779fe5	ldr	r7, [pc, #0x76c]
      0x0041569c: 0x033087e0	add	r3, r7, r3
      0x004156a0: 0x044093e5	ldr	r4, [r3, #4]
      0x004156a4: 0x082043e2	sub	r2, r3, #8
      0x004156a8: 0x020054e1	cmp	r4, r2
      0x004156ac: 0x3b00000a	beq	#0x4157a0
      0x004156b0: 0x043094e5	ldr	r3, [r4, #4]
      0x004156b4: 0x0330c3e3	bic	r3, r3, #3
      0x004156b8: 0x033084e0	add	r3, r4, r3
      0x004156bc: 0x042093e5	ldr	r2, [r3, #4]
      0x004156c0: 0x0c1094e5	ldr	r1, [r4, #0xc]
      0x004156c4: 0x08c094e5	ldr	ip, [r4, #8]
      0x004156c8: 0x012082e3	orr	r2, r2, #1
      0x004156cc: 0x0c108ce5	str	r1, [ip, #0xc]
      0x004156d0: 0x0600a0e1	mov	r0, r6
      0x004156d4: 0x08c081e5	str	ip, [r1, #8]
      0x004156d8: 0x084084e2	add	r4, r4, #8
      0x004156dc: 0x042083e5	str	r2, [r3, #4]
bl    at 0x004156e0: hooking 0x150200eb	bl	#0x415f3c -> 0x5aaa03eb	bl	#0x500050
      0x004156e4: 0x0400a0e1	mov	r0, r4
      0x004156e8: 0x0cd08de2	add	sp, sp, #0xc
      0x004156ec: 0xf04fbde8	pop	{r4, r5, r6, r7, r8, sb, sl, fp, lr}
      0x004156f0: 0x1eff2fe1	bx	lr
      0x004156f4: 0x0c30a0e3	mov	r3, #0xc
      0x004156f8: 0x0040a0e3	mov	r4, #0
      0x004156fc: 0x003086e5	str	r3, [r6]
      0x00415700: 0x0400a0e1	mov	r0, r4
      0x00415704: 0x0cd08de2	add	sp, sp, #0xc
      0x00415708: 0xf04fbde8	pop	{r4, r5, r6, r7, r8, sb, sl, fp, lr}
      0x0041570c: 0x1eff2fe1	bx	lr
      0x00415710: 0x0750c5e3	bic	r5, r5, #7
      0x00415714: 0x050051e1	cmp	r1, r5
      0x00415718: 0x0010a093	movls	r1, #0
      0x0041571c: 0x0110a083	movhi	r1, #1
      0x00415720: 0xa53f91e1	orrs	r3, r1, r5, lsr #31
      0x00415724: 0xf2ffff1a	bne	#0x4156f4
bl    at 0x00415728: hooking 0x020200eb	bl	#0x415f38 -> 0x48aa03eb	bl	#0x500050
      0x0041572c: 0x7e0f55e3	cmp	r5, #0x1f8
      0x00415730: 0x2701003a	blo	#0x415bd4
      0x00415734: 0xa534b0e1	lsrs	r3, r5, #9
      0x00415738: 0xaa00000a	beq	#0x4159e8
      0x0041573c: 0x040053e3	cmp	r3, #4
      0x00415740: 0x0901008a	bhi	#0x415b6c
      0x00415744: 0x2533a0e1	lsr	r3, r5, #6
      0x00415748: 0x390083e2	add	r0, r3, #0x39
      0x0041574c: 0x38c083e2	add	ip, r3, #0x38
      0x00415750: 0x8011a0e1	lsl	r1, r0, #3
      0x00415754: 0xb0769fe5	ldr	r7, [pc, #0x6b0]
      0x00415758: 0x011087e0	add	r1, r7, r1
      0x0041575c: 0x044091e5	ldr	r4, [r1, #4]
      0x00415760: 0x081041e2	sub	r1, r1, #8
      0x00415764: 0x040051e1	cmp	r1, r4
      0x00415768: 0x0500001a	bne	#0x415784
b     at 0x0041576c: hooking 0x0f0000ea	b	#0x4157b0 -> 0x23aa03eb	bl	#0x500000
      0x00415770: 0x000052e3	cmp	r2, #0
      0x00415774: 0xcfffffaa	bge	#0x4156b8
      0x00415778: 0x0c4094e5	ldr	r4, [r4, #0xc]
      0x0041577c: 0x040051e1	cmp	r1, r4
      0x00415780: 0x0a00000a	beq	#0x4157b0
      0x00415784: 0x043094e5	ldr	r3, [r4, #4]
      0x00415788: 0x0330c3e3	bic	r3, r3, #3
      0x0041578c: 0x052043e0	sub	r2, r3, r5
      0x00415790: 0x0f0052e3	cmp	r2, #0xf
      0x00415794: 0xf5ffffda	ble	#0x415770
      0x00415798: 0x0c00a0e1	mov	r0, ip
b     at 0x0041579c: hooking 0x030000ea	b	#0x4157b0 -> 0x17aa03eb	bl	#0x500000
      0x004157a0: 0x0c4093e5	ldr	r4, [r3, #0xc]
      0x004157a4: 0x040053e1	cmp	r3, r4
      0x004157a8: 0x02008002	addeq	r0, r0, #2
      0x004157ac: 0xbfffff1a	bne	#0x4156b0
      0x004157b0: 0x104097e5	ldr	r4, [r7, #0x10]
      0x004157b4: 0x54c69fe5	ldr	ip, [pc, #0x654]
      0x004157b8: 0x0c0054e1	cmp	r4, ip
      0x004157bc: 0x04309705	ldreq	r3, [r7, #4]
      0x004157c0: 0x1800000a	beq	#0x415828
      0x004157c4: 0x043094e5	ldr	r3, [r4, #4]
      0x004157c8: 0x0330c3e3	bic	r3, r3, #3
      0x004157cc: 0x052043e0	sub	r2, r3, r5
      0x004157d0: 0x0f0052e3	cmp	r2, #0xf
      0x004157d4: 0x010100ca	bgt	#0x415be0
      0x004157d8: 0x000052e3	cmp	r2, #0
      0x004157dc: 0x14c087e5	str	ip, [r7, #0x14]
      0x004157e0: 0x10c087e5	str	ip, [r7, #0x10]
      0x004157e4: 0xb00000aa	bge	#0x415aac
      0x004157e8: 0x020c53e3	cmp	r3, #0x200
      0x004157ec: 0xc300002a	bhs	#0x415b00
      0x004157f0: 0x0180a0e3	mov	r8, #1
      0x004157f4: 0x041097e5	ldr	r1, [r7, #4]
      0x004157f8: 0xa331a0e1	lsr	r3, r3, #3
      0x004157fc: 0x08e083e0	add	lr, r3, r8
      0x00415800: 0x4331a0e1	asr	r3, r3, #2
      0x00415804: 0x183381e1	orr	r3, r1, r8, lsl r3
      0x00415808: 0x8e2187e0	add	r2, r7, lr, lsl #3
      0x0041580c: 0x8e1197e7	ldr	r1, [r7, lr, lsl #3]
      0x00415810: 0x082042e2	sub	r2, r2, #8
      0x00415814: 0x0c2084e5	str	r2, [r4, #0xc]
      0x00415818: 0x081084e5	str	r1, [r4, #8]
      0x0041581c: 0x043087e5	str	r3, [r7, #4]
      0x00415820: 0x8e4187e7	str	r4, [r7, lr, lsl #3]
      0x00415824: 0x0c4081e5	str	r4, [r1, #0xc]
      0x00415828: 0x0110a0e3	mov	r1, #1
      0x0041582c: 0x4021a0e1	asr	r2, r0, #2
      0x00415830: 0x11e2a0e1	lsl	lr, r1, r2
      0x00415834: 0x03005ee1	cmp	lr, r3
      0x00415838: 0x6e00009a	bls	#0x4159f8
      0x0041583c: 0x084097e5	ldr	r4, [r7, #8]
      0x00415840: 0x048094e5	ldr	r8, [r4, #4]
      0x00415844: 0x0380c8e3	bic	r8, r8, #3
      0x00415848: 0x050058e1	cmp	r8, r5
      0x0041584c: 0x0020a023	movhs	r2, #0
      0x00415850: 0x0120a033	movlo	r2, #1
      0x00415854: 0x053048e0	sub	r3, r8, r5
      0x00415858: 0x0f0053e3	cmp	r3, #0xf
      0x0041585c: 0x012082d3	orrle	r2, r2, #1
      0x00415860: 0x000052e3	cmp	r2, #0
      0x00415864: 0x9800000a	beq	#0x415acc
      0x00415868: 0xa4959fe5	ldr	sb, [pc, #0x5a4]
      0x0041586c: 0x082497e5	ldr	r2, [r7, #0x408]
      0x00415870: 0x003099e5	ldr	r3, [sb]
      0x00415874: 0x010072e3	cmn	r2, #1
      0x00415878: 0x033085e0	add	r3, r5, r3
      0x0041587c: 0x013a8312	addne	r3, r3, #0x1000
      0x00415880: 0x0f308312	addne	r3, r3, #0xf
      0x00415884: 0xff2ec313	bicne	r2, r3, #0xff0
      0x00415888: 0x10208302	addeq	r2, r3, #0x10
      0x0041588c: 0x0f20c213	bicne	r2, r2, #0xf
      0x00415890: 0x0210a0e1	mov	r1, r2
      0x00415894: 0x0600a0e1	mov	r0, r6
      0x00415898: 0x00208de5	str	r2, [sp]
bl    at 0x0041589c: hooking 0xa70100eb	bl	#0x415f40 -> 0xeba903eb	bl	#0x500050
      0x004158a0: 0x010070e3	cmn	r0, #1
      0x004158a4: 0x08a084e0	add	sl, r4, r8
      0x004158a8: 0x00b0a0e1	mov	fp, r0
      0x004158ac: 0x00209de5	ldr	r2, [sp]
      0x004158b0: 0x1701000a	beq	#0x415d14
      0x004158b4: 0x070054e1	cmp	r4, r7
      0x004158b8: 0x00005a11	cmpne	sl, r0
      0x004158bc: 0x1401008a	bhi	#0x415d14
      0x004158c0: 0x043099e5	ldr	r3, [sb, #4]
      0x004158c4: 0x00005ae1	cmp	sl, r0
      0x004158c8: 0x033082e0	add	r3, r2, r3
      0x004158cc: 0x043089e5	str	r3, [sb, #4]
      0x004158d0: 0x0601000a	beq	#0x415cf0
      0x004158d4: 0x081497e5	ldr	r1, [r7, #0x408]
      0x004158d8: 0x010071e3	cmn	r1, #1
      0x004158dc: 0x0aa04b10	subne	sl, fp, sl
      0x004158e0: 0x03308a10	addne	r3, sl, r3
      0x004158e4: 0x08b48705	streq	fp, [r7, #0x408]
      0x004158e8: 0x04308915	strne	r3, [sb, #4]
      0x004158ec: 0x07301be2	ands	r3, fp, #7
      0x004158f0: 0xd000001a	bne	#0x415c38
      0x004158f4: 0x02a08be0	add	sl, fp, r2
      0x004158f8: 0x00a06ae2	rsb	sl, sl, #0
      0x004158fc: 0x0aaaa0e1	lsl	sl, sl, #0x14
      0x00415900: 0x2aaaa0e1	lsr	sl, sl, #0x14
      0x00415904: 0x0a10a0e1	mov	r1, sl
      0x00415908: 0x0600a0e1	mov	r0, r6
      0x0041590c: 0x04308de5	str	r3, [sp, #4]
      0x00415910: 0x00208de5	str	r2, [sp]
bl    at 0x00415914: hooking 0x890100eb	bl	#0x415f40 -> 0xcda903eb	bl	#0x500050
      0x00415918: 0x0c009de8	ldm	sp, {r2, r3}
      0x0041591c: 0x010070e3	cmn	r0, #1
      0x00415920: 0x03a0a001	moveq	sl, r3
      0x00415924: 0x0100000a	beq	#0x415930
      0x00415928: 0x0b2040e0	sub	r2, r0, fp
      0x0041592c: 0x0a2082e0	add	r2, r2, sl
      0x00415930: 0x043099e5	ldr	r3, [sb, #4]
      0x00415934: 0x012082e3	orr	r2, r2, #1
      0x00415938: 0x03308ae0	add	r3, sl, r3
      0x0041593c: 0x070054e1	cmp	r4, r7
      0x00415940: 0x08b087e5	str	fp, [r7, #8]
      0x00415944: 0x043089e5	str	r3, [sb, #4]
      0x00415948: 0x04208be5	str	r2, [fp, #4]
      0x0041594c: 0x0701000a	beq	#0x415d70
      0x00415950: 0x0f0058e3	cmp	r8, #0xf
      0x00415954: 0x0130a093	movls	r3, #1
      0x00415958: 0x04308b95	strls	r3, [fp, #4]
      0x0041595c: 0x1d00009a	bls	#0x4159d8
      0x00415960: 0x0500a0e3	mov	r0, #5
      0x00415964: 0x041094e5	ldr	r1, [r4, #4]
      0x00415968: 0x0c2048e2	sub	r2, r8, #0xc
      0x0041596c: 0x0720c2e3	bic	r2, r2, #7
      0x00415970: 0x011001e2	and	r1, r1, #1
      0x00415974: 0x021081e1	orr	r1, r1, r2
      0x00415978: 0x0f0052e3	cmp	r2, #0xf
      0x0041597c: 0x022084e0	add	r2, r4, r2
      0x00415980: 0x041084e5	str	r1, [r4, #4]
      0x00415984: 0x040082e5	str	r0, [r2, #4]
      0x00415988: 0x080082e5	str	r0, [r2, #8]
      0x0041598c: 0x0801008a	bhi	#0x415db4
      0x00415990: 0x0b40a0e1	mov	r4, fp
      0x00415994: 0x04209be5	ldr	r2, [fp, #4]
      0x00415998: 0x2c1099e5	ldr	r1, [sb, #0x2c]
      0x0041599c: 0x030051e1	cmp	r1, r3
      0x004159a0: 0x301099e5	ldr	r1, [sb, #0x30]
      0x004159a4: 0x2c308935	strlo	r3, [sb, #0x2c]
      0x004159a8: 0x030051e1	cmp	r1, r3
      0x004159ac: 0x30308935	strlo	r3, [sb, #0x30]
      0x004159b0: 0x0320c2e3	bic	r2, r2, #3
      0x004159b4: 0x053042e0	sub	r3, r2, r5
      0x004159b8: 0x0f0053e3	cmp	r3, #0xf
      0x004159bc: 0x0010a0c3	movgt	r1, #0
      0x004159c0: 0x0110a0d3	movle	r1, #1
      0x004159c4: 0x050052e1	cmp	r2, r5
      0x004159c8: 0x0120a021	movhs	r2, r1
      0x004159cc: 0x01208133	orrlo	r2, r1, #1
      0x004159d0: 0x000052e3	cmp	r2, #0
      0x004159d4: 0x3c00000a	beq	#0x415acc
      0x004159d8: 0x0600a0e1	mov	r0, r6
bl    at 0x004159dc: hooking 0x560100eb	bl	#0x415f3c -> 0x9ba903eb	bl	#0x500050
      0x004159e0: 0x0040a0e3	mov	r4, #0
b     at 0x004159e4: hooking 0x45ffffea	b	#0x415700 -> 0x85a903eb	bl	#0x500000
      0x004159e8: 0x021ca0e3	mov	r1, #0x200
      0x004159ec: 0x4000a0e3	mov	r0, #0x40
      0x004159f0: 0x3fc0a0e3	mov	ip, #0x3f
b     at 0x004159f4: hooking 0x56ffffea	b	#0x415754 -> 0x81a903eb	bl	#0x500000
      0x004159f8: 0x03001ee1	tst	lr, r3
      0x004159fc: 0x0800001a	bne	#0x415a24
      0x00415a00: 0x1ee1a0e1	lsl	lr, lr, r1
      0x00415a04: 0x0300c0e3	bic	r0, r0, #3
      0x00415a08: 0x03001ee1	tst	lr, r3
      0x00415a0c: 0x040080e2	add	r0, r0, #4
      0x00415a10: 0x0300001a	bne	#0x415a24
      0x00415a14: 0x8ee0a0e1	lsl	lr, lr, #1
      0x00415a18: 0x03001ee1	tst	lr, r3
      0x00415a1c: 0x040080e2	add	r0, r0, #4
      0x00415a20: 0xfbffff0a	beq	#0x415a14
      0x00415a24: 0x809187e0	add	sb, r7, r0, lsl #3
      0x00415a28: 0x0910a0e1	mov	r1, sb
      0x00415a2c: 0x0040a0e1	mov	r4, r0
      0x00415a30: 0x0c8091e5	ldr	r8, [r1, #0xc]
      0x00415a34: 0x080051e1	cmp	r1, r8
      0x00415a38: 0x0500001a	bne	#0x415a54
b     at 0x00415a3c: hooking 0x530000ea	b	#0x415b90 -> 0x6fa903eb	bl	#0x500000
      0x00415a40: 0x000052e3	cmp	r2, #0
      0x00415a44: 0x560000aa	bge	#0x415ba4
      0x00415a48: 0x0c8098e5	ldr	r8, [r8, #0xc]
      0x00415a4c: 0x080051e1	cmp	r1, r8
      0x00415a50: 0x4e00000a	beq	#0x415b90
      0x00415a54: 0x043098e5	ldr	r3, [r8, #4]
      0x00415a58: 0x0330c3e3	bic	r3, r3, #3
      0x00415a5c: 0x052043e0	sub	r2, r3, r5
      0x00415a60: 0x0f0052e3	cmp	r2, #0xf
      0x00415a64: 0xf5ffffda	ble	#0x415a40
      0x00415a68: 0x0c1098e5	ldr	r1, [r8, #0xc]
      0x00415a6c: 0x08e098e5	ldr	lr, [r8, #8]
      0x00415a70: 0x014085e3	orr	r4, r5, #1
      0x00415a74: 0x044088e5	str	r4, [r8, #4]
      0x00415a78: 0x055088e0	add	r5, r8, r5
      0x00415a7c: 0x014082e3	orr	r4, r2, #1
      0x00415a80: 0x0c108ee5	str	r1, [lr, #0xc]
      0x00415a84: 0x0600a0e1	mov	r0, r6
      0x00415a88: 0x08e081e5	str	lr, [r1, #8]
      0x00415a8c: 0x145087e5	str	r5, [r7, #0x14]
      0x00415a90: 0x105087e5	str	r5, [r7, #0x10]
      0x00415a94: 0x101085e9	stmib	r5, {r4, ip}
      0x00415a98: 0x0cc085e5	str	ip, [r5, #0xc]
      0x00415a9c: 0x032088e7	str	r2, [r8, r3]
bl    at 0x00415aa0: hooking 0x250100eb	bl	#0x415f3c -> 0x6aa903eb	bl	#0x500050
      0x00415aa4: 0x084088e2	add	r4, r8, #8
b     at 0x00415aa8: hooking 0x14ffffea	b	#0x415700 -> 0x54a903eb	bl	#0x500000
      0x00415aac: 0x033084e0	add	r3, r4, r3
      0x00415ab0: 0x042093e5	ldr	r2, [r3, #4]
      0x00415ab4: 0x012082e3	orr	r2, r2, #1
      0x00415ab8: 0x0600a0e1	mov	r0, r6
      0x00415abc: 0x042083e5	str	r2, [r3, #4]
      0x00415ac0: 0x084084e2	add	r4, r4, #8
bl    at 0x00415ac4: hooking 0x1c0100eb	bl	#0x415f3c -> 0x61a903eb	bl	#0x500050
b     at 0x00415ac8: hooking 0x0cffffea	b	#0x415700 -> 0x4ca903eb	bl	#0x500000
      0x00415acc: 0x012085e3	orr	r2, r5, #1
      0x00415ad0: 0x013083e3	orr	r3, r3, #1
      0x00415ad4: 0x055084e0	add	r5, r4, r5
      0x00415ad8: 0x042084e5	str	r2, [r4, #4]
      0x00415adc: 0x0600a0e1	mov	r0, r6
      0x00415ae0: 0x085087e5	str	r5, [r7, #8]
      0x00415ae4: 0x084084e2	add	r4, r4, #8
      0x00415ae8: 0x043085e5	str	r3, [r5, #4]
bl    at 0x00415aec: hooking 0x120100eb	bl	#0x415f3c -> 0x57a903eb	bl	#0x500050
      0x00415af0: 0x0400a0e1	mov	r0, r4
      0x00415af4: 0x0cd08de2	add	sp, sp, #0xc
      0x00415af8: 0xf04fbde8	pop	{r4, r5, r6, r7, r8, sb, sl, fp, lr}
      0x00415afc: 0x1eff2fe1	bx	lr
      0x00415b00: 0xa324a0e1	lsr	r2, r3, #9
      0x00415b04: 0x040052e3	cmp	r2, #4
      0x00415b08: 0x4100009a	bls	#0x415c14
      0x00415b0c: 0x140052e3	cmp	r2, #0x14
      0x00415b10: 0x8800008a	bhi	#0x415d38
      0x00415b14: 0x5c8082e2	add	r8, r2, #0x5c
      0x00415b18: 0x8881a0e1	lsl	r8, r8, #3
      0x00415b1c: 0x5b1082e2	add	r1, r2, #0x5b
      0x00415b20: 0x08e087e0	add	lr, r7, r8
      0x00415b24: 0x082097e7	ldr	r2, [r7, r8]
      0x00415b28: 0x08e04ee2	sub	lr, lr, #8
      0x00415b2c: 0x02005ee1	cmp	lr, r2
      0x00415b30: 0x7a00000a	beq	#0x415d20
      0x00415b34: 0x041092e5	ldr	r1, [r2, #4]
      0x00415b38: 0x0310c1e3	bic	r1, r1, #3
      0x00415b3c: 0x030051e1	cmp	r1, r3
      0x00415b40: 0x0200009a	bls	#0x415b50
      0x00415b44: 0x082092e5	ldr	r2, [r2, #8]
      0x00415b48: 0x02005ee1	cmp	lr, r2
      0x00415b4c: 0xf8ffff1a	bne	#0x415b34
      0x00415b50: 0x0ce092e5	ldr	lr, [r2, #0xc]
      0x00415b54: 0x043097e5	ldr	r3, [r7, #4]
      0x00415b58: 0x0ce084e5	str	lr, [r4, #0xc]
      0x00415b5c: 0x082084e5	str	r2, [r4, #8]
      0x00415b60: 0x08408ee5	str	r4, [lr, #8]
      0x00415b64: 0x0c4082e5	str	r4, [r2, #0xc]
b     at 0x00415b68: hooking 0x2effffea	b	#0x415828 -> 0x24a903eb	bl	#0x500000
      0x00415b6c: 0x140053e3	cmp	r3, #0x14
      0x00415b70: 0x2c00009a	bls	#0x415c28
      0x00415b74: 0x540053e3	cmp	r3, #0x54
      0x00415b78: 0x7500008a	bhi	#0x415d54
      0x00415b7c: 0x2536a0e1	lsr	r3, r5, #0xc
      0x00415b80: 0x6f0083e2	add	r0, r3, #0x6f
      0x00415b84: 0x6ec083e2	add	ip, r3, #0x6e
      0x00415b88: 0x8011a0e1	lsl	r1, r0, #3
b     at 0x00415b8c: hooking 0xf0feffea	b	#0x415754 -> 0x1ba903eb	bl	#0x500000
      0x00415b90: 0x014084e2	add	r4, r4, #1
      0x00415b94: 0x030014e3	tst	r4, #3
      0x00415b98: 0x081081e2	add	r1, r1, #8
      0x00415b9c: 0xa3ffff1a	bne	#0x415a30
b     at 0x00415ba0: hooking 0x3d0000ea	b	#0x415c9c -> 0x16a903eb	bl	#0x500000
      0x00415ba4: 0x0840a0e1	mov	r4, r8
      0x00415ba8: 0x033088e0	add	r3, r8, r3
      0x00415bac: 0x042093e5	ldr	r2, [r3, #4]
      0x00415bb0: 0x0c1098e5	ldr	r1, [r8, #0xc]
      0x00415bb4: 0x08c0b4e5	ldr	ip, [r4, #8]!
      0x00415bb8: 0x012082e3	orr	r2, r2, #1
      0x00415bbc: 0x042083e5	str	r2, [r3, #4]
      0x00415bc0: 0x0600a0e1	mov	r0, r6
      0x00415bc4: 0x0c108ce5	str	r1, [ip, #0xc]
      0x00415bc8: 0x08c081e5	str	ip, [r1, #8]
bl    at 0x00415bcc: hooking 0xda0000eb	bl	#0x415f3c -> 0x1fa903eb	bl	#0x500050
b     at 0x00415bd0: hooking 0xcafeffea	b	#0x415700 -> 0x0aa903eb	bl	#0x500000
      0x00415bd4: 0xa501a0e1	lsr	r0, r5, #3
      0x00415bd8: 0x083085e2	add	r3, r5, #8
b     at 0x00415bdc: hooking 0xadfeffea	b	#0x415698 -> 0x07a903eb	bl	#0x500000
      0x00415be0: 0x01e085e3	orr	lr, r5, #1
      0x00415be4: 0x011082e3	orr	r1, r2, #1
      0x00415be8: 0x055084e0	add	r5, r4, r5
      0x00415bec: 0x04e084e5	str	lr, [r4, #4]
      0x00415bf0: 0x0600a0e1	mov	r0, r6
      0x00415bf4: 0x145087e5	str	r5, [r7, #0x14]
      0x00415bf8: 0x105087e5	str	r5, [r7, #0x10]
      0x00415bfc: 0x0cc085e5	str	ip, [r5, #0xc]
      0x00415c00: 0x021085e9	stmib	r5, {r1, ip}
      0x00415c04: 0x032084e7	str	r2, [r4, r3]
bl    at 0x00415c08: hooking 0xcb0000eb	bl	#0x415f3c -> 0x10a903eb	bl	#0x500050
      0x00415c0c: 0x084084e2	add	r4, r4, #8
b     at 0x00415c10: hooking 0xbafeffea	b	#0x415700 -> 0xfaa803eb	bl	#0x500000
      0x00415c14: 0x2323a0e1	lsr	r2, r3, #6
      0x00415c18: 0x398082e2	add	r8, r2, #0x39
      0x00415c1c: 0x8881a0e1	lsl	r8, r8, #3
      0x00415c20: 0x381082e2	add	r1, r2, #0x38
b     at 0x00415c24: hooking 0xbdffffea	b	#0x415b20 -> 0xf5a803eb	bl	#0x500000
      0x00415c28: 0x5c0083e2	add	r0, r3, #0x5c
      0x00415c2c: 0x5bc083e2	add	ip, r3, #0x5b
      0x00415c30: 0x8011a0e1	lsl	r1, r0, #3
b     at 0x00415c34: hooking 0xc6feffea	b	#0x415754 -> 0xf1a803eb	bl	#0x500000
      0x00415c38: 0x081063e2	rsb	r1, r3, #8
      0x00415c3c: 0x01b08be0	add	fp, fp, r1
      0x00415c40: 0x011a63e2	rsb	r1, r3, #0x1000
      0x00415c44: 0x02208be0	add	r2, fp, r2
      0x00415c48: 0x081081e2	add	r1, r1, #8
      0x00415c4c: 0x021041e0	sub	r1, r1, r2
      0x00415c50: 0x01aaa0e1	lsl	sl, r1, #0x14
      0x00415c54: 0x2aaaa0e1	lsr	sl, sl, #0x14
      0x00415c58: 0x0a10a0e1	mov	r1, sl
      0x00415c5c: 0x0600a0e1	mov	r0, r6
      0x00415c60: 0x04308de5	str	r3, [sp, #4]
      0x00415c64: 0x00208de5	str	r2, [sp]
bl    at 0x00415c68: hooking 0xb40000eb	bl	#0x415f40 -> 0xf8a803eb	bl	#0x500050
      0x00415c6c: 0x010070e3	cmn	r0, #1
      0x00415c70: 0x0c009de8	ldm	sp, {r2, r3}
      0x00415c74: 0x2bffff1a	bne	#0x415928
      0x00415c78: 0x083043e2	sub	r3, r3, #8
      0x00415c7c: 0x032082e0	add	r2, r2, r3
      0x00415c80: 0x0b2042e0	sub	r2, r2, fp
      0x00415c84: 0x00a0a0e3	mov	sl, #0
b     at 0x00415c88: hooking 0x28ffffea	b	#0x415930 -> 0xdca803eb	bl	#0x500000
      0x00415c8c: 0x083019e4	ldr	r3, [sb], #-8
      0x00415c90: 0x090053e1	cmp	r3, sb
      0x00415c94: 0x010040e2	sub	r0, r0, #1
      0x00415c98: 0x5900001a	bne	#0x415e04
      0x00415c9c: 0x030010e3	tst	r0, #3
      0x00415ca0: 0xf9ffff1a	bne	#0x415c8c
      0x00415ca4: 0x043097e5	ldr	r3, [r7, #4]
      0x00415ca8: 0x0e30c3e1	bic	r3, r3, lr
      0x00415cac: 0x043087e5	str	r3, [r7, #4]
      0x00415cb0: 0x8ee0b0e1	lsls	lr, lr, #1
      0x00415cb4: 0x0120a013	movne	r2, #1
      0x00415cb8: 0x0020a003	moveq	r2, #0
      0x00415cbc: 0x03005ee1	cmp	lr, r3
      0x00415cc0: 0x0020a083	movhi	r2, #0
      0x00415cc4: 0x01200292	andls	r2, r2, #1
      0x00415cc8: 0x000052e3	cmp	r2, #0
      0x00415ccc: 0xdafeff0a	beq	#0x41583c
      0x00415cd0: 0x03001ee1	tst	lr, r3
      0x00415cd4: 0x0300001a	bne	#0x415ce8
      0x00415cd8: 0x8ee0a0e1	lsl	lr, lr, #1
      0x00415cdc: 0x03001ee1	tst	lr, r3
      0x00415ce0: 0x044084e2	add	r4, r4, #4
      0x00415ce4: 0xfbffff0a	beq	#0x415cd8
      0x00415ce8: 0x0400a0e1	mov	r0, r4
b     at 0x00415cec: hooking 0x4cffffea	b	#0x415a24 -> 0xc3a803eb	bl	#0x500000
      0x00415cf0: 0x0a1aa0e1	lsl	r1, sl, #0x14
      0x00415cf4: 0x211aa0e1	lsr	r1, r1, #0x14
      0x00415cf8: 0x000051e3	cmp	r1, #0
      0x00415cfc: 0xf4feff1a	bne	#0x4158d4
      0x00415d00: 0x022088e0	add	r2, r8, r2
      0x00415d04: 0x084097e5	ldr	r4, [r7, #8]
      0x00415d08: 0x012082e3	orr	r2, r2, #1
      0x00415d0c: 0x042084e5	str	r2, [r4, #4]
b     at 0x00415d10: hooking 0x20ffffea	b	#0x415998 -> 0xbaa803eb	bl	#0x500000
      0x00415d14: 0x084097e5	ldr	r4, [r7, #8]
      0x00415d18: 0x042094e5	ldr	r2, [r4, #4]
b     at 0x00415d1c: hooking 0x23ffffea	b	#0x4159b0 -> 0xb7a803eb	bl	#0x500000
      0x00415d20: 0x0180a0e3	mov	r8, #1
      0x00415d24: 0x043097e5	ldr	r3, [r7, #4]
      0x00415d28: 0x4111a0e1	asr	r1, r1, #2
      0x00415d2c: 0x183183e1	orr	r3, r3, r8, lsl r1
      0x00415d30: 0x043087e5	str	r3, [r7, #4]
b     at 0x00415d34: hooking 0x87ffffea	b	#0x415b58 -> 0xb1a803eb	bl	#0x500000
      0x00415d38: 0x540052e3	cmp	r2, #0x54
      0x00415d3c: 0x0d00008a	bhi	#0x415d78
      0x00415d40: 0x2326a0e1	lsr	r2, r3, #0xc
      0x00415d44: 0x6f8082e2	add	r8, r2, #0x6f
      0x00415d48: 0x8881a0e1	lsl	r8, r8, #3
      0x00415d4c: 0x6e1082e2	add	r1, r2, #0x6e
b     at 0x00415d50: hooking 0x72ffffea	b	#0x415b20 -> 0xaaa803eb	bl	#0x500000
      0x00415d54: 0x550f53e3	cmp	r3, #0x154
      0x00415d58: 0x0d00008a	bhi	#0x415d94
      0x00415d5c: 0xa537a0e1	lsr	r3, r5, #0xf
      0x00415d60: 0x780083e2	add	r0, r3, #0x78
      0x00415d64: 0x77c083e2	add	ip, r3, #0x77
      0x00415d68: 0x8011a0e1	lsl	r1, r0, #3
b     at 0x00415d6c: hooking 0x78feffea	b	#0x415754 -> 0xa3a803eb	bl	#0x500000
      0x00415d70: 0x0b40a0e1	mov	r4, fp
b     at 0x00415d74: hooking 0x07ffffea	b	#0x415998 -> 0xa1a803eb	bl	#0x500000
      0x00415d78: 0x550f52e3	cmp	r2, #0x154
      0x00415d7c: 0x1300008a	bhi	#0x415dd0
      0x00415d80: 0xa327a0e1	lsr	r2, r3, #0xf
      0x00415d84: 0x788082e2	add	r8, r2, #0x78
      0x00415d88: 0x8881a0e1	lsl	r8, r8, #3
      0x00415d8c: 0x771082e2	add	r1, r2, #0x77
b     at 0x00415d90: hooking 0x62ffffea	b	#0x415b20 -> 0x9aa803eb	bl	#0x500000
      0x00415d94: 0x7c209fe5	ldr	r2, [pc, #0x7c]
      0x00415d98: 0x020053e1	cmp	r3, r2
      0x00415d9c: 0x1400008a	bhi	#0x415df4
      0x00415da0: 0x2539a0e1	lsr	r3, r5, #0x12
      0x00415da4: 0x7d0083e2	add	r0, r3, #0x7d
      0x00415da8: 0x7cc083e2	add	ip, r3, #0x7c
      0x00415dac: 0x8011a0e1	lsl	r1, r0, #3
b     at 0x00415db0: hooking 0x67feffea	b	#0x415754 -> 0x92a803eb	bl	#0x500000
      0x00415db4: 0x081084e2	add	r1, r4, #8
      0x00415db8: 0x0600a0e1	mov	r0, r6
bl    at 0x00415dbc: hooking 0xb00000eb	bl	#0x416084 -> 0xa3a803eb	bl	#0x500050
      0x00415dc0: 0x084097e5	ldr	r4, [r7, #8]
      0x00415dc4: 0x043099e5	ldr	r3, [sb, #4]
      0x00415dc8: 0x042094e5	ldr	r2, [r4, #4]
b     at 0x00415dcc: hooking 0xf1feffea	b	#0x415998 -> 0x8ba803eb	bl	#0x500000
      0x00415dd0: 0x40109fe5	ldr	r1, [pc, #0x40]
      0x00415dd4: 0x010052e1	cmp	r2, r1
      0x00415dd8: 0x2329a091	lsrls	r2, r3, #0x12
      0x00415ddc: 0x7d808292	addls	r8, r2, #0x7d
      0x00415de0: 0x8881a091	lslls	r8, r8, #3
      0x00415de4: 0x7c108292	addls	r1, r2, #0x7c
      0x00415de8: 0xfe8fa083	movhi	r8, #0x3f8
      0x00415dec: 0x7e10a083	movhi	r1, #0x7e
b     at 0x00415df0: hooking 0x4affffea	b	#0x415b20 -> 0x82a803eb	bl	#0x500000
      0x00415df4: 0xfe1fa0e3	mov	r1, #0x3f8
      0x00415df8: 0x7f00a0e3	mov	r0, #0x7f
      0x00415dfc: 0x7ec0a0e3	mov	ip, #0x7e
b     at 0x00415e00: hooking 0x53feffea	b	#0x415754 -> 0x7ea803eb	bl	#0x500000
      0x00415e04: 0x043097e5	ldr	r3, [r7, #4]
b     at 0x00415e08: hooking 0xa8ffffea	b	#0x415cb0 -> 0x7ca803eb	bl	#0x500000
      0x00415e0c: 0xc86a4000	subeq	r6, r0, r8, asr #21
      0x00415e10: 0xd06a4000	ldrdeq	r6, r7, [r0], #-0xa0
      0x00415e14: 0xd86e4000	ldrdeq	r6, r7, [r0], #-0xe8
      0x00415e18: 0x54050000	andeq	r0, r0, r4, asr r5
      0x00415e1c: 0x0f0052e3	cmp	r2, #0xf
      0x00415e20: 0x3500009a	bls	#0x415efc
      0x00415e24: 0x013080e1	orr	r3, r0, r1
      0x00415e28: 0x030013e3	tst	r3, #3
      0x00415e2c: 0x3e00001a	bne	#0x415f2c
      0x00415e30: 0xf0412de9	push	{r4, r5, r6, r7, r8, lr}
      0x00415e34: 0x108042e2	sub	r8, r2, #0x10
      0x00415e38: 0x2882a0e1	lsr	r8, r8, #4
      0x00415e3c: 0x207081e2	add	r7, r1, #0x20
      0x00415e40: 0x087287e0	add	r7, r7, r8, lsl #4
      0x00415e44: 0x103081e2	add	r3, r1, #0x10
      0x00415e48: 0x10c080e2	add	ip, r0, #0x10
      0x00415e4c: 0x106013e5	ldr	r6, [r3, #-0x10]
      0x00415e50: 0x0c5013e5	ldr	r5, [r3, #-0xc]
      0x00415e54: 0x104013e9	ldmdb	r3, {r4, lr}
      0x00415e58: 0x103083e2	add	r3, r3, #0x10
      0x00415e5c: 0x070053e1	cmp	r3, r7
      0x00415e60: 0x10600ce5	str	r6, [ip, #-0x10]
      0x00415e64: 0x0c500ce5	str	r5, [ip, #-0xc]
      0x00415e68: 0x10400ce9	stmdb	ip, {r4, lr}
      0x00415e6c: 0x10c08ce2	add	ip, ip, #0x10
      0x00415e70: 0xf5ffff1a	bne	#0x415e4c
      0x00415e74: 0x01c088e2	add	ip, r8, #1
      0x00415e78: 0x0cc2a0e1	lsl	ip, ip, #4
      0x00415e7c: 0x0c0012e3	tst	r2, #0xc
      0x00415e80: 0x0fe002e2	and	lr, r2, #0xf
      0x00415e84: 0x0c1081e0	add	r1, r1, ip
      0x00415e88: 0x0e20a001	moveq	r2, lr
      0x00415e8c: 0x0cc080e0	add	ip, r0, ip
      0x00415e90: 0x0d00000a	beq	#0x415ecc
      0x00415e94: 0x0140a0e1	mov	r4, r1
      0x00415e98: 0x04e04ee2	sub	lr, lr, #4
      0x00415e9c: 0x2ee1a0e1	lsr	lr, lr, #2
      0x00415ea0: 0x0e618ce0	add	r6, ip, lr, lsl #2
      0x00415ea4: 0x04304ce2	sub	r3, ip, #4
      0x00415ea8: 0x045094e4	ldr	r5, [r4], #4
      0x00415eac: 0x0450a3e5	str	r5, [r3, #4]!
      0x00415eb0: 0x060053e1	cmp	r3, r6
      0x00415eb4: 0xfbffff1a	bne	#0x415ea8
      0x00415eb8: 0x01e08ee2	add	lr, lr, #1
      0x00415ebc: 0x0ee1a0e1	lsl	lr, lr, #2
      0x00415ec0: 0x0ec08ce0	add	ip, ip, lr
      0x00415ec4: 0x0e1081e0	add	r1, r1, lr
      0x00415ec8: 0x032002e2	and	r2, r2, #3
      0x00415ecc: 0x000052e3	cmp	r2, #0
      0x00415ed0: 0x012042e2	sub	r2, r2, #1
      0x00415ed4: 0x01208212	addne	r2, r2, #1
      0x00415ed8: 0x02308110	addne	r3, r1, r2
      0x00415edc: 0x01204c12	subne	r2, ip, #1
      0x00415ee0: 0x0300000a	beq	#0x415ef4
      0x00415ee4: 0x01c0d1e4	ldrb	ip, [r1], #1
      0x00415ee8: 0x030051e1	cmp	r1, r3
      0x00415eec: 0x01c0e2e5	strb	ip, [r2, #1]!
      0x00415ef0: 0xfbffff1a	bne	#0x415ee4
      0x00415ef4: 0xf041bde8	pop	{r4, r5, r6, r7, r8, lr}
      0x00415ef8: 0x1eff2fe1	bx	lr
      0x00415efc: 0x000052e3	cmp	r2, #0
      0x00415f00: 0x00c0a0e1	mov	ip, r0
      0x00415f04: 0x012042e2	sub	r2, r2, #1
      0x00415f08: 0x1eff2f01	bxeq	lr
      0x00415f0c: 0x012082e2	add	r2, r2, #1
      0x00415f10: 0x023081e0	add	r3, r1, r2
      0x00415f14: 0x01204ce2	sub	r2, ip, #1
      0x00415f18: 0x01c0d1e4	ldrb	ip, [r1], #1
      0x00415f1c: 0x030051e1	cmp	r1, r3
      0x00415f20: 0x01c0e2e5	strb	ip, [r2, #1]!
      0x00415f24: 0xfbffff1a	bne	#0x415f18
      0x00415f28: 0x1eff2fe1	bx	lr
      0x00415f2c: 0x012042e2	sub	r2, r2, #1
      0x00415f30: 0x00c0a0e1	mov	ip, r0
b     at 0x00415f34: hooking 0xf4ffffea	b	#0x415f0c -> 0x31a803eb	bl	#0x500000
      0x00415f38: 0x1eff2fe1	bx	lr
      0x00415f3c: 0x1eff2fe1	bx	lr
      0x00415f40: 0x0030a0e3	mov	r3, #0
      0x00415f44: 0x70402de9	push	{r4, r5, r6, lr}
      0x00415f48: 0x30409fe5	ldr	r4, [pc, #0x30]
      0x00415f4c: 0x0050a0e1	mov	r5, r0
      0x00415f50: 0x0100a0e1	mov	r0, r1
      0x00415f54: 0x003084e5	str	r3, [r4]
bl    at 0x00415f58: hooking 0x480100eb	bl	#0x416480 -> 0x3ca803eb	bl	#0x500050
      0x00415f5c: 0x010070e3	cmn	r0, #1
      0x00415f60: 0x0100000a	beq	#0x415f6c
      0x00415f64: 0x7040bde8	pop	{r4, r5, r6, lr}
      0x00415f68: 0x1eff2fe1	bx	lr
      0x00415f6c: 0x003094e5	ldr	r3, [r4]
      0x00415f70: 0x000053e3	cmp	r3, #0
      0x00415f74: 0x00308515	strne	r3, [r5]
      0x00415f78: 0x7040bde8	pop	{r4, r5, r6, lr}
      0x00415f7c: 0x1eff2fe1	bx	lr
      0x00415f80: 0x106f4000	subeq	r6, r0, r0, lsl pc
      0x00415f84: 0xf0412de9	push	{r4, r5, r6, r7, r8, lr}
      0x00415f88: 0x0140a0e1	mov	r4, r1
      0x00415f8c: 0xe4709fe5	ldr	r7, [pc, #0xe4]
      0x00415f90: 0x0060a0e1	mov	r6, r0
bl    at 0x00415f94: hooking 0xe7ffffeb	bl	#0x415f38 -> 0x2da803eb	bl	#0x500050
      0x00415f98: 0x083097e5	ldr	r3, [r7, #8]
      0x00415f9c: 0x045093e5	ldr	r5, [r3, #4]
      0x00415fa0: 0xfe1e64e2	rsb	r1, r4, #0xfe0
      0x00415fa4: 0x0f1081e2	add	r1, r1, #0xf
      0x00415fa8: 0x0350c5e3	bic	r5, r5, #3
      0x00415fac: 0x051081e0	add	r1, r1, r5
      0x00415fb0: 0xff1ec1e3	bic	r1, r1, #0xff0
      0x00415fb4: 0x0f10c1e3	bic	r1, r1, #0xf
      0x00415fb8: 0x014a41e2	sub	r4, r1, #0x1000
      0x00415fbc: 0x010a54e3	cmp	r4, #0x1000
      0x00415fc0: 0x060000ba	blt	#0x415fe0
      0x00415fc4: 0x0010a0e3	mov	r1, #0
      0x00415fc8: 0x0600a0e1	mov	r0, r6
bl    at 0x00415fcc: hooking 0xdbffffeb	bl	#0x415f40 -> 0x1fa803eb	bl	#0x500050
      0x00415fd0: 0x083097e5	ldr	r3, [r7, #8]
      0x00415fd4: 0x053083e0	add	r3, r3, r5
      0x00415fd8: 0x030050e1	cmp	r0, r3
      0x00415fdc: 0x0400000a	beq	#0x415ff4
      0x00415fe0: 0x0600a0e1	mov	r0, r6
bl    at 0x00415fe4: hooking 0xd4ffffeb	bl	#0x415f3c -> 0x19a803eb	bl	#0x500050
      0x00415fe8: 0x0000a0e3	mov	r0, #0
      0x00415fec: 0xf041bde8	pop	{r4, r5, r6, r7, r8, lr}
      0x00415ff0: 0x1eff2fe1	bx	lr
      0x00415ff4: 0x001064e2	rsb	r1, r4, #0
      0x00415ff8: 0x0600a0e1	mov	r0, r6
bl    at 0x00415ffc: hooking 0xcfffffeb	bl	#0x415f40 -> 0x13a803eb	bl	#0x500050
      0x00416000: 0x010070e3	cmn	r0, #1
      0x00416004: 0x0c00000a	beq	#0x41603c
      0x00416008: 0x6c309fe5	ldr	r3, [pc, #0x6c]
      0x0041600c: 0x082097e5	ldr	r2, [r7, #8]
      0x00416010: 0x001093e5	ldr	r1, [r3]
      0x00416014: 0x045045e0	sub	r5, r5, r4
      0x00416018: 0x015085e3	orr	r5, r5, #1
      0x0041601c: 0x0600a0e1	mov	r0, r6
      0x00416020: 0x041041e0	sub	r1, r1, r4
      0x00416024: 0x045082e5	str	r5, [r2, #4]
      0x00416028: 0x001083e5	str	r1, [r3]
bl    at 0x0041602c: hooking 0xc2ffffeb	bl	#0x415f3c -> 0x07a803eb	bl	#0x500050
      0x00416030: 0x0100a0e3	mov	r0, #1
      0x00416034: 0xf041bde8	pop	{r4, r5, r6, r7, r8, lr}
      0x00416038: 0x1eff2fe1	bx	lr
      0x0041603c: 0x0010a0e3	mov	r1, #0
      0x00416040: 0x0600a0e1	mov	r0, r6
bl    at 0x00416044: hooking 0xbdffffeb	bl	#0x415f40 -> 0x01a803eb	bl	#0x500050
      0x00416048: 0x082097e5	ldr	r2, [r7, #8]
      0x0041604c: 0x023040e0	sub	r3, r0, r2
      0x00416050: 0x0f0053e3	cmp	r3, #0xf
      0x00416054: 0xe1ffffda	ble	#0x415fe0
      0x00416058: 0x20109fe5	ldr	r1, [pc, #0x20]
      0x0041605c: 0x00c091e5	ldr	ip, [r1]
      0x00416060: 0x14109fe5	ldr	r1, [pc, #0x14]
      0x00416064: 0x013083e3	orr	r3, r3, #1
      0x00416068: 0x0c0040e0	sub	r0, r0, ip
      0x0041606c: 0x043082e5	str	r3, [r2, #4]
      0x00416070: 0x000081e5	str	r0, [r1]
b     at 0x00416074: hooking 0xd9ffffea	b	#0x415fe0 -> 0xe1a703eb	bl	#0x500000
      0x00416078: 0xc86a4000	subeq	r6, r0, r8, asr #21
      0x0041607c: 0xdc6e4000	ldrdeq	r6, r7, [r0], #-0xec
      0x00416080: 0xd06e4000	ldrdeq	r6, r7, [r0], #-0xe0
      0x00416084: 0xf0412de9	push	{r4, r5, r6, r7, r8, lr}
      0x00416088: 0x005051e2	subs	r5, r1, #0
      0x0041608c: 0x3200000a	beq	#0x41615c
      0x00416090: 0x0040a0e1	mov	r4, r0
bl    at 0x00416094: hooking 0xa7ffffeb	bl	#0x415f38 -> 0xeda703eb	bl	#0x500050
      0x00416098: 0x040015e5	ldr	r0, [r5, #-4]
      0x0041609c: 0xb0e29fe5	ldr	lr, [pc, #0x2b0]
      0x004160a0: 0x0130c0e3	bic	r3, r0, #1
      0x004160a4: 0x08c045e2	sub	ip, r5, #8
      0x004160a8: 0x03108ce0	add	r1, ip, r3
      0x004160ac: 0x08609ee5	ldr	r6, [lr, #8]
      0x004160b0: 0x042091e5	ldr	r2, [r1, #4]
      0x004160b4: 0x010056e1	cmp	r6, r1
      0x004160b8: 0x0320c2e3	bic	r2, r2, #3
      0x004160bc: 0x6300000a	beq	#0x416250
      0x004160c0: 0x010010e3	tst	r0, #1
      0x004160c4: 0x042081e5	str	r2, [r1, #4]
      0x004160c8: 0x020081e0	add	r0, r1, r2
      0x004160cc: 0x2400001a	bne	#0x416164
      0x004160d0: 0x087015e5	ldr	r7, [r5, #-8]
      0x004160d4: 0x07c04ce0	sub	ip, ip, r7
      0x004160d8: 0x08509ce5	ldr	r5, [ip, #8]
      0x004160dc: 0x040090e5	ldr	r0, [r0, #4]
      0x004160e0: 0x08608ee2	add	r6, lr, #8
      0x004160e4: 0x060055e1	cmp	r5, r6
      0x004160e8: 0x073083e0	add	r3, r3, r7
      0x004160ec: 0x010000e2	and	r0, r0, #1
      0x004160f0: 0x4800000a	beq	#0x416218
      0x004160f4: 0x0c709ce5	ldr	r7, [ip, #0xc]
      0x004160f8: 0x000050e3	cmp	r0, #0
      0x004160fc: 0x0c7085e5	str	r7, [r5, #0xc]
      0x00416100: 0x085087e5	str	r5, [r7, #8]
      0x00416104: 0x7000000a	beq	#0x4162cc
      0x00416108: 0x012083e3	orr	r2, r3, #1
      0x0041610c: 0x04208ce5	str	r2, [ip, #4]
      0x00416110: 0x003081e5	str	r3, [r1]
      0x00416114: 0x020c53e3	cmp	r3, #0x200
      0x00416118: 0x2500002a	bhs	#0x4161b4
      0x0041611c: 0x0150a0e3	mov	r5, #1
      0x00416120: 0x04009ee5	ldr	r0, [lr, #4]
      0x00416124: 0xa331a0e1	lsr	r3, r3, #3
      0x00416128: 0x052083e0	add	r2, r3, r5
      0x0041612c: 0x4331a0e1	asr	r3, r3, #2
      0x00416130: 0x153380e1	orr	r3, r0, r5, lsl r3
      0x00416134: 0x82118ee0	add	r1, lr, r2, lsl #3
      0x00416138: 0x82019ee7	ldr	r0, [lr, r2, lsl #3]
      0x0041613c: 0x081041e2	sub	r1, r1, #8
      0x00416140: 0x0c108ce5	str	r1, [ip, #0xc]
      0x00416144: 0x08008ce5	str	r0, [ip, #8]
      0x00416148: 0x04308ee5	str	r3, [lr, #4]
      0x0041614c: 0x82c18ee7	str	ip, [lr, r2, lsl #3]
      0x00416150: 0x0cc080e5	str	ip, [r0, #0xc]
      0x00416154: 0x0400a0e1	mov	r0, r4
bl    at 0x00416158: hooking 0x77ffffeb	bl	#0x415f3c -> 0xbca703eb	bl	#0x500050
      0x0041615c: 0xf041bde8	pop	{r4, r5, r6, r7, r8, lr}
      0x00416160: 0x1eff2fe1	bx	lr
      0x00416164: 0x040090e5	ldr	r0, [r0, #4]
      0x00416168: 0x010010e3	tst	r0, #1
      0x0041616c: 0x0b00001a	bne	#0x4161a0
      0x00416170: 0x023083e0	add	r3, r3, r2
      0x00416174: 0x08608ee2	add	r6, lr, #8
      0x00416178: 0x082091e5	ldr	r2, [r1, #8]
      0x0041617c: 0x060052e1	cmp	r2, r6
      0x00416180: 0x010083e3	orr	r0, r3, #1
      0x00416184: 0x5c00000a	beq	#0x4162fc
      0x00416188: 0x0c1091e5	ldr	r1, [r1, #0xc]
      0x0041618c: 0x0c1082e5	str	r1, [r2, #0xc]
      0x00416190: 0x082081e5	str	r2, [r1, #8]
      0x00416194: 0x04008ce5	str	r0, [ip, #4]
      0x00416198: 0x03308ce7	str	r3, [ip, r3]
b     at 0x0041619c: hooking 0xdcffffea	b	#0x416114 -> 0x97a703eb	bl	#0x500000
      0x004161a0: 0x012083e3	orr	r2, r3, #1
      0x004161a4: 0x020c53e3	cmp	r3, #0x200
      0x004161a8: 0x042005e5	str	r2, [r5, #-4]
      0x004161ac: 0x003081e5	str	r3, [r1]
      0x004161b0: 0xd9ffff3a	blo	#0x41611c
      0x004161b4: 0xa324a0e1	lsr	r2, r3, #9
      0x004161b8: 0x040052e3	cmp	r2, #4
      0x004161bc: 0x3900008a	bhi	#0x4162a8
      0x004161c0: 0x2323a0e1	lsr	r2, r3, #6
      0x004161c4: 0x395082e2	add	r5, r2, #0x39
      0x004161c8: 0x8551a0e1	lsl	r5, r5, #3
      0x004161cc: 0x381082e2	add	r1, r2, #0x38
      0x004161d0: 0x05008ee0	add	r0, lr, r5
      0x004161d4: 0x05209ee7	ldr	r2, [lr, r5]
      0x004161d8: 0x080040e2	sub	r0, r0, #8
      0x004161dc: 0x020050e1	cmp	r0, r2
      0x004161e0: 0x3f00000a	beq	#0x4162e4
      0x004161e4: 0x041092e5	ldr	r1, [r2, #4]
      0x004161e8: 0x0310c1e3	bic	r1, r1, #3
      0x004161ec: 0x030051e1	cmp	r1, r3
      0x004161f0: 0x0200009a	bls	#0x416200
      0x004161f4: 0x082092e5	ldr	r2, [r2, #8]
      0x004161f8: 0x020050e1	cmp	r0, r2
      0x004161fc: 0xf8ffff1a	bne	#0x4161e4
      0x00416200: 0x0c0092e5	ldr	r0, [r2, #0xc]
      0x00416204: 0x0c008ce5	str	r0, [ip, #0xc]
      0x00416208: 0x08208ce5	str	r2, [ip, #8]
      0x0041620c: 0x08c080e5	str	ip, [r0, #8]
      0x00416210: 0x0cc082e5	str	ip, [r2, #0xc]
b     at 0x00416214: hooking 0xceffffea	b	#0x416154 -> 0x79a703eb	bl	#0x500000
      0x00416218: 0x000050e3	cmp	r0, #0
      0x0041621c: 0x01208313	orrne	r2, r3, #1
      0x00416220: 0x04208c15	strne	r2, [ip, #4]
      0x00416224: 0x00308115	strne	r3, [r1]
      0x00416228: 0xc9ffff1a	bne	#0x416154
      0x0041622c: 0x081081e2	add	r1, r1, #8
      0x00416230: 0x033082e0	add	r3, r2, r3
      0x00416234: 0x060091e8	ldm	r1, {r1, r2}
      0x00416238: 0x010083e3	orr	r0, r3, #1
      0x0041623c: 0x0c2081e5	str	r2, [r1, #0xc]
      0x00416240: 0x081082e5	str	r1, [r2, #8]
      0x00416244: 0x04008ce5	str	r0, [ip, #4]
      0x00416248: 0x03308ce7	str	r3, [ip, r3]
b     at 0x0041624c: hooking 0xc0ffffea	b	#0x416154 -> 0x6ba703eb	bl	#0x500000
      0x00416250: 0x010010e3	tst	r0, #1
      0x00416254: 0x023083e0	add	r3, r3, r2
      0x00416258: 0x0600001a	bne	#0x416278
      0x0041625c: 0x082015e5	ldr	r2, [r5, #-8]
      0x00416260: 0x02c04ce0	sub	ip, ip, r2
      0x00416264: 0x08008ce2	add	r0, ip, #8
      0x00416268: 0x030090e8	ldm	r0, {r0, r1}
      0x0041626c: 0x0c1080e5	str	r1, [r0, #0xc]
      0x00416270: 0x080081e5	str	r0, [r1, #8]
      0x00416274: 0x023083e0	add	r3, r3, r2
      0x00416278: 0xd8209fe5	ldr	r2, [pc, #0xd8]
      0x0041627c: 0x002092e5	ldr	r2, [r2]
      0x00416280: 0x030052e1	cmp	r2, r3
      0x00416284: 0x013083e3	orr	r3, r3, #1
      0x00416288: 0x04308ce5	str	r3, [ip, #4]
      0x0041628c: 0x08c08ee5	str	ip, [lr, #8]
      0x00416290: 0xafffff8a	bhi	#0x416154
      0x00416294: 0xc0309fe5	ldr	r3, [pc, #0xc0]
      0x00416298: 0x0400a0e1	mov	r0, r4
      0x0041629c: 0x001093e5	ldr	r1, [r3]
bl    at 0x004162a0: hooking 0x37ffffeb	bl	#0x415f84 -> 0x6aa703eb	bl	#0x500050
b     at 0x004162a4: hooking 0xaaffffea	b	#0x416154 -> 0x55a703eb	bl	#0x500000
      0x004162a8: 0x140052e3	cmp	r2, #0x14
      0x004162ac: 0x0800009a	bls	#0x4162d4
      0x004162b0: 0x540052e3	cmp	r2, #0x54
      0x004162b4: 0x1600008a	bhi	#0x416314
      0x004162b8: 0x2326a0e1	lsr	r2, r3, #0xc
      0x004162bc: 0x6f5082e2	add	r5, r2, #0x6f
      0x004162c0: 0x8551a0e1	lsl	r5, r5, #3
      0x004162c4: 0x6e1082e2	add	r1, r2, #0x6e
b     at 0x004162c8: hooking 0xc0ffffea	b	#0x4161d0 -> 0x4ca703eb	bl	#0x500000
      0x004162cc: 0x023083e0	add	r3, r3, r2
b     at 0x004162d0: hooking 0xa8ffffea	b	#0x416178 -> 0x4aa703eb	bl	#0x500000
      0x004162d4: 0x5c5082e2	add	r5, r2, #0x5c
      0x004162d8: 0x8551a0e1	lsl	r5, r5, #3
      0x004162dc: 0x5b1082e2	add	r1, r2, #0x5b
b     at 0x004162e0: hooking 0xbaffffea	b	#0x4161d0 -> 0x46a703eb	bl	#0x500000
      0x004162e4: 0x0150a0e3	mov	r5, #1
      0x004162e8: 0x04309ee5	ldr	r3, [lr, #4]
      0x004162ec: 0x4111a0e1	asr	r1, r1, #2
      0x004162f0: 0x151183e1	orr	r1, r3, r5, lsl r1
      0x004162f4: 0x04108ee5	str	r1, [lr, #4]
b     at 0x004162f8: hooking 0xc1ffffea	b	#0x416204 -> 0x40a703eb	bl	#0x500000
      0x004162fc: 0x14c08ee5	str	ip, [lr, #0x14]
      0x00416300: 0x10c08ee5	str	ip, [lr, #0x10]
      0x00416304: 0x0c608ce5	str	r6, [ip, #0xc]
      0x00416308: 0x41008ce9	stmib	ip, {r0, r6}
      0x0041630c: 0x03308ce7	str	r3, [ip, r3]
b     at 0x00416310: hooking 0x8fffffea	b	#0x416154 -> 0x3aa703eb	bl	#0x500000
      0x00416314: 0x550f52e3	cmp	r2, #0x154
      0x00416318: 0x0400008a	bhi	#0x416330
      0x0041631c: 0xa327a0e1	lsr	r2, r3, #0xf
      0x00416320: 0x785082e2	add	r5, r2, #0x78
      0x00416324: 0x8551a0e1	lsl	r5, r5, #3
      0x00416328: 0x771082e2	add	r1, r2, #0x77
b     at 0x0041632c: hooking 0xa7ffffea	b	#0x4161d0 -> 0x33a703eb	bl	#0x500000
      0x00416330: 0x28109fe5	ldr	r1, [pc, #0x28]
      0x00416334: 0x010052e1	cmp	r2, r1
      0x00416338: 0x2329a091	lsrls	r2, r3, #0x12
      0x0041633c: 0x7d508292	addls	r5, r2, #0x7d
      0x00416340: 0x8551a091	lslls	r5, r5, #3
      0x00416344: 0x7c108292	addls	r1, r2, #0x7c
      0x00416348: 0xfe5fa083	movhi	r5, #0x3f8
      0x0041634c: 0x7e10a083	movhi	r1, #0x7e
b     at 0x00416350: hooking 0x9effffea	b	#0x4161d0 -> 0x2aa703eb	bl	#0x500000
      0x00416354: 0xc86a4000	subeq	r6, r0, r8, asr #21
      0x00416358: 0xd46e4000	ldrdeq	r6, r7, [r0], #-0xe4
      0x0041635c: 0xd86e4000	ldrdeq	r6, r7, [r0], #-0xe8
      0x00416360: 0x54050000	andeq	r0, r0, r4, asr r5
      0x00416364: 0x70402de9	push	{r4, r5, r6, lr}
      0x00416368: 0x0140a0e1	mov	r4, r1
      0x0041636c: 0x001091e5	ldr	r1, [r1]
      0x00416370: 0x000051e3	cmp	r1, #0
      0x00416374: 0x0050a0e1	mov	r5, r0
      0x00416378: 0xf9ffff1b	blne	#0x416364
      0x0041637c: 0x0410a0e1	mov	r1, r4
      0x00416380: 0x0500a0e1	mov	r0, r5
bl    at 0x00416384: hooking 0x3effffeb	bl	#0x416084 -> 0x31a703eb	bl	#0x500050
      0x00416388: 0x7040bde8	pop	{r4, r5, r6, lr}
      0x0041638c: 0x1eff2fe1	bx	lr
      0x00416390: 0xe4309fe5	ldr	r3, [pc, #0xe4]
      0x00416394: 0x003093e5	ldr	r3, [r3]
      0x00416398: 0x000053e1	cmp	r3, r0
      0x0041639c: 0x1eff2f01	bxeq	lr
      0x004163a0: 0x4c3090e5	ldr	r3, [r0, #0x4c]
      0x004163a4: 0x000053e3	cmp	r3, #0
      0x004163a8: 0x70402de9	push	{r4, r5, r6, lr}
      0x004163ac: 0x0050a0e1	mov	r5, r0
      0x004163b0: 0x0f00000a	beq	#0x4163f4
      0x004163b4: 0x0060a0e3	mov	r6, #0
      0x004163b8: 0x061093e7	ldr	r1, [r3, r6]
      0x004163bc: 0x000051e3	cmp	r1, #0
      0x004163c0: 0x0500000a	beq	#0x4163dc
      0x004163c4: 0x004091e5	ldr	r4, [r1]
      0x004163c8: 0x0500a0e1	mov	r0, r5
bl    at 0x004163cc: hooking 0x2cffffeb	bl	#0x416084 -> 0x1fa703eb	bl	#0x500050
      0x004163d0: 0x001054e2	subs	r1, r4, #0
      0x004163d4: 0xfaffff1a	bne	#0x4163c4
      0x004163d8: 0x4c3095e5	ldr	r3, [r5, #0x4c]
      0x004163dc: 0x046086e2	add	r6, r6, #4
      0x004163e0: 0x800056e3	cmp	r6, #0x80
      0x004163e4: 0xf3ffff1a	bne	#0x4163b8
      0x004163e8: 0x0310a0e1	mov	r1, r3
      0x004163ec: 0x0500a0e1	mov	r0, r5
bl    at 0x004163f0: hooking 0x23ffffeb	bl	#0x416084 -> 0x16a703eb	bl	#0x500050
      0x004163f4: 0x401095e5	ldr	r1, [r5, #0x40]
      0x004163f8: 0x000051e3	cmp	r1, #0
      0x004163fc: 0x0500a011	movne	r0, r5
      0x00416400: 0x1fffff1b	blne	#0x416084
      0x00416404: 0x481195e5	ldr	r1, [r5, #0x148]
      0x00416408: 0x000051e3	cmp	r1, #0
      0x0041640c: 0x0800000a	beq	#0x416434
      0x00416410: 0x536f85e2	add	r6, r5, #0x14c
      0x00416414: 0x060051e1	cmp	r1, r6
      0x00416418: 0x0500000a	beq	#0x416434
      0x0041641c: 0x004091e5	ldr	r4, [r1]
      0x00416420: 0x0500a0e1	mov	r0, r5
bl    at 0x00416424: hooking 0x16ffffeb	bl	#0x416084 -> 0x09a703eb	bl	#0x500050
      0x00416428: 0x040056e1	cmp	r6, r4
      0x0041642c: 0x0410a0e1	mov	r1, r4
      0x00416430: 0xf9ffff1a	bne	#0x41641c
      0x00416434: 0x541095e5	ldr	r1, [r5, #0x54]
      0x00416438: 0x000051e3	cmp	r1, #0
      0x0041643c: 0x0500a011	movne	r0, r5
      0x00416440: 0x0fffff1b	blne	#0x416084
      0x00416444: 0x383095e5	ldr	r3, [r5, #0x38]
      0x00416448: 0x000053e3	cmp	r3, #0
      0x0041644c: 0x0800000a	beq	#0x416474
      0x00416450: 0x3c3095e5	ldr	r3, [r5, #0x3c]
      0x00416454: 0x0500a0e1	mov	r0, r5
      0x00416458: 0x0fe0a0e1	mov	lr, pc
      0x0041645c: 0x13ff2fe1	bx	r3
      0x00416460: 0xe01295e5	ldr	r1, [r5, #0x2e0]
      0x00416464: 0x000051e3	cmp	r1, #0
      0x00416468: 0x0500a011	movne	r0, r5
      0x0041646c: 0x7040bd18	popne	{r4, r5, r6, lr}
      0x00416470: 0xbbffff1a	bne	#0x416364
      0x00416474: 0x7040bde8	pop	{r4, r5, r6, lr}
      0x00416478: 0x1eff2fe1	bx	lr
      0x0041647c: 0x98664000	umaaleq	r6, r0, r8, r6
      0x00416480: 0x1c209fe5	ldr	r2, [pc, #0x1c]
      0x00416484: 0x003092e5	ldr	r3, [r2]
      0x00416488: 0x18109fe5	ldr	r1, [pc, #0x18]
      0x0041648c: 0x000053e3	cmp	r3, #0
      0x00416490: 0x0130a001	moveq	r3, r1
      0x00416494: 0x000083e0	add	r0, r3, r0
      0x00416498: 0x000082e5	str	r0, [r2]
      0x0041649c: 0x0300a0e1	mov	r0, r3
      0x004164a0: 0x1eff2fe1	bx	lr
      0x004164a4: 0x0c6f4000	subeq	r6, r0, ip, lsl #30
      0x004164a8: 0x00005000	subseq	r0, r0, r0
      0x004164ac: 0x00000000	andeq	r0, r0, r0
