
sample_kissfft:     file format elf32-littlearm


Disassembly of section .text:

00400000 <kf_bfly2>:
  400000:	e92d4810 	push	{r4, fp, lr}
  400004:	e28db008 	add	fp, sp, #8
  400008:	e24dd024 	sub	sp, sp, #36	; 0x24
  40000c:	e50b0020 	str	r0, [fp, #-32]	; 0xffffffe0
  400010:	e50b1024 	str	r1, [fp, #-36]	; 0xffffffdc
  400014:	e50b2028 	str	r2, [fp, #-40]	; 0xffffffd8
  400018:	e50b302c 	str	r3, [fp, #-44]	; 0xffffffd4
  40001c:	e51b3028 	ldr	r3, [fp, #-40]	; 0xffffffd8
  400020:	e2833f42 	add	r3, r3, #264	; 0x108
  400024:	e50b3014 	str	r3, [fp, #-20]	; 0xffffffec
  400028:	e51b302c 	ldr	r3, [fp, #-44]	; 0xffffffd4
  40002c:	e1a03183 	lsl	r3, r3, #3
  400030:	e51b2020 	ldr	r2, [fp, #-32]	; 0xffffffe0
  400034:	e0823003 	add	r3, r2, r3
  400038:	e50b3010 	str	r3, [fp, #-16]
  40003c:	e51b3010 	ldr	r3, [fp, #-16]
  400040:	e5932000 	ldr	r2, [r3]
  400044:	e51b3014 	ldr	r3, [fp, #-20]	; 0xffffffec
  400048:	e5933000 	ldr	r3, [r3]
  40004c:	e1a01003 	mov	r1, r3
  400050:	e1a00002 	mov	r0, r2
  400054:	eb00113d 	bl	404550 <__aeabi_fmul>
  400058:	e1a03000 	mov	r3, r0
  40005c:	e1a04003 	mov	r4, r3
  400060:	e51b3010 	ldr	r3, [fp, #-16]
  400064:	e5932004 	ldr	r2, [r3, #4]
  400068:	e51b3014 	ldr	r3, [fp, #-20]	; 0xffffffec
  40006c:	e5933004 	ldr	r3, [r3, #4]
  400070:	e1a01003 	mov	r1, r3
  400074:	e1a00002 	mov	r0, r2
  400078:	eb001134 	bl	404550 <__aeabi_fmul>
  40007c:	e1a03000 	mov	r3, r0
  400080:	e1a01003 	mov	r1, r3
  400084:	e1a00004 	mov	r0, r4
  400088:	eb0014b9 	bl	405374 <__aeabi_fsub>
  40008c:	e1a03000 	mov	r3, r0
  400090:	e50b301c 	str	r3, [fp, #-28]	; 0xffffffe4
  400094:	e51b3010 	ldr	r3, [fp, #-16]
  400098:	e5932000 	ldr	r2, [r3]
  40009c:	e51b3014 	ldr	r3, [fp, #-20]	; 0xffffffec
  4000a0:	e5933004 	ldr	r3, [r3, #4]
  4000a4:	e1a01003 	mov	r1, r3
  4000a8:	e1a00002 	mov	r0, r2
  4000ac:	eb001127 	bl	404550 <__aeabi_fmul>
  4000b0:	e1a03000 	mov	r3, r0
  4000b4:	e1a04003 	mov	r4, r3
  4000b8:	e51b3010 	ldr	r3, [fp, #-16]
  4000bc:	e5932004 	ldr	r2, [r3, #4]
  4000c0:	e51b3014 	ldr	r3, [fp, #-20]	; 0xffffffec
  4000c4:	e5933000 	ldr	r3, [r3]
  4000c8:	e1a01003 	mov	r1, r3
  4000cc:	e1a00002 	mov	r0, r2
  4000d0:	eb00111e 	bl	404550 <__aeabi_fmul>
  4000d4:	e1a03000 	mov	r3, r0
  4000d8:	e1a01003 	mov	r1, r3
  4000dc:	e1a00004 	mov	r0, r4
  4000e0:	eb0014a4 	bl	405378 <__addsf3>
  4000e4:	e1a03000 	mov	r3, r0
  4000e8:	e50b3018 	str	r3, [fp, #-24]	; 0xffffffe8
  4000ec:	e51b3024 	ldr	r3, [fp, #-36]	; 0xffffffdc
  4000f0:	e1a03183 	lsl	r3, r3, #3
  4000f4:	e51b2014 	ldr	r2, [fp, #-20]	; 0xffffffec
  4000f8:	e0823003 	add	r3, r2, r3
  4000fc:	e50b3014 	str	r3, [fp, #-20]	; 0xffffffec
  400100:	e51b3020 	ldr	r3, [fp, #-32]	; 0xffffffe0
  400104:	e5933000 	ldr	r3, [r3]
  400108:	e51b201c 	ldr	r2, [fp, #-28]	; 0xffffffe4
  40010c:	e1a01002 	mov	r1, r2
  400110:	e1a00003 	mov	r0, r3
  400114:	eb001496 	bl	405374 <__aeabi_fsub>
  400118:	e1a03000 	mov	r3, r0
  40011c:	e1a02003 	mov	r2, r3
  400120:	e51b3010 	ldr	r3, [fp, #-16]
  400124:	e5832000 	str	r2, [r3]
  400128:	e51b3020 	ldr	r3, [fp, #-32]	; 0xffffffe0
  40012c:	e5933004 	ldr	r3, [r3, #4]
  400130:	e51b2018 	ldr	r2, [fp, #-24]	; 0xffffffe8
  400134:	e1a01002 	mov	r1, r2
  400138:	e1a00003 	mov	r0, r3
  40013c:	eb00148c 	bl	405374 <__aeabi_fsub>
  400140:	e1a03000 	mov	r3, r0
  400144:	e1a02003 	mov	r2, r3
  400148:	e51b3010 	ldr	r3, [fp, #-16]
  40014c:	e5832004 	str	r2, [r3, #4]
  400150:	e51b3020 	ldr	r3, [fp, #-32]	; 0xffffffe0
  400154:	e5933000 	ldr	r3, [r3]
  400158:	e51b201c 	ldr	r2, [fp, #-28]	; 0xffffffe4
  40015c:	e1a01002 	mov	r1, r2
  400160:	e1a00003 	mov	r0, r3
  400164:	eb001483 	bl	405378 <__addsf3>
  400168:	e1a03000 	mov	r3, r0
  40016c:	e1a02003 	mov	r2, r3
  400170:	e51b3020 	ldr	r3, [fp, #-32]	; 0xffffffe0
  400174:	e5832000 	str	r2, [r3]
  400178:	e51b3020 	ldr	r3, [fp, #-32]	; 0xffffffe0
  40017c:	e5933004 	ldr	r3, [r3, #4]
  400180:	e51b2018 	ldr	r2, [fp, #-24]	; 0xffffffe8
  400184:	e1a01002 	mov	r1, r2
  400188:	e1a00003 	mov	r0, r3
  40018c:	eb001479 	bl	405378 <__addsf3>
  400190:	e1a03000 	mov	r3, r0
  400194:	e1a02003 	mov	r2, r3
  400198:	e51b3020 	ldr	r3, [fp, #-32]	; 0xffffffe0
  40019c:	e5832004 	str	r2, [r3, #4]
  4001a0:	e51b3010 	ldr	r3, [fp, #-16]
  4001a4:	e2833008 	add	r3, r3, #8
  4001a8:	e50b3010 	str	r3, [fp, #-16]
  4001ac:	e51b3020 	ldr	r3, [fp, #-32]	; 0xffffffe0
  4001b0:	e2833008 	add	r3, r3, #8
  4001b4:	e50b3020 	str	r3, [fp, #-32]	; 0xffffffe0
  4001b8:	e51b302c 	ldr	r3, [fp, #-44]	; 0xffffffd4
  4001bc:	e2433001 	sub	r3, r3, #1
  4001c0:	e50b302c 	str	r3, [fp, #-44]	; 0xffffffd4
  4001c4:	e51b302c 	ldr	r3, [fp, #-44]	; 0xffffffd4
  4001c8:	e3530000 	cmp	r3, #0
  4001cc:	1affff9a 	bne	40003c <kf_bfly2+0x3c>
  4001d0:	e1a00000 	nop			; (mov r0, r0)
  4001d4:	e1a00000 	nop			; (mov r0, r0)
  4001d8:	e24bd008 	sub	sp, fp, #8
  4001dc:	e8bd4810 	pop	{r4, fp, lr}
  4001e0:	e12fff1e 	bx	lr

004001e4 <kf_bfly4>:
  4001e4:	e92d4810 	push	{r4, fp, lr}
  4001e8:	e28db008 	add	fp, sp, #8
  4001ec:	e24dd05c 	sub	sp, sp, #92	; 0x5c
  4001f0:	e50b0058 	str	r0, [fp, #-88]	; 0xffffffa8
  4001f4:	e50b105c 	str	r1, [fp, #-92]	; 0xffffffa4
  4001f8:	e50b2060 	str	r2, [fp, #-96]	; 0xffffffa0
  4001fc:	e50b3064 	str	r3, [fp, #-100]	; 0xffffff9c
  400200:	e51b3064 	ldr	r3, [fp, #-100]	; 0xffffff9c
  400204:	e50b301c 	str	r3, [fp, #-28]	; 0xffffffe4
  400208:	e51b3064 	ldr	r3, [fp, #-100]	; 0xffffff9c
  40020c:	e1a03083 	lsl	r3, r3, #1
  400210:	e50b3020 	str	r3, [fp, #-32]	; 0xffffffe0
  400214:	e51b2064 	ldr	r2, [fp, #-100]	; 0xffffff9c
  400218:	e1a03002 	mov	r3, r2
  40021c:	e1a03083 	lsl	r3, r3, #1
  400220:	e0833002 	add	r3, r3, r2
  400224:	e50b3024 	str	r3, [fp, #-36]	; 0xffffffdc
  400228:	e51b3060 	ldr	r3, [fp, #-96]	; 0xffffffa0
  40022c:	e2833f42 	add	r3, r3, #264	; 0x108
  400230:	e50b3010 	str	r3, [fp, #-16]
  400234:	e51b3010 	ldr	r3, [fp, #-16]
  400238:	e50b3014 	str	r3, [fp, #-20]	; 0xffffffec
  40023c:	e51b3014 	ldr	r3, [fp, #-20]	; 0xffffffec
  400240:	e50b3018 	str	r3, [fp, #-24]	; 0xffffffe8
  400244:	e51b3064 	ldr	r3, [fp, #-100]	; 0xffffff9c
  400248:	e1a03183 	lsl	r3, r3, #3
  40024c:	e51b2058 	ldr	r2, [fp, #-88]	; 0xffffffa8
  400250:	e0823003 	add	r3, r2, r3
  400254:	e5932000 	ldr	r2, [r3]
  400258:	e51b3010 	ldr	r3, [fp, #-16]
  40025c:	e5933000 	ldr	r3, [r3]
  400260:	e1a01003 	mov	r1, r3
  400264:	e1a00002 	mov	r0, r2
  400268:	eb0010b8 	bl	404550 <__aeabi_fmul>
  40026c:	e1a03000 	mov	r3, r0
  400270:	e1a04003 	mov	r4, r3
  400274:	e51b3064 	ldr	r3, [fp, #-100]	; 0xffffff9c
  400278:	e1a03183 	lsl	r3, r3, #3
  40027c:	e51b2058 	ldr	r2, [fp, #-88]	; 0xffffffa8
  400280:	e0823003 	add	r3, r2, r3
  400284:	e5932004 	ldr	r2, [r3, #4]
  400288:	e51b3010 	ldr	r3, [fp, #-16]
  40028c:	e5933004 	ldr	r3, [r3, #4]
  400290:	e1a01003 	mov	r1, r3
  400294:	e1a00002 	mov	r0, r2
  400298:	eb0010ac 	bl	404550 <__aeabi_fmul>
  40029c:	e1a03000 	mov	r3, r0
  4002a0:	e1a01003 	mov	r1, r3
  4002a4:	e1a00004 	mov	r0, r4
  4002a8:	eb001431 	bl	405374 <__aeabi_fsub>
  4002ac:	e1a03000 	mov	r3, r0
  4002b0:	e50b3054 	str	r3, [fp, #-84]	; 0xffffffac
  4002b4:	e51b3064 	ldr	r3, [fp, #-100]	; 0xffffff9c
  4002b8:	e1a03183 	lsl	r3, r3, #3
  4002bc:	e51b2058 	ldr	r2, [fp, #-88]	; 0xffffffa8
  4002c0:	e0823003 	add	r3, r2, r3
  4002c4:	e5932000 	ldr	r2, [r3]
  4002c8:	e51b3010 	ldr	r3, [fp, #-16]
  4002cc:	e5933004 	ldr	r3, [r3, #4]
  4002d0:	e1a01003 	mov	r1, r3
  4002d4:	e1a00002 	mov	r0, r2
  4002d8:	eb00109c 	bl	404550 <__aeabi_fmul>
  4002dc:	e1a03000 	mov	r3, r0
  4002e0:	e1a04003 	mov	r4, r3
  4002e4:	e51b3064 	ldr	r3, [fp, #-100]	; 0xffffff9c
  4002e8:	e1a03183 	lsl	r3, r3, #3
  4002ec:	e51b2058 	ldr	r2, [fp, #-88]	; 0xffffffa8
  4002f0:	e0823003 	add	r3, r2, r3
  4002f4:	e5932004 	ldr	r2, [r3, #4]
  4002f8:	e51b3010 	ldr	r3, [fp, #-16]
  4002fc:	e5933000 	ldr	r3, [r3]
  400300:	e1a01003 	mov	r1, r3
  400304:	e1a00002 	mov	r0, r2
  400308:	eb001090 	bl	404550 <__aeabi_fmul>
  40030c:	e1a03000 	mov	r3, r0
  400310:	e1a01003 	mov	r1, r3
  400314:	e1a00004 	mov	r0, r4
  400318:	eb001416 	bl	405378 <__addsf3>
  40031c:	e1a03000 	mov	r3, r0
  400320:	e50b3050 	str	r3, [fp, #-80]	; 0xffffffb0
  400324:	e51b3020 	ldr	r3, [fp, #-32]	; 0xffffffe0
  400328:	e1a03183 	lsl	r3, r3, #3
  40032c:	e51b2058 	ldr	r2, [fp, #-88]	; 0xffffffa8
  400330:	e0823003 	add	r3, r2, r3
  400334:	e5932000 	ldr	r2, [r3]
  400338:	e51b3014 	ldr	r3, [fp, #-20]	; 0xffffffec
  40033c:	e5933000 	ldr	r3, [r3]
  400340:	e1a01003 	mov	r1, r3
  400344:	e1a00002 	mov	r0, r2
  400348:	eb001080 	bl	404550 <__aeabi_fmul>
  40034c:	e1a03000 	mov	r3, r0
  400350:	e1a04003 	mov	r4, r3
  400354:	e51b3020 	ldr	r3, [fp, #-32]	; 0xffffffe0
  400358:	e1a03183 	lsl	r3, r3, #3
  40035c:	e51b2058 	ldr	r2, [fp, #-88]	; 0xffffffa8
  400360:	e0823003 	add	r3, r2, r3
  400364:	e5932004 	ldr	r2, [r3, #4]
  400368:	e51b3014 	ldr	r3, [fp, #-20]	; 0xffffffec
  40036c:	e5933004 	ldr	r3, [r3, #4]
  400370:	e1a01003 	mov	r1, r3
  400374:	e1a00002 	mov	r0, r2
  400378:	eb001074 	bl	404550 <__aeabi_fmul>
  40037c:	e1a03000 	mov	r3, r0
  400380:	e1a01003 	mov	r1, r3
  400384:	e1a00004 	mov	r0, r4
  400388:	eb0013f9 	bl	405374 <__aeabi_fsub>
  40038c:	e1a03000 	mov	r3, r0
  400390:	e50b304c 	str	r3, [fp, #-76]	; 0xffffffb4
  400394:	e51b3020 	ldr	r3, [fp, #-32]	; 0xffffffe0
  400398:	e1a03183 	lsl	r3, r3, #3
  40039c:	e51b2058 	ldr	r2, [fp, #-88]	; 0xffffffa8
  4003a0:	e0823003 	add	r3, r2, r3
  4003a4:	e5932000 	ldr	r2, [r3]
  4003a8:	e51b3014 	ldr	r3, [fp, #-20]	; 0xffffffec
  4003ac:	e5933004 	ldr	r3, [r3, #4]
  4003b0:	e1a01003 	mov	r1, r3
  4003b4:	e1a00002 	mov	r0, r2
  4003b8:	eb001064 	bl	404550 <__aeabi_fmul>
  4003bc:	e1a03000 	mov	r3, r0
  4003c0:	e1a04003 	mov	r4, r3
  4003c4:	e51b3020 	ldr	r3, [fp, #-32]	; 0xffffffe0
  4003c8:	e1a03183 	lsl	r3, r3, #3
  4003cc:	e51b2058 	ldr	r2, [fp, #-88]	; 0xffffffa8
  4003d0:	e0823003 	add	r3, r2, r3
  4003d4:	e5932004 	ldr	r2, [r3, #4]
  4003d8:	e51b3014 	ldr	r3, [fp, #-20]	; 0xffffffec
  4003dc:	e5933000 	ldr	r3, [r3]
  4003e0:	e1a01003 	mov	r1, r3
  4003e4:	e1a00002 	mov	r0, r2
  4003e8:	eb001058 	bl	404550 <__aeabi_fmul>
  4003ec:	e1a03000 	mov	r3, r0
  4003f0:	e1a01003 	mov	r1, r3
  4003f4:	e1a00004 	mov	r0, r4
  4003f8:	eb0013de 	bl	405378 <__addsf3>
  4003fc:	e1a03000 	mov	r3, r0
  400400:	e50b3048 	str	r3, [fp, #-72]	; 0xffffffb8
  400404:	e51b3024 	ldr	r3, [fp, #-36]	; 0xffffffdc
  400408:	e1a03183 	lsl	r3, r3, #3
  40040c:	e51b2058 	ldr	r2, [fp, #-88]	; 0xffffffa8
  400410:	e0823003 	add	r3, r2, r3
  400414:	e5932000 	ldr	r2, [r3]
  400418:	e51b3018 	ldr	r3, [fp, #-24]	; 0xffffffe8
  40041c:	e5933000 	ldr	r3, [r3]
  400420:	e1a01003 	mov	r1, r3
  400424:	e1a00002 	mov	r0, r2
  400428:	eb001048 	bl	404550 <__aeabi_fmul>
  40042c:	e1a03000 	mov	r3, r0
  400430:	e1a04003 	mov	r4, r3
  400434:	e51b3024 	ldr	r3, [fp, #-36]	; 0xffffffdc
  400438:	e1a03183 	lsl	r3, r3, #3
  40043c:	e51b2058 	ldr	r2, [fp, #-88]	; 0xffffffa8
  400440:	e0823003 	add	r3, r2, r3
  400444:	e5932004 	ldr	r2, [r3, #4]
  400448:	e51b3018 	ldr	r3, [fp, #-24]	; 0xffffffe8
  40044c:	e5933004 	ldr	r3, [r3, #4]
  400450:	e1a01003 	mov	r1, r3
  400454:	e1a00002 	mov	r0, r2
  400458:	eb00103c 	bl	404550 <__aeabi_fmul>
  40045c:	e1a03000 	mov	r3, r0
  400460:	e1a01003 	mov	r1, r3
  400464:	e1a00004 	mov	r0, r4
  400468:	eb0013c1 	bl	405374 <__aeabi_fsub>
  40046c:	e1a03000 	mov	r3, r0
  400470:	e50b3044 	str	r3, [fp, #-68]	; 0xffffffbc
  400474:	e51b3024 	ldr	r3, [fp, #-36]	; 0xffffffdc
  400478:	e1a03183 	lsl	r3, r3, #3
  40047c:	e51b2058 	ldr	r2, [fp, #-88]	; 0xffffffa8
  400480:	e0823003 	add	r3, r2, r3
  400484:	e5932000 	ldr	r2, [r3]
  400488:	e51b3018 	ldr	r3, [fp, #-24]	; 0xffffffe8
  40048c:	e5933004 	ldr	r3, [r3, #4]
  400490:	e1a01003 	mov	r1, r3
  400494:	e1a00002 	mov	r0, r2
  400498:	eb00102c 	bl	404550 <__aeabi_fmul>
  40049c:	e1a03000 	mov	r3, r0
  4004a0:	e1a04003 	mov	r4, r3
  4004a4:	e51b3024 	ldr	r3, [fp, #-36]	; 0xffffffdc
  4004a8:	e1a03183 	lsl	r3, r3, #3
  4004ac:	e51b2058 	ldr	r2, [fp, #-88]	; 0xffffffa8
  4004b0:	e0823003 	add	r3, r2, r3
  4004b4:	e5932004 	ldr	r2, [r3, #4]
  4004b8:	e51b3018 	ldr	r3, [fp, #-24]	; 0xffffffe8
  4004bc:	e5933000 	ldr	r3, [r3]
  4004c0:	e1a01003 	mov	r1, r3
  4004c4:	e1a00002 	mov	r0, r2
  4004c8:	eb001020 	bl	404550 <__aeabi_fmul>
  4004cc:	e1a03000 	mov	r3, r0
  4004d0:	e1a01003 	mov	r1, r3
  4004d4:	e1a00004 	mov	r0, r4
  4004d8:	eb0013a6 	bl	405378 <__addsf3>
  4004dc:	e1a03000 	mov	r3, r0
  4004e0:	e50b3040 	str	r3, [fp, #-64]	; 0xffffffc0
  4004e4:	e51b3058 	ldr	r3, [fp, #-88]	; 0xffffffa8
  4004e8:	e5933000 	ldr	r3, [r3]
  4004ec:	e51b204c 	ldr	r2, [fp, #-76]	; 0xffffffb4
  4004f0:	e1a01002 	mov	r1, r2
  4004f4:	e1a00003 	mov	r0, r3
  4004f8:	eb00139d 	bl	405374 <__aeabi_fsub>
  4004fc:	e1a03000 	mov	r3, r0
  400500:	e50b302c 	str	r3, [fp, #-44]	; 0xffffffd4
  400504:	e51b3058 	ldr	r3, [fp, #-88]	; 0xffffffa8
  400508:	e5933004 	ldr	r3, [r3, #4]
  40050c:	e51b2048 	ldr	r2, [fp, #-72]	; 0xffffffb8
  400510:	e1a01002 	mov	r1, r2
  400514:	e1a00003 	mov	r0, r3
  400518:	eb001395 	bl	405374 <__aeabi_fsub>
  40051c:	e1a03000 	mov	r3, r0
  400520:	e50b3028 	str	r3, [fp, #-40]	; 0xffffffd8
  400524:	e51b3058 	ldr	r3, [fp, #-88]	; 0xffffffa8
  400528:	e5933000 	ldr	r3, [r3]
  40052c:	e51b204c 	ldr	r2, [fp, #-76]	; 0xffffffb4
  400530:	e1a01002 	mov	r1, r2
  400534:	e1a00003 	mov	r0, r3
  400538:	eb00138e 	bl	405378 <__addsf3>
  40053c:	e1a03000 	mov	r3, r0
  400540:	e1a02003 	mov	r2, r3
  400544:	e51b3058 	ldr	r3, [fp, #-88]	; 0xffffffa8
  400548:	e5832000 	str	r2, [r3]
  40054c:	e51b3058 	ldr	r3, [fp, #-88]	; 0xffffffa8
  400550:	e5933004 	ldr	r3, [r3, #4]
  400554:	e51b2048 	ldr	r2, [fp, #-72]	; 0xffffffb8
  400558:	e1a01002 	mov	r1, r2
  40055c:	e1a00003 	mov	r0, r3
  400560:	eb001384 	bl	405378 <__addsf3>
  400564:	e1a03000 	mov	r3, r0
  400568:	e1a02003 	mov	r2, r3
  40056c:	e51b3058 	ldr	r3, [fp, #-88]	; 0xffffffa8
  400570:	e5832004 	str	r2, [r3, #4]
  400574:	e51b3054 	ldr	r3, [fp, #-84]	; 0xffffffac
  400578:	e51b2044 	ldr	r2, [fp, #-68]	; 0xffffffbc
  40057c:	e1a01002 	mov	r1, r2
  400580:	e1a00003 	mov	r0, r3
  400584:	eb00137b 	bl	405378 <__addsf3>
  400588:	e1a03000 	mov	r3, r0
  40058c:	e50b303c 	str	r3, [fp, #-60]	; 0xffffffc4
  400590:	e51b3050 	ldr	r3, [fp, #-80]	; 0xffffffb0
  400594:	e51b2040 	ldr	r2, [fp, #-64]	; 0xffffffc0
  400598:	e1a01002 	mov	r1, r2
  40059c:	e1a00003 	mov	r0, r3
  4005a0:	eb001374 	bl	405378 <__addsf3>
  4005a4:	e1a03000 	mov	r3, r0
  4005a8:	e50b3038 	str	r3, [fp, #-56]	; 0xffffffc8
  4005ac:	e51b3054 	ldr	r3, [fp, #-84]	; 0xffffffac
  4005b0:	e51b2044 	ldr	r2, [fp, #-68]	; 0xffffffbc
  4005b4:	e1a01002 	mov	r1, r2
  4005b8:	e1a00003 	mov	r0, r3
  4005bc:	eb00136c 	bl	405374 <__aeabi_fsub>
  4005c0:	e1a03000 	mov	r3, r0
  4005c4:	e50b3034 	str	r3, [fp, #-52]	; 0xffffffcc
  4005c8:	e51b3050 	ldr	r3, [fp, #-80]	; 0xffffffb0
  4005cc:	e51b2040 	ldr	r2, [fp, #-64]	; 0xffffffc0
  4005d0:	e1a01002 	mov	r1, r2
  4005d4:	e1a00003 	mov	r0, r3
  4005d8:	eb001365 	bl	405374 <__aeabi_fsub>
  4005dc:	e1a03000 	mov	r3, r0
  4005e0:	e50b3030 	str	r3, [fp, #-48]	; 0xffffffd0
  4005e4:	e51b3058 	ldr	r3, [fp, #-88]	; 0xffffffa8
  4005e8:	e5930000 	ldr	r0, [r3]
  4005ec:	e51b103c 	ldr	r1, [fp, #-60]	; 0xffffffc4
  4005f0:	e51b3020 	ldr	r3, [fp, #-32]	; 0xffffffe0
  4005f4:	e1a03183 	lsl	r3, r3, #3
  4005f8:	e51b2058 	ldr	r2, [fp, #-88]	; 0xffffffa8
  4005fc:	e0824003 	add	r4, r2, r3
  400600:	eb00135b 	bl	405374 <__aeabi_fsub>
  400604:	e1a03000 	mov	r3, r0
  400608:	e5843000 	str	r3, [r4]
  40060c:	e51b3058 	ldr	r3, [fp, #-88]	; 0xffffffa8
  400610:	e5930004 	ldr	r0, [r3, #4]
  400614:	e51b1038 	ldr	r1, [fp, #-56]	; 0xffffffc8
  400618:	e51b3020 	ldr	r3, [fp, #-32]	; 0xffffffe0
  40061c:	e1a03183 	lsl	r3, r3, #3
  400620:	e51b2058 	ldr	r2, [fp, #-88]	; 0xffffffa8
  400624:	e0824003 	add	r4, r2, r3
  400628:	eb001351 	bl	405374 <__aeabi_fsub>
  40062c:	e1a03000 	mov	r3, r0
  400630:	e5843004 	str	r3, [r4, #4]
  400634:	e51b305c 	ldr	r3, [fp, #-92]	; 0xffffffa4
  400638:	e1a03183 	lsl	r3, r3, #3
  40063c:	e51b2010 	ldr	r2, [fp, #-16]
  400640:	e0823003 	add	r3, r2, r3
  400644:	e50b3010 	str	r3, [fp, #-16]
  400648:	e51b305c 	ldr	r3, [fp, #-92]	; 0xffffffa4
  40064c:	e1a03203 	lsl	r3, r3, #4
  400650:	e51b2014 	ldr	r2, [fp, #-20]	; 0xffffffec
  400654:	e0823003 	add	r3, r2, r3
  400658:	e50b3014 	str	r3, [fp, #-20]	; 0xffffffec
  40065c:	e51b205c 	ldr	r2, [fp, #-92]	; 0xffffffa4
  400660:	e1a03002 	mov	r3, r2
  400664:	e1a03083 	lsl	r3, r3, #1
  400668:	e0833002 	add	r3, r3, r2
  40066c:	e1a03183 	lsl	r3, r3, #3
  400670:	e1a02003 	mov	r2, r3
  400674:	e51b3018 	ldr	r3, [fp, #-24]	; 0xffffffe8
  400678:	e0833002 	add	r3, r3, r2
  40067c:	e50b3018 	str	r3, [fp, #-24]	; 0xffffffe8
  400680:	e51b3058 	ldr	r3, [fp, #-88]	; 0xffffffa8
  400684:	e5933000 	ldr	r3, [r3]
  400688:	e51b203c 	ldr	r2, [fp, #-60]	; 0xffffffc4
  40068c:	e1a01002 	mov	r1, r2
  400690:	e1a00003 	mov	r0, r3
  400694:	eb001337 	bl	405378 <__addsf3>
  400698:	e1a03000 	mov	r3, r0
  40069c:	e1a02003 	mov	r2, r3
  4006a0:	e51b3058 	ldr	r3, [fp, #-88]	; 0xffffffa8
  4006a4:	e5832000 	str	r2, [r3]
  4006a8:	e51b3058 	ldr	r3, [fp, #-88]	; 0xffffffa8
  4006ac:	e5933004 	ldr	r3, [r3, #4]
  4006b0:	e51b2038 	ldr	r2, [fp, #-56]	; 0xffffffc8
  4006b4:	e1a01002 	mov	r1, r2
  4006b8:	e1a00003 	mov	r0, r3
  4006bc:	eb00132d 	bl	405378 <__addsf3>
  4006c0:	e1a03000 	mov	r3, r0
  4006c4:	e1a02003 	mov	r2, r3
  4006c8:	e51b3058 	ldr	r3, [fp, #-88]	; 0xffffffa8
  4006cc:	e5832004 	str	r2, [r3, #4]
  4006d0:	e51b3060 	ldr	r3, [fp, #-96]	; 0xffffffa0
  4006d4:	e5933004 	ldr	r3, [r3, #4]
  4006d8:	e3530000 	cmp	r3, #0
  4006dc:	0a000024 	beq	400774 <kf_bfly4+0x590>
  4006e0:	e51b002c 	ldr	r0, [fp, #-44]	; 0xffffffd4
  4006e4:	e51b1030 	ldr	r1, [fp, #-48]	; 0xffffffd0
  4006e8:	e51b3064 	ldr	r3, [fp, #-100]	; 0xffffff9c
  4006ec:	e1a03183 	lsl	r3, r3, #3
  4006f0:	e51b2058 	ldr	r2, [fp, #-88]	; 0xffffffa8
  4006f4:	e0824003 	add	r4, r2, r3
  4006f8:	eb00131d 	bl	405374 <__aeabi_fsub>
  4006fc:	e1a03000 	mov	r3, r0
  400700:	e5843000 	str	r3, [r4]
  400704:	e51b0028 	ldr	r0, [fp, #-40]	; 0xffffffd8
  400708:	e51b1034 	ldr	r1, [fp, #-52]	; 0xffffffcc
  40070c:	e51b3064 	ldr	r3, [fp, #-100]	; 0xffffff9c
  400710:	e1a03183 	lsl	r3, r3, #3
  400714:	e51b2058 	ldr	r2, [fp, #-88]	; 0xffffffa8
  400718:	e0824003 	add	r4, r2, r3
  40071c:	eb001315 	bl	405378 <__addsf3>
  400720:	e1a03000 	mov	r3, r0
  400724:	e5843004 	str	r3, [r4, #4]
  400728:	e51b002c 	ldr	r0, [fp, #-44]	; 0xffffffd4
  40072c:	e51b1030 	ldr	r1, [fp, #-48]	; 0xffffffd0
  400730:	e51b3024 	ldr	r3, [fp, #-36]	; 0xffffffdc
  400734:	e1a03183 	lsl	r3, r3, #3
  400738:	e51b2058 	ldr	r2, [fp, #-88]	; 0xffffffa8
  40073c:	e0824003 	add	r4, r2, r3
  400740:	eb00130c 	bl	405378 <__addsf3>
  400744:	e1a03000 	mov	r3, r0
  400748:	e5843000 	str	r3, [r4]
  40074c:	e51b0028 	ldr	r0, [fp, #-40]	; 0xffffffd8
  400750:	e51b1034 	ldr	r1, [fp, #-52]	; 0xffffffcc
  400754:	e51b3024 	ldr	r3, [fp, #-36]	; 0xffffffdc
  400758:	e1a03183 	lsl	r3, r3, #3
  40075c:	e51b2058 	ldr	r2, [fp, #-88]	; 0xffffffa8
  400760:	e0824003 	add	r4, r2, r3
  400764:	eb001302 	bl	405374 <__aeabi_fsub>
  400768:	e1a03000 	mov	r3, r0
  40076c:	e5843004 	str	r3, [r4, #4]
  400770:	ea000023 	b	400804 <kf_bfly4+0x620>
  400774:	e51b002c 	ldr	r0, [fp, #-44]	; 0xffffffd4
  400778:	e51b1030 	ldr	r1, [fp, #-48]	; 0xffffffd0
  40077c:	e51b3064 	ldr	r3, [fp, #-100]	; 0xffffff9c
  400780:	e1a03183 	lsl	r3, r3, #3
  400784:	e51b2058 	ldr	r2, [fp, #-88]	; 0xffffffa8
  400788:	e0824003 	add	r4, r2, r3
  40078c:	eb0012f9 	bl	405378 <__addsf3>
  400790:	e1a03000 	mov	r3, r0
  400794:	e5843000 	str	r3, [r4]
  400798:	e51b0028 	ldr	r0, [fp, #-40]	; 0xffffffd8
  40079c:	e51b1034 	ldr	r1, [fp, #-52]	; 0xffffffcc
  4007a0:	e51b3064 	ldr	r3, [fp, #-100]	; 0xffffff9c
  4007a4:	e1a03183 	lsl	r3, r3, #3
  4007a8:	e51b2058 	ldr	r2, [fp, #-88]	; 0xffffffa8
  4007ac:	e0824003 	add	r4, r2, r3
  4007b0:	eb0012ef 	bl	405374 <__aeabi_fsub>
  4007b4:	e1a03000 	mov	r3, r0
  4007b8:	e5843004 	str	r3, [r4, #4]
  4007bc:	e51b002c 	ldr	r0, [fp, #-44]	; 0xffffffd4
  4007c0:	e51b1030 	ldr	r1, [fp, #-48]	; 0xffffffd0
  4007c4:	e51b3024 	ldr	r3, [fp, #-36]	; 0xffffffdc
  4007c8:	e1a03183 	lsl	r3, r3, #3
  4007cc:	e51b2058 	ldr	r2, [fp, #-88]	; 0xffffffa8
  4007d0:	e0824003 	add	r4, r2, r3
  4007d4:	eb0012e6 	bl	405374 <__aeabi_fsub>
  4007d8:	e1a03000 	mov	r3, r0
  4007dc:	e5843000 	str	r3, [r4]
  4007e0:	e51b0028 	ldr	r0, [fp, #-40]	; 0xffffffd8
  4007e4:	e51b1034 	ldr	r1, [fp, #-52]	; 0xffffffcc
  4007e8:	e51b3024 	ldr	r3, [fp, #-36]	; 0xffffffdc
  4007ec:	e1a03183 	lsl	r3, r3, #3
  4007f0:	e51b2058 	ldr	r2, [fp, #-88]	; 0xffffffa8
  4007f4:	e0824003 	add	r4, r2, r3
  4007f8:	eb0012de 	bl	405378 <__addsf3>
  4007fc:	e1a03000 	mov	r3, r0
  400800:	e5843004 	str	r3, [r4, #4]
  400804:	e51b3058 	ldr	r3, [fp, #-88]	; 0xffffffa8
  400808:	e2833008 	add	r3, r3, #8
  40080c:	e50b3058 	str	r3, [fp, #-88]	; 0xffffffa8
  400810:	e51b301c 	ldr	r3, [fp, #-28]	; 0xffffffe4
  400814:	e2433001 	sub	r3, r3, #1
  400818:	e50b301c 	str	r3, [fp, #-28]	; 0xffffffe4
  40081c:	e51b301c 	ldr	r3, [fp, #-28]	; 0xffffffe4
  400820:	e3530000 	cmp	r3, #0
  400824:	1afffe86 	bne	400244 <kf_bfly4+0x60>
  400828:	e1a00000 	nop			; (mov r0, r0)
  40082c:	e1a00000 	nop			; (mov r0, r0)
  400830:	e24bd008 	sub	sp, fp, #8
  400834:	e8bd4810 	pop	{r4, fp, lr}
  400838:	e12fff1e 	bx	lr

0040083c <kf_bfly3>:
  40083c:	e92d4830 	push	{r4, r5, fp, lr}
  400840:	e28db00c 	add	fp, sp, #12
  400844:	e24dd050 	sub	sp, sp, #80	; 0x50
  400848:	e50b0050 	str	r0, [fp, #-80]	; 0xffffffb0
  40084c:	e50b1054 	str	r1, [fp, #-84]	; 0xffffffac
  400850:	e50b2058 	str	r2, [fp, #-88]	; 0xffffffa8
  400854:	e50b305c 	str	r3, [fp, #-92]	; 0xffffffa4
  400858:	e51b305c 	ldr	r3, [fp, #-92]	; 0xffffffa4
  40085c:	e50b3010 	str	r3, [fp, #-16]
  400860:	e51b305c 	ldr	r3, [fp, #-92]	; 0xffffffa4
  400864:	e1a03083 	lsl	r3, r3, #1
  400868:	e50b301c 	str	r3, [fp, #-28]	; 0xffffffe4
  40086c:	e51b3054 	ldr	r3, [fp, #-84]	; 0xffffffac
  400870:	e51b205c 	ldr	r2, [fp, #-92]	; 0xffffffa4
  400874:	e0030392 	mul	r3, r2, r3
  400878:	e51b1058 	ldr	r1, [fp, #-88]	; 0xffffffa8
  40087c:	e2833021 	add	r3, r3, #33	; 0x21
  400880:	e24b204c 	sub	r2, fp, #76	; 0x4c
  400884:	e1a03183 	lsl	r3, r3, #3
  400888:	e0813003 	add	r3, r1, r3
  40088c:	e8930003 	ldm	r3, {r0, r1}
  400890:	e8820003 	stm	r2, {r0, r1}
  400894:	e51b3058 	ldr	r3, [fp, #-88]	; 0xffffffa8
  400898:	e2833f42 	add	r3, r3, #264	; 0x108
  40089c:	e50b3018 	str	r3, [fp, #-24]	; 0xffffffe8
  4008a0:	e51b3018 	ldr	r3, [fp, #-24]	; 0xffffffe8
  4008a4:	e50b3014 	str	r3, [fp, #-20]	; 0xffffffec
  4008a8:	e51b305c 	ldr	r3, [fp, #-92]	; 0xffffffa4
  4008ac:	e1a03183 	lsl	r3, r3, #3
  4008b0:	e51b2050 	ldr	r2, [fp, #-80]	; 0xffffffb0
  4008b4:	e0823003 	add	r3, r2, r3
  4008b8:	e5932000 	ldr	r2, [r3]
  4008bc:	e51b3014 	ldr	r3, [fp, #-20]	; 0xffffffec
  4008c0:	e5933000 	ldr	r3, [r3]
  4008c4:	e1a01003 	mov	r1, r3
  4008c8:	e1a00002 	mov	r0, r2
  4008cc:	eb000f1f 	bl	404550 <__aeabi_fmul>
  4008d0:	e1a03000 	mov	r3, r0
  4008d4:	e1a04003 	mov	r4, r3
  4008d8:	e51b305c 	ldr	r3, [fp, #-92]	; 0xffffffa4
  4008dc:	e1a03183 	lsl	r3, r3, #3
  4008e0:	e51b2050 	ldr	r2, [fp, #-80]	; 0xffffffb0
  4008e4:	e0823003 	add	r3, r2, r3
  4008e8:	e5932004 	ldr	r2, [r3, #4]
  4008ec:	e51b3014 	ldr	r3, [fp, #-20]	; 0xffffffec
  4008f0:	e5933004 	ldr	r3, [r3, #4]
  4008f4:	e1a01003 	mov	r1, r3
  4008f8:	e1a00002 	mov	r0, r2
  4008fc:	eb000f13 	bl	404550 <__aeabi_fmul>
  400900:	e1a03000 	mov	r3, r0
  400904:	e1a01003 	mov	r1, r3
  400908:	e1a00004 	mov	r0, r4
  40090c:	eb001298 	bl	405374 <__aeabi_fsub>
  400910:	e1a03000 	mov	r3, r0
  400914:	e50b303c 	str	r3, [fp, #-60]	; 0xffffffc4
  400918:	e51b305c 	ldr	r3, [fp, #-92]	; 0xffffffa4
  40091c:	e1a03183 	lsl	r3, r3, #3
  400920:	e51b2050 	ldr	r2, [fp, #-80]	; 0xffffffb0
  400924:	e0823003 	add	r3, r2, r3
  400928:	e5932000 	ldr	r2, [r3]
  40092c:	e51b3014 	ldr	r3, [fp, #-20]	; 0xffffffec
  400930:	e5933004 	ldr	r3, [r3, #4]
  400934:	e1a01003 	mov	r1, r3
  400938:	e1a00002 	mov	r0, r2
  40093c:	eb000f03 	bl	404550 <__aeabi_fmul>
  400940:	e1a03000 	mov	r3, r0
  400944:	e1a04003 	mov	r4, r3
  400948:	e51b305c 	ldr	r3, [fp, #-92]	; 0xffffffa4
  40094c:	e1a03183 	lsl	r3, r3, #3
  400950:	e51b2050 	ldr	r2, [fp, #-80]	; 0xffffffb0
  400954:	e0823003 	add	r3, r2, r3
  400958:	e5932004 	ldr	r2, [r3, #4]
  40095c:	e51b3014 	ldr	r3, [fp, #-20]	; 0xffffffec
  400960:	e5933000 	ldr	r3, [r3]
  400964:	e1a01003 	mov	r1, r3
  400968:	e1a00002 	mov	r0, r2
  40096c:	eb000ef7 	bl	404550 <__aeabi_fmul>
  400970:	e1a03000 	mov	r3, r0
  400974:	e1a01003 	mov	r1, r3
  400978:	e1a00004 	mov	r0, r4
  40097c:	eb00127d 	bl	405378 <__addsf3>
  400980:	e1a03000 	mov	r3, r0
  400984:	e50b3038 	str	r3, [fp, #-56]	; 0xffffffc8
  400988:	e51b301c 	ldr	r3, [fp, #-28]	; 0xffffffe4
  40098c:	e1a03183 	lsl	r3, r3, #3
  400990:	e51b2050 	ldr	r2, [fp, #-80]	; 0xffffffb0
  400994:	e0823003 	add	r3, r2, r3
  400998:	e5932000 	ldr	r2, [r3]
  40099c:	e51b3018 	ldr	r3, [fp, #-24]	; 0xffffffe8
  4009a0:	e5933000 	ldr	r3, [r3]
  4009a4:	e1a01003 	mov	r1, r3
  4009a8:	e1a00002 	mov	r0, r2
  4009ac:	eb000ee7 	bl	404550 <__aeabi_fmul>
  4009b0:	e1a03000 	mov	r3, r0
  4009b4:	e1a04003 	mov	r4, r3
  4009b8:	e51b301c 	ldr	r3, [fp, #-28]	; 0xffffffe4
  4009bc:	e1a03183 	lsl	r3, r3, #3
  4009c0:	e51b2050 	ldr	r2, [fp, #-80]	; 0xffffffb0
  4009c4:	e0823003 	add	r3, r2, r3
  4009c8:	e5932004 	ldr	r2, [r3, #4]
  4009cc:	e51b3018 	ldr	r3, [fp, #-24]	; 0xffffffe8
  4009d0:	e5933004 	ldr	r3, [r3, #4]
  4009d4:	e1a01003 	mov	r1, r3
  4009d8:	e1a00002 	mov	r0, r2
  4009dc:	eb000edb 	bl	404550 <__aeabi_fmul>
  4009e0:	e1a03000 	mov	r3, r0
  4009e4:	e1a01003 	mov	r1, r3
  4009e8:	e1a00004 	mov	r0, r4
  4009ec:	eb001260 	bl	405374 <__aeabi_fsub>
  4009f0:	e1a03000 	mov	r3, r0
  4009f4:	e50b3034 	str	r3, [fp, #-52]	; 0xffffffcc
  4009f8:	e51b301c 	ldr	r3, [fp, #-28]	; 0xffffffe4
  4009fc:	e1a03183 	lsl	r3, r3, #3
  400a00:	e51b2050 	ldr	r2, [fp, #-80]	; 0xffffffb0
  400a04:	e0823003 	add	r3, r2, r3
  400a08:	e5932000 	ldr	r2, [r3]
  400a0c:	e51b3018 	ldr	r3, [fp, #-24]	; 0xffffffe8
  400a10:	e5933004 	ldr	r3, [r3, #4]
  400a14:	e1a01003 	mov	r1, r3
  400a18:	e1a00002 	mov	r0, r2
  400a1c:	eb000ecb 	bl	404550 <__aeabi_fmul>
  400a20:	e1a03000 	mov	r3, r0
  400a24:	e1a04003 	mov	r4, r3
  400a28:	e51b301c 	ldr	r3, [fp, #-28]	; 0xffffffe4
  400a2c:	e1a03183 	lsl	r3, r3, #3
  400a30:	e51b2050 	ldr	r2, [fp, #-80]	; 0xffffffb0
  400a34:	e0823003 	add	r3, r2, r3
  400a38:	e5932004 	ldr	r2, [r3, #4]
  400a3c:	e51b3018 	ldr	r3, [fp, #-24]	; 0xffffffe8
  400a40:	e5933000 	ldr	r3, [r3]
  400a44:	e1a01003 	mov	r1, r3
  400a48:	e1a00002 	mov	r0, r2
  400a4c:	eb000ebf 	bl	404550 <__aeabi_fmul>
  400a50:	e1a03000 	mov	r3, r0
  400a54:	e1a01003 	mov	r1, r3
  400a58:	e1a00004 	mov	r0, r4
  400a5c:	eb001245 	bl	405378 <__addsf3>
  400a60:	e1a03000 	mov	r3, r0
  400a64:	e50b3030 	str	r3, [fp, #-48]	; 0xffffffd0
  400a68:	e51b303c 	ldr	r3, [fp, #-60]	; 0xffffffc4
  400a6c:	e51b2034 	ldr	r2, [fp, #-52]	; 0xffffffcc
  400a70:	e1a01002 	mov	r1, r2
  400a74:	e1a00003 	mov	r0, r3
  400a78:	eb00123e 	bl	405378 <__addsf3>
  400a7c:	e1a03000 	mov	r3, r0
  400a80:	e50b302c 	str	r3, [fp, #-44]	; 0xffffffd4
  400a84:	e51b3038 	ldr	r3, [fp, #-56]	; 0xffffffc8
  400a88:	e51b2030 	ldr	r2, [fp, #-48]	; 0xffffffd0
  400a8c:	e1a01002 	mov	r1, r2
  400a90:	e1a00003 	mov	r0, r3
  400a94:	eb001237 	bl	405378 <__addsf3>
  400a98:	e1a03000 	mov	r3, r0
  400a9c:	e50b3028 	str	r3, [fp, #-40]	; 0xffffffd8
  400aa0:	e51b303c 	ldr	r3, [fp, #-60]	; 0xffffffc4
  400aa4:	e51b2034 	ldr	r2, [fp, #-52]	; 0xffffffcc
  400aa8:	e1a01002 	mov	r1, r2
  400aac:	e1a00003 	mov	r0, r3
  400ab0:	eb00122f 	bl	405374 <__aeabi_fsub>
  400ab4:	e1a03000 	mov	r3, r0
  400ab8:	e50b3044 	str	r3, [fp, #-68]	; 0xffffffbc
  400abc:	e51b3038 	ldr	r3, [fp, #-56]	; 0xffffffc8
  400ac0:	e51b2030 	ldr	r2, [fp, #-48]	; 0xffffffd0
  400ac4:	e1a01002 	mov	r1, r2
  400ac8:	e1a00003 	mov	r0, r3
  400acc:	eb001228 	bl	405374 <__aeabi_fsub>
  400ad0:	e1a03000 	mov	r3, r0
  400ad4:	e50b3040 	str	r3, [fp, #-64]	; 0xffffffc0
  400ad8:	e51b3054 	ldr	r3, [fp, #-84]	; 0xffffffac
  400adc:	e1a03183 	lsl	r3, r3, #3
  400ae0:	e51b2014 	ldr	r2, [fp, #-20]	; 0xffffffec
  400ae4:	e0823003 	add	r3, r2, r3
  400ae8:	e50b3014 	str	r3, [fp, #-20]	; 0xffffffec
  400aec:	e51b3054 	ldr	r3, [fp, #-84]	; 0xffffffac
  400af0:	e1a03203 	lsl	r3, r3, #4
  400af4:	e51b2018 	ldr	r2, [fp, #-24]	; 0xffffffe8
  400af8:	e0823003 	add	r3, r2, r3
  400afc:	e50b3018 	str	r3, [fp, #-24]	; 0xffffffe8
  400b00:	e51b3050 	ldr	r3, [fp, #-80]	; 0xffffffb0
  400b04:	e5933000 	ldr	r3, [r3]
  400b08:	e1a00003 	mov	r0, r3
  400b0c:	eb001022 	bl	404b9c <__aeabi_f2d>
  400b10:	e1a04000 	mov	r4, r0
  400b14:	e1a05001 	mov	r5, r1
  400b18:	e51b302c 	ldr	r3, [fp, #-44]	; 0xffffffd4
  400b1c:	e1a00003 	mov	r0, r3
  400b20:	eb00101d 	bl	404b9c <__aeabi_f2d>
  400b24:	e3a02000 	mov	r2, #0
  400b28:	e59f3240 	ldr	r3, [pc, #576]	; 400d70 <kf_bfly3+0x534>
  400b2c:	eb001049 	bl	404c58 <__aeabi_dmul>
  400b30:	e1a02000 	mov	r2, r0
  400b34:	e1a03001 	mov	r3, r1
  400b38:	e1a00004 	mov	r0, r4
  400b3c:	e1a01005 	mov	r1, r5
  400b40:	eb000f3d 	bl	40483c <__aeabi_dsub>
  400b44:	e1a02000 	mov	r2, r0
  400b48:	e1a03001 	mov	r3, r1
  400b4c:	e1a00002 	mov	r0, r2
  400b50:	e1a01003 	mov	r1, r3
  400b54:	e51b305c 	ldr	r3, [fp, #-92]	; 0xffffffa4
  400b58:	e1a03183 	lsl	r3, r3, #3
  400b5c:	e51b2050 	ldr	r2, [fp, #-80]	; 0xffffffb0
  400b60:	e0824003 	add	r4, r2, r3
  400b64:	eb0011d8 	bl	4052cc <__aeabi_d2f>
  400b68:	e1a03000 	mov	r3, r0
  400b6c:	e5843000 	str	r3, [r4]
  400b70:	e51b3050 	ldr	r3, [fp, #-80]	; 0xffffffb0
  400b74:	e5933004 	ldr	r3, [r3, #4]
  400b78:	e1a00003 	mov	r0, r3
  400b7c:	eb001006 	bl	404b9c <__aeabi_f2d>
  400b80:	e1a04000 	mov	r4, r0
  400b84:	e1a05001 	mov	r5, r1
  400b88:	e51b3028 	ldr	r3, [fp, #-40]	; 0xffffffd8
  400b8c:	e1a00003 	mov	r0, r3
  400b90:	eb001001 	bl	404b9c <__aeabi_f2d>
  400b94:	e3a02000 	mov	r2, #0
  400b98:	e59f31d0 	ldr	r3, [pc, #464]	; 400d70 <kf_bfly3+0x534>
  400b9c:	eb00102d 	bl	404c58 <__aeabi_dmul>
  400ba0:	e1a02000 	mov	r2, r0
  400ba4:	e1a03001 	mov	r3, r1
  400ba8:	e1a00004 	mov	r0, r4
  400bac:	e1a01005 	mov	r1, r5
  400bb0:	eb000f21 	bl	40483c <__aeabi_dsub>
  400bb4:	e1a02000 	mov	r2, r0
  400bb8:	e1a03001 	mov	r3, r1
  400bbc:	e1a00002 	mov	r0, r2
  400bc0:	e1a01003 	mov	r1, r3
  400bc4:	e51b305c 	ldr	r3, [fp, #-92]	; 0xffffffa4
  400bc8:	e1a03183 	lsl	r3, r3, #3
  400bcc:	e51b2050 	ldr	r2, [fp, #-80]	; 0xffffffb0
  400bd0:	e0824003 	add	r4, r2, r3
  400bd4:	eb0011bc 	bl	4052cc <__aeabi_d2f>
  400bd8:	e1a03000 	mov	r3, r0
  400bdc:	e5843004 	str	r3, [r4, #4]
  400be0:	e51b3044 	ldr	r3, [fp, #-68]	; 0xffffffbc
  400be4:	e51b2048 	ldr	r2, [fp, #-72]	; 0xffffffb8
  400be8:	e1a01002 	mov	r1, r2
  400bec:	e1a00003 	mov	r0, r3
  400bf0:	eb000e56 	bl	404550 <__aeabi_fmul>
  400bf4:	e1a03000 	mov	r3, r0
  400bf8:	e50b3044 	str	r3, [fp, #-68]	; 0xffffffbc
  400bfc:	e51b3040 	ldr	r3, [fp, #-64]	; 0xffffffc0
  400c00:	e51b2048 	ldr	r2, [fp, #-72]	; 0xffffffb8
  400c04:	e1a01002 	mov	r1, r2
  400c08:	e1a00003 	mov	r0, r3
  400c0c:	eb000e4f 	bl	404550 <__aeabi_fmul>
  400c10:	e1a03000 	mov	r3, r0
  400c14:	e50b3040 	str	r3, [fp, #-64]	; 0xffffffc0
  400c18:	e51b3050 	ldr	r3, [fp, #-80]	; 0xffffffb0
  400c1c:	e5933000 	ldr	r3, [r3]
  400c20:	e51b202c 	ldr	r2, [fp, #-44]	; 0xffffffd4
  400c24:	e1a01002 	mov	r1, r2
  400c28:	e1a00003 	mov	r0, r3
  400c2c:	eb0011d1 	bl	405378 <__addsf3>
  400c30:	e1a03000 	mov	r3, r0
  400c34:	e1a02003 	mov	r2, r3
  400c38:	e51b3050 	ldr	r3, [fp, #-80]	; 0xffffffb0
  400c3c:	e5832000 	str	r2, [r3]
  400c40:	e51b3050 	ldr	r3, [fp, #-80]	; 0xffffffb0
  400c44:	e5933004 	ldr	r3, [r3, #4]
  400c48:	e51b2028 	ldr	r2, [fp, #-40]	; 0xffffffd8
  400c4c:	e1a01002 	mov	r1, r2
  400c50:	e1a00003 	mov	r0, r3
  400c54:	eb0011c7 	bl	405378 <__addsf3>
  400c58:	e1a03000 	mov	r3, r0
  400c5c:	e1a02003 	mov	r2, r3
  400c60:	e51b3050 	ldr	r3, [fp, #-80]	; 0xffffffb0
  400c64:	e5832004 	str	r2, [r3, #4]
  400c68:	e51b305c 	ldr	r3, [fp, #-92]	; 0xffffffa4
  400c6c:	e1a03183 	lsl	r3, r3, #3
  400c70:	e51b2050 	ldr	r2, [fp, #-80]	; 0xffffffb0
  400c74:	e0823003 	add	r3, r2, r3
  400c78:	e5930000 	ldr	r0, [r3]
  400c7c:	e51b1040 	ldr	r1, [fp, #-64]	; 0xffffffc0
  400c80:	e51b301c 	ldr	r3, [fp, #-28]	; 0xffffffe4
  400c84:	e1a03183 	lsl	r3, r3, #3
  400c88:	e51b2050 	ldr	r2, [fp, #-80]	; 0xffffffb0
  400c8c:	e0824003 	add	r4, r2, r3
  400c90:	eb0011b8 	bl	405378 <__addsf3>
  400c94:	e1a03000 	mov	r3, r0
  400c98:	e5843000 	str	r3, [r4]
  400c9c:	e51b305c 	ldr	r3, [fp, #-92]	; 0xffffffa4
  400ca0:	e1a03183 	lsl	r3, r3, #3
  400ca4:	e51b2050 	ldr	r2, [fp, #-80]	; 0xffffffb0
  400ca8:	e0823003 	add	r3, r2, r3
  400cac:	e5930004 	ldr	r0, [r3, #4]
  400cb0:	e51b1044 	ldr	r1, [fp, #-68]	; 0xffffffbc
  400cb4:	e51b301c 	ldr	r3, [fp, #-28]	; 0xffffffe4
  400cb8:	e1a03183 	lsl	r3, r3, #3
  400cbc:	e51b2050 	ldr	r2, [fp, #-80]	; 0xffffffb0
  400cc0:	e0824003 	add	r4, r2, r3
  400cc4:	eb0011aa 	bl	405374 <__aeabi_fsub>
  400cc8:	e1a03000 	mov	r3, r0
  400ccc:	e5843004 	str	r3, [r4, #4]
  400cd0:	e51b305c 	ldr	r3, [fp, #-92]	; 0xffffffa4
  400cd4:	e1a03183 	lsl	r3, r3, #3
  400cd8:	e51b2050 	ldr	r2, [fp, #-80]	; 0xffffffb0
  400cdc:	e0823003 	add	r3, r2, r3
  400ce0:	e5930000 	ldr	r0, [r3]
  400ce4:	e51b1040 	ldr	r1, [fp, #-64]	; 0xffffffc0
  400ce8:	e51b305c 	ldr	r3, [fp, #-92]	; 0xffffffa4
  400cec:	e1a03183 	lsl	r3, r3, #3
  400cf0:	e51b2050 	ldr	r2, [fp, #-80]	; 0xffffffb0
  400cf4:	e0824003 	add	r4, r2, r3
  400cf8:	eb00119d 	bl	405374 <__aeabi_fsub>
  400cfc:	e1a03000 	mov	r3, r0
  400d00:	e5843000 	str	r3, [r4]
  400d04:	e51b305c 	ldr	r3, [fp, #-92]	; 0xffffffa4
  400d08:	e1a03183 	lsl	r3, r3, #3
  400d0c:	e51b2050 	ldr	r2, [fp, #-80]	; 0xffffffb0
  400d10:	e0823003 	add	r3, r2, r3
  400d14:	e5930004 	ldr	r0, [r3, #4]
  400d18:	e51b1044 	ldr	r1, [fp, #-68]	; 0xffffffbc
  400d1c:	e51b305c 	ldr	r3, [fp, #-92]	; 0xffffffa4
  400d20:	e1a03183 	lsl	r3, r3, #3
  400d24:	e51b2050 	ldr	r2, [fp, #-80]	; 0xffffffb0
  400d28:	e0824003 	add	r4, r2, r3
  400d2c:	eb001191 	bl	405378 <__addsf3>
  400d30:	e1a03000 	mov	r3, r0
  400d34:	e5843004 	str	r3, [r4, #4]
  400d38:	e51b3050 	ldr	r3, [fp, #-80]	; 0xffffffb0
  400d3c:	e2833008 	add	r3, r3, #8
  400d40:	e50b3050 	str	r3, [fp, #-80]	; 0xffffffb0
  400d44:	e51b3010 	ldr	r3, [fp, #-16]
  400d48:	e2433001 	sub	r3, r3, #1
  400d4c:	e50b3010 	str	r3, [fp, #-16]
  400d50:	e51b3010 	ldr	r3, [fp, #-16]
  400d54:	e3530000 	cmp	r3, #0
  400d58:	1afffed2 	bne	4008a8 <kf_bfly3+0x6c>
  400d5c:	e1a00000 	nop			; (mov r0, r0)
  400d60:	e1a00000 	nop			; (mov r0, r0)
  400d64:	e24bd00c 	sub	sp, fp, #12
  400d68:	e8bd4830 	pop	{r4, r5, fp, lr}
  400d6c:	e12fff1e 	bx	lr
  400d70:	3fe00000 	.word	0x3fe00000

00400d74 <kf_bfly5>:
  400d74:	e92d4810 	push	{r4, fp, lr}
  400d78:	e28db008 	add	fp, sp, #8
  400d7c:	e24dd0ac 	sub	sp, sp, #172	; 0xac
  400d80:	e50b00a8 	str	r0, [fp, #-168]	; 0xffffff58
  400d84:	e50b10ac 	str	r1, [fp, #-172]	; 0xffffff54
  400d88:	e50b20b0 	str	r2, [fp, #-176]	; 0xffffff50
  400d8c:	e50b30b4 	str	r3, [fp, #-180]	; 0xffffff4c
  400d90:	e51b30b0 	ldr	r3, [fp, #-176]	; 0xffffff50
  400d94:	e2833f42 	add	r3, r3, #264	; 0x108
  400d98:	e50b3028 	str	r3, [fp, #-40]	; 0xffffffd8
  400d9c:	e51b30b4 	ldr	r3, [fp, #-180]	; 0xffffff4c
  400da0:	e51b20ac 	ldr	r2, [fp, #-172]	; 0xffffff54
  400da4:	e0030392 	mul	r3, r2, r3
  400da8:	e1a03183 	lsl	r3, r3, #3
  400dac:	e51b2028 	ldr	r2, [fp, #-40]	; 0xffffffd8
  400db0:	e0822003 	add	r2, r2, r3
  400db4:	e24b309c 	sub	r3, fp, #156	; 0x9c
  400db8:	e8920003 	ldm	r2, {r0, r1}
  400dbc:	e8830003 	stm	r3, {r0, r1}
  400dc0:	e51b30b4 	ldr	r3, [fp, #-180]	; 0xffffff4c
  400dc4:	e51b20ac 	ldr	r2, [fp, #-172]	; 0xffffff54
  400dc8:	e0030392 	mul	r3, r2, r3
  400dcc:	e1a03203 	lsl	r3, r3, #4
  400dd0:	e51b2028 	ldr	r2, [fp, #-40]	; 0xffffffd8
  400dd4:	e0822003 	add	r2, r2, r3
  400dd8:	e24b30a4 	sub	r3, fp, #164	; 0xa4
  400ddc:	e8920003 	ldm	r2, {r0, r1}
  400de0:	e8830003 	stm	r3, {r0, r1}
  400de4:	e51b30a8 	ldr	r3, [fp, #-168]	; 0xffffff58
  400de8:	e50b3010 	str	r3, [fp, #-16]
  400dec:	e51b30b4 	ldr	r3, [fp, #-180]	; 0xffffff4c
  400df0:	e1a03183 	lsl	r3, r3, #3
  400df4:	e51b2010 	ldr	r2, [fp, #-16]
  400df8:	e0823003 	add	r3, r2, r3
  400dfc:	e50b3014 	str	r3, [fp, #-20]	; 0xffffffec
  400e00:	e51b30b4 	ldr	r3, [fp, #-180]	; 0xffffff4c
  400e04:	e1a03203 	lsl	r3, r3, #4
  400e08:	e51b2010 	ldr	r2, [fp, #-16]
  400e0c:	e0823003 	add	r3, r2, r3
  400e10:	e50b3018 	str	r3, [fp, #-24]	; 0xffffffe8
  400e14:	e51b20b4 	ldr	r2, [fp, #-180]	; 0xffffff4c
  400e18:	e1a03002 	mov	r3, r2
  400e1c:	e1a03083 	lsl	r3, r3, #1
  400e20:	e0833002 	add	r3, r3, r2
  400e24:	e1a03183 	lsl	r3, r3, #3
  400e28:	e1a02003 	mov	r2, r3
  400e2c:	e51b3010 	ldr	r3, [fp, #-16]
  400e30:	e0833002 	add	r3, r3, r2
  400e34:	e50b301c 	str	r3, [fp, #-28]	; 0xffffffe4
  400e38:	e51b30b4 	ldr	r3, [fp, #-180]	; 0xffffff4c
  400e3c:	e1a03283 	lsl	r3, r3, #5
  400e40:	e51b2010 	ldr	r2, [fp, #-16]
  400e44:	e0823003 	add	r3, r2, r3
  400e48:	e50b3020 	str	r3, [fp, #-32]	; 0xffffffe0
  400e4c:	e51b30b0 	ldr	r3, [fp, #-176]	; 0xffffff50
  400e50:	e2833f42 	add	r3, r3, #264	; 0x108
  400e54:	e50b302c 	str	r3, [fp, #-44]	; 0xffffffd4
  400e58:	e3a03000 	mov	r3, #0
  400e5c:	e50b3024 	str	r3, [fp, #-36]	; 0xffffffdc
  400e60:	ea000257 	b	4017c4 <kf_bfly5+0xa50>
  400e64:	e51b2010 	ldr	r2, [fp, #-16]
  400e68:	e24b3094 	sub	r3, fp, #148	; 0x94
  400e6c:	e8920003 	ldm	r2, {r0, r1}
  400e70:	e8830003 	stm	r3, {r0, r1}
  400e74:	e51b3014 	ldr	r3, [fp, #-20]	; 0xffffffec
  400e78:	e5930000 	ldr	r0, [r3]
  400e7c:	e51b3024 	ldr	r3, [fp, #-36]	; 0xffffffdc
  400e80:	e51b20ac 	ldr	r2, [fp, #-172]	; 0xffffff54
  400e84:	e0030392 	mul	r3, r2, r3
  400e88:	e1a03183 	lsl	r3, r3, #3
  400e8c:	e51b202c 	ldr	r2, [fp, #-44]	; 0xffffffd4
  400e90:	e0823003 	add	r3, r2, r3
  400e94:	e5933000 	ldr	r3, [r3]
  400e98:	e1a01003 	mov	r1, r3
  400e9c:	eb000dab 	bl	404550 <__aeabi_fmul>
  400ea0:	e1a03000 	mov	r3, r0
  400ea4:	e1a04003 	mov	r4, r3
  400ea8:	e51b3014 	ldr	r3, [fp, #-20]	; 0xffffffec
  400eac:	e5930004 	ldr	r0, [r3, #4]
  400eb0:	e51b3024 	ldr	r3, [fp, #-36]	; 0xffffffdc
  400eb4:	e51b20ac 	ldr	r2, [fp, #-172]	; 0xffffff54
  400eb8:	e0030392 	mul	r3, r2, r3
  400ebc:	e1a03183 	lsl	r3, r3, #3
  400ec0:	e51b202c 	ldr	r2, [fp, #-44]	; 0xffffffd4
  400ec4:	e0823003 	add	r3, r2, r3
  400ec8:	e5933004 	ldr	r3, [r3, #4]
  400ecc:	e1a01003 	mov	r1, r3
  400ed0:	eb000d9e 	bl	404550 <__aeabi_fmul>
  400ed4:	e1a03000 	mov	r3, r0
  400ed8:	e1a01003 	mov	r1, r3
  400edc:	e1a00004 	mov	r0, r4
  400ee0:	eb001123 	bl	405374 <__aeabi_fsub>
  400ee4:	e1a03000 	mov	r3, r0
  400ee8:	e50b308c 	str	r3, [fp, #-140]	; 0xffffff74
  400eec:	e51b3014 	ldr	r3, [fp, #-20]	; 0xffffffec
  400ef0:	e5930000 	ldr	r0, [r3]
  400ef4:	e51b3024 	ldr	r3, [fp, #-36]	; 0xffffffdc
  400ef8:	e51b20ac 	ldr	r2, [fp, #-172]	; 0xffffff54
  400efc:	e0030392 	mul	r3, r2, r3
  400f00:	e1a03183 	lsl	r3, r3, #3
  400f04:	e51b202c 	ldr	r2, [fp, #-44]	; 0xffffffd4
  400f08:	e0823003 	add	r3, r2, r3
  400f0c:	e5933004 	ldr	r3, [r3, #4]
  400f10:	e1a01003 	mov	r1, r3
  400f14:	eb000d8d 	bl	404550 <__aeabi_fmul>
  400f18:	e1a03000 	mov	r3, r0
  400f1c:	e1a04003 	mov	r4, r3
  400f20:	e51b3014 	ldr	r3, [fp, #-20]	; 0xffffffec
  400f24:	e5930004 	ldr	r0, [r3, #4]
  400f28:	e51b3024 	ldr	r3, [fp, #-36]	; 0xffffffdc
  400f2c:	e51b20ac 	ldr	r2, [fp, #-172]	; 0xffffff54
  400f30:	e0030392 	mul	r3, r2, r3
  400f34:	e1a03183 	lsl	r3, r3, #3
  400f38:	e51b202c 	ldr	r2, [fp, #-44]	; 0xffffffd4
  400f3c:	e0823003 	add	r3, r2, r3
  400f40:	e5933000 	ldr	r3, [r3]
  400f44:	e1a01003 	mov	r1, r3
  400f48:	eb000d80 	bl	404550 <__aeabi_fmul>
  400f4c:	e1a03000 	mov	r3, r0
  400f50:	e1a01003 	mov	r1, r3
  400f54:	e1a00004 	mov	r0, r4
  400f58:	eb001106 	bl	405378 <__addsf3>
  400f5c:	e1a03000 	mov	r3, r0
  400f60:	e50b3088 	str	r3, [fp, #-136]	; 0xffffff78
  400f64:	e51b3018 	ldr	r3, [fp, #-24]	; 0xffffffe8
  400f68:	e5930000 	ldr	r0, [r3]
  400f6c:	e51b3024 	ldr	r3, [fp, #-36]	; 0xffffffdc
  400f70:	e51b20ac 	ldr	r2, [fp, #-172]	; 0xffffff54
  400f74:	e0030392 	mul	r3, r2, r3
  400f78:	e1a03203 	lsl	r3, r3, #4
  400f7c:	e51b202c 	ldr	r2, [fp, #-44]	; 0xffffffd4
  400f80:	e0823003 	add	r3, r2, r3
  400f84:	e5933000 	ldr	r3, [r3]
  400f88:	e1a01003 	mov	r1, r3
  400f8c:	eb000d6f 	bl	404550 <__aeabi_fmul>
  400f90:	e1a03000 	mov	r3, r0
  400f94:	e1a04003 	mov	r4, r3
  400f98:	e51b3018 	ldr	r3, [fp, #-24]	; 0xffffffe8
  400f9c:	e5930004 	ldr	r0, [r3, #4]
  400fa0:	e51b3024 	ldr	r3, [fp, #-36]	; 0xffffffdc
  400fa4:	e51b20ac 	ldr	r2, [fp, #-172]	; 0xffffff54
  400fa8:	e0030392 	mul	r3, r2, r3
  400fac:	e1a03203 	lsl	r3, r3, #4
  400fb0:	e51b202c 	ldr	r2, [fp, #-44]	; 0xffffffd4
  400fb4:	e0823003 	add	r3, r2, r3
  400fb8:	e5933004 	ldr	r3, [r3, #4]
  400fbc:	e1a01003 	mov	r1, r3
  400fc0:	eb000d62 	bl	404550 <__aeabi_fmul>
  400fc4:	e1a03000 	mov	r3, r0
  400fc8:	e1a01003 	mov	r1, r3
  400fcc:	e1a00004 	mov	r0, r4
  400fd0:	eb0010e7 	bl	405374 <__aeabi_fsub>
  400fd4:	e1a03000 	mov	r3, r0
  400fd8:	e50b3084 	str	r3, [fp, #-132]	; 0xffffff7c
  400fdc:	e51b3018 	ldr	r3, [fp, #-24]	; 0xffffffe8
  400fe0:	e5930000 	ldr	r0, [r3]
  400fe4:	e51b3024 	ldr	r3, [fp, #-36]	; 0xffffffdc
  400fe8:	e51b20ac 	ldr	r2, [fp, #-172]	; 0xffffff54
  400fec:	e0030392 	mul	r3, r2, r3
  400ff0:	e1a03203 	lsl	r3, r3, #4
  400ff4:	e51b202c 	ldr	r2, [fp, #-44]	; 0xffffffd4
  400ff8:	e0823003 	add	r3, r2, r3
  400ffc:	e5933004 	ldr	r3, [r3, #4]
  401000:	e1a01003 	mov	r1, r3
  401004:	eb000d51 	bl	404550 <__aeabi_fmul>
  401008:	e1a03000 	mov	r3, r0
  40100c:	e1a04003 	mov	r4, r3
  401010:	e51b3018 	ldr	r3, [fp, #-24]	; 0xffffffe8
  401014:	e5930004 	ldr	r0, [r3, #4]
  401018:	e51b3024 	ldr	r3, [fp, #-36]	; 0xffffffdc
  40101c:	e51b20ac 	ldr	r2, [fp, #-172]	; 0xffffff54
  401020:	e0030392 	mul	r3, r2, r3
  401024:	e1a03203 	lsl	r3, r3, #4
  401028:	e51b202c 	ldr	r2, [fp, #-44]	; 0xffffffd4
  40102c:	e0823003 	add	r3, r2, r3
  401030:	e5933000 	ldr	r3, [r3]
  401034:	e1a01003 	mov	r1, r3
  401038:	eb000d44 	bl	404550 <__aeabi_fmul>
  40103c:	e1a03000 	mov	r3, r0
  401040:	e1a01003 	mov	r1, r3
  401044:	e1a00004 	mov	r0, r4
  401048:	eb0010ca 	bl	405378 <__addsf3>
  40104c:	e1a03000 	mov	r3, r0
  401050:	e50b3080 	str	r3, [fp, #-128]	; 0xffffff80
  401054:	e51b301c 	ldr	r3, [fp, #-28]	; 0xffffffe4
  401058:	e5930000 	ldr	r0, [r3]
  40105c:	e51b3024 	ldr	r3, [fp, #-36]	; 0xffffffdc
  401060:	e51b20ac 	ldr	r2, [fp, #-172]	; 0xffffff54
  401064:	e0020293 	mul	r2, r3, r2
  401068:	e1a03002 	mov	r3, r2
  40106c:	e1a03083 	lsl	r3, r3, #1
  401070:	e0833002 	add	r3, r3, r2
  401074:	e1a03183 	lsl	r3, r3, #3
  401078:	e1a02003 	mov	r2, r3
  40107c:	e51b302c 	ldr	r3, [fp, #-44]	; 0xffffffd4
  401080:	e0833002 	add	r3, r3, r2
  401084:	e5933000 	ldr	r3, [r3]
  401088:	e1a01003 	mov	r1, r3
  40108c:	eb000d2f 	bl	404550 <__aeabi_fmul>
  401090:	e1a03000 	mov	r3, r0
  401094:	e1a04003 	mov	r4, r3
  401098:	e51b301c 	ldr	r3, [fp, #-28]	; 0xffffffe4
  40109c:	e5930004 	ldr	r0, [r3, #4]
  4010a0:	e51b3024 	ldr	r3, [fp, #-36]	; 0xffffffdc
  4010a4:	e51b20ac 	ldr	r2, [fp, #-172]	; 0xffffff54
  4010a8:	e0020293 	mul	r2, r3, r2
  4010ac:	e1a03002 	mov	r3, r2
  4010b0:	e1a03083 	lsl	r3, r3, #1
  4010b4:	e0833002 	add	r3, r3, r2
  4010b8:	e1a03183 	lsl	r3, r3, #3
  4010bc:	e1a02003 	mov	r2, r3
  4010c0:	e51b302c 	ldr	r3, [fp, #-44]	; 0xffffffd4
  4010c4:	e0833002 	add	r3, r3, r2
  4010c8:	e5933004 	ldr	r3, [r3, #4]
  4010cc:	e1a01003 	mov	r1, r3
  4010d0:	eb000d1e 	bl	404550 <__aeabi_fmul>
  4010d4:	e1a03000 	mov	r3, r0
  4010d8:	e1a01003 	mov	r1, r3
  4010dc:	e1a00004 	mov	r0, r4
  4010e0:	eb0010a3 	bl	405374 <__aeabi_fsub>
  4010e4:	e1a03000 	mov	r3, r0
  4010e8:	e50b307c 	str	r3, [fp, #-124]	; 0xffffff84
  4010ec:	e51b301c 	ldr	r3, [fp, #-28]	; 0xffffffe4
  4010f0:	e5930000 	ldr	r0, [r3]
  4010f4:	e51b3024 	ldr	r3, [fp, #-36]	; 0xffffffdc
  4010f8:	e51b20ac 	ldr	r2, [fp, #-172]	; 0xffffff54
  4010fc:	e0020293 	mul	r2, r3, r2
  401100:	e1a03002 	mov	r3, r2
  401104:	e1a03083 	lsl	r3, r3, #1
  401108:	e0833002 	add	r3, r3, r2
  40110c:	e1a03183 	lsl	r3, r3, #3
  401110:	e1a02003 	mov	r2, r3
  401114:	e51b302c 	ldr	r3, [fp, #-44]	; 0xffffffd4
  401118:	e0833002 	add	r3, r3, r2
  40111c:	e5933004 	ldr	r3, [r3, #4]
  401120:	e1a01003 	mov	r1, r3
  401124:	eb000d09 	bl	404550 <__aeabi_fmul>
  401128:	e1a03000 	mov	r3, r0
  40112c:	e1a04003 	mov	r4, r3
  401130:	e51b301c 	ldr	r3, [fp, #-28]	; 0xffffffe4
  401134:	e5930004 	ldr	r0, [r3, #4]
  401138:	e51b3024 	ldr	r3, [fp, #-36]	; 0xffffffdc
  40113c:	e51b20ac 	ldr	r2, [fp, #-172]	; 0xffffff54
  401140:	e0020293 	mul	r2, r3, r2
  401144:	e1a03002 	mov	r3, r2
  401148:	e1a03083 	lsl	r3, r3, #1
  40114c:	e0833002 	add	r3, r3, r2
  401150:	e1a03183 	lsl	r3, r3, #3
  401154:	e1a02003 	mov	r2, r3
  401158:	e51b302c 	ldr	r3, [fp, #-44]	; 0xffffffd4
  40115c:	e0833002 	add	r3, r3, r2
  401160:	e5933000 	ldr	r3, [r3]
  401164:	e1a01003 	mov	r1, r3
  401168:	eb000cf8 	bl	404550 <__aeabi_fmul>
  40116c:	e1a03000 	mov	r3, r0
  401170:	e1a01003 	mov	r1, r3
  401174:	e1a00004 	mov	r0, r4
  401178:	eb00107e 	bl	405378 <__addsf3>
  40117c:	e1a03000 	mov	r3, r0
  401180:	e50b3078 	str	r3, [fp, #-120]	; 0xffffff88
  401184:	e51b3020 	ldr	r3, [fp, #-32]	; 0xffffffe0
  401188:	e5930000 	ldr	r0, [r3]
  40118c:	e51b3024 	ldr	r3, [fp, #-36]	; 0xffffffdc
  401190:	e51b20ac 	ldr	r2, [fp, #-172]	; 0xffffff54
  401194:	e0030392 	mul	r3, r2, r3
  401198:	e1a03283 	lsl	r3, r3, #5
  40119c:	e51b202c 	ldr	r2, [fp, #-44]	; 0xffffffd4
  4011a0:	e0823003 	add	r3, r2, r3
  4011a4:	e5933000 	ldr	r3, [r3]
  4011a8:	e1a01003 	mov	r1, r3
  4011ac:	eb000ce7 	bl	404550 <__aeabi_fmul>
  4011b0:	e1a03000 	mov	r3, r0
  4011b4:	e1a04003 	mov	r4, r3
  4011b8:	e51b3020 	ldr	r3, [fp, #-32]	; 0xffffffe0
  4011bc:	e5930004 	ldr	r0, [r3, #4]
  4011c0:	e51b3024 	ldr	r3, [fp, #-36]	; 0xffffffdc
  4011c4:	e51b20ac 	ldr	r2, [fp, #-172]	; 0xffffff54
  4011c8:	e0030392 	mul	r3, r2, r3
  4011cc:	e1a03283 	lsl	r3, r3, #5
  4011d0:	e51b202c 	ldr	r2, [fp, #-44]	; 0xffffffd4
  4011d4:	e0823003 	add	r3, r2, r3
  4011d8:	e5933004 	ldr	r3, [r3, #4]
  4011dc:	e1a01003 	mov	r1, r3
  4011e0:	eb000cda 	bl	404550 <__aeabi_fmul>
  4011e4:	e1a03000 	mov	r3, r0
  4011e8:	e1a01003 	mov	r1, r3
  4011ec:	e1a00004 	mov	r0, r4
  4011f0:	eb00105f 	bl	405374 <__aeabi_fsub>
  4011f4:	e1a03000 	mov	r3, r0
  4011f8:	e50b3074 	str	r3, [fp, #-116]	; 0xffffff8c
  4011fc:	e51b3020 	ldr	r3, [fp, #-32]	; 0xffffffe0
  401200:	e5930000 	ldr	r0, [r3]
  401204:	e51b3024 	ldr	r3, [fp, #-36]	; 0xffffffdc
  401208:	e51b20ac 	ldr	r2, [fp, #-172]	; 0xffffff54
  40120c:	e0030392 	mul	r3, r2, r3
  401210:	e1a03283 	lsl	r3, r3, #5
  401214:	e51b202c 	ldr	r2, [fp, #-44]	; 0xffffffd4
  401218:	e0823003 	add	r3, r2, r3
  40121c:	e5933004 	ldr	r3, [r3, #4]
  401220:	e1a01003 	mov	r1, r3
  401224:	eb000cc9 	bl	404550 <__aeabi_fmul>
  401228:	e1a03000 	mov	r3, r0
  40122c:	e1a04003 	mov	r4, r3
  401230:	e51b3020 	ldr	r3, [fp, #-32]	; 0xffffffe0
  401234:	e5930004 	ldr	r0, [r3, #4]
  401238:	e51b3024 	ldr	r3, [fp, #-36]	; 0xffffffdc
  40123c:	e51b20ac 	ldr	r2, [fp, #-172]	; 0xffffff54
  401240:	e0030392 	mul	r3, r2, r3
  401244:	e1a03283 	lsl	r3, r3, #5
  401248:	e51b202c 	ldr	r2, [fp, #-44]	; 0xffffffd4
  40124c:	e0823003 	add	r3, r2, r3
  401250:	e5933000 	ldr	r3, [r3]
  401254:	e1a01003 	mov	r1, r3
  401258:	eb000cbc 	bl	404550 <__aeabi_fmul>
  40125c:	e1a03000 	mov	r3, r0
  401260:	e1a01003 	mov	r1, r3
  401264:	e1a00004 	mov	r0, r4
  401268:	eb001042 	bl	405378 <__addsf3>
  40126c:	e1a03000 	mov	r3, r0
  401270:	e50b3070 	str	r3, [fp, #-112]	; 0xffffff90
  401274:	e51b308c 	ldr	r3, [fp, #-140]	; 0xffffff74
  401278:	e51b2074 	ldr	r2, [fp, #-116]	; 0xffffff8c
  40127c:	e1a01002 	mov	r1, r2
  401280:	e1a00003 	mov	r0, r3
  401284:	eb00103b 	bl	405378 <__addsf3>
  401288:	e1a03000 	mov	r3, r0
  40128c:	e50b305c 	str	r3, [fp, #-92]	; 0xffffffa4
  401290:	e51b3088 	ldr	r3, [fp, #-136]	; 0xffffff78
  401294:	e51b2070 	ldr	r2, [fp, #-112]	; 0xffffff90
  401298:	e1a01002 	mov	r1, r2
  40129c:	e1a00003 	mov	r0, r3
  4012a0:	eb001034 	bl	405378 <__addsf3>
  4012a4:	e1a03000 	mov	r3, r0
  4012a8:	e50b3058 	str	r3, [fp, #-88]	; 0xffffffa8
  4012ac:	e51b308c 	ldr	r3, [fp, #-140]	; 0xffffff74
  4012b0:	e51b2074 	ldr	r2, [fp, #-116]	; 0xffffff8c
  4012b4:	e1a01002 	mov	r1, r2
  4012b8:	e1a00003 	mov	r0, r3
  4012bc:	eb00102c 	bl	405374 <__aeabi_fsub>
  4012c0:	e1a03000 	mov	r3, r0
  4012c4:	e50b3044 	str	r3, [fp, #-68]	; 0xffffffbc
  4012c8:	e51b3088 	ldr	r3, [fp, #-136]	; 0xffffff78
  4012cc:	e51b2070 	ldr	r2, [fp, #-112]	; 0xffffff90
  4012d0:	e1a01002 	mov	r1, r2
  4012d4:	e1a00003 	mov	r0, r3
  4012d8:	eb001025 	bl	405374 <__aeabi_fsub>
  4012dc:	e1a03000 	mov	r3, r0
  4012e0:	e50b3040 	str	r3, [fp, #-64]	; 0xffffffc0
  4012e4:	e51b3084 	ldr	r3, [fp, #-132]	; 0xffffff7c
  4012e8:	e51b207c 	ldr	r2, [fp, #-124]	; 0xffffff84
  4012ec:	e1a01002 	mov	r1, r2
  4012f0:	e1a00003 	mov	r0, r3
  4012f4:	eb00101f 	bl	405378 <__addsf3>
  4012f8:	e1a03000 	mov	r3, r0
  4012fc:	e50b3054 	str	r3, [fp, #-84]	; 0xffffffac
  401300:	e51b3080 	ldr	r3, [fp, #-128]	; 0xffffff80
  401304:	e51b2078 	ldr	r2, [fp, #-120]	; 0xffffff88
  401308:	e1a01002 	mov	r1, r2
  40130c:	e1a00003 	mov	r0, r3
  401310:	eb001018 	bl	405378 <__addsf3>
  401314:	e1a03000 	mov	r3, r0
  401318:	e50b3050 	str	r3, [fp, #-80]	; 0xffffffb0
  40131c:	e51b3084 	ldr	r3, [fp, #-132]	; 0xffffff7c
  401320:	e51b207c 	ldr	r2, [fp, #-124]	; 0xffffff84
  401324:	e1a01002 	mov	r1, r2
  401328:	e1a00003 	mov	r0, r3
  40132c:	eb001010 	bl	405374 <__aeabi_fsub>
  401330:	e1a03000 	mov	r3, r0
  401334:	e50b304c 	str	r3, [fp, #-76]	; 0xffffffb4
  401338:	e51b3080 	ldr	r3, [fp, #-128]	; 0xffffff80
  40133c:	e51b2078 	ldr	r2, [fp, #-120]	; 0xffffff88
  401340:	e1a01002 	mov	r1, r2
  401344:	e1a00003 	mov	r0, r3
  401348:	eb001009 	bl	405374 <__aeabi_fsub>
  40134c:	e1a03000 	mov	r3, r0
  401350:	e50b3048 	str	r3, [fp, #-72]	; 0xffffffb8
  401354:	e51b3010 	ldr	r3, [fp, #-16]
  401358:	e5934000 	ldr	r4, [r3]
  40135c:	e51b305c 	ldr	r3, [fp, #-92]	; 0xffffffa4
  401360:	e51b2054 	ldr	r2, [fp, #-84]	; 0xffffffac
  401364:	e1a01002 	mov	r1, r2
  401368:	e1a00003 	mov	r0, r3
  40136c:	eb001001 	bl	405378 <__addsf3>
  401370:	e1a03000 	mov	r3, r0
  401374:	e1a01003 	mov	r1, r3
  401378:	e1a00004 	mov	r0, r4
  40137c:	eb000ffd 	bl	405378 <__addsf3>
  401380:	e1a03000 	mov	r3, r0
  401384:	e1a02003 	mov	r2, r3
  401388:	e51b3010 	ldr	r3, [fp, #-16]
  40138c:	e5832000 	str	r2, [r3]
  401390:	e51b3010 	ldr	r3, [fp, #-16]
  401394:	e5934004 	ldr	r4, [r3, #4]
  401398:	e51b3058 	ldr	r3, [fp, #-88]	; 0xffffffa8
  40139c:	e51b2050 	ldr	r2, [fp, #-80]	; 0xffffffb0
  4013a0:	e1a01002 	mov	r1, r2
  4013a4:	e1a00003 	mov	r0, r3
  4013a8:	eb000ff2 	bl	405378 <__addsf3>
  4013ac:	e1a03000 	mov	r3, r0
  4013b0:	e1a01003 	mov	r1, r3
  4013b4:	e1a00004 	mov	r0, r4
  4013b8:	eb000fee 	bl	405378 <__addsf3>
  4013bc:	e1a03000 	mov	r3, r0
  4013c0:	e1a02003 	mov	r2, r3
  4013c4:	e51b3010 	ldr	r3, [fp, #-16]
  4013c8:	e5832004 	str	r2, [r3, #4]
  4013cc:	e51b4094 	ldr	r4, [fp, #-148]	; 0xffffff6c
  4013d0:	e51b305c 	ldr	r3, [fp, #-92]	; 0xffffffa4
  4013d4:	e51b209c 	ldr	r2, [fp, #-156]	; 0xffffff64
  4013d8:	e1a01002 	mov	r1, r2
  4013dc:	e1a00003 	mov	r0, r3
  4013e0:	eb000c5a 	bl	404550 <__aeabi_fmul>
  4013e4:	e1a03000 	mov	r3, r0
  4013e8:	e1a01003 	mov	r1, r3
  4013ec:	e1a00004 	mov	r0, r4
  4013f0:	eb000fe0 	bl	405378 <__addsf3>
  4013f4:	e1a03000 	mov	r3, r0
  4013f8:	e1a04003 	mov	r4, r3
  4013fc:	e51b3054 	ldr	r3, [fp, #-84]	; 0xffffffac
  401400:	e51b20a4 	ldr	r2, [fp, #-164]	; 0xffffff5c
  401404:	e1a01002 	mov	r1, r2
  401408:	e1a00003 	mov	r0, r3
  40140c:	eb000c4f 	bl	404550 <__aeabi_fmul>
  401410:	e1a03000 	mov	r3, r0
  401414:	e1a01003 	mov	r1, r3
  401418:	e1a00004 	mov	r0, r4
  40141c:	eb000fd5 	bl	405378 <__addsf3>
  401420:	e1a03000 	mov	r3, r0
  401424:	e50b306c 	str	r3, [fp, #-108]	; 0xffffff94
  401428:	e51b4090 	ldr	r4, [fp, #-144]	; 0xffffff70
  40142c:	e51b3058 	ldr	r3, [fp, #-88]	; 0xffffffa8
  401430:	e51b209c 	ldr	r2, [fp, #-156]	; 0xffffff64
  401434:	e1a01002 	mov	r1, r2
  401438:	e1a00003 	mov	r0, r3
  40143c:	eb000c43 	bl	404550 <__aeabi_fmul>
  401440:	e1a03000 	mov	r3, r0
  401444:	e1a01003 	mov	r1, r3
  401448:	e1a00004 	mov	r0, r4
  40144c:	eb000fc9 	bl	405378 <__addsf3>
  401450:	e1a03000 	mov	r3, r0
  401454:	e1a04003 	mov	r4, r3
  401458:	e51b3050 	ldr	r3, [fp, #-80]	; 0xffffffb0
  40145c:	e51b20a4 	ldr	r2, [fp, #-164]	; 0xffffff5c
  401460:	e1a01002 	mov	r1, r2
  401464:	e1a00003 	mov	r0, r3
  401468:	eb000c38 	bl	404550 <__aeabi_fmul>
  40146c:	e1a03000 	mov	r3, r0
  401470:	e1a01003 	mov	r1, r3
  401474:	e1a00004 	mov	r0, r4
  401478:	eb000fbe 	bl	405378 <__addsf3>
  40147c:	e1a03000 	mov	r3, r0
  401480:	e50b3068 	str	r3, [fp, #-104]	; 0xffffff98
  401484:	e51b3040 	ldr	r3, [fp, #-64]	; 0xffffffc0
  401488:	e51b2098 	ldr	r2, [fp, #-152]	; 0xffffff68
  40148c:	e1a01002 	mov	r1, r2
  401490:	e1a00003 	mov	r0, r3
  401494:	eb000c2d 	bl	404550 <__aeabi_fmul>
  401498:	e1a03000 	mov	r3, r0
  40149c:	e1a04003 	mov	r4, r3
  4014a0:	e51b3048 	ldr	r3, [fp, #-72]	; 0xffffffb8
  4014a4:	e51b20a0 	ldr	r2, [fp, #-160]	; 0xffffff60
  4014a8:	e1a01002 	mov	r1, r2
  4014ac:	e1a00003 	mov	r0, r3
  4014b0:	eb000c26 	bl	404550 <__aeabi_fmul>
  4014b4:	e1a03000 	mov	r3, r0
  4014b8:	e1a01003 	mov	r1, r3
  4014bc:	e1a00004 	mov	r0, r4
  4014c0:	eb000fac 	bl	405378 <__addsf3>
  4014c4:	e1a03000 	mov	r3, r0
  4014c8:	e50b3064 	str	r3, [fp, #-100]	; 0xffffff9c
  4014cc:	e51b3044 	ldr	r3, [fp, #-68]	; 0xffffffbc
  4014d0:	e51b2098 	ldr	r2, [fp, #-152]	; 0xffffff68
  4014d4:	e1a01002 	mov	r1, r2
  4014d8:	e1a00003 	mov	r0, r3
  4014dc:	eb000c1b 	bl	404550 <__aeabi_fmul>
  4014e0:	e1a03000 	mov	r3, r0
  4014e4:	e2234102 	eor	r4, r3, #-2147483648	; 0x80000000
  4014e8:	e51b304c 	ldr	r3, [fp, #-76]	; 0xffffffb4
  4014ec:	e51b20a0 	ldr	r2, [fp, #-160]	; 0xffffff60
  4014f0:	e1a01002 	mov	r1, r2
  4014f4:	e1a00003 	mov	r0, r3
  4014f8:	eb000c14 	bl	404550 <__aeabi_fmul>
  4014fc:	e1a03000 	mov	r3, r0
  401500:	e1a01003 	mov	r1, r3
  401504:	e1a00004 	mov	r0, r4
  401508:	eb000f99 	bl	405374 <__aeabi_fsub>
  40150c:	e1a03000 	mov	r3, r0
  401510:	e50b3060 	str	r3, [fp, #-96]	; 0xffffffa0
  401514:	e51b306c 	ldr	r3, [fp, #-108]	; 0xffffff94
  401518:	e51b2064 	ldr	r2, [fp, #-100]	; 0xffffff9c
  40151c:	e1a01002 	mov	r1, r2
  401520:	e1a00003 	mov	r0, r3
  401524:	eb000f92 	bl	405374 <__aeabi_fsub>
  401528:	e1a03000 	mov	r3, r0
  40152c:	e1a02003 	mov	r2, r3
  401530:	e51b3014 	ldr	r3, [fp, #-20]	; 0xffffffec
  401534:	e5832000 	str	r2, [r3]
  401538:	e51b3068 	ldr	r3, [fp, #-104]	; 0xffffff98
  40153c:	e51b2060 	ldr	r2, [fp, #-96]	; 0xffffffa0
  401540:	e1a01002 	mov	r1, r2
  401544:	e1a00003 	mov	r0, r3
  401548:	eb000f89 	bl	405374 <__aeabi_fsub>
  40154c:	e1a03000 	mov	r3, r0
  401550:	e1a02003 	mov	r2, r3
  401554:	e51b3014 	ldr	r3, [fp, #-20]	; 0xffffffec
  401558:	e5832004 	str	r2, [r3, #4]
  40155c:	e51b306c 	ldr	r3, [fp, #-108]	; 0xffffff94
  401560:	e51b2064 	ldr	r2, [fp, #-100]	; 0xffffff9c
  401564:	e1a01002 	mov	r1, r2
  401568:	e1a00003 	mov	r0, r3
  40156c:	eb000f81 	bl	405378 <__addsf3>
  401570:	e1a03000 	mov	r3, r0
  401574:	e1a02003 	mov	r2, r3
  401578:	e51b3020 	ldr	r3, [fp, #-32]	; 0xffffffe0
  40157c:	e5832000 	str	r2, [r3]
  401580:	e51b3068 	ldr	r3, [fp, #-104]	; 0xffffff98
  401584:	e51b2060 	ldr	r2, [fp, #-96]	; 0xffffffa0
  401588:	e1a01002 	mov	r1, r2
  40158c:	e1a00003 	mov	r0, r3
  401590:	eb000f78 	bl	405378 <__addsf3>
  401594:	e1a03000 	mov	r3, r0
  401598:	e1a02003 	mov	r2, r3
  40159c:	e51b3020 	ldr	r3, [fp, #-32]	; 0xffffffe0
  4015a0:	e5832004 	str	r2, [r3, #4]
  4015a4:	e51b4094 	ldr	r4, [fp, #-148]	; 0xffffff6c
  4015a8:	e51b305c 	ldr	r3, [fp, #-92]	; 0xffffffa4
  4015ac:	e51b20a4 	ldr	r2, [fp, #-164]	; 0xffffff5c
  4015b0:	e1a01002 	mov	r1, r2
  4015b4:	e1a00003 	mov	r0, r3
  4015b8:	eb000be4 	bl	404550 <__aeabi_fmul>
  4015bc:	e1a03000 	mov	r3, r0
  4015c0:	e1a01003 	mov	r1, r3
  4015c4:	e1a00004 	mov	r0, r4
  4015c8:	eb000f6a 	bl	405378 <__addsf3>
  4015cc:	e1a03000 	mov	r3, r0
  4015d0:	e1a04003 	mov	r4, r3
  4015d4:	e51b3054 	ldr	r3, [fp, #-84]	; 0xffffffac
  4015d8:	e51b209c 	ldr	r2, [fp, #-156]	; 0xffffff64
  4015dc:	e1a01002 	mov	r1, r2
  4015e0:	e1a00003 	mov	r0, r3
  4015e4:	eb000bd9 	bl	404550 <__aeabi_fmul>
  4015e8:	e1a03000 	mov	r3, r0
  4015ec:	e1a01003 	mov	r1, r3
  4015f0:	e1a00004 	mov	r0, r4
  4015f4:	eb000f5f 	bl	405378 <__addsf3>
  4015f8:	e1a03000 	mov	r3, r0
  4015fc:	e50b303c 	str	r3, [fp, #-60]	; 0xffffffc4
  401600:	e51b4090 	ldr	r4, [fp, #-144]	; 0xffffff70
  401604:	e51b3058 	ldr	r3, [fp, #-88]	; 0xffffffa8
  401608:	e51b20a4 	ldr	r2, [fp, #-164]	; 0xffffff5c
  40160c:	e1a01002 	mov	r1, r2
  401610:	e1a00003 	mov	r0, r3
  401614:	eb000bcd 	bl	404550 <__aeabi_fmul>
  401618:	e1a03000 	mov	r3, r0
  40161c:	e1a01003 	mov	r1, r3
  401620:	e1a00004 	mov	r0, r4
  401624:	eb000f53 	bl	405378 <__addsf3>
  401628:	e1a03000 	mov	r3, r0
  40162c:	e1a04003 	mov	r4, r3
  401630:	e51b3050 	ldr	r3, [fp, #-80]	; 0xffffffb0
  401634:	e51b209c 	ldr	r2, [fp, #-156]	; 0xffffff64
  401638:	e1a01002 	mov	r1, r2
  40163c:	e1a00003 	mov	r0, r3
  401640:	eb000bc2 	bl	404550 <__aeabi_fmul>
  401644:	e1a03000 	mov	r3, r0
  401648:	e1a01003 	mov	r1, r3
  40164c:	e1a00004 	mov	r0, r4
  401650:	eb000f48 	bl	405378 <__addsf3>
  401654:	e1a03000 	mov	r3, r0
  401658:	e50b3038 	str	r3, [fp, #-56]	; 0xffffffc8
  40165c:	e51b3048 	ldr	r3, [fp, #-72]	; 0xffffffb8
  401660:	e51b2098 	ldr	r2, [fp, #-152]	; 0xffffff68
  401664:	e1a01002 	mov	r1, r2
  401668:	e1a00003 	mov	r0, r3
  40166c:	eb000bb7 	bl	404550 <__aeabi_fmul>
  401670:	e1a03000 	mov	r3, r0
  401674:	e1a04003 	mov	r4, r3
  401678:	e51b3040 	ldr	r3, [fp, #-64]	; 0xffffffc0
  40167c:	e51b20a0 	ldr	r2, [fp, #-160]	; 0xffffff60
  401680:	e1a01002 	mov	r1, r2
  401684:	e1a00003 	mov	r0, r3
  401688:	eb000bb0 	bl	404550 <__aeabi_fmul>
  40168c:	e1a03000 	mov	r3, r0
  401690:	e1a01003 	mov	r1, r3
  401694:	e1a00004 	mov	r0, r4
  401698:	eb000f35 	bl	405374 <__aeabi_fsub>
  40169c:	e1a03000 	mov	r3, r0
  4016a0:	e50b3034 	str	r3, [fp, #-52]	; 0xffffffcc
  4016a4:	e51b3044 	ldr	r3, [fp, #-68]	; 0xffffffbc
  4016a8:	e51b20a0 	ldr	r2, [fp, #-160]	; 0xffffff60
  4016ac:	e1a01002 	mov	r1, r2
  4016b0:	e1a00003 	mov	r0, r3
  4016b4:	eb000ba5 	bl	404550 <__aeabi_fmul>
  4016b8:	e1a03000 	mov	r3, r0
  4016bc:	e1a04003 	mov	r4, r3
  4016c0:	e51b304c 	ldr	r3, [fp, #-76]	; 0xffffffb4
  4016c4:	e51b2098 	ldr	r2, [fp, #-152]	; 0xffffff68
  4016c8:	e1a01002 	mov	r1, r2
  4016cc:	e1a00003 	mov	r0, r3
  4016d0:	eb000b9e 	bl	404550 <__aeabi_fmul>
  4016d4:	e1a03000 	mov	r3, r0
  4016d8:	e1a01003 	mov	r1, r3
  4016dc:	e1a00004 	mov	r0, r4
  4016e0:	eb000f23 	bl	405374 <__aeabi_fsub>
  4016e4:	e1a03000 	mov	r3, r0
  4016e8:	e50b3030 	str	r3, [fp, #-48]	; 0xffffffd0
  4016ec:	e51b303c 	ldr	r3, [fp, #-60]	; 0xffffffc4
  4016f0:	e51b2034 	ldr	r2, [fp, #-52]	; 0xffffffcc
  4016f4:	e1a01002 	mov	r1, r2
  4016f8:	e1a00003 	mov	r0, r3
  4016fc:	eb000f1d 	bl	405378 <__addsf3>
  401700:	e1a03000 	mov	r3, r0
  401704:	e1a02003 	mov	r2, r3
  401708:	e51b3018 	ldr	r3, [fp, #-24]	; 0xffffffe8
  40170c:	e5832000 	str	r2, [r3]
  401710:	e51b3038 	ldr	r3, [fp, #-56]	; 0xffffffc8
  401714:	e51b2030 	ldr	r2, [fp, #-48]	; 0xffffffd0
  401718:	e1a01002 	mov	r1, r2
  40171c:	e1a00003 	mov	r0, r3
  401720:	eb000f14 	bl	405378 <__addsf3>
  401724:	e1a03000 	mov	r3, r0
  401728:	e1a02003 	mov	r2, r3
  40172c:	e51b3018 	ldr	r3, [fp, #-24]	; 0xffffffe8
  401730:	e5832004 	str	r2, [r3, #4]
  401734:	e51b303c 	ldr	r3, [fp, #-60]	; 0xffffffc4
  401738:	e51b2034 	ldr	r2, [fp, #-52]	; 0xffffffcc
  40173c:	e1a01002 	mov	r1, r2
  401740:	e1a00003 	mov	r0, r3
  401744:	eb000f0a 	bl	405374 <__aeabi_fsub>
  401748:	e1a03000 	mov	r3, r0
  40174c:	e1a02003 	mov	r2, r3
  401750:	e51b301c 	ldr	r3, [fp, #-28]	; 0xffffffe4
  401754:	e5832000 	str	r2, [r3]
  401758:	e51b3038 	ldr	r3, [fp, #-56]	; 0xffffffc8
  40175c:	e51b2030 	ldr	r2, [fp, #-48]	; 0xffffffd0
  401760:	e1a01002 	mov	r1, r2
  401764:	e1a00003 	mov	r0, r3
  401768:	eb000f01 	bl	405374 <__aeabi_fsub>
  40176c:	e1a03000 	mov	r3, r0
  401770:	e1a02003 	mov	r2, r3
  401774:	e51b301c 	ldr	r3, [fp, #-28]	; 0xffffffe4
  401778:	e5832004 	str	r2, [r3, #4]
  40177c:	e51b3010 	ldr	r3, [fp, #-16]
  401780:	e2833008 	add	r3, r3, #8
  401784:	e50b3010 	str	r3, [fp, #-16]
  401788:	e51b3014 	ldr	r3, [fp, #-20]	; 0xffffffec
  40178c:	e2833008 	add	r3, r3, #8
  401790:	e50b3014 	str	r3, [fp, #-20]	; 0xffffffec
  401794:	e51b3018 	ldr	r3, [fp, #-24]	; 0xffffffe8
  401798:	e2833008 	add	r3, r3, #8
  40179c:	e50b3018 	str	r3, [fp, #-24]	; 0xffffffe8
  4017a0:	e51b301c 	ldr	r3, [fp, #-28]	; 0xffffffe4
  4017a4:	e2833008 	add	r3, r3, #8
  4017a8:	e50b301c 	str	r3, [fp, #-28]	; 0xffffffe4
  4017ac:	e51b3020 	ldr	r3, [fp, #-32]	; 0xffffffe0
  4017b0:	e2833008 	add	r3, r3, #8
  4017b4:	e50b3020 	str	r3, [fp, #-32]	; 0xffffffe0
  4017b8:	e51b3024 	ldr	r3, [fp, #-36]	; 0xffffffdc
  4017bc:	e2833001 	add	r3, r3, #1
  4017c0:	e50b3024 	str	r3, [fp, #-36]	; 0xffffffdc
  4017c4:	e51b2024 	ldr	r2, [fp, #-36]	; 0xffffffdc
  4017c8:	e51b30b4 	ldr	r3, [fp, #-180]	; 0xffffff4c
  4017cc:	e1520003 	cmp	r2, r3
  4017d0:	bafffda3 	blt	400e64 <kf_bfly5+0xf0>
  4017d4:	e1a00000 	nop			; (mov r0, r0)
  4017d8:	e1a00000 	nop			; (mov r0, r0)
  4017dc:	e24bd008 	sub	sp, fp, #8
  4017e0:	e8bd4810 	pop	{r4, fp, lr}
  4017e4:	e12fff1e 	bx	lr

004017e8 <kf_bfly_generic>:
  4017e8:	e92d4810 	push	{r4, fp, lr}
  4017ec:	e28db008 	add	fp, sp, #8
  4017f0:	e24dd03c 	sub	sp, sp, #60	; 0x3c
  4017f4:	e50b0038 	str	r0, [fp, #-56]	; 0xffffffc8
  4017f8:	e50b103c 	str	r1, [fp, #-60]	; 0xffffffc4
  4017fc:	e50b2040 	str	r2, [fp, #-64]	; 0xffffffc0
  401800:	e50b3044 	str	r3, [fp, #-68]	; 0xffffffbc
  401804:	e51b3040 	ldr	r3, [fp, #-64]	; 0xffffffc0
  401808:	e2833f42 	add	r3, r3, #264	; 0x108
  40180c:	e50b3024 	str	r3, [fp, #-36]	; 0xffffffdc
  401810:	e51b3040 	ldr	r3, [fp, #-64]	; 0xffffffc0
  401814:	e5933000 	ldr	r3, [r3]
  401818:	e50b3028 	str	r3, [fp, #-40]	; 0xffffffd8
  40181c:	e59b3004 	ldr	r3, [fp, #4]
  401820:	e1a03183 	lsl	r3, r3, #3
  401824:	e1a00003 	mov	r0, r3
  401828:	eb000f7e 	bl	405628 <malloc>
  40182c:	e1a03000 	mov	r3, r0
  401830:	e50b302c 	str	r3, [fp, #-44]	; 0xffffffd4
  401834:	e3a03000 	mov	r3, #0
  401838:	e50b3010 	str	r3, [fp, #-16]
  40183c:	ea0000a8 	b	401ae4 <kf_bfly_generic+0x2fc>
  401840:	e51b3010 	ldr	r3, [fp, #-16]
  401844:	e50b3014 	str	r3, [fp, #-20]	; 0xffffffec
  401848:	e3a03000 	mov	r3, #0
  40184c:	e50b3018 	str	r3, [fp, #-24]	; 0xffffffe8
  401850:	ea000011 	b	40189c <kf_bfly_generic+0xb4>
  401854:	e51b3014 	ldr	r3, [fp, #-20]	; 0xffffffec
  401858:	e1a03183 	lsl	r3, r3, #3
  40185c:	e51b2038 	ldr	r2, [fp, #-56]	; 0xffffffc8
  401860:	e0821003 	add	r1, r2, r3
  401864:	e51b3018 	ldr	r3, [fp, #-24]	; 0xffffffe8
  401868:	e1a03183 	lsl	r3, r3, #3
  40186c:	e51b202c 	ldr	r2, [fp, #-44]	; 0xffffffd4
  401870:	e0823003 	add	r3, r2, r3
  401874:	e1a02001 	mov	r2, r1
  401878:	e8920003 	ldm	r2, {r0, r1}
  40187c:	e8830003 	stm	r3, {r0, r1}
  401880:	e51b2014 	ldr	r2, [fp, #-20]	; 0xffffffec
  401884:	e51b3044 	ldr	r3, [fp, #-68]	; 0xffffffbc
  401888:	e0823003 	add	r3, r2, r3
  40188c:	e50b3014 	str	r3, [fp, #-20]	; 0xffffffec
  401890:	e51b3018 	ldr	r3, [fp, #-24]	; 0xffffffe8
  401894:	e2833001 	add	r3, r3, #1
  401898:	e50b3018 	str	r3, [fp, #-24]	; 0xffffffe8
  40189c:	e51b2018 	ldr	r2, [fp, #-24]	; 0xffffffe8
  4018a0:	e59b3004 	ldr	r3, [fp, #4]
  4018a4:	e1520003 	cmp	r2, r3
  4018a8:	baffffe9 	blt	401854 <kf_bfly_generic+0x6c>
  4018ac:	e51b3010 	ldr	r3, [fp, #-16]
  4018b0:	e50b3014 	str	r3, [fp, #-20]	; 0xffffffec
  4018b4:	e3a03000 	mov	r3, #0
  4018b8:	e50b3018 	str	r3, [fp, #-24]	; 0xffffffe8
  4018bc:	ea000081 	b	401ac8 <kf_bfly_generic+0x2e0>
  4018c0:	e3a03000 	mov	r3, #0
  4018c4:	e50b3020 	str	r3, [fp, #-32]	; 0xffffffe0
  4018c8:	e51b3014 	ldr	r3, [fp, #-20]	; 0xffffffec
  4018cc:	e1a03183 	lsl	r3, r3, #3
  4018d0:	e51b2038 	ldr	r2, [fp, #-56]	; 0xffffffc8
  4018d4:	e0823003 	add	r3, r2, r3
  4018d8:	e51b202c 	ldr	r2, [fp, #-44]	; 0xffffffd4
  4018dc:	e8920003 	ldm	r2, {r0, r1}
  4018e0:	e8830003 	stm	r3, {r0, r1}
  4018e4:	e3a03001 	mov	r3, #1
  4018e8:	e50b301c 	str	r3, [fp, #-28]	; 0xffffffe4
  4018ec:	ea00006a 	b	401a9c <kf_bfly_generic+0x2b4>
  4018f0:	e51b3014 	ldr	r3, [fp, #-20]	; 0xffffffec
  4018f4:	e51b203c 	ldr	r2, [fp, #-60]	; 0xffffffc4
  4018f8:	e0020293 	mul	r2, r3, r2
  4018fc:	e51b3020 	ldr	r3, [fp, #-32]	; 0xffffffe0
  401900:	e0823003 	add	r3, r2, r3
  401904:	e50b3020 	str	r3, [fp, #-32]	; 0xffffffe0
  401908:	e51b2020 	ldr	r2, [fp, #-32]	; 0xffffffe0
  40190c:	e51b3028 	ldr	r3, [fp, #-40]	; 0xffffffd8
  401910:	e1520003 	cmp	r2, r3
  401914:	ba000003 	blt	401928 <kf_bfly_generic+0x140>
  401918:	e51b2020 	ldr	r2, [fp, #-32]	; 0xffffffe0
  40191c:	e51b3028 	ldr	r3, [fp, #-40]	; 0xffffffd8
  401920:	e0423003 	sub	r3, r2, r3
  401924:	e50b3020 	str	r3, [fp, #-32]	; 0xffffffe0
  401928:	e51b301c 	ldr	r3, [fp, #-28]	; 0xffffffe4
  40192c:	e1a03183 	lsl	r3, r3, #3
  401930:	e51b202c 	ldr	r2, [fp, #-44]	; 0xffffffd4
  401934:	e0823003 	add	r3, r2, r3
  401938:	e5930000 	ldr	r0, [r3]
  40193c:	e51b3020 	ldr	r3, [fp, #-32]	; 0xffffffe0
  401940:	e1a03183 	lsl	r3, r3, #3
  401944:	e51b2024 	ldr	r2, [fp, #-36]	; 0xffffffdc
  401948:	e0823003 	add	r3, r2, r3
  40194c:	e5933000 	ldr	r3, [r3]
  401950:	e1a01003 	mov	r1, r3
  401954:	eb000afd 	bl	404550 <__aeabi_fmul>
  401958:	e1a03000 	mov	r3, r0
  40195c:	e1a04003 	mov	r4, r3
  401960:	e51b301c 	ldr	r3, [fp, #-28]	; 0xffffffe4
  401964:	e1a03183 	lsl	r3, r3, #3
  401968:	e51b202c 	ldr	r2, [fp, #-44]	; 0xffffffd4
  40196c:	e0823003 	add	r3, r2, r3
  401970:	e5930004 	ldr	r0, [r3, #4]
  401974:	e51b3020 	ldr	r3, [fp, #-32]	; 0xffffffe0
  401978:	e1a03183 	lsl	r3, r3, #3
  40197c:	e51b2024 	ldr	r2, [fp, #-36]	; 0xffffffdc
  401980:	e0823003 	add	r3, r2, r3
  401984:	e5933004 	ldr	r3, [r3, #4]
  401988:	e1a01003 	mov	r1, r3
  40198c:	eb000aef 	bl	404550 <__aeabi_fmul>
  401990:	e1a03000 	mov	r3, r0
  401994:	e1a01003 	mov	r1, r3
  401998:	e1a00004 	mov	r0, r4
  40199c:	eb000e74 	bl	405374 <__aeabi_fsub>
  4019a0:	e1a03000 	mov	r3, r0
  4019a4:	e50b3034 	str	r3, [fp, #-52]	; 0xffffffcc
  4019a8:	e51b301c 	ldr	r3, [fp, #-28]	; 0xffffffe4
  4019ac:	e1a03183 	lsl	r3, r3, #3
  4019b0:	e51b202c 	ldr	r2, [fp, #-44]	; 0xffffffd4
  4019b4:	e0823003 	add	r3, r2, r3
  4019b8:	e5930000 	ldr	r0, [r3]
  4019bc:	e51b3020 	ldr	r3, [fp, #-32]	; 0xffffffe0
  4019c0:	e1a03183 	lsl	r3, r3, #3
  4019c4:	e51b2024 	ldr	r2, [fp, #-36]	; 0xffffffdc
  4019c8:	e0823003 	add	r3, r2, r3
  4019cc:	e5933004 	ldr	r3, [r3, #4]
  4019d0:	e1a01003 	mov	r1, r3
  4019d4:	eb000add 	bl	404550 <__aeabi_fmul>
  4019d8:	e1a03000 	mov	r3, r0
  4019dc:	e1a04003 	mov	r4, r3
  4019e0:	e51b301c 	ldr	r3, [fp, #-28]	; 0xffffffe4
  4019e4:	e1a03183 	lsl	r3, r3, #3
  4019e8:	e51b202c 	ldr	r2, [fp, #-44]	; 0xffffffd4
  4019ec:	e0823003 	add	r3, r2, r3
  4019f0:	e5930004 	ldr	r0, [r3, #4]
  4019f4:	e51b3020 	ldr	r3, [fp, #-32]	; 0xffffffe0
  4019f8:	e1a03183 	lsl	r3, r3, #3
  4019fc:	e51b2024 	ldr	r2, [fp, #-36]	; 0xffffffdc
  401a00:	e0823003 	add	r3, r2, r3
  401a04:	e5933000 	ldr	r3, [r3]
  401a08:	e1a01003 	mov	r1, r3
  401a0c:	eb000acf 	bl	404550 <__aeabi_fmul>
  401a10:	e1a03000 	mov	r3, r0
  401a14:	e1a01003 	mov	r1, r3
  401a18:	e1a00004 	mov	r0, r4
  401a1c:	eb000e55 	bl	405378 <__addsf3>
  401a20:	e1a03000 	mov	r3, r0
  401a24:	e50b3030 	str	r3, [fp, #-48]	; 0xffffffd0
  401a28:	e51b3014 	ldr	r3, [fp, #-20]	; 0xffffffec
  401a2c:	e1a03183 	lsl	r3, r3, #3
  401a30:	e51b2038 	ldr	r2, [fp, #-56]	; 0xffffffc8
  401a34:	e0823003 	add	r3, r2, r3
  401a38:	e5930000 	ldr	r0, [r3]
  401a3c:	e51b1034 	ldr	r1, [fp, #-52]	; 0xffffffcc
  401a40:	e51b3014 	ldr	r3, [fp, #-20]	; 0xffffffec
  401a44:	e1a03183 	lsl	r3, r3, #3
  401a48:	e51b2038 	ldr	r2, [fp, #-56]	; 0xffffffc8
  401a4c:	e0824003 	add	r4, r2, r3
  401a50:	eb000e48 	bl	405378 <__addsf3>
  401a54:	e1a03000 	mov	r3, r0
  401a58:	e5843000 	str	r3, [r4]
  401a5c:	e51b3014 	ldr	r3, [fp, #-20]	; 0xffffffec
  401a60:	e1a03183 	lsl	r3, r3, #3
  401a64:	e51b2038 	ldr	r2, [fp, #-56]	; 0xffffffc8
  401a68:	e0823003 	add	r3, r2, r3
  401a6c:	e5930004 	ldr	r0, [r3, #4]
  401a70:	e51b1030 	ldr	r1, [fp, #-48]	; 0xffffffd0
  401a74:	e51b3014 	ldr	r3, [fp, #-20]	; 0xffffffec
  401a78:	e1a03183 	lsl	r3, r3, #3
  401a7c:	e51b2038 	ldr	r2, [fp, #-56]	; 0xffffffc8
  401a80:	e0824003 	add	r4, r2, r3
  401a84:	eb000e3b 	bl	405378 <__addsf3>
  401a88:	e1a03000 	mov	r3, r0
  401a8c:	e5843004 	str	r3, [r4, #4]
  401a90:	e51b301c 	ldr	r3, [fp, #-28]	; 0xffffffe4
  401a94:	e2833001 	add	r3, r3, #1
  401a98:	e50b301c 	str	r3, [fp, #-28]	; 0xffffffe4
  401a9c:	e51b201c 	ldr	r2, [fp, #-28]	; 0xffffffe4
  401aa0:	e59b3004 	ldr	r3, [fp, #4]
  401aa4:	e1520003 	cmp	r2, r3
  401aa8:	baffff90 	blt	4018f0 <kf_bfly_generic+0x108>
  401aac:	e51b2014 	ldr	r2, [fp, #-20]	; 0xffffffec
  401ab0:	e51b3044 	ldr	r3, [fp, #-68]	; 0xffffffbc
  401ab4:	e0823003 	add	r3, r2, r3
  401ab8:	e50b3014 	str	r3, [fp, #-20]	; 0xffffffec
  401abc:	e51b3018 	ldr	r3, [fp, #-24]	; 0xffffffe8
  401ac0:	e2833001 	add	r3, r3, #1
  401ac4:	e50b3018 	str	r3, [fp, #-24]	; 0xffffffe8
  401ac8:	e51b2018 	ldr	r2, [fp, #-24]	; 0xffffffe8
  401acc:	e59b3004 	ldr	r3, [fp, #4]
  401ad0:	e1520003 	cmp	r2, r3
  401ad4:	baffff79 	blt	4018c0 <kf_bfly_generic+0xd8>
  401ad8:	e51b3010 	ldr	r3, [fp, #-16]
  401adc:	e2833001 	add	r3, r3, #1
  401ae0:	e50b3010 	str	r3, [fp, #-16]
  401ae4:	e51b2010 	ldr	r2, [fp, #-16]
  401ae8:	e51b3044 	ldr	r3, [fp, #-68]	; 0xffffffbc
  401aec:	e1520003 	cmp	r2, r3
  401af0:	baffff52 	blt	401840 <kf_bfly_generic+0x58>
  401af4:	e51b002c 	ldr	r0, [fp, #-44]	; 0xffffffd4
  401af8:	eb000ed2 	bl	405648 <free>
  401afc:	e1a00000 	nop			; (mov r0, r0)
  401b00:	e24bd008 	sub	sp, fp, #8
  401b04:	e8bd4810 	pop	{r4, fp, lr}
  401b08:	e12fff1e 	bx	lr

00401b0c <kf_work>:
  401b0c:	e92d4800 	push	{fp, lr}
  401b10:	e28db004 	add	fp, sp, #4
  401b14:	e24dd028 	sub	sp, sp, #40	; 0x28
  401b18:	e50b0018 	str	r0, [fp, #-24]	; 0xffffffe8
  401b1c:	e50b101c 	str	r1, [fp, #-28]	; 0xffffffe4
  401b20:	e50b2020 	str	r2, [fp, #-32]	; 0xffffffe0
  401b24:	e50b3024 	str	r3, [fp, #-36]	; 0xffffffdc
  401b28:	e51b3018 	ldr	r3, [fp, #-24]	; 0xffffffe8
  401b2c:	e50b3008 	str	r3, [fp, #-8]
  401b30:	e59b3004 	ldr	r3, [fp, #4]
  401b34:	e2832004 	add	r2, r3, #4
  401b38:	e58b2004 	str	r2, [fp, #4]
  401b3c:	e5933000 	ldr	r3, [r3]
  401b40:	e50b300c 	str	r3, [fp, #-12]
  401b44:	e59b3004 	ldr	r3, [fp, #4]
  401b48:	e2832004 	add	r2, r3, #4
  401b4c:	e58b2004 	str	r2, [fp, #4]
  401b50:	e5933000 	ldr	r3, [r3]
  401b54:	e50b3010 	str	r3, [fp, #-16]
  401b58:	e51b300c 	ldr	r3, [fp, #-12]
  401b5c:	e51b2010 	ldr	r2, [fp, #-16]
  401b60:	e0030392 	mul	r3, r2, r3
  401b64:	e1a03183 	lsl	r3, r3, #3
  401b68:	e51b2018 	ldr	r2, [fp, #-24]	; 0xffffffe8
  401b6c:	e0823003 	add	r3, r2, r3
  401b70:	e50b3014 	str	r3, [fp, #-20]	; 0xffffffec
  401b74:	e51b3010 	ldr	r3, [fp, #-16]
  401b78:	e3530001 	cmp	r3, #1
  401b7c:	1a000012 	bne	401bcc <kf_work+0xc0>
  401b80:	e51b3018 	ldr	r3, [fp, #-24]	; 0xffffffe8
  401b84:	e51b201c 	ldr	r2, [fp, #-28]	; 0xffffffe4
  401b88:	e8920003 	ldm	r2, {r0, r1}
  401b8c:	e8830003 	stm	r3, {r0, r1}
  401b90:	e51b3024 	ldr	r3, [fp, #-36]	; 0xffffffdc
  401b94:	e51b2020 	ldr	r2, [fp, #-32]	; 0xffffffe0
  401b98:	e0030392 	mul	r3, r2, r3
  401b9c:	e1a03183 	lsl	r3, r3, #3
  401ba0:	e51b201c 	ldr	r2, [fp, #-28]	; 0xffffffe4
  401ba4:	e0823003 	add	r3, r2, r3
  401ba8:	e50b301c 	str	r3, [fp, #-28]	; 0xffffffe4
  401bac:	e51b3018 	ldr	r3, [fp, #-24]	; 0xffffffe8
  401bb0:	e2833008 	add	r3, r3, #8
  401bb4:	e50b3018 	str	r3, [fp, #-24]	; 0xffffffe8
  401bb8:	e51b2018 	ldr	r2, [fp, #-24]	; 0xffffffe8
  401bbc:	e51b3014 	ldr	r3, [fp, #-20]	; 0xffffffec
  401bc0:	e1520003 	cmp	r2, r3
  401bc4:	1affffed 	bne	401b80 <kf_work+0x74>
  401bc8:	ea00001a 	b	401c38 <kf_work+0x12c>
  401bcc:	e51b300c 	ldr	r3, [fp, #-12]
  401bd0:	e51b2020 	ldr	r2, [fp, #-32]	; 0xffffffe0
  401bd4:	e0020293 	mul	r2, r3, r2
  401bd8:	e59b3008 	ldr	r3, [fp, #8]
  401bdc:	e58d3004 	str	r3, [sp, #4]
  401be0:	e59b3004 	ldr	r3, [fp, #4]
  401be4:	e58d3000 	str	r3, [sp]
  401be8:	e51b3024 	ldr	r3, [fp, #-36]	; 0xffffffdc
  401bec:	e51b101c 	ldr	r1, [fp, #-28]	; 0xffffffe4
  401bf0:	e51b0018 	ldr	r0, [fp, #-24]	; 0xffffffe8
  401bf4:	ebffffc4 	bl	401b0c <kf_work>
  401bf8:	e51b3024 	ldr	r3, [fp, #-36]	; 0xffffffdc
  401bfc:	e51b2020 	ldr	r2, [fp, #-32]	; 0xffffffe0
  401c00:	e0030392 	mul	r3, r2, r3
  401c04:	e1a03183 	lsl	r3, r3, #3
  401c08:	e51b201c 	ldr	r2, [fp, #-28]	; 0xffffffe4
  401c0c:	e0823003 	add	r3, r2, r3
  401c10:	e50b301c 	str	r3, [fp, #-28]	; 0xffffffe4
  401c14:	e51b3010 	ldr	r3, [fp, #-16]
  401c18:	e1a03183 	lsl	r3, r3, #3
  401c1c:	e51b2018 	ldr	r2, [fp, #-24]	; 0xffffffe8
  401c20:	e0823003 	add	r3, r2, r3
  401c24:	e50b3018 	str	r3, [fp, #-24]	; 0xffffffe8
  401c28:	e51b2018 	ldr	r2, [fp, #-24]	; 0xffffffe8
  401c2c:	e51b3014 	ldr	r3, [fp, #-20]	; 0xffffffec
  401c30:	e1520003 	cmp	r2, r3
  401c34:	1affffe4 	bne	401bcc <kf_work+0xc0>
  401c38:	e51b3008 	ldr	r3, [fp, #-8]
  401c3c:	e50b3018 	str	r3, [fp, #-24]	; 0xffffffe8
  401c40:	e51b300c 	ldr	r3, [fp, #-12]
  401c44:	e2433002 	sub	r3, r3, #2
  401c48:	e3530003 	cmp	r3, #3
  401c4c:	979ff103 	ldrls	pc, [pc, r3, lsl #2]
  401c50:	ea00001b 	b	401cc4 <kf_work+0x1b8>
  401c54:	00401c64 	.word	0x00401c64
  401c58:	00401c7c 	.word	0x00401c7c
  401c5c:	00401c94 	.word	0x00401c94
  401c60:	00401cac 	.word	0x00401cac
  401c64:	e51b3010 	ldr	r3, [fp, #-16]
  401c68:	e59b2008 	ldr	r2, [fp, #8]
  401c6c:	e51b1020 	ldr	r1, [fp, #-32]	; 0xffffffe0
  401c70:	e51b0018 	ldr	r0, [fp, #-24]	; 0xffffffe8
  401c74:	ebfff8e1 	bl	400000 <kf_bfly2>
  401c78:	ea000019 	b	401ce4 <kf_work+0x1d8>
  401c7c:	e51b3010 	ldr	r3, [fp, #-16]
  401c80:	e59b2008 	ldr	r2, [fp, #8]
  401c84:	e51b1020 	ldr	r1, [fp, #-32]	; 0xffffffe0
  401c88:	e51b0018 	ldr	r0, [fp, #-24]	; 0xffffffe8
  401c8c:	ebfffaea 	bl	40083c <kf_bfly3>
  401c90:	ea000013 	b	401ce4 <kf_work+0x1d8>
  401c94:	e51b3010 	ldr	r3, [fp, #-16]
  401c98:	e59b2008 	ldr	r2, [fp, #8]
  401c9c:	e51b1020 	ldr	r1, [fp, #-32]	; 0xffffffe0
  401ca0:	e51b0018 	ldr	r0, [fp, #-24]	; 0xffffffe8
  401ca4:	ebfff94e 	bl	4001e4 <kf_bfly4>
  401ca8:	ea00000d 	b	401ce4 <kf_work+0x1d8>
  401cac:	e51b3010 	ldr	r3, [fp, #-16]
  401cb0:	e59b2008 	ldr	r2, [fp, #8]
  401cb4:	e51b1020 	ldr	r1, [fp, #-32]	; 0xffffffe0
  401cb8:	e51b0018 	ldr	r0, [fp, #-24]	; 0xffffffe8
  401cbc:	ebfffc2c 	bl	400d74 <kf_bfly5>
  401cc0:	ea000007 	b	401ce4 <kf_work+0x1d8>
  401cc4:	e51b300c 	ldr	r3, [fp, #-12]
  401cc8:	e58d3000 	str	r3, [sp]
  401ccc:	e51b3010 	ldr	r3, [fp, #-16]
  401cd0:	e59b2008 	ldr	r2, [fp, #8]
  401cd4:	e51b1020 	ldr	r1, [fp, #-32]	; 0xffffffe0
  401cd8:	e51b0018 	ldr	r0, [fp, #-24]	; 0xffffffe8
  401cdc:	ebfffec1 	bl	4017e8 <kf_bfly_generic>
  401ce0:	e1a00000 	nop			; (mov r0, r0)
  401ce4:	e1a00000 	nop			; (mov r0, r0)
  401ce8:	e24bd004 	sub	sp, fp, #4
  401cec:	e8bd4800 	pop	{fp, lr}
  401cf0:	e12fff1e 	bx	lr

00401cf4 <kf_factor>:
  401cf4:	e92d4800 	push	{fp, lr}
  401cf8:	e28db004 	add	fp, sp, #4
  401cfc:	e24dd018 	sub	sp, sp, #24
  401d00:	e50b0018 	str	r0, [fp, #-24]	; 0xffffffe8
  401d04:	e50b101c 	str	r1, [fp, #-28]	; 0xffffffe4
  401d08:	e3a03004 	mov	r3, #4
  401d0c:	e50b3008 	str	r3, [fp, #-8]
  401d10:	e51b0018 	ldr	r0, [fp, #-24]	; 0xffffffe8
  401d14:	eb000b96 	bl	404b74 <__aeabi_i2d>
  401d18:	e1a02000 	mov	r2, r0
  401d1c:	e1a03001 	mov	r3, r1
  401d20:	e1a00002 	mov	r0, r2
  401d24:	e1a01003 	mov	r1, r3
  401d28:	eb00023d 	bl	402624 <sqrt>
  401d2c:	e1a02000 	mov	r2, r0
  401d30:	e1a03001 	mov	r3, r1
  401d34:	e1a00002 	mov	r0, r2
  401d38:	e1a01003 	mov	r1, r3
  401d3c:	eb000195 	bl	402398 <floor>
  401d40:	e50b0014 	str	r0, [fp, #-20]	; 0xffffffec
  401d44:	e50b1010 	str	r1, [fp, #-16]
  401d48:	ea00001c 	b	401dc0 <kf_factor+0xcc>
  401d4c:	e51b3008 	ldr	r3, [fp, #-8]
  401d50:	e3530002 	cmp	r3, #2
  401d54:	0a000005 	beq	401d70 <kf_factor+0x7c>
  401d58:	e51b3008 	ldr	r3, [fp, #-8]
  401d5c:	e3530004 	cmp	r3, #4
  401d60:	1a000005 	bne	401d7c <kf_factor+0x88>
  401d64:	e3a03002 	mov	r3, #2
  401d68:	e50b3008 	str	r3, [fp, #-8]
  401d6c:	ea000006 	b	401d8c <kf_factor+0x98>
  401d70:	e3a03003 	mov	r3, #3
  401d74:	e50b3008 	str	r3, [fp, #-8]
  401d78:	ea000003 	b	401d8c <kf_factor+0x98>
  401d7c:	e51b3008 	ldr	r3, [fp, #-8]
  401d80:	e2833002 	add	r3, r3, #2
  401d84:	e50b3008 	str	r3, [fp, #-8]
  401d88:	e1a00000 	nop			; (mov r0, r0)
  401d8c:	e51b0008 	ldr	r0, [fp, #-8]
  401d90:	eb000b77 	bl	404b74 <__aeabi_i2d>
  401d94:	e1a02000 	mov	r2, r0
  401d98:	e1a03001 	mov	r3, r1
  401d9c:	e24b1014 	sub	r1, fp, #20
  401da0:	e8910003 	ldm	r1, {r0, r1}
  401da4:	eb000d0b 	bl	4051d8 <__aeabi_dcmplt>
  401da8:	e1a03000 	mov	r3, r0
  401dac:	e3530000 	cmp	r3, #0
  401db0:	1a000000 	bne	401db8 <kf_factor+0xc4>
  401db4:	ea000001 	b	401dc0 <kf_factor+0xcc>
  401db8:	e51b3018 	ldr	r3, [fp, #-24]	; 0xffffffe8
  401dbc:	e50b3008 	str	r3, [fp, #-8]
  401dc0:	e51b3018 	ldr	r3, [fp, #-24]	; 0xffffffe8
  401dc4:	e51b1008 	ldr	r1, [fp, #-8]
  401dc8:	e1a00003 	mov	r0, r3
  401dcc:	eb000a8f 	bl	404810 <__aeabi_idivmod>
  401dd0:	e1a03001 	mov	r3, r1
  401dd4:	e3530000 	cmp	r3, #0
  401dd8:	1affffdb 	bne	401d4c <kf_factor+0x58>
  401ddc:	e51b1008 	ldr	r1, [fp, #-8]
  401de0:	e51b0018 	ldr	r0, [fp, #-24]	; 0xffffffe8
  401de4:	eb000a3f 	bl	4046e8 <__divsi3>
  401de8:	e1a03000 	mov	r3, r0
  401dec:	e50b3018 	str	r3, [fp, #-24]	; 0xffffffe8
  401df0:	e51b301c 	ldr	r3, [fp, #-28]	; 0xffffffe4
  401df4:	e2832004 	add	r2, r3, #4
  401df8:	e50b201c 	str	r2, [fp, #-28]	; 0xffffffe4
  401dfc:	e51b2008 	ldr	r2, [fp, #-8]
  401e00:	e5832000 	str	r2, [r3]
  401e04:	e51b301c 	ldr	r3, [fp, #-28]	; 0xffffffe4
  401e08:	e2832004 	add	r2, r3, #4
  401e0c:	e50b201c 	str	r2, [fp, #-28]	; 0xffffffe4
  401e10:	e51b2018 	ldr	r2, [fp, #-24]	; 0xffffffe8
  401e14:	e5832000 	str	r2, [r3]
  401e18:	e51b3018 	ldr	r3, [fp, #-24]	; 0xffffffe8
  401e1c:	e3530001 	cmp	r3, #1
  401e20:	caffffe6 	bgt	401dc0 <kf_factor+0xcc>
  401e24:	e1a00000 	nop			; (mov r0, r0)
  401e28:	e1a00000 	nop			; (mov r0, r0)
  401e2c:	e24bd004 	sub	sp, fp, #4
  401e30:	e8bd4800 	pop	{fp, lr}
  401e34:	e12fff1e 	bx	lr

00401e38 <kiss_fft_alloc>:
  401e38:	e92d4830 	push	{r4, r5, fp, lr}
  401e3c:	e28db00c 	add	fp, sp, #12
  401e40:	e24dd030 	sub	sp, sp, #48	; 0x30
  401e44:	e50b0030 	str	r0, [fp, #-48]	; 0xffffffd0
  401e48:	e50b1034 	str	r1, [fp, #-52]	; 0xffffffcc
  401e4c:	e50b2038 	str	r2, [fp, #-56]	; 0xffffffc8
  401e50:	e50b303c 	str	r3, [fp, #-60]	; 0xffffffc4
  401e54:	e3a03000 	mov	r3, #0
  401e58:	e50b3010 	str	r3, [fp, #-16]
  401e5c:	e51b3030 	ldr	r3, [fp, #-48]	; 0xffffffd0
  401e60:	e2833021 	add	r3, r3, #33	; 0x21
  401e64:	e1a03183 	lsl	r3, r3, #3
  401e68:	e50b3020 	str	r3, [fp, #-32]	; 0xffffffe0
  401e6c:	e51b303c 	ldr	r3, [fp, #-60]	; 0xffffffc4
  401e70:	e3530000 	cmp	r3, #0
  401e74:	1a000004 	bne	401e8c <kiss_fft_alloc+0x54>
  401e78:	e51b0020 	ldr	r0, [fp, #-32]	; 0xffffffe0
  401e7c:	eb000de9 	bl	405628 <malloc>
  401e80:	e1a03000 	mov	r3, r0
  401e84:	e50b3010 	str	r3, [fp, #-16]
  401e88:	ea00000c 	b	401ec0 <kiss_fft_alloc+0x88>
  401e8c:	e51b3038 	ldr	r3, [fp, #-56]	; 0xffffffc8
  401e90:	e3530000 	cmp	r3, #0
  401e94:	0a000006 	beq	401eb4 <kiss_fft_alloc+0x7c>
  401e98:	e51b303c 	ldr	r3, [fp, #-60]	; 0xffffffc4
  401e9c:	e5933000 	ldr	r3, [r3]
  401ea0:	e51b2020 	ldr	r2, [fp, #-32]	; 0xffffffe0
  401ea4:	e1520003 	cmp	r2, r3
  401ea8:	8a000001 	bhi	401eb4 <kiss_fft_alloc+0x7c>
  401eac:	e51b3038 	ldr	r3, [fp, #-56]	; 0xffffffc8
  401eb0:	e50b3010 	str	r3, [fp, #-16]
  401eb4:	e51b303c 	ldr	r3, [fp, #-60]	; 0xffffffc4
  401eb8:	e51b2020 	ldr	r2, [fp, #-32]	; 0xffffffe0
  401ebc:	e5832000 	str	r2, [r3]
  401ec0:	e51b3010 	ldr	r3, [fp, #-16]
  401ec4:	e3530000 	cmp	r3, #0
  401ec8:	0a00005e 	beq	402048 <kiss_fft_alloc+0x210>
  401ecc:	e51b3010 	ldr	r3, [fp, #-16]
  401ed0:	e51b2030 	ldr	r2, [fp, #-48]	; 0xffffffd0
  401ed4:	e5832000 	str	r2, [r3]
  401ed8:	e51b3010 	ldr	r3, [fp, #-16]
  401edc:	e51b2034 	ldr	r2, [fp, #-52]	; 0xffffffcc
  401ee0:	e5832004 	str	r2, [r3, #4]
  401ee4:	e3a03000 	mov	r3, #0
  401ee8:	e50b3014 	str	r3, [fp, #-20]	; 0xffffffec
  401eec:	ea00004c 	b	402024 <kiss_fft_alloc+0x1ec>
  401ef0:	e28f3f5a 	add	r3, pc, #360	; 0x168
  401ef4:	e893000c 	ldm	r3, {r2, r3}
  401ef8:	e50b202c 	str	r2, [fp, #-44]	; 0xffffffd4
  401efc:	e50b3028 	str	r3, [fp, #-40]	; 0xffffffd8
  401f00:	e3a02000 	mov	r2, #0
  401f04:	e3a03103 	mov	r3, #-1073741824	; 0xc0000000
  401f08:	e24b102c 	sub	r1, fp, #44	; 0x2c
  401f0c:	e8910003 	ldm	r1, {r0, r1}
  401f10:	eb000b50 	bl	404c58 <__aeabi_dmul>
  401f14:	e1a02000 	mov	r2, r0
  401f18:	e1a03001 	mov	r3, r1
  401f1c:	e1a04002 	mov	r4, r2
  401f20:	e1a05003 	mov	r5, r3
  401f24:	e51b0014 	ldr	r0, [fp, #-20]	; 0xffffffec
  401f28:	eb000b11 	bl	404b74 <__aeabi_i2d>
  401f2c:	e1a02000 	mov	r2, r0
  401f30:	e1a03001 	mov	r3, r1
  401f34:	e1a00004 	mov	r0, r4
  401f38:	e1a01005 	mov	r1, r5
  401f3c:	eb000b45 	bl	404c58 <__aeabi_dmul>
  401f40:	e1a02000 	mov	r2, r0
  401f44:	e1a03001 	mov	r3, r1
  401f48:	e1a04002 	mov	r4, r2
  401f4c:	e1a05003 	mov	r5, r3
  401f50:	e51b0030 	ldr	r0, [fp, #-48]	; 0xffffffd0
  401f54:	eb000b06 	bl	404b74 <__aeabi_i2d>
  401f58:	e1a02000 	mov	r2, r0
  401f5c:	e1a03001 	mov	r3, r1
  401f60:	e1a00004 	mov	r0, r4
  401f64:	e1a01005 	mov	r1, r5
  401f68:	eb000bde 	bl	404ee8 <__aeabi_ddiv>
  401f6c:	e1a02000 	mov	r2, r0
  401f70:	e1a03001 	mov	r3, r1
  401f74:	e50b201c 	str	r2, [fp, #-28]	; 0xffffffe4
  401f78:	e50b3018 	str	r3, [fp, #-24]	; 0xffffffe8
  401f7c:	e51b3010 	ldr	r3, [fp, #-16]
  401f80:	e5933004 	ldr	r3, [r3, #4]
  401f84:	e3530000 	cmp	r3, #0
  401f88:	0a000004 	beq	401fa0 <kiss_fft_alloc+0x168>
  401f8c:	e51b301c 	ldr	r3, [fp, #-28]	; 0xffffffe4
  401f90:	e50b301c 	str	r3, [fp, #-28]	; 0xffffffe4
  401f94:	e51b3018 	ldr	r3, [fp, #-24]	; 0xffffffe8
  401f98:	e2233102 	eor	r3, r3, #-2147483648	; 0x80000000
  401f9c:	e50b3018 	str	r3, [fp, #-24]	; 0xffffffe8
  401fa0:	e24b101c 	sub	r1, fp, #28
  401fa4:	e8910003 	ldm	r1, {r0, r1}
  401fa8:	eb0000bc 	bl	4022a0 <cos>
  401fac:	e1a02000 	mov	r2, r0
  401fb0:	e1a03001 	mov	r3, r1
  401fb4:	e51b1010 	ldr	r1, [fp, #-16]
  401fb8:	e2810f42 	add	r0, r1, #264	; 0x108
  401fbc:	e51b1014 	ldr	r1, [fp, #-20]	; 0xffffffec
  401fc0:	e1a01181 	lsl	r1, r1, #3
  401fc4:	e0804001 	add	r4, r0, r1
  401fc8:	e1a00002 	mov	r0, r2
  401fcc:	e1a01003 	mov	r1, r3
  401fd0:	eb000cbd 	bl	4052cc <__aeabi_d2f>
  401fd4:	e1a03000 	mov	r3, r0
  401fd8:	e5843000 	str	r3, [r4]
  401fdc:	e24b101c 	sub	r1, fp, #28
  401fe0:	e8910003 	ldm	r1, {r0, r1}
  401fe4:	eb00014e 	bl	402524 <sin>
  401fe8:	e1a02000 	mov	r2, r0
  401fec:	e1a03001 	mov	r3, r1
  401ff0:	e51b1010 	ldr	r1, [fp, #-16]
  401ff4:	e2810f42 	add	r0, r1, #264	; 0x108
  401ff8:	e51b1014 	ldr	r1, [fp, #-20]	; 0xffffffec
  401ffc:	e1a01181 	lsl	r1, r1, #3
  402000:	e0804001 	add	r4, r0, r1
  402004:	e1a00002 	mov	r0, r2
  402008:	e1a01003 	mov	r1, r3
  40200c:	eb000cae 	bl	4052cc <__aeabi_d2f>
  402010:	e1a03000 	mov	r3, r0
  402014:	e5843004 	str	r3, [r4, #4]
  402018:	e51b3014 	ldr	r3, [fp, #-20]	; 0xffffffec
  40201c:	e2833001 	add	r3, r3, #1
  402020:	e50b3014 	str	r3, [fp, #-20]	; 0xffffffec
  402024:	e51b2014 	ldr	r2, [fp, #-20]	; 0xffffffec
  402028:	e51b3030 	ldr	r3, [fp, #-48]	; 0xffffffd0
  40202c:	e1520003 	cmp	r2, r3
  402030:	baffffae 	blt	401ef0 <kiss_fft_alloc+0xb8>
  402034:	e51b3010 	ldr	r3, [fp, #-16]
  402038:	e2833008 	add	r3, r3, #8
  40203c:	e1a01003 	mov	r1, r3
  402040:	e51b0030 	ldr	r0, [fp, #-48]	; 0xffffffd0
  402044:	ebffff2a 	bl	401cf4 <kf_factor>
  402048:	e51b3010 	ldr	r3, [fp, #-16]
  40204c:	e1a00003 	mov	r0, r3
  402050:	e24bd00c 	sub	sp, fp, #12
  402054:	e8bd4830 	pop	{r4, r5, fp, lr}
  402058:	e12fff1e 	bx	lr
  40205c:	e1a00000 	nop			; (mov r0, r0)
  402060:	54442d18 	.word	0x54442d18
  402064:	400921fb 	.word	0x400921fb

00402068 <kiss_fft_stride>:
  402068:	e92d4800 	push	{fp, lr}
  40206c:	e28db004 	add	fp, sp, #4
  402070:	e24dd020 	sub	sp, sp, #32
  402074:	e50b0010 	str	r0, [fp, #-16]
  402078:	e50b1014 	str	r1, [fp, #-20]	; 0xffffffec
  40207c:	e50b2018 	str	r2, [fp, #-24]	; 0xffffffe8
  402080:	e50b301c 	str	r3, [fp, #-28]	; 0xffffffe4
  402084:	e51b2014 	ldr	r2, [fp, #-20]	; 0xffffffec
  402088:	e51b3018 	ldr	r3, [fp, #-24]	; 0xffffffe8
  40208c:	e1520003 	cmp	r2, r3
  402090:	1a00001a 	bne	402100 <kiss_fft_stride+0x98>
  402094:	e51b3010 	ldr	r3, [fp, #-16]
  402098:	e5933000 	ldr	r3, [r3]
  40209c:	e1a03183 	lsl	r3, r3, #3
  4020a0:	e1a00003 	mov	r0, r3
  4020a4:	eb000d5f 	bl	405628 <malloc>
  4020a8:	e1a03000 	mov	r3, r0
  4020ac:	e50b3008 	str	r3, [fp, #-8]
  4020b0:	e51b3010 	ldr	r3, [fp, #-16]
  4020b4:	e2833008 	add	r3, r3, #8
  4020b8:	e51b2010 	ldr	r2, [fp, #-16]
  4020bc:	e58d2004 	str	r2, [sp, #4]
  4020c0:	e58d3000 	str	r3, [sp]
  4020c4:	e51b301c 	ldr	r3, [fp, #-28]	; 0xffffffe4
  4020c8:	e3a02001 	mov	r2, #1
  4020cc:	e51b1014 	ldr	r1, [fp, #-20]	; 0xffffffec
  4020d0:	e51b0008 	ldr	r0, [fp, #-8]
  4020d4:	ebfffe8c 	bl	401b0c <kf_work>
  4020d8:	e51b3010 	ldr	r3, [fp, #-16]
  4020dc:	e5933000 	ldr	r3, [r3]
  4020e0:	e1a03183 	lsl	r3, r3, #3
  4020e4:	e1a02003 	mov	r2, r3
  4020e8:	e51b1008 	ldr	r1, [fp, #-8]
  4020ec:	e51b0018 	ldr	r0, [fp, #-24]	; 0xffffffe8
  4020f0:	eb000f49 	bl	405e1c <memcpy>
  4020f4:	e51b0008 	ldr	r0, [fp, #-8]
  4020f8:	eb000d52 	bl	405648 <free>
  4020fc:	ea000009 	b	402128 <kiss_fft_stride+0xc0>
  402100:	e51b3010 	ldr	r3, [fp, #-16]
  402104:	e2833008 	add	r3, r3, #8
  402108:	e51b2010 	ldr	r2, [fp, #-16]
  40210c:	e58d2004 	str	r2, [sp, #4]
  402110:	e58d3000 	str	r3, [sp]
  402114:	e51b301c 	ldr	r3, [fp, #-28]	; 0xffffffe4
  402118:	e3a02001 	mov	r2, #1
  40211c:	e51b1014 	ldr	r1, [fp, #-20]	; 0xffffffec
  402120:	e51b0018 	ldr	r0, [fp, #-24]	; 0xffffffe8
  402124:	ebfffe78 	bl	401b0c <kf_work>
  402128:	e1a00000 	nop			; (mov r0, r0)
  40212c:	e24bd004 	sub	sp, fp, #4
  402130:	e8bd4800 	pop	{fp, lr}
  402134:	e12fff1e 	bx	lr

00402138 <kiss_fft>:
  402138:	e92d4800 	push	{fp, lr}
  40213c:	e28db004 	add	fp, sp, #4
  402140:	e24dd010 	sub	sp, sp, #16
  402144:	e50b0008 	str	r0, [fp, #-8]
  402148:	e50b100c 	str	r1, [fp, #-12]
  40214c:	e50b2010 	str	r2, [fp, #-16]
  402150:	e3a03001 	mov	r3, #1
  402154:	e51b2010 	ldr	r2, [fp, #-16]
  402158:	e51b100c 	ldr	r1, [fp, #-12]
  40215c:	e51b0008 	ldr	r0, [fp, #-8]
  402160:	ebffffc0 	bl	402068 <kiss_fft_stride>
  402164:	e1a00000 	nop			; (mov r0, r0)
  402168:	e24bd004 	sub	sp, fp, #4
  40216c:	e8bd4800 	pop	{fp, lr}
  402170:	e12fff1e 	bx	lr

00402174 <kiss_fft_cleanup>:
  402174:	e52db004 	push	{fp}		; (str fp, [sp, #-4]!)
  402178:	e28db000 	add	fp, sp, #0
  40217c:	e1a00000 	nop			; (mov r0, r0)
  402180:	e28bd000 	add	sp, fp, #0
  402184:	e49db004 	pop	{fp}		; (ldr fp, [sp], #4)
  402188:	e12fff1e 	bx	lr

0040218c <kiss_fft_next_fast_size>:
  40218c:	e52db004 	push	{fp}		; (str fp, [sp, #-4]!)
  402190:	e28db000 	add	fp, sp, #0
  402194:	e24dd014 	sub	sp, sp, #20
  402198:	e50b0010 	str	r0, [fp, #-16]
  40219c:	e51b3010 	ldr	r3, [fp, #-16]
  4021a0:	e50b3008 	str	r3, [fp, #-8]
  4021a4:	ea000004 	b	4021bc <kiss_fft_next_fast_size+0x30>
  4021a8:	e51b3008 	ldr	r3, [fp, #-8]
  4021ac:	e1a02fa3 	lsr	r2, r3, #31
  4021b0:	e0823003 	add	r3, r2, r3
  4021b4:	e1a030c3 	asr	r3, r3, #1
  4021b8:	e50b3008 	str	r3, [fp, #-8]
  4021bc:	e51b3008 	ldr	r3, [fp, #-8]
  4021c0:	e2033001 	and	r3, r3, #1
  4021c4:	e3530000 	cmp	r3, #0
  4021c8:	0afffff6 	beq	4021a8 <kiss_fft_next_fast_size+0x1c>
  4021cc:	ea000005 	b	4021e8 <kiss_fft_next_fast_size+0x5c>
  4021d0:	e51b3008 	ldr	r3, [fp, #-8]
  4021d4:	e59f20bc 	ldr	r2, [pc, #188]	; 402298 <kiss_fft_next_fast_size+0x10c>
  4021d8:	e0c21293 	smull	r1, r2, r3, r2
  4021dc:	e1a03fc3 	asr	r3, r3, #31
  4021e0:	e0423003 	sub	r3, r2, r3
  4021e4:	e50b3008 	str	r3, [fp, #-8]
  4021e8:	e51b1008 	ldr	r1, [fp, #-8]
  4021ec:	e59f30a4 	ldr	r3, [pc, #164]	; 402298 <kiss_fft_next_fast_size+0x10c>
  4021f0:	e0c20193 	smull	r0, r2, r3, r1
  4021f4:	e1a03fc1 	asr	r3, r1, #31
  4021f8:	e0422003 	sub	r2, r2, r3
  4021fc:	e1a03002 	mov	r3, r2
  402200:	e1a03083 	lsl	r3, r3, #1
  402204:	e0833002 	add	r3, r3, r2
  402208:	e0412003 	sub	r2, r1, r3
  40220c:	e3520000 	cmp	r2, #0
  402210:	0affffee 	beq	4021d0 <kiss_fft_next_fast_size+0x44>
  402214:	ea000006 	b	402234 <kiss_fft_next_fast_size+0xa8>
  402218:	e51b3008 	ldr	r3, [fp, #-8]
  40221c:	e59f2078 	ldr	r2, [pc, #120]	; 40229c <kiss_fft_next_fast_size+0x110>
  402220:	e0c21293 	smull	r1, r2, r3, r2
  402224:	e1a020c2 	asr	r2, r2, #1
  402228:	e1a03fc3 	asr	r3, r3, #31
  40222c:	e0423003 	sub	r3, r2, r3
  402230:	e50b3008 	str	r3, [fp, #-8]
  402234:	e51b1008 	ldr	r1, [fp, #-8]
  402238:	e59f305c 	ldr	r3, [pc, #92]	; 40229c <kiss_fft_next_fast_size+0x110>
  40223c:	e0c32391 	smull	r2, r3, r1, r3
  402240:	e1a020c3 	asr	r2, r3, #1
  402244:	e1a03fc1 	asr	r3, r1, #31
  402248:	e0422003 	sub	r2, r2, r3
  40224c:	e1a03002 	mov	r3, r2
  402250:	e1a03103 	lsl	r3, r3, #2
  402254:	e0833002 	add	r3, r3, r2
  402258:	e0412003 	sub	r2, r1, r3
  40225c:	e3520000 	cmp	r2, #0
  402260:	0affffec 	beq	402218 <kiss_fft_next_fast_size+0x8c>
  402264:	e51b3008 	ldr	r3, [fp, #-8]
  402268:	e3530001 	cmp	r3, #1
  40226c:	da000003 	ble	402280 <kiss_fft_next_fast_size+0xf4>
  402270:	e51b3010 	ldr	r3, [fp, #-16]
  402274:	e2833001 	add	r3, r3, #1
  402278:	e50b3010 	str	r3, [fp, #-16]
  40227c:	eaffffc6 	b	40219c <kiss_fft_next_fast_size+0x10>
  402280:	e1a00000 	nop			; (mov r0, r0)
  402284:	e51b3010 	ldr	r3, [fp, #-16]
  402288:	e1a00003 	mov	r0, r3
  40228c:	e28bd000 	add	sp, fp, #0
  402290:	e49db004 	pop	{fp}		; (ldr fp, [sp], #4)
  402294:	e12fff1e 	bx	lr
  402298:	55555556 	.word	0x55555556
  40229c:	66666667 	.word	0x66666667

004022a0 <cos>:
  4022a0:	e52de004 	push	{lr}		; (str lr, [sp, #-4]!)
  4022a4:	e59f20e0 	ldr	r2, [pc, #224]	; 40238c <cos+0xec>
  4022a8:	e3c13102 	bic	r3, r1, #-2147483648	; 0x80000000
  4022ac:	e1530002 	cmp	r3, r2
  4022b0:	e24dd01c 	sub	sp, sp, #28
  4022b4:	da000019 	ble	402320 <cos+0x80>
  4022b8:	e59f20d0 	ldr	r2, [pc, #208]	; 402390 <cos+0xf0>
  4022bc:	e1530002 	cmp	r3, r2
  4022c0:	da000005 	ble	4022dc <cos+0x3c>
  4022c4:	e1a02000 	mov	r2, r0
  4022c8:	e1a03001 	mov	r3, r1
  4022cc:	eb00095a 	bl	40483c <__aeabi_dsub>
  4022d0:	e28dd01c 	add	sp, sp, #28
  4022d4:	e49de004 	pop	{lr}		; (ldr lr, [sp], #4)
  4022d8:	e12fff1e 	bx	lr
  4022dc:	e28d2008 	add	r2, sp, #8
  4022e0:	eb0000fe 	bl	4026e0 <__ieee754_rem_pio2>
  4022e4:	e2000003 	and	r0, r0, #3
  4022e8:	e3500001 	cmp	r0, #1
  4022ec:	0a000011 	beq	402338 <cos+0x98>
  4022f0:	e3500002 	cmp	r0, #2
  4022f4:	0a00001d 	beq	402370 <cos+0xd0>
  4022f8:	e3500000 	cmp	r0, #0
  4022fc:	0a000015 	beq	402358 <cos+0xb8>
  402300:	e3a01001 	mov	r1, #1
  402304:	e28d3010 	add	r3, sp, #16
  402308:	e893000c 	ldm	r3, {r2, r3}
  40230c:	e58d1000 	str	r1, [sp]
  402310:	e28d1008 	add	r1, sp, #8
  402314:	e8910003 	ldm	r1, {r0, r1}
  402318:	eb0006fe 	bl	403f18 <__kernel_sin>
  40231c:	eaffffeb 	b	4022d0 <cos+0x30>
  402320:	e3a02000 	mov	r2, #0
  402324:	e3a03000 	mov	r3, #0
  402328:	eb000318 	bl	402f90 <__kernel_cos>
  40232c:	e28dd01c 	add	sp, sp, #28
  402330:	e49de004 	pop	{lr}		; (ldr lr, [sp], #4)
  402334:	e12fff1e 	bx	lr
  402338:	e58d0000 	str	r0, [sp]
  40233c:	e28d3010 	add	r3, sp, #16
  402340:	e893000c 	ldm	r3, {r2, r3}
  402344:	e28d1008 	add	r1, sp, #8
  402348:	e8910003 	ldm	r1, {r0, r1}
  40234c:	eb0006f1 	bl	403f18 <__kernel_sin>
  402350:	e2811102 	add	r1, r1, #-2147483648	; 0x80000000
  402354:	eaffffdd 	b	4022d0 <cos+0x30>
  402358:	e28d3010 	add	r3, sp, #16
  40235c:	e893000c 	ldm	r3, {r2, r3}
  402360:	e28d1008 	add	r1, sp, #8
  402364:	e8910003 	ldm	r1, {r0, r1}
  402368:	eb000308 	bl	402f90 <__kernel_cos>
  40236c:	eaffffd7 	b	4022d0 <cos+0x30>
  402370:	e28d3010 	add	r3, sp, #16
  402374:	e893000c 	ldm	r3, {r2, r3}
  402378:	e28d1008 	add	r1, sp, #8
  40237c:	e8910003 	ldm	r1, {r0, r1}
  402380:	eb000302 	bl	402f90 <__kernel_cos>
  402384:	e2811102 	add	r1, r1, #-2147483648	; 0x80000000
  402388:	eaffffd0 	b	4022d0 <cos+0x30>
  40238c:	3fe921fb 	.word	0x3fe921fb
  402390:	7fefffff 	.word	0x7fefffff
  402394:	00000000 	.word	0x00000000

00402398 <floor>:
  402398:	e59f3178 	ldr	r3, [pc, #376]	; 402518 <floor+0x180>
  40239c:	e0033a41 	and	r3, r3, r1, asr #20
  4023a0:	e92d41f0 	push	{r4, r5, r6, r7, r8, lr}
  4023a4:	e2434fff 	sub	r4, r3, #1020	; 0x3fc
  4023a8:	e2444003 	sub	r4, r4, #3
  4023ac:	e3540013 	cmp	r4, #19
  4023b0:	e1a0c001 	mov	ip, r1
  4023b4:	e1a05001 	mov	r5, r1
  4023b8:	e1a0e000 	mov	lr, r0
  4023bc:	e1a06000 	mov	r6, r0
  4023c0:	ca00002c 	bgt	402478 <floor+0xe0>
  4023c4:	e3540000 	cmp	r4, #0
  4023c8:	ba000017 	blt	40242c <floor+0x94>
  4023cc:	e59f7148 	ldr	r7, [pc, #328]	; 40251c <floor+0x184>
  4023d0:	e1a07457 	asr	r7, r7, r4
  4023d4:	e0073001 	and	r3, r7, r1
  4023d8:	e1933000 	orrs	r3, r3, r0
  4023dc:	0a00000e 	beq	40241c <floor+0x84>
  4023e0:	e28f3f4a 	add	r3, pc, #296	; 0x128
  4023e4:	e893000c 	ldm	r3, {r2, r3}
  4023e8:	eb000914 	bl	404840 <__adddf3>
  4023ec:	e3a02000 	mov	r2, #0
  4023f0:	e3a03000 	mov	r3, #0
  4023f4:	eb000b89 	bl	405220 <__aeabi_dcmpgt>
  4023f8:	e3500000 	cmp	r0, #0
  4023fc:	0a000004 	beq	402414 <floor+0x7c>
  402400:	e3550000 	cmp	r5, #0
  402404:	b3a03601 	movlt	r3, #1048576	; 0x100000
  402408:	e3a06000 	mov	r6, #0
  40240c:	b0855453 	addlt	r5, r5, r3, asr r4
  402410:	e1c55007 	bic	r5, r5, r7
  402414:	e1a0e006 	mov	lr, r6
  402418:	e1a0c005 	mov	ip, r5
  40241c:	e1a0000e 	mov	r0, lr
  402420:	e1a0100c 	mov	r1, ip
  402424:	e8bd41f0 	pop	{r4, r5, r6, r7, r8, lr}
  402428:	e12fff1e 	bx	lr
  40242c:	e28f30dc 	add	r3, pc, #220	; 0xdc
  402430:	e893000c 	ldm	r3, {r2, r3}
  402434:	eb000901 	bl	404840 <__adddf3>
  402438:	e3a02000 	mov	r2, #0
  40243c:	e3a03000 	mov	r3, #0
  402440:	eb000b76 	bl	405220 <__aeabi_dcmpgt>
  402444:	e3500000 	cmp	r0, #0
  402448:	0afffff1 	beq	402414 <floor+0x7c>
  40244c:	e3550000 	cmp	r5, #0
  402450:	a3a06000 	movge	r6, #0
  402454:	a1a05006 	movge	r5, r6
  402458:	aaffffed 	bge	402414 <floor+0x7c>
  40245c:	e3c53102 	bic	r3, r5, #-2147483648	; 0x80000000
  402460:	e1836006 	orr	r6, r3, r6
  402464:	e59f20b4 	ldr	r2, [pc, #180]	; 402520 <floor+0x188>
  402468:	e3560000 	cmp	r6, #0
  40246c:	11a05002 	movne	r5, r2
  402470:	e3a06000 	mov	r6, #0
  402474:	eaffffe6 	b	402414 <floor+0x7c>
  402478:	e3540033 	cmp	r4, #51	; 0x33
  40247c:	da000007 	ble	4024a0 <floor+0x108>
  402480:	e3540b01 	cmp	r4, #1024	; 0x400
  402484:	1affffe4 	bne	40241c <floor+0x84>
  402488:	e1a02000 	mov	r2, r0
  40248c:	e1a03001 	mov	r3, r1
  402490:	eb0008ea 	bl	404840 <__adddf3>
  402494:	e1a0e000 	mov	lr, r0
  402498:	e1a0c001 	mov	ip, r1
  40249c:	eaffffde 	b	40241c <floor+0x84>
  4024a0:	e3e07000 	mvn	r7, #0
  4024a4:	e2433e41 	sub	r3, r3, #1040	; 0x410
  4024a8:	e2433003 	sub	r3, r3, #3
  4024ac:	e1a07337 	lsr	r7, r7, r3
  4024b0:	e1170000 	tst	r7, r0
  4024b4:	0affffd8 	beq	40241c <floor+0x84>
  4024b8:	e28f3050 	add	r3, pc, #80	; 0x50
  4024bc:	e893000c 	ldm	r3, {r2, r3}
  4024c0:	eb0008de 	bl	404840 <__adddf3>
  4024c4:	e3a02000 	mov	r2, #0
  4024c8:	e3a03000 	mov	r3, #0
  4024cc:	eb000b53 	bl	405220 <__aeabi_dcmpgt>
  4024d0:	e3500000 	cmp	r0, #0
  4024d4:	0affffce 	beq	402414 <floor+0x7c>
  4024d8:	e3550000 	cmp	r5, #0
  4024dc:	ba000001 	blt	4024e8 <floor+0x150>
  4024e0:	e1c66007 	bic	r6, r6, r7
  4024e4:	eaffffca 	b	402414 <floor+0x7c>
  4024e8:	e3540014 	cmp	r4, #20
  4024ec:	02855001 	addeq	r5, r5, #1
  4024f0:	0afffffa 	beq	4024e0 <floor+0x148>
  4024f4:	e3a03001 	mov	r3, #1
  4024f8:	e2644034 	rsb	r4, r4, #52	; 0x34
  4024fc:	e0864413 	add	r4, r6, r3, lsl r4
  402500:	e1560004 	cmp	r6, r4
  402504:	80855003 	addhi	r5, r5, r3
  402508:	e1a06004 	mov	r6, r4
  40250c:	eafffff3 	b	4024e0 <floor+0x148>
  402510:	8800759c 	.word	0x8800759c
  402514:	7e37e43c 	.word	0x7e37e43c
  402518:	000007ff 	.word	0x000007ff
  40251c:	000fffff 	.word	0x000fffff
  402520:	bff00000 	.word	0xbff00000

00402524 <sin>:
  402524:	e52de004 	push	{lr}		; (str lr, [sp, #-4]!)
  402528:	e59f20ec 	ldr	r2, [pc, #236]	; 40261c <sin+0xf8>
  40252c:	e3c13102 	bic	r3, r1, #-2147483648	; 0x80000000
  402530:	e1530002 	cmp	r3, r2
  402534:	e24dd01c 	sub	sp, sp, #28
  402538:	da000018 	ble	4025a0 <sin+0x7c>
  40253c:	e59f20dc 	ldr	r2, [pc, #220]	; 402620 <sin+0xfc>
  402540:	e1530002 	cmp	r3, r2
  402544:	da000005 	ble	402560 <sin+0x3c>
  402548:	e1a02000 	mov	r2, r0
  40254c:	e1a03001 	mov	r3, r1
  402550:	eb0008b9 	bl	40483c <__aeabi_dsub>
  402554:	e28dd01c 	add	sp, sp, #28
  402558:	e49de004 	pop	{lr}		; (ldr lr, [sp], #4)
  40255c:	e12fff1e 	bx	lr
  402560:	e28d2008 	add	r2, sp, #8
  402564:	eb00005d 	bl	4026e0 <__ieee754_rem_pio2>
  402568:	e2000003 	and	r0, r0, #3
  40256c:	e3500001 	cmp	r0, #1
  402570:	0a000012 	beq	4025c0 <sin+0x9c>
  402574:	e3500002 	cmp	r0, #2
  402578:	0a00001e 	beq	4025f8 <sin+0xd4>
  40257c:	e3500000 	cmp	r0, #0
  402580:	0a000014 	beq	4025d8 <sin+0xb4>
  402584:	e28d3010 	add	r3, sp, #16
  402588:	e893000c 	ldm	r3, {r2, r3}
  40258c:	e28d1008 	add	r1, sp, #8
  402590:	e8910003 	ldm	r1, {r0, r1}
  402594:	eb00027d 	bl	402f90 <__kernel_cos>
  402598:	e2811102 	add	r1, r1, #-2147483648	; 0x80000000
  40259c:	eaffffec 	b	402554 <sin+0x30>
  4025a0:	e3a0c000 	mov	ip, #0
  4025a4:	e3a02000 	mov	r2, #0
  4025a8:	e3a03000 	mov	r3, #0
  4025ac:	e58dc000 	str	ip, [sp]
  4025b0:	eb000658 	bl	403f18 <__kernel_sin>
  4025b4:	e28dd01c 	add	sp, sp, #28
  4025b8:	e49de004 	pop	{lr}		; (ldr lr, [sp], #4)
  4025bc:	e12fff1e 	bx	lr
  4025c0:	e28d3010 	add	r3, sp, #16
  4025c4:	e893000c 	ldm	r3, {r2, r3}
  4025c8:	e28d1008 	add	r1, sp, #8
  4025cc:	e8910003 	ldm	r1, {r0, r1}
  4025d0:	eb00026e 	bl	402f90 <__kernel_cos>
  4025d4:	eaffffde 	b	402554 <sin+0x30>
  4025d8:	e3a01001 	mov	r1, #1
  4025dc:	e28d3010 	add	r3, sp, #16
  4025e0:	e893000c 	ldm	r3, {r2, r3}
  4025e4:	e58d1000 	str	r1, [sp]
  4025e8:	e28d1008 	add	r1, sp, #8
  4025ec:	e8910003 	ldm	r1, {r0, r1}
  4025f0:	eb000648 	bl	403f18 <__kernel_sin>
  4025f4:	eaffffd6 	b	402554 <sin+0x30>
  4025f8:	e3a01001 	mov	r1, #1
  4025fc:	e28d3010 	add	r3, sp, #16
  402600:	e893000c 	ldm	r3, {r2, r3}
  402604:	e58d1000 	str	r1, [sp]
  402608:	e28d1008 	add	r1, sp, #8
  40260c:	e8910003 	ldm	r1, {r0, r1}
  402610:	eb000640 	bl	403f18 <__kernel_sin>
  402614:	e2811102 	add	r1, r1, #-2147483648	; 0x80000000
  402618:	eaffffcd 	b	402554 <sin+0x30>
  40261c:	3fe921fb 	.word	0x3fe921fb
  402620:	7fefffff 	.word	0x7fefffff

00402624 <sqrt>:
  402624:	e92d43d0 	push	{r4, r6, r7, r8, r9, lr}
  402628:	e1a06000 	mov	r6, r0
  40262c:	e1a07001 	mov	r7, r1
  402630:	eb0001c1 	bl	402d3c <__ieee754_sqrt>
  402634:	e59f30a0 	ldr	r3, [pc, #160]	; 4026dc <sqrt+0xb8>
  402638:	e1d340d0 	ldrsb	r4, [r3]
  40263c:	e1a08000 	mov	r8, r0
  402640:	e3740001 	cmn	r4, #1
  402644:	e1a09001 	mov	r9, r1
  402648:	e1a02006 	mov	r2, r6
  40264c:	e1a03007 	mov	r3, r7
  402650:	e1a00006 	mov	r0, r6
  402654:	e1a01007 	mov	r1, r7
  402658:	03a04001 	moveq	r4, #1
  40265c:	13a04000 	movne	r4, #0
  402660:	eb000af4 	bl	405238 <__aeabi_dcmpun>
  402664:	e3500000 	cmp	r0, #0
  402668:	01a00004 	moveq	r0, r4
  40266c:	13a00001 	movne	r0, #1
  402670:	e3500000 	cmp	r0, #0
  402674:	1a000006 	bne	402694 <sqrt+0x70>
  402678:	e1a00006 	mov	r0, r6
  40267c:	e1a01007 	mov	r1, r7
  402680:	e3a02000 	mov	r2, #0
  402684:	e3a03000 	mov	r3, #0
  402688:	eb000ad2 	bl	4051d8 <__aeabi_dcmplt>
  40268c:	e3500000 	cmp	r0, #0
  402690:	1a000003 	bne	4026a4 <sqrt+0x80>
  402694:	e1a00008 	mov	r0, r8
  402698:	e1a01009 	mov	r1, r9
  40269c:	e8bd43d0 	pop	{r4, r6, r7, r8, r9, lr}
  4026a0:	e12fff1e 	bx	lr
  4026a4:	eb000bdb 	bl	405618 <__errno>
  4026a8:	e3a01021 	mov	r1, #33	; 0x21
  4026ac:	e3a02000 	mov	r2, #0
  4026b0:	e3a03000 	mov	r3, #0
  4026b4:	e5801000 	str	r1, [r0]
  4026b8:	e1a00002 	mov	r0, r2
  4026bc:	e1a01003 	mov	r1, r3
  4026c0:	eb000a08 	bl	404ee8 <__aeabi_ddiv>
  4026c4:	e1a08000 	mov	r8, r0
  4026c8:	e1a09001 	mov	r9, r1
  4026cc:	e1a00008 	mov	r0, r8
  4026d0:	e1a01009 	mov	r1, r9
  4026d4:	e8bd43d0 	pop	{r4, r6, r7, r8, r9, lr}
  4026d8:	e12fff1e 	bx	lr
  4026dc:	00406690 	.word	0x00406690

004026e0 <__ieee754_rem_pio2>:
  4026e0:	e92d4ff0 	push	{r4, r5, r6, r7, r8, r9, sl, fp, lr}
  4026e4:	e59fc39c 	ldr	ip, [pc, #924]	; 402a88 <__ieee754_rem_pio2+0x3a8>
  4026e8:	e3c15102 	bic	r5, r1, #-2147483648	; 0x80000000
  4026ec:	e155000c 	cmp	r5, ip
  4026f0:	e24dd03c 	sub	sp, sp, #60	; 0x3c
  4026f4:	e1a03001 	mov	r3, r1
  4026f8:	da000067 	ble	40289c <__ieee754_rem_pio2+0x1bc>
  4026fc:	e1a04002 	mov	r4, r2
  402700:	e59f2384 	ldr	r2, [pc, #900]	; 402a8c <__ieee754_rem_pio2+0x3ac>
  402704:	e1550002 	cmp	r5, r2
  402708:	e1a06001 	mov	r6, r1
  40270c:	ca00001c 	bgt	402784 <__ieee754_rem_pio2+0xa4>
  402710:	e3510000 	cmp	r1, #0
  402714:	e28f3fd1 	add	r3, pc, #836	; 0x344
  402718:	e893000c 	ldm	r3, {r2, r3}
  40271c:	da000150 	ble	402c64 <__ieee754_rem_pio2+0x584>
  402720:	eb000845 	bl	40483c <__aeabi_dsub>
  402724:	e59f3364 	ldr	r3, [pc, #868]	; 402a90 <__ieee754_rem_pio2+0x3b0>
  402728:	e1550003 	cmp	r5, r3
  40272c:	e1a06000 	mov	r6, r0
  402730:	e1a07001 	mov	r7, r1
  402734:	0a000069 	beq	4028e0 <__ieee754_rem_pio2+0x200>
  402738:	e28f3fca 	add	r3, pc, #808	; 0x328
  40273c:	e893000c 	ldm	r3, {r2, r3}
  402740:	eb00083d 	bl	40483c <__aeabi_dsub>
  402744:	e1a02000 	mov	r2, r0
  402748:	e1a03001 	mov	r3, r1
  40274c:	e1a00006 	mov	r0, r6
  402750:	e1a01007 	mov	r1, r7
  402754:	e884000c 	stm	r4, {r2, r3}
  402758:	eb000837 	bl	40483c <__aeabi_dsub>
  40275c:	e28f3fc1 	add	r3, pc, #772	; 0x304
  402760:	e893000c 	ldm	r3, {r2, r3}
  402764:	eb000834 	bl	40483c <__aeabi_dsub>
  402768:	e3a07001 	mov	r7, #1
  40276c:	e5840008 	str	r0, [r4, #8]
  402770:	e584100c 	str	r1, [r4, #12]
  402774:	e1a00007 	mov	r0, r7
  402778:	e28dd03c 	add	sp, sp, #60	; 0x3c
  40277c:	e8bd4ff0 	pop	{r4, r5, r6, r7, r8, r9, sl, fp, lr}
  402780:	e12fff1e 	bx	lr
  402784:	e59f2308 	ldr	r2, [pc, #776]	; 402a94 <__ieee754_rem_pio2+0x3b4>
  402788:	e1550002 	cmp	r5, r2
  40278c:	da00006b 	ble	402940 <__ieee754_rem_pio2+0x260>
  402790:	e59f2300 	ldr	r2, [pc, #768]	; 402a98 <__ieee754_rem_pio2+0x3b8>
  402794:	e1550002 	cmp	r5, r2
  402798:	ca000049 	bgt	4028c4 <__ieee754_rem_pio2+0x1e4>
  40279c:	e1a07a45 	asr	r7, r5, #20
  4027a0:	e2477e41 	sub	r7, r7, #1040	; 0x410
  4027a4:	e2477006 	sub	r7, r7, #6
  4027a8:	e0451a07 	sub	r1, r5, r7, lsl #20
  4027ac:	e1a09001 	mov	r9, r1
  4027b0:	e1a08000 	mov	r8, r0
  4027b4:	eb000aad 	bl	405270 <__aeabi_d2iz>
  4027b8:	eb0008ed 	bl	404b74 <__aeabi_i2d>
  4027bc:	e1a0a000 	mov	sl, r0
  4027c0:	e1a0b001 	mov	fp, r1
  4027c4:	e1a00008 	mov	r0, r8
  4027c8:	e1a01009 	mov	r1, r9
  4027cc:	e1a0200a 	mov	r2, sl
  4027d0:	e1a0300b 	mov	r3, fp
  4027d4:	e58da020 	str	sl, [sp, #32]
  4027d8:	e58db024 	str	fp, [sp, #36]	; 0x24
  4027dc:	eb000816 	bl	40483c <__aeabi_dsub>
  4027e0:	e3a02000 	mov	r2, #0
  4027e4:	e59f32b0 	ldr	r3, [pc, #688]	; 402a9c <__ieee754_rem_pio2+0x3bc>
  4027e8:	eb00091a 	bl	404c58 <__aeabi_dmul>
  4027ec:	e1a09001 	mov	r9, r1
  4027f0:	e1a08000 	mov	r8, r0
  4027f4:	eb000a9d 	bl	405270 <__aeabi_d2iz>
  4027f8:	e1a05000 	mov	r5, r0
  4027fc:	eb0008dc 	bl	404b74 <__aeabi_i2d>
  402800:	e1a02000 	mov	r2, r0
  402804:	e1a03001 	mov	r3, r1
  402808:	e1a00008 	mov	r0, r8
  40280c:	e1a01009 	mov	r1, r9
  402810:	e58d2028 	str	r2, [sp, #40]	; 0x28
  402814:	e58d302c 	str	r3, [sp, #44]	; 0x2c
  402818:	eb000807 	bl	40483c <__aeabi_dsub>
  40281c:	e3a02000 	mov	r2, #0
  402820:	e59f3274 	ldr	r3, [pc, #628]	; 402a9c <__ieee754_rem_pio2+0x3bc>
  402824:	eb00090b 	bl	404c58 <__aeabi_dmul>
  402828:	e3a03000 	mov	r3, #0
  40282c:	e3a02000 	mov	r2, #0
  402830:	e58d0030 	str	r0, [sp, #48]	; 0x30
  402834:	e58d1034 	str	r1, [sp, #52]	; 0x34
  402838:	eb000a60 	bl	4051c0 <__aeabi_dcmpeq>
  40283c:	e3500000 	cmp	r0, #0
  402840:	03a03003 	moveq	r3, #3
  402844:	0a000002 	beq	402854 <__ieee754_rem_pio2+0x174>
  402848:	e3550000 	cmp	r5, #0
  40284c:	03a03001 	moveq	r3, #1
  402850:	13a03002 	movne	r3, #2
  402854:	e3a00002 	mov	r0, #2
  402858:	e59f1240 	ldr	r1, [pc, #576]	; 402aa0 <__ieee754_rem_pio2+0x3c0>
  40285c:	e1a02007 	mov	r2, r7
  402860:	e88d0003 	stm	sp, {r0, r1}
  402864:	e1a01004 	mov	r1, r4
  402868:	e28d0020 	add	r0, sp, #32
  40286c:	eb00029b 	bl	4032e0 <__kernel_rem_pio2>
  402870:	e3560000 	cmp	r6, #0
  402874:	e1a07000 	mov	r7, r0
  402878:	aaffffbd 	bge	402774 <__ieee754_rem_pio2+0x94>
  40287c:	e5942004 	ldr	r2, [r4, #4]
  402880:	e594300c 	ldr	r3, [r4, #12]
  402884:	e2822102 	add	r2, r2, #-2147483648	; 0x80000000
  402888:	e2833102 	add	r3, r3, #-2147483648	; 0x80000000
  40288c:	e5842004 	str	r2, [r4, #4]
  402890:	e584300c 	str	r3, [r4, #12]
  402894:	e2607000 	rsb	r7, r0, #0
  402898:	eaffffb5 	b	402774 <__ieee754_rem_pio2+0x94>
  40289c:	e3a07000 	mov	r7, #0
  4028a0:	e3a04000 	mov	r4, #0
  4028a4:	e3a05000 	mov	r5, #0
  4028a8:	e8820003 	stm	r2, {r0, r1}
  4028ac:	e1a00007 	mov	r0, r7
  4028b0:	e5824008 	str	r4, [r2, #8]
  4028b4:	e582500c 	str	r5, [r2, #12]
  4028b8:	e28dd03c 	add	sp, sp, #60	; 0x3c
  4028bc:	e8bd4ff0 	pop	{r4, r5, r6, r7, r8, r9, sl, fp, lr}
  4028c0:	e12fff1e 	bx	lr
  4028c4:	e1a02000 	mov	r2, r0
  4028c8:	eb0007db 	bl	40483c <__aeabi_dsub>
  4028cc:	e3a07000 	mov	r7, #0
  4028d0:	e5840008 	str	r0, [r4, #8]
  4028d4:	e584100c 	str	r1, [r4, #12]
  4028d8:	e8840003 	stm	r4, {r0, r1}
  4028dc:	eaffffa4 	b	402774 <__ieee754_rem_pio2+0x94>
  4028e0:	e28f3f62 	add	r3, pc, #392	; 0x188
  4028e4:	e893000c 	ldm	r3, {r2, r3}
  4028e8:	eb0007d3 	bl	40483c <__aeabi_dsub>
  4028ec:	e28f3f61 	add	r3, pc, #388	; 0x184
  4028f0:	e893000c 	ldm	r3, {r2, r3}
  4028f4:	e1a06000 	mov	r6, r0
  4028f8:	e1a07001 	mov	r7, r1
  4028fc:	eb0007ce 	bl	40483c <__aeabi_dsub>
  402900:	e1a02000 	mov	r2, r0
  402904:	e1a03001 	mov	r3, r1
  402908:	e1a00006 	mov	r0, r6
  40290c:	e884000c 	stm	r4, {r2, r3}
  402910:	e1a01007 	mov	r1, r7
  402914:	eb0007c8 	bl	40483c <__aeabi_dsub>
  402918:	e28f3f56 	add	r3, pc, #344	; 0x158
  40291c:	e893000c 	ldm	r3, {r2, r3}
  402920:	eb0007c5 	bl	40483c <__aeabi_dsub>
  402924:	e3a07001 	mov	r7, #1
  402928:	e5840008 	str	r0, [r4, #8]
  40292c:	e584100c 	str	r1, [r4, #12]
  402930:	e1a00007 	mov	r0, r7
  402934:	e28dd03c 	add	sp, sp, #60	; 0x3c
  402938:	e8bd4ff0 	pop	{r4, r5, r6, r7, r8, r9, sl, fp, lr}
  40293c:	e12fff1e 	bx	lr
  402940:	eb0005f9 	bl	40412c <fabs>
  402944:	e28f3f4d 	add	r3, pc, #308	; 0x134
  402948:	e893000c 	ldm	r3, {r2, r3}
  40294c:	e1a08000 	mov	r8, r0
  402950:	e1a09001 	mov	r9, r1
  402954:	eb0008bf 	bl	404c58 <__aeabi_dmul>
  402958:	e3a02000 	mov	r2, #0
  40295c:	e59f3140 	ldr	r3, [pc, #320]	; 402aa4 <__ieee754_rem_pio2+0x3c4>
  402960:	eb0007b6 	bl	404840 <__adddf3>
  402964:	eb000a41 	bl	405270 <__aeabi_d2iz>
  402968:	e1a07000 	mov	r7, r0
  40296c:	eb000880 	bl	404b74 <__aeabi_i2d>
  402970:	e1a0a000 	mov	sl, r0
  402974:	e1a0b001 	mov	fp, r1
  402978:	e28f30e0 	add	r3, pc, #224	; 0xe0
  40297c:	e893000c 	ldm	r3, {r2, r3}
  402980:	e58da010 	str	sl, [sp, #16]
  402984:	e58db014 	str	fp, [sp, #20]
  402988:	eb0008b2 	bl	404c58 <__aeabi_dmul>
  40298c:	e1a02000 	mov	r2, r0
  402990:	e1a03001 	mov	r3, r1
  402994:	e1a00008 	mov	r0, r8
  402998:	e1a01009 	mov	r1, r9
  40299c:	eb0007a6 	bl	40483c <__aeabi_dsub>
  4029a0:	e28f30c0 	add	r3, pc, #192	; 0xc0
  4029a4:	e893000c 	ldm	r3, {r2, r3}
  4029a8:	e58d0008 	str	r0, [sp, #8]
  4029ac:	e58d100c 	str	r1, [sp, #12]
  4029b0:	e1a0000a 	mov	r0, sl
  4029b4:	e1a0100b 	mov	r1, fp
  4029b8:	eb0008a6 	bl	404c58 <__aeabi_dmul>
  4029bc:	e357001f 	cmp	r7, #31
  4029c0:	e1a08000 	mov	r8, r0
  4029c4:	e1a09001 	mov	r9, r1
  4029c8:	e1a02000 	mov	r2, r0
  4029cc:	e1a03001 	mov	r3, r1
  4029d0:	e28d1008 	add	r1, sp, #8
  4029d4:	e8910003 	ldm	r1, {r0, r1}
  4029d8:	ca000034 	bgt	402ab0 <__ieee754_rem_pio2+0x3d0>
  4029dc:	eb000796 	bl	40483c <__aeabi_dsub>
  4029e0:	e59f30c0 	ldr	r3, [pc, #192]	; 402aa8 <__ieee754_rem_pio2+0x3c8>
  4029e4:	e2472001 	sub	r2, r7, #1
  4029e8:	e7933102 	ldr	r3, [r3, r2, lsl #2]
  4029ec:	e1530005 	cmp	r3, r5
  4029f0:	e1a0b000 	mov	fp, r0
  4029f4:	e1a0a001 	mov	sl, r1
  4029f8:	0a00002f 	beq	402abc <__ieee754_rem_pio2+0x3dc>
  4029fc:	e1a0200b 	mov	r2, fp
  402a00:	e1a0300a 	mov	r3, sl
  402a04:	e884000c 	stm	r4, {r2, r3}
  402a08:	e1a0200b 	mov	r2, fp
  402a0c:	e1a0300a 	mov	r3, sl
  402a10:	e28d1008 	add	r1, sp, #8
  402a14:	e8910003 	ldm	r1, {r0, r1}
  402a18:	eb000787 	bl	40483c <__aeabi_dsub>
  402a1c:	e1a02008 	mov	r2, r8
  402a20:	e1a03009 	mov	r3, r9
  402a24:	eb000784 	bl	40483c <__aeabi_dsub>
  402a28:	e1a02000 	mov	r2, r0
  402a2c:	e1a03001 	mov	r3, r1
  402a30:	e3560000 	cmp	r6, #0
  402a34:	e5842008 	str	r2, [r4, #8]
  402a38:	e584300c 	str	r3, [r4, #12]
  402a3c:	aaffff4c 	bge	402774 <__ieee754_rem_pio2+0x94>
  402a40:	e28aa102 	add	sl, sl, #-2147483648	; 0x80000000
  402a44:	e2811102 	add	r1, r1, #-2147483648	; 0x80000000
  402a48:	e584b000 	str	fp, [r4]
  402a4c:	e584a004 	str	sl, [r4, #4]
  402a50:	e584100c 	str	r1, [r4, #12]
  402a54:	e5840008 	str	r0, [r4, #8]
  402a58:	e2677000 	rsb	r7, r7, #0
  402a5c:	eaffff44 	b	402774 <__ieee754_rem_pio2+0x94>
  402a60:	54400000 	.word	0x54400000
  402a64:	3ff921fb 	.word	0x3ff921fb
  402a68:	1a626331 	.word	0x1a626331
  402a6c:	3dd0b461 	.word	0x3dd0b461
  402a70:	1a600000 	.word	0x1a600000
  402a74:	3dd0b461 	.word	0x3dd0b461
  402a78:	2e037073 	.word	0x2e037073
  402a7c:	3ba3198a 	.word	0x3ba3198a
  402a80:	6dc9c883 	.word	0x6dc9c883
  402a84:	3fe45f30 	.word	0x3fe45f30
  402a88:	3fe921fb 	.word	0x3fe921fb
  402a8c:	4002d97b 	.word	0x4002d97b
  402a90:	3ff921fb 	.word	0x3ff921fb
  402a94:	413921fb 	.word	0x413921fb
  402a98:	7fefffff 	.word	0x7fefffff
  402a9c:	41700000 	.word	0x41700000
  402aa0:	00406530 	.word	0x00406530
  402aa4:	3fe00000 	.word	0x3fe00000
  402aa8:	004064b0 	.word	0x004064b0
  402aac:	000007ff 	.word	0x000007ff
  402ab0:	eb000761 	bl	40483c <__aeabi_dsub>
  402ab4:	e1a0b000 	mov	fp, r0
  402ab8:	e1a0a001 	mov	sl, r1
  402abc:	e51f2018 	ldr	r2, [pc, #-24]	; 402aac <__ieee754_rem_pio2+0x3cc>
  402ac0:	e1a05a45 	asr	r5, r5, #20
  402ac4:	e0023a2a 	and	r3, r2, sl, lsr #20
  402ac8:	e0453003 	sub	r3, r5, r3
  402acc:	e3530010 	cmp	r3, #16
  402ad0:	daffffc9 	ble	4029fc <__ieee754_rem_pio2+0x31c>
  402ad4:	e28f3f8d 	add	r3, pc, #564	; 0x234
  402ad8:	e893000c 	ldm	r3, {r2, r3}
  402adc:	e28d1010 	add	r1, sp, #16
  402ae0:	e8910003 	ldm	r1, {r0, r1}
  402ae4:	eb00085b 	bl	404c58 <__aeabi_dmul>
  402ae8:	e1a08000 	mov	r8, r0
  402aec:	e1a09001 	mov	r9, r1
  402af0:	e1a02000 	mov	r2, r0
  402af4:	e1a03001 	mov	r3, r1
  402af8:	e28d1008 	add	r1, sp, #8
  402afc:	e8910003 	ldm	r1, {r0, r1}
  402b00:	eb00074d 	bl	40483c <__aeabi_dsub>
  402b04:	e1a0a000 	mov	sl, r0
  402b08:	e1a0b001 	mov	fp, r1
  402b0c:	e1a02000 	mov	r2, r0
  402b10:	e1a03001 	mov	r3, r1
  402b14:	e28d1008 	add	r1, sp, #8
  402b18:	e8910003 	ldm	r1, {r0, r1}
  402b1c:	eb000746 	bl	40483c <__aeabi_dsub>
  402b20:	e1a02008 	mov	r2, r8
  402b24:	e1a03009 	mov	r3, r9
  402b28:	eb000743 	bl	40483c <__aeabi_dsub>
  402b2c:	e1a08000 	mov	r8, r0
  402b30:	e1a09001 	mov	r9, r1
  402b34:	e28f3f77 	add	r3, pc, #476	; 0x1dc
  402b38:	e893000c 	ldm	r3, {r2, r3}
  402b3c:	e28d1010 	add	r1, sp, #16
  402b40:	e8910003 	ldm	r1, {r0, r1}
  402b44:	eb000843 	bl	404c58 <__aeabi_dmul>
  402b48:	e1a02008 	mov	r2, r8
  402b4c:	e1a03009 	mov	r3, r9
  402b50:	eb000739 	bl	40483c <__aeabi_dsub>
  402b54:	e1a02000 	mov	r2, r0
  402b58:	e1a03001 	mov	r3, r1
  402b5c:	e1a08000 	mov	r8, r0
  402b60:	e1a09001 	mov	r9, r1
  402b64:	e1a0000a 	mov	r0, sl
  402b68:	e1a0100b 	mov	r1, fp
  402b6c:	e58da018 	str	sl, [sp, #24]
  402b70:	e58db01c 	str	fp, [sp, #28]
  402b74:	eb000730 	bl	40483c <__aeabi_dsub>
  402b78:	e59f21b0 	ldr	r2, [pc, #432]	; 402d30 <__ieee754_rem_pio2+0x650>
  402b7c:	e0023a21 	and	r3, r2, r1, lsr #20
  402b80:	e0455003 	sub	r5, r5, r3
  402b84:	e3550031 	cmp	r5, #49	; 0x31
  402b88:	e1a0b000 	mov	fp, r0
  402b8c:	e1a0a001 	mov	sl, r1
  402b90:	ca000007 	bgt	402bb4 <__ieee754_rem_pio2+0x4d4>
  402b94:	e1a02000 	mov	r2, r0
  402b98:	e1a03001 	mov	r3, r1
  402b9c:	e28d1018 	add	r1, sp, #24
  402ba0:	e8910003 	ldm	r1, {r0, r1}
  402ba4:	e884000c 	stm	r4, {r2, r3}
  402ba8:	e58d0008 	str	r0, [sp, #8]
  402bac:	e58d100c 	str	r1, [sp, #12]
  402bb0:	eaffff94 	b	402a08 <__ieee754_rem_pio2+0x328>
  402bb4:	e3a0242e 	mov	r2, #771751936	; 0x2e000000
  402bb8:	e59f3174 	ldr	r3, [pc, #372]	; 402d34 <__ieee754_rem_pio2+0x654>
  402bbc:	e28d1010 	add	r1, sp, #16
  402bc0:	e8910003 	ldm	r1, {r0, r1}
  402bc4:	eb000823 	bl	404c58 <__aeabi_dmul>
  402bc8:	e1a08000 	mov	r8, r0
  402bcc:	e1a09001 	mov	r9, r1
  402bd0:	e1a02000 	mov	r2, r0
  402bd4:	e1a03001 	mov	r3, r1
  402bd8:	e28d1018 	add	r1, sp, #24
  402bdc:	e8910003 	ldm	r1, {r0, r1}
  402be0:	eb000715 	bl	40483c <__aeabi_dsub>
  402be4:	e1a0a000 	mov	sl, r0
  402be8:	e1a0b001 	mov	fp, r1
  402bec:	e1a02000 	mov	r2, r0
  402bf0:	e1a03001 	mov	r3, r1
  402bf4:	e28d1018 	add	r1, sp, #24
  402bf8:	e8910003 	ldm	r1, {r0, r1}
  402bfc:	e58da008 	str	sl, [sp, #8]
  402c00:	e58db00c 	str	fp, [sp, #12]
  402c04:	eb00070c 	bl	40483c <__aeabi_dsub>
  402c08:	e1a02008 	mov	r2, r8
  402c0c:	e1a03009 	mov	r3, r9
  402c10:	eb000709 	bl	40483c <__aeabi_dsub>
  402c14:	e1a08000 	mov	r8, r0
  402c18:	e1a09001 	mov	r9, r1
  402c1c:	e28f30fc 	add	r3, pc, #252	; 0xfc
  402c20:	e893000c 	ldm	r3, {r2, r3}
  402c24:	e28d1010 	add	r1, sp, #16
  402c28:	e8910003 	ldm	r1, {r0, r1}
  402c2c:	eb000809 	bl	404c58 <__aeabi_dmul>
  402c30:	e1a02008 	mov	r2, r8
  402c34:	e1a03009 	mov	r3, r9
  402c38:	eb0006ff 	bl	40483c <__aeabi_dsub>
  402c3c:	e1a02000 	mov	r2, r0
  402c40:	e1a03001 	mov	r3, r1
  402c44:	e1a08000 	mov	r8, r0
  402c48:	e1a09001 	mov	r9, r1
  402c4c:	e1a0000a 	mov	r0, sl
  402c50:	e1a0100b 	mov	r1, fp
  402c54:	eb0006f8 	bl	40483c <__aeabi_dsub>
  402c58:	e1a0b000 	mov	fp, r0
  402c5c:	e1a0a001 	mov	sl, r1
  402c60:	eaffff65 	b	4029fc <__ieee754_rem_pio2+0x31c>
  402c64:	eb0006f5 	bl	404840 <__adddf3>
  402c68:	e59f30c8 	ldr	r3, [pc, #200]	; 402d38 <__ieee754_rem_pio2+0x658>
  402c6c:	e1550003 	cmp	r5, r3
  402c70:	e1a06000 	mov	r6, r0
  402c74:	e1a07001 	mov	r7, r1
  402c78:	0a00000f 	beq	402cbc <__ieee754_rem_pio2+0x5dc>
  402c7c:	e28f30a4 	add	r3, pc, #164	; 0xa4
  402c80:	e893000c 	ldm	r3, {r2, r3}
  402c84:	eb0006ed 	bl	404840 <__adddf3>
  402c88:	e1a02000 	mov	r2, r0
  402c8c:	e1a03001 	mov	r3, r1
  402c90:	e1a00006 	mov	r0, r6
  402c94:	e1a01007 	mov	r1, r7
  402c98:	e884000c 	stm	r4, {r2, r3}
  402c9c:	eb0006e6 	bl	40483c <__aeabi_dsub>
  402ca0:	e28f3080 	add	r3, pc, #128	; 0x80
  402ca4:	e893000c 	ldm	r3, {r2, r3}
  402ca8:	eb0006e4 	bl	404840 <__adddf3>
  402cac:	e3e07000 	mvn	r7, #0
  402cb0:	e5840008 	str	r0, [r4, #8]
  402cb4:	e584100c 	str	r1, [r4, #12]
  402cb8:	eafffead 	b	402774 <__ieee754_rem_pio2+0x94>
  402cbc:	e28f304c 	add	r3, pc, #76	; 0x4c
  402cc0:	e893000c 	ldm	r3, {r2, r3}
  402cc4:	eb0006dd 	bl	404840 <__adddf3>
  402cc8:	e28f3048 	add	r3, pc, #72	; 0x48
  402ccc:	e893000c 	ldm	r3, {r2, r3}
  402cd0:	e1a07001 	mov	r7, r1
  402cd4:	e1a06000 	mov	r6, r0
  402cd8:	eb0006d8 	bl	404840 <__adddf3>
  402cdc:	e1a02000 	mov	r2, r0
  402ce0:	e1a03001 	mov	r3, r1
  402ce4:	e1a00006 	mov	r0, r6
  402ce8:	e1a01007 	mov	r1, r7
  402cec:	e884000c 	stm	r4, {r2, r3}
  402cf0:	eb0006d1 	bl	40483c <__aeabi_dsub>
  402cf4:	e28f301c 	add	r3, pc, #28
  402cf8:	e893000c 	ldm	r3, {r2, r3}
  402cfc:	eb0006cf 	bl	404840 <__adddf3>
  402d00:	e3e07000 	mvn	r7, #0
  402d04:	e5840008 	str	r0, [r4, #8]
  402d08:	e584100c 	str	r1, [r4, #12]
  402d0c:	eafffe98 	b	402774 <__ieee754_rem_pio2+0x94>
  402d10:	1a600000 	.word	0x1a600000
  402d14:	3dd0b461 	.word	0x3dd0b461
  402d18:	2e037073 	.word	0x2e037073
  402d1c:	3ba3198a 	.word	0x3ba3198a
  402d20:	252049c1 	.word	0x252049c1
  402d24:	397b839a 	.word	0x397b839a
  402d28:	1a626331 	.word	0x1a626331
  402d2c:	3dd0b461 	.word	0x3dd0b461
  402d30:	000007ff 	.word	0x000007ff
  402d34:	3ba3198a 	.word	0x3ba3198a
  402d38:	3ff921fb 	.word	0x3ff921fb

00402d3c <__ieee754_sqrt>:
  402d3c:	e59f2248 	ldr	r2, [pc, #584]	; 402f8c <__ieee754_sqrt+0x250>
  402d40:	e1d22001 	bics	r2, r2, r1
  402d44:	e92d41f0 	push	{r4, r5, r6, r7, r8, lr}
  402d48:	e1a04001 	mov	r4, r1
  402d4c:	e1a05000 	mov	r5, r0
  402d50:	0a000075 	beq	402f2c <__ieee754_sqrt+0x1f0>
  402d54:	e3510000 	cmp	r1, #0
  402d58:	e1a03001 	mov	r3, r1
  402d5c:	e1a0c000 	mov	ip, r0
  402d60:	da000041 	ble	402e6c <__ieee754_sqrt+0x130>
  402d64:	e1b07a41 	asrs	r7, r1, #20
  402d68:	0a000080 	beq	402f70 <__ieee754_sqrt+0x234>
  402d6c:	e3a06000 	mov	r6, #0
  402d70:	e3c334ff 	bic	r3, r3, #-16777216	; 0xff000000
  402d74:	e2477fff 	sub	r7, r7, #1020	; 0x3fc
  402d78:	e3c3360f 	bic	r3, r3, #15728640	; 0xf00000
  402d7c:	e1a02fac 	lsr	r2, ip, #31
  402d80:	e2477003 	sub	r7, r7, #3
  402d84:	e3833601 	orr	r3, r3, #1048576	; 0x100000
  402d88:	e3170001 	tst	r7, #1
  402d8c:	e0823083 	add	r3, r2, r3, lsl #1
  402d90:	e1a0208c 	lsl	r2, ip, #1
  402d94:	11a02fa2 	lsrne	r2, r2, #31
  402d98:	10823083 	addne	r3, r2, r3, lsl #1
  402d9c:	e1a0e006 	mov	lr, r6
  402da0:	11a0210c 	lslne	r2, ip, #2
  402da4:	e3a01602 	mov	r1, #2097152	; 0x200000
  402da8:	e3a0c016 	mov	ip, #22
  402dac:	e1a070c7 	asr	r7, r7, #1
  402db0:	e08e0001 	add	r0, lr, r1
  402db4:	e1500003 	cmp	r0, r3
  402db8:	d0433000 	suble	r3, r3, r0
  402dbc:	d080e001 	addle	lr, r0, r1
  402dc0:	d0866001 	addle	r6, r6, r1
  402dc4:	e1a03083 	lsl	r3, r3, #1
  402dc8:	e25cc001 	subs	ip, ip, #1
  402dcc:	e0833fa2 	add	r3, r3, r2, lsr #31
  402dd0:	e1a010a1 	lsr	r1, r1, #1
  402dd4:	e1a02082 	lsl	r2, r2, #1
  402dd8:	1afffff4 	bne	402db0 <__ieee754_sqrt+0x74>
  402ddc:	e1a0800c 	mov	r8, ip
  402de0:	e3a04020 	mov	r4, #32
  402de4:	e3a01102 	mov	r1, #-2147483648	; 0x80000000
  402de8:	ea000014 	b	402e40 <__ieee754_sqrt+0x104>
  402dec:	03a05001 	moveq	r5, #1
  402df0:	13a05000 	movne	r5, #0
  402df4:	e1500002 	cmp	r0, r2
  402df8:	83a05000 	movhi	r5, #0
  402dfc:	92055001 	andls	r5, r5, #1
  402e00:	e3550000 	cmp	r5, #0
  402e04:	0a000007 	beq	402e28 <__ieee754_sqrt+0xec>
  402e08:	e3500000 	cmp	r0, #0
  402e0c:	e080c001 	add	ip, r0, r1
  402e10:	a1a0500e 	movge	r5, lr
  402e14:	a3a03000 	movge	r3, #0
  402e18:	ba00002e 	blt	402ed8 <__ieee754_sqrt+0x19c>
  402e1c:	e1a0e005 	mov	lr, r5
  402e20:	e0422000 	sub	r2, r2, r0
  402e24:	e0888001 	add	r8, r8, r1
  402e28:	e1a00fa2 	lsr	r0, r2, #31
  402e2c:	e2544001 	subs	r4, r4, #1
  402e30:	e1a010a1 	lsr	r1, r1, #1
  402e34:	e0803083 	add	r3, r0, r3, lsl #1
  402e38:	e1a02082 	lsl	r2, r2, #1
  402e3c:	0a000029 	beq	402ee8 <__ieee754_sqrt+0x1ac>
  402e40:	e153000e 	cmp	r3, lr
  402e44:	e081000c 	add	r0, r1, ip
  402e48:	daffffe7 	ble	402dec <__ieee754_sqrt+0xb0>
  402e4c:	e3500000 	cmp	r0, #0
  402e50:	e080c001 	add	ip, r0, r1
  402e54:	ba00001f 	blt	402ed8 <__ieee754_sqrt+0x19c>
  402e58:	e1a0500e 	mov	r5, lr
  402e5c:	e1500002 	cmp	r0, r2
  402e60:	e043300e 	sub	r3, r3, lr
  402e64:	82433001 	subhi	r3, r3, #1
  402e68:	eaffffeb 	b	402e1c <__ieee754_sqrt+0xe0>
  402e6c:	e3c12102 	bic	r2, r1, #-2147483648	; 0x80000000
  402e70:	e1922000 	orrs	r2, r2, r0
  402e74:	0a000029 	beq	402f20 <__ieee754_sqrt+0x1e4>
  402e78:	e3540000 	cmp	r4, #0
  402e7c:	1a000034 	bne	402f54 <__ieee754_sqrt+0x218>
  402e80:	e1a005ac 	lsr	r0, ip, #11
  402e84:	e3500000 	cmp	r0, #0
  402e88:	e2433015 	sub	r3, r3, #21
  402e8c:	e1a0ca8c 	lsl	ip, ip, #21
  402e90:	e1a02000 	mov	r2, r0
  402e94:	0afffff9 	beq	402e80 <__ieee754_sqrt+0x144>
  402e98:	e3100601 	tst	r0, #1048576	; 0x100000
  402e9c:	1a000036 	bne	402f7c <__ieee754_sqrt+0x240>
  402ea0:	e3a01000 	mov	r1, #0
  402ea4:	ea000000 	b	402eac <__ieee754_sqrt+0x170>
  402ea8:	e1a0100e 	mov	r1, lr
  402eac:	e1a02082 	lsl	r2, r2, #1
  402eb0:	e3120601 	tst	r2, #1048576	; 0x100000
  402eb4:	e281e001 	add	lr, r1, #1
  402eb8:	0afffffa 	beq	402ea8 <__ieee754_sqrt+0x16c>
  402ebc:	e1a00002 	mov	r0, r2
  402ec0:	e1a0200c 	mov	r2, ip
  402ec4:	e1a0ce1c 	lsl	ip, ip, lr
  402ec8:	e26ee020 	rsb	lr, lr, #32
  402ecc:	e0437001 	sub	r7, r3, r1
  402ed0:	e1803e32 	orr	r3, r0, r2, lsr lr
  402ed4:	eaffffa4 	b	402d6c <__ieee754_sqrt+0x30>
  402ed8:	e35c0000 	cmp	ip, #0
  402edc:	a28e5001 	addge	r5, lr, #1
  402ee0:	aaffffdd 	bge	402e5c <__ieee754_sqrt+0x120>
  402ee4:	eaffffdb 	b	402e58 <__ieee754_sqrt+0x11c>
  402ee8:	e1933002 	orrs	r3, r3, r2
  402eec:	01a040a8 	lsreq	r4, r8, #1
  402ef0:	0a000003 	beq	402f04 <__ieee754_sqrt+0x1c8>
  402ef4:	e3780001 	cmn	r8, #1
  402ef8:	12884001 	addne	r4, r8, #1
  402efc:	02866001 	addeq	r6, r6, #1
  402f00:	11a040a4 	lsrne	r4, r4, #1
  402f04:	e3160001 	tst	r6, #1
  402f08:	13844102 	orrne	r4, r4, #-2147483648	; 0x80000000
  402f0c:	e1a05004 	mov	r5, r4
  402f10:	e1a030c6 	asr	r3, r6, #1
  402f14:	e28335ff 	add	r3, r3, #1069547520	; 0x3fc00000
  402f18:	e2833602 	add	r3, r3, #2097152	; 0x200000
  402f1c:	e0831a07 	add	r1, r3, r7, lsl #20
  402f20:	e1a00005 	mov	r0, r5
  402f24:	e8bd41f0 	pop	{r4, r5, r6, r7, r8, lr}
  402f28:	e12fff1e 	bx	lr
  402f2c:	e1a02000 	mov	r2, r0
  402f30:	e1a03001 	mov	r3, r1
  402f34:	eb000747 	bl	404c58 <__aeabi_dmul>
  402f38:	e1a02005 	mov	r2, r5
  402f3c:	e1a03004 	mov	r3, r4
  402f40:	eb00063e 	bl	404840 <__adddf3>
  402f44:	e1a05000 	mov	r5, r0
  402f48:	e1a00005 	mov	r0, r5
  402f4c:	e8bd41f0 	pop	{r4, r5, r6, r7, r8, lr}
  402f50:	e12fff1e 	bx	lr
  402f54:	e1a02000 	mov	r2, r0
  402f58:	eb000637 	bl	40483c <__aeabi_dsub>
  402f5c:	e1a02000 	mov	r2, r0
  402f60:	e1a03001 	mov	r3, r1
  402f64:	eb0007df 	bl	404ee8 <__aeabi_ddiv>
  402f68:	e1a05000 	mov	r5, r0
  402f6c:	eaffffeb 	b	402f20 <__ieee754_sqrt+0x1e4>
  402f70:	e1a02001 	mov	r2, r1
  402f74:	e1a03007 	mov	r3, r7
  402f78:	eaffffc8 	b	402ea0 <__ieee754_sqrt+0x164>
  402f7c:	e1a0200c 	mov	r2, ip
  402f80:	e3a0e020 	mov	lr, #32
  402f84:	e3e01000 	mvn	r1, #0
  402f88:	eaffffcf 	b	402ecc <__ieee754_sqrt+0x190>
  402f8c:	7ff00000 	.word	0x7ff00000

00402f90 <__kernel_cos>:
  402f90:	e92d4ff0 	push	{r4, r5, r6, r7, r8, r9, sl, fp, lr}
  402f94:	e3c16102 	bic	r6, r1, #-2147483648	; 0x80000000
  402f98:	e35605f9 	cmp	r6, #1044381696	; 0x3e400000
  402f9c:	e24dd014 	sub	sp, sp, #20
  402fa0:	e1a04001 	mov	r4, r1
  402fa4:	e1a0a002 	mov	sl, r2
  402fa8:	e1a0b003 	mov	fp, r3
  402fac:	e1a05000 	mov	r5, r0
  402fb0:	aa00004f 	bge	4030f4 <__kernel_cos+0x164>
  402fb4:	eb0008ad 	bl	405270 <__aeabi_d2iz>
  402fb8:	e3500000 	cmp	r0, #0
  402fbc:	0a0000af 	beq	403280 <__kernel_cos+0x2f0>
  402fc0:	e1a02005 	mov	r2, r5
  402fc4:	e1a03004 	mov	r3, r4
  402fc8:	e1a00005 	mov	r0, r5
  402fcc:	e1a01004 	mov	r1, r4
  402fd0:	eb000720 	bl	404c58 <__aeabi_dmul>
  402fd4:	e1a08000 	mov	r8, r0
  402fd8:	e1a09001 	mov	r9, r1
  402fdc:	e28f3fad 	add	r3, pc, #692	; 0x2b4
  402fe0:	e893000c 	ldm	r3, {r2, r3}
  402fe4:	eb00071b 	bl	404c58 <__aeabi_dmul>
  402fe8:	e28f3e2b 	add	r3, pc, #688	; 0x2b0
  402fec:	e893000c 	ldm	r3, {r2, r3}
  402ff0:	eb000612 	bl	404840 <__adddf3>
  402ff4:	e1a02008 	mov	r2, r8
  402ff8:	e1a03009 	mov	r3, r9
  402ffc:	eb000715 	bl	404c58 <__aeabi_dmul>
  403000:	e28f3e2a 	add	r3, pc, #672	; 0x2a0
  403004:	e893000c 	ldm	r3, {r2, r3}
  403008:	eb00060b 	bl	40483c <__aeabi_dsub>
  40300c:	e1a02008 	mov	r2, r8
  403010:	e1a03009 	mov	r3, r9
  403014:	eb00070f 	bl	404c58 <__aeabi_dmul>
  403018:	e28f3e29 	add	r3, pc, #656	; 0x290
  40301c:	e893000c 	ldm	r3, {r2, r3}
  403020:	eb000606 	bl	404840 <__adddf3>
  403024:	e1a02008 	mov	r2, r8
  403028:	e1a03009 	mov	r3, r9
  40302c:	eb000709 	bl	404c58 <__aeabi_dmul>
  403030:	e28f3d0a 	add	r3, pc, #640	; 0x280
  403034:	e893000c 	ldm	r3, {r2, r3}
  403038:	eb0005ff 	bl	40483c <__aeabi_dsub>
  40303c:	e1a02008 	mov	r2, r8
  403040:	e1a03009 	mov	r3, r9
  403044:	eb000703 	bl	404c58 <__aeabi_dmul>
  403048:	e28f3e27 	add	r3, pc, #624	; 0x270
  40304c:	e893000c 	ldm	r3, {r2, r3}
  403050:	eb0005fa 	bl	404840 <__adddf3>
  403054:	e1a02008 	mov	r2, r8
  403058:	e1a03009 	mov	r3, r9
  40305c:	eb0006fd 	bl	404c58 <__aeabi_dmul>
  403060:	e88d0003 	stm	sp, {r0, r1}
  403064:	e3a02000 	mov	r2, #0
  403068:	e59f3258 	ldr	r3, [pc, #600]	; 4032c8 <__kernel_cos+0x338>
  40306c:	e1a00008 	mov	r0, r8
  403070:	e1a01009 	mov	r1, r9
  403074:	eb0006f7 	bl	404c58 <__aeabi_dmul>
  403078:	e89d000c 	ldm	sp, {r2, r3}
  40307c:	e1a06000 	mov	r6, r0
  403080:	e1a07001 	mov	r7, r1
  403084:	e1a00008 	mov	r0, r8
  403088:	e1a01009 	mov	r1, r9
  40308c:	eb0006f1 	bl	404c58 <__aeabi_dmul>
  403090:	e1a0200a 	mov	r2, sl
  403094:	e1a08000 	mov	r8, r0
  403098:	e1a09001 	mov	r9, r1
  40309c:	e1a0300b 	mov	r3, fp
  4030a0:	e1a00005 	mov	r0, r5
  4030a4:	e1a01004 	mov	r1, r4
  4030a8:	eb0006ea 	bl	404c58 <__aeabi_dmul>
  4030ac:	e1a02000 	mov	r2, r0
  4030b0:	e1a03001 	mov	r3, r1
  4030b4:	e1a00008 	mov	r0, r8
  4030b8:	e1a01009 	mov	r1, r9
  4030bc:	eb0005de 	bl	40483c <__aeabi_dsub>
  4030c0:	e1a02000 	mov	r2, r0
  4030c4:	e1a03001 	mov	r3, r1
  4030c8:	e1a00006 	mov	r0, r6
  4030cc:	e1a01007 	mov	r1, r7
  4030d0:	eb0005d9 	bl	40483c <__aeabi_dsub>
  4030d4:	e1a02000 	mov	r2, r0
  4030d8:	e1a03001 	mov	r3, r1
  4030dc:	e3a00000 	mov	r0, #0
  4030e0:	e59f11e4 	ldr	r1, [pc, #484]	; 4032cc <__kernel_cos+0x33c>
  4030e4:	eb0005d4 	bl	40483c <__aeabi_dsub>
  4030e8:	e28dd014 	add	sp, sp, #20
  4030ec:	e8bd4ff0 	pop	{r4, r5, r6, r7, r8, r9, sl, fp, lr}
  4030f0:	e12fff1e 	bx	lr
  4030f4:	e1a02000 	mov	r2, r0
  4030f8:	e1a03001 	mov	r3, r1
  4030fc:	eb0006d5 	bl	404c58 <__aeabi_dmul>
  403100:	e1a08000 	mov	r8, r0
  403104:	e1a09001 	mov	r9, r1
  403108:	e28f3f62 	add	r3, pc, #392	; 0x188
  40310c:	e893000c 	ldm	r3, {r2, r3}
  403110:	eb0006d0 	bl	404c58 <__aeabi_dmul>
  403114:	e28f3f61 	add	r3, pc, #388	; 0x184
  403118:	e893000c 	ldm	r3, {r2, r3}
  40311c:	eb0005c7 	bl	404840 <__adddf3>
  403120:	e1a02008 	mov	r2, r8
  403124:	e1a03009 	mov	r3, r9
  403128:	eb0006ca 	bl	404c58 <__aeabi_dmul>
  40312c:	e28f3f5d 	add	r3, pc, #372	; 0x174
  403130:	e893000c 	ldm	r3, {r2, r3}
  403134:	eb0005c0 	bl	40483c <__aeabi_dsub>
  403138:	e1a02008 	mov	r2, r8
  40313c:	e1a03009 	mov	r3, r9
  403140:	eb0006c4 	bl	404c58 <__aeabi_dmul>
  403144:	e28f3f59 	add	r3, pc, #356	; 0x164
  403148:	e893000c 	ldm	r3, {r2, r3}
  40314c:	eb0005bb 	bl	404840 <__adddf3>
  403150:	e1a02008 	mov	r2, r8
  403154:	e1a03009 	mov	r3, r9
  403158:	eb0006be 	bl	404c58 <__aeabi_dmul>
  40315c:	e28f3f55 	add	r3, pc, #340	; 0x154
  403160:	e893000c 	ldm	r3, {r2, r3}
  403164:	eb0005b4 	bl	40483c <__aeabi_dsub>
  403168:	e1a02008 	mov	r2, r8
  40316c:	e1a03009 	mov	r3, r9
  403170:	eb0006b8 	bl	404c58 <__aeabi_dmul>
  403174:	e28f3f51 	add	r3, pc, #324	; 0x144
  403178:	e893000c 	ldm	r3, {r2, r3}
  40317c:	eb0005af 	bl	404840 <__adddf3>
  403180:	e1a03009 	mov	r3, r9
  403184:	e1a02008 	mov	r2, r8
  403188:	eb0006b2 	bl	404c58 <__aeabi_dmul>
  40318c:	e59f313c 	ldr	r3, [pc, #316]	; 4032d0 <__kernel_cos+0x340>
  403190:	e1560003 	cmp	r6, r3
  403194:	e88d0003 	stm	sp, {r0, r1}
  403198:	daffffb1 	ble	403064 <__kernel_cos+0xd4>
  40319c:	e59f3130 	ldr	r3, [pc, #304]	; 4032d4 <__kernel_cos+0x344>
  4031a0:	e1560003 	cmp	r6, r3
  4031a4:	e3a02000 	mov	r2, #0
  4031a8:	ca00002e 	bgt	403268 <__kernel_cos+0x2d8>
  4031ac:	e2463602 	sub	r3, r6, #2097152	; 0x200000
  4031b0:	e3a00000 	mov	r0, #0
  4031b4:	e59f1110 	ldr	r1, [pc, #272]	; 4032cc <__kernel_cos+0x33c>
  4031b8:	e1a06002 	mov	r6, r2
  4031bc:	e1a07003 	mov	r7, r3
  4031c0:	eb00059d 	bl	40483c <__aeabi_dsub>
  4031c4:	e58d0008 	str	r0, [sp, #8]
  4031c8:	e58d100c 	str	r1, [sp, #12]
  4031cc:	e3a02000 	mov	r2, #0
  4031d0:	e59f30f0 	ldr	r3, [pc, #240]	; 4032c8 <__kernel_cos+0x338>
  4031d4:	e1a00008 	mov	r0, r8
  4031d8:	e1a01009 	mov	r1, r9
  4031dc:	eb00069d 	bl	404c58 <__aeabi_dmul>
  4031e0:	e1a02006 	mov	r2, r6
  4031e4:	e1a03007 	mov	r3, r7
  4031e8:	eb000593 	bl	40483c <__aeabi_dsub>
  4031ec:	e89d000c 	ldm	sp, {r2, r3}
  4031f0:	e1a06000 	mov	r6, r0
  4031f4:	e1a07001 	mov	r7, r1
  4031f8:	e1a00008 	mov	r0, r8
  4031fc:	e1a01009 	mov	r1, r9
  403200:	eb000694 	bl	404c58 <__aeabi_dmul>
  403204:	e1a0200a 	mov	r2, sl
  403208:	e1a08000 	mov	r8, r0
  40320c:	e1a09001 	mov	r9, r1
  403210:	e1a0300b 	mov	r3, fp
  403214:	e1a00005 	mov	r0, r5
  403218:	e1a01004 	mov	r1, r4
  40321c:	eb00068d 	bl	404c58 <__aeabi_dmul>
  403220:	e1a02000 	mov	r2, r0
  403224:	e1a03001 	mov	r3, r1
  403228:	e1a00008 	mov	r0, r8
  40322c:	e1a01009 	mov	r1, r9
  403230:	eb000581 	bl	40483c <__aeabi_dsub>
  403234:	e1a02000 	mov	r2, r0
  403238:	e1a03001 	mov	r3, r1
  40323c:	e1a00006 	mov	r0, r6
  403240:	e1a01007 	mov	r1, r7
  403244:	eb00057c 	bl	40483c <__aeabi_dsub>
  403248:	e1a02000 	mov	r2, r0
  40324c:	e1a03001 	mov	r3, r1
  403250:	e28d1008 	add	r1, sp, #8
  403254:	e8910003 	ldm	r1, {r0, r1}
  403258:	eb000577 	bl	40483c <__aeabi_dsub>
  40325c:	e28dd014 	add	sp, sp, #20
  403260:	e8bd4ff0 	pop	{r4, r5, r6, r7, r8, r9, sl, fp, lr}
  403264:	e12fff1e 	bx	lr
  403268:	e59f3068 	ldr	r3, [pc, #104]	; 4032d8 <__kernel_cos+0x348>
  40326c:	e3a06000 	mov	r6, #0
  403270:	e58d2008 	str	r2, [sp, #8]
  403274:	e58d300c 	str	r3, [sp, #12]
  403278:	e59f705c 	ldr	r7, [pc, #92]	; 4032dc <__kernel_cos+0x34c>
  40327c:	eaffffd2 	b	4031cc <__kernel_cos+0x23c>
  403280:	e3a00000 	mov	r0, #0
  403284:	e59f1040 	ldr	r1, [pc, #64]	; 4032cc <__kernel_cos+0x33c>
  403288:	e28dd014 	add	sp, sp, #20
  40328c:	e8bd4ff0 	pop	{r4, r5, r6, r7, r8, r9, sl, fp, lr}
  403290:	e12fff1e 	bx	lr
  403294:	e1a00000 	nop			; (mov r0, r0)
  403298:	be8838d4 	.word	0xbe8838d4
  40329c:	bda8fae9 	.word	0xbda8fae9
  4032a0:	bdb4b1c4 	.word	0xbdb4b1c4
  4032a4:	3e21ee9e 	.word	0x3e21ee9e
  4032a8:	809c52ad 	.word	0x809c52ad
  4032ac:	3e927e4f 	.word	0x3e927e4f
  4032b0:	19cb1590 	.word	0x19cb1590
  4032b4:	3efa01a0 	.word	0x3efa01a0
  4032b8:	16c15177 	.word	0x16c15177
  4032bc:	3f56c16c 	.word	0x3f56c16c
  4032c0:	5555554c 	.word	0x5555554c
  4032c4:	3fa55555 	.word	0x3fa55555
  4032c8:	3fe00000 	.word	0x3fe00000
  4032cc:	3ff00000 	.word	0x3ff00000
  4032d0:	3fd33332 	.word	0x3fd33332
  4032d4:	3fe90000 	.word	0x3fe90000
  4032d8:	3fe70000 	.word	0x3fe70000
  4032dc:	3fd20000 	.word	0x3fd20000

004032e0 <__kernel_rem_pio2>:
  4032e0:	e1a0c003 	mov	ip, r3
  4032e4:	e92d4ff0 	push	{r4, r5, r6, r7, r8, r9, sl, fp, lr}
  4032e8:	e24ddf99 	sub	sp, sp, #612	; 0x264
  4032ec:	e58d102c 	str	r1, [sp, #44]	; 0x2c
  4032f0:	e24c1001 	sub	r1, ip, #1
  4032f4:	e58d3020 	str	r3, [sp, #32]
  4032f8:	e58d100c 	str	r1, [sp, #12]
  4032fc:	e59f3bf0 	ldr	r3, [pc, #3056]	; 403ef4 <__kernel_rem_pio2+0xc14>
  403300:	e59d1288 	ldr	r1, [sp, #648]	; 0x288
  403304:	e7933101 	ldr	r3, [r3, r1, lsl #2]
  403308:	e3720014 	cmn	r2, #20
  40330c:	e58d0010 	str	r0, [sp, #16]
  403310:	e58d3014 	str	r3, [sp, #20]
  403314:	ba00020c 	blt	403b4c <__kernel_rem_pio2+0x86c>
  403318:	e59f1bd8 	ldr	r1, [pc, #3032]	; 403ef8 <__kernel_rem_pio2+0xc18>
  40331c:	e2423003 	sub	r3, r2, #3
  403320:	e0cc0193 	smull	r0, ip, r3, r1
  403324:	e1a03fc3 	asr	r3, r3, #31
  403328:	e063314c 	rsb	r3, r3, ip, asr #2
  40332c:	e58d301c 	str	r3, [sp, #28]
  403330:	e2833001 	add	r3, r3, #1
  403334:	e0433103 	sub	r3, r3, r3, lsl #2
  403338:	e1a03183 	lsl	r3, r3, #3
  40333c:	e59d000c 	ldr	r0, [sp, #12]
  403340:	e0823003 	add	r3, r2, r3
  403344:	e59d1014 	ldr	r1, [sp, #20]
  403348:	e58d3018 	str	r3, [sp, #24]
  40334c:	e59d301c 	ldr	r3, [sp, #28]
  403350:	e0911000 	adds	r1, r1, r0
  403354:	e0436000 	sub	r6, r3, r0
  403358:	4a00000e 	bmi	403398 <__kernel_rem_pio2+0xb8>
  40335c:	e3a04000 	mov	r4, #0
  403360:	e3a05000 	mov	r5, #0
  403364:	e2811001 	add	r1, r1, #1
  403368:	e59d928c 	ldr	r9, [sp, #652]	; 0x28c
  40336c:	e0818006 	add	r8, r1, r6
  403370:	e28d7080 	add	r7, sp, #128	; 0x80
  403374:	e3560000 	cmp	r6, #0
  403378:	b1a00004 	movlt	r0, r4
  40337c:	b1a01005 	movlt	r1, r5
  403380:	a7990106 	ldrge	r0, [r9, r6, lsl #2]
  403384:	ab0005fa 	blge	404b74 <__aeabi_i2d>
  403388:	e2866001 	add	r6, r6, #1
  40338c:	e1560008 	cmp	r6, r8
  403390:	e8a70003 	stmia	r7!, {r0, r1}
  403394:	1afffff6 	bne	403374 <__kernel_rem_pio2+0x94>
  403398:	e59d3014 	ldr	r3, [sp, #20]
  40339c:	e3530000 	cmp	r3, #0
  4033a0:	e59d3020 	ldr	r3, [sp, #32]
  4033a4:	e1a03183 	lsl	r3, r3, #3
  4033a8:	e58d3008 	str	r3, [sp, #8]
  4033ac:	ba000020 	blt	403434 <__kernel_rem_pio2+0x154>
  4033b0:	e28d2080 	add	r2, sp, #128	; 0x80
  4033b4:	e082a003 	add	sl, r2, r3
  4033b8:	e59d2010 	ldr	r2, [sp, #16]
  4033bc:	e0828003 	add	r8, r2, r3
  4033c0:	e59d2014 	ldr	r2, [sp, #20]
  4033c4:	e28d3f72 	add	r3, sp, #456	; 0x1c8
  4033c8:	e083b182 	add	fp, r3, r2, lsl #3
  4033cc:	e28d9d07 	add	r9, sp, #448	; 0x1c0
  4033d0:	e59d300c 	ldr	r3, [sp, #12]
  4033d4:	e3530000 	cmp	r3, #0
  4033d8:	b3a06000 	movlt	r6, #0
  4033dc:	b3a07000 	movlt	r7, #0
  4033e0:	ba00000f 	blt	403424 <__kernel_rem_pio2+0x144>
  4033e4:	e1a0500a 	mov	r5, sl
  4033e8:	e3a06000 	mov	r6, #0
  4033ec:	e3a07000 	mov	r7, #0
  4033f0:	e59d4010 	ldr	r4, [sp, #16]
  4033f4:	e935000c 	ldmdb	r5!, {r2, r3}
  4033f8:	e8b40003 	ldm	r4!, {r0, r1}
  4033fc:	eb000615 	bl	404c58 <__aeabi_dmul>
  403400:	e1a02000 	mov	r2, r0
  403404:	e1a03001 	mov	r3, r1
  403408:	e1a00006 	mov	r0, r6
  40340c:	e1a01007 	mov	r1, r7
  403410:	eb00050a 	bl	404840 <__adddf3>
  403414:	e1540008 	cmp	r4, r8
  403418:	e1a06000 	mov	r6, r0
  40341c:	e1a07001 	mov	r7, r1
  403420:	1afffff3 	bne	4033f4 <__kernel_rem_pio2+0x114>
  403424:	e8a900c0 	stmia	r9!, {r6, r7}
  403428:	e159000b 	cmp	r9, fp
  40342c:	e28aa008 	add	sl, sl, #8
  403430:	1affffe6 	bne	4033d0 <__kernel_rem_pio2+0xf0>
  403434:	e59d3014 	ldr	r3, [sp, #20]
  403438:	e59d1010 	ldr	r1, [sp, #16]
  40343c:	e59d0008 	ldr	r0, [sp, #8]
  403440:	e58d3004 	str	r3, [sp, #4]
  403444:	e1a03103 	lsl	r3, r3, #2
  403448:	e2432004 	sub	r2, r3, #4
  40344c:	e081b000 	add	fp, r1, r0
  403450:	e28d1030 	add	r1, sp, #48	; 0x30
  403454:	e0812002 	add	r2, r1, r2
  403458:	e0813003 	add	r3, r1, r3
  40345c:	e58d2024 	str	r2, [sp, #36]	; 0x24
  403460:	e58d3028 	str	r3, [sp, #40]	; 0x28
  403464:	e59d2004 	ldr	r2, [sp, #4]
  403468:	e28d3e26 	add	r3, sp, #608	; 0x260
  40346c:	e0833182 	add	r3, r3, r2, lsl #3
  403470:	e3520000 	cmp	r2, #0
  403474:	e24350a0 	sub	r5, r3, #160	; 0xa0
  403478:	e8950030 	ldm	r5, {r4, r5}
  40347c:	da00001d 	ble	4034f8 <__kernel_rem_pio2+0x218>
  403480:	e28dad07 	add	sl, sp, #448	; 0x1c0
  403484:	e08a8182 	add	r8, sl, r2, lsl #3
  403488:	e28d902c 	add	r9, sp, #44	; 0x2c
  40348c:	e3a02000 	mov	r2, #0
  403490:	e59f3a64 	ldr	r3, [pc, #2660]	; 403efc <__kernel_rem_pio2+0xc1c>
  403494:	e1a00004 	mov	r0, r4
  403498:	e1a01005 	mov	r1, r5
  40349c:	eb0005ed 	bl	404c58 <__aeabi_dmul>
  4034a0:	eb000772 	bl	405270 <__aeabi_d2iz>
  4034a4:	eb0005b2 	bl	404b74 <__aeabi_i2d>
  4034a8:	e3a02000 	mov	r2, #0
  4034ac:	e59f3a4c 	ldr	r3, [pc, #2636]	; 403f00 <__kernel_rem_pio2+0xc20>
  4034b0:	e1a06000 	mov	r6, r0
  4034b4:	e1a07001 	mov	r7, r1
  4034b8:	eb0005e6 	bl	404c58 <__aeabi_dmul>
  4034bc:	e1a02000 	mov	r2, r0
  4034c0:	e1a03001 	mov	r3, r1
  4034c4:	e1a00004 	mov	r0, r4
  4034c8:	e1a01005 	mov	r1, r5
  4034cc:	eb0004da 	bl	40483c <__aeabi_dsub>
  4034d0:	eb000766 	bl	405270 <__aeabi_d2iz>
  4034d4:	e938000c 	ldmdb	r8!, {r2, r3}
  4034d8:	e5a90004 	str	r0, [r9, #4]!
  4034dc:	e1a01007 	mov	r1, r7
  4034e0:	e1a00006 	mov	r0, r6
  4034e4:	eb0004d5 	bl	404840 <__adddf3>
  4034e8:	e158000a 	cmp	r8, sl
  4034ec:	e1a04000 	mov	r4, r0
  4034f0:	e1a05001 	mov	r5, r1
  4034f4:	1affffe4 	bne	40348c <__kernel_rem_pio2+0x1ac>
  4034f8:	e59d9018 	ldr	r9, [sp, #24]
  4034fc:	e1a00004 	mov	r0, r4
  403500:	e1a01005 	mov	r1, r5
  403504:	e1a02009 	mov	r2, r9
  403508:	eb00030a 	bl	404138 <scalbn>
  40350c:	e3a02000 	mov	r2, #0
  403510:	e3a035ff 	mov	r3, #1069547520	; 0x3fc00000
  403514:	e1a04000 	mov	r4, r0
  403518:	e1a05001 	mov	r5, r1
  40351c:	eb0005cd 	bl	404c58 <__aeabi_dmul>
  403520:	ebfffb9c 	bl	402398 <floor>
  403524:	e3a02000 	mov	r2, #0
  403528:	e59f39d4 	ldr	r3, [pc, #2516]	; 403f04 <__kernel_rem_pio2+0xc24>
  40352c:	eb0005c9 	bl	404c58 <__aeabi_dmul>
  403530:	e1a02000 	mov	r2, r0
  403534:	e1a03001 	mov	r3, r1
  403538:	e1a00004 	mov	r0, r4
  40353c:	e1a01005 	mov	r1, r5
  403540:	eb0004bd 	bl	40483c <__aeabi_dsub>
  403544:	e1a05001 	mov	r5, r1
  403548:	e1a04000 	mov	r4, r0
  40354c:	eb000747 	bl	405270 <__aeabi_d2iz>
  403550:	e1a08000 	mov	r8, r0
  403554:	eb000586 	bl	404b74 <__aeabi_i2d>
  403558:	e1a02000 	mov	r2, r0
  40355c:	e1a03001 	mov	r3, r1
  403560:	e1a00004 	mov	r0, r4
  403564:	e1a01005 	mov	r1, r5
  403568:	eb0004b3 	bl	40483c <__aeabi_dsub>
  40356c:	e3590000 	cmp	r9, #0
  403570:	e1a06000 	mov	r6, r0
  403574:	e1a07001 	mov	r7, r1
  403578:	da000068 	ble	403720 <__kernel_rem_pio2+0x440>
  40357c:	e59d3004 	ldr	r3, [sp, #4]
  403580:	e2432001 	sub	r2, r3, #1
  403584:	e28d3e26 	add	r3, sp, #608	; 0x260
  403588:	e0832102 	add	r2, r3, r2, lsl #2
  40358c:	e5123230 	ldr	r3, [r2, #-560]	; 0xfffffdd0
  403590:	e2695018 	rsb	r5, r9, #24
  403594:	e1a01553 	asr	r1, r3, r5
  403598:	e0433511 	sub	r3, r3, r1, lsl r5
  40359c:	e2695017 	rsb	r5, r9, #23
  4035a0:	e1a05553 	asr	r5, r3, r5
  4035a4:	e3550000 	cmp	r5, #0
  4035a8:	e5023230 	str	r3, [r2, #-560]	; 0xfffffdd0
  4035ac:	e0888001 	add	r8, r8, r1
  4035b0:	ca000062 	bgt	403740 <__kernel_rem_pio2+0x460>
  4035b4:	e3a02000 	mov	r2, #0
  4035b8:	e3a03000 	mov	r3, #0
  4035bc:	e1a00006 	mov	r0, r6
  4035c0:	e1a01007 	mov	r1, r7
  4035c4:	eb0006fd 	bl	4051c0 <__aeabi_dcmpeq>
  4035c8:	e3500000 	cmp	r0, #0
  4035cc:	0a0001f6 	beq	403dac <__kernel_rem_pio2+0xacc>
  4035d0:	e59d3004 	ldr	r3, [sp, #4]
  4035d4:	e59d2014 	ldr	r2, [sp, #20]
  4035d8:	e2439001 	sub	r9, r3, #1
  4035dc:	e1520009 	cmp	r2, r9
  4035e0:	ca000009 	bgt	40360c <__kernel_rem_pio2+0x32c>
  4035e4:	e3a02000 	mov	r2, #0
  4035e8:	e28d1030 	add	r1, sp, #48	; 0x30
  4035ec:	e59d0028 	ldr	r0, [sp, #40]	; 0x28
  4035f0:	e0813103 	add	r3, r1, r3, lsl #2
  4035f4:	e5331004 	ldr	r1, [r3, #-4]!
  4035f8:	e1530000 	cmp	r3, r0
  4035fc:	e1822001 	orr	r2, r2, r1
  403600:	1afffffb 	bne	4035f4 <__kernel_rem_pio2+0x314>
  403604:	e3520000 	cmp	r2, #0
  403608:	1a0000b7 	bne	4038ec <__kernel_rem_pio2+0x60c>
  40360c:	e59d2014 	ldr	r2, [sp, #20]
  403610:	e28d3e26 	add	r3, sp, #608	; 0x260
  403614:	e0833102 	add	r3, r3, r2, lsl #2
  403618:	e5133234 	ldr	r3, [r3, #-564]	; 0xfffffdcc
  40361c:	e3530000 	cmp	r3, #0
  403620:	1a0000ac 	bne	4038d8 <__kernel_rem_pio2+0x5f8>
  403624:	e3a03001 	mov	r3, #1
  403628:	e59d2024 	ldr	r2, [sp, #36]	; 0x24
  40362c:	e5321004 	ldr	r1, [r2, #-4]!
  403630:	e3510000 	cmp	r1, #0
  403634:	e2833001 	add	r3, r3, #1
  403638:	0afffffb 	beq	40362c <__kernel_rem_pio2+0x34c>
  40363c:	e59d1004 	ldr	r1, [sp, #4]
  403640:	e2812001 	add	r2, r1, #1
  403644:	e1a09002 	mov	r9, r2
  403648:	e0813003 	add	r3, r1, r3
  40364c:	e58d3008 	str	r3, [sp, #8]
  403650:	e59d301c 	ldr	r3, [sp, #28]
  403654:	e59d1004 	ldr	r1, [sp, #4]
  403658:	e082a003 	add	sl, r2, r3
  40365c:	e59d3020 	ldr	r3, [sp, #32]
  403660:	e0835001 	add	r5, r3, r1
  403664:	e28d3080 	add	r3, sp, #128	; 0x80
  403668:	e0835185 	add	r5, r3, r5, lsl #3
  40366c:	e59d328c 	ldr	r3, [sp, #652]	; 0x28c
  403670:	e24aa107 	sub	sl, sl, #-1073741823	; 0xc0000001
  403674:	e083a10a 	add	sl, r3, sl, lsl #2
  403678:	e28d3d07 	add	r3, sp, #448	; 0x1c0
  40367c:	e0833182 	add	r3, r3, r2, lsl #3
  403680:	e58d3004 	str	r3, [sp, #4]
  403684:	e5ba0004 	ldr	r0, [sl, #4]!
  403688:	eb000539 	bl	404b74 <__aeabi_i2d>
  40368c:	e1a08005 	mov	r8, r5
  403690:	e1a03001 	mov	r3, r1
  403694:	e1a02000 	mov	r2, r0
  403698:	e59d100c 	ldr	r1, [sp, #12]
  40369c:	e3510000 	cmp	r1, #0
  4036a0:	e8a8000c 	stmia	r8!, {r2, r3}
  4036a4:	ba00001a 	blt	403714 <__kernel_rem_pio2+0x434>
  4036a8:	e59d4010 	ldr	r4, [sp, #16]
  4036ac:	e3a06000 	mov	r6, #0
  4036b0:	e3a07000 	mov	r7, #0
  4036b4:	ea000000 	b	4036bc <__kernel_rem_pio2+0x3dc>
  4036b8:	e935000c 	ldmdb	r5!, {r2, r3}
  4036bc:	e8b40003 	ldm	r4!, {r0, r1}
  4036c0:	eb000564 	bl	404c58 <__aeabi_dmul>
  4036c4:	e1a02000 	mov	r2, r0
  4036c8:	e1a03001 	mov	r3, r1
  4036cc:	e1a00006 	mov	r0, r6
  4036d0:	e1a01007 	mov	r1, r7
  4036d4:	eb000459 	bl	404840 <__adddf3>
  4036d8:	e154000b 	cmp	r4, fp
  4036dc:	e1a06000 	mov	r6, r0
  4036e0:	e1a07001 	mov	r7, r1
  4036e4:	1afffff3 	bne	4036b8 <__kernel_rem_pio2+0x3d8>
  4036e8:	e59d3008 	ldr	r3, [sp, #8]
  4036ec:	e2899001 	add	r9, r9, #1
  4036f0:	e1590003 	cmp	r9, r3
  4036f4:	e59d3004 	ldr	r3, [sp, #4]
  4036f8:	e8a300c0 	stmia	r3!, {r6, r7}
  4036fc:	e1a05008 	mov	r5, r8
  403700:	e58d3004 	str	r3, [sp, #4]
  403704:	daffffde 	ble	403684 <__kernel_rem_pio2+0x3a4>
  403708:	e59d3008 	ldr	r3, [sp, #8]
  40370c:	e58d3004 	str	r3, [sp, #4]
  403710:	eaffff53 	b	403464 <__kernel_rem_pio2+0x184>
  403714:	e3a06000 	mov	r6, #0
  403718:	e3a07000 	mov	r7, #0
  40371c:	eafffff1 	b	4036e8 <__kernel_rem_pio2+0x408>
  403720:	1a000059 	bne	40388c <__kernel_rem_pio2+0x5ac>
  403724:	e59d2004 	ldr	r2, [sp, #4]
  403728:	e28d3e26 	add	r3, sp, #608	; 0x260
  40372c:	e0833102 	add	r3, r3, r2, lsl #2
  403730:	e5135234 	ldr	r5, [r3, #-564]	; 0xfffffdcc
  403734:	e1a05bc5 	asr	r5, r5, #23
  403738:	e3550000 	cmp	r5, #0
  40373c:	daffff9c 	ble	4035b4 <__kernel_rem_pio2+0x2d4>
  403740:	e59d3004 	ldr	r3, [sp, #4]
  403744:	e3530000 	cmp	r3, #0
  403748:	e2888001 	add	r8, r8, #1
  40374c:	da000194 	ble	403da4 <__kernel_rem_pio2+0xac4>
  403750:	e59d4030 	ldr	r4, [sp, #48]	; 0x30
  403754:	e3540000 	cmp	r4, #0
  403758:	1a000032 	bne	403828 <__kernel_rem_pio2+0x548>
  40375c:	e59d3004 	ldr	r3, [sp, #4]
  403760:	e3530001 	cmp	r3, #1
  403764:	0a000009 	beq	403790 <__kernel_rem_pio2+0x4b0>
  403768:	e3a02001 	mov	r2, #1
  40376c:	e28d1034 	add	r1, sp, #52	; 0x34
  403770:	e4914004 	ldr	r4, [r1], #4
  403774:	e3540000 	cmp	r4, #0
  403778:	e2823001 	add	r3, r2, #1
  40377c:	1a00002b 	bne	403830 <__kernel_rem_pio2+0x550>
  403780:	e1a02003 	mov	r2, r3
  403784:	e59d3004 	ldr	r3, [sp, #4]
  403788:	e1530002 	cmp	r3, r2
  40378c:	1afffff7 	bne	403770 <__kernel_rem_pio2+0x490>
  403790:	e59d3018 	ldr	r3, [sp, #24]
  403794:	e3530000 	cmp	r3, #0
  403798:	da00000b 	ble	4037cc <__kernel_rem_pio2+0x4ec>
  40379c:	e3530001 	cmp	r3, #1
  4037a0:	0a0000e0 	beq	403b28 <__kernel_rem_pio2+0x848>
  4037a4:	e3530002 	cmp	r3, #2
  4037a8:	1a000007 	bne	4037cc <__kernel_rem_pio2+0x4ec>
  4037ac:	e59d3004 	ldr	r3, [sp, #4]
  4037b0:	e2432001 	sub	r2, r3, #1
  4037b4:	e28d3e26 	add	r3, sp, #608	; 0x260
  4037b8:	e0832102 	add	r2, r3, r2, lsl #2
  4037bc:	e5123230 	ldr	r3, [r2, #-560]	; 0xfffffdd0
  4037c0:	e3c334ff 	bic	r3, r3, #-16777216	; 0xff000000
  4037c4:	e3c33503 	bic	r3, r3, #12582912	; 0xc00000
  4037c8:	e5023230 	str	r3, [r2, #-560]	; 0xfffffdd0
  4037cc:	e3550002 	cmp	r5, #2
  4037d0:	1affff77 	bne	4035b4 <__kernel_rem_pio2+0x2d4>
  4037d4:	e1a02006 	mov	r2, r6
  4037d8:	e1a03007 	mov	r3, r7
  4037dc:	e3a00000 	mov	r0, #0
  4037e0:	e59f1720 	ldr	r1, [pc, #1824]	; 403f08 <__kernel_rem_pio2+0xc28>
  4037e4:	eb000414 	bl	40483c <__aeabi_dsub>
  4037e8:	e3540000 	cmp	r4, #0
  4037ec:	e1a06000 	mov	r6, r0
  4037f0:	e1a07001 	mov	r7, r1
  4037f4:	0affff6e 	beq	4035b4 <__kernel_rem_pio2+0x2d4>
  4037f8:	e59d2018 	ldr	r2, [sp, #24]
  4037fc:	e3a00000 	mov	r0, #0
  403800:	e59f1700 	ldr	r1, [pc, #1792]	; 403f08 <__kernel_rem_pio2+0xc28>
  403804:	eb00024b 	bl	404138 <scalbn>
  403808:	e1a02000 	mov	r2, r0
  40380c:	e1a03001 	mov	r3, r1
  403810:	e1a00006 	mov	r0, r6
  403814:	e1a01007 	mov	r1, r7
  403818:	eb000407 	bl	40483c <__aeabi_dsub>
  40381c:	e1a06000 	mov	r6, r0
  403820:	e1a07001 	mov	r7, r1
  403824:	eaffff62 	b	4035b4 <__kernel_rem_pio2+0x2d4>
  403828:	e3a03001 	mov	r3, #1
  40382c:	e3a02000 	mov	r2, #0
  403830:	e59d0004 	ldr	r0, [sp, #4]
  403834:	e28d1e26 	add	r1, sp, #608	; 0x260
  403838:	e0812102 	add	r2, r1, r2, lsl #2
  40383c:	e2644401 	rsb	r4, r4, #16777216	; 0x1000000
  403840:	e1500003 	cmp	r0, r3
  403844:	e5024230 	str	r4, [r2, #-560]	; 0xfffffdd0
  403848:	da00000d 	ble	403884 <__kernel_rem_pio2+0x5a4>
  40384c:	e1a03103 	lsl	r3, r3, #2
  403850:	e28d2e26 	add	r2, sp, #608	; 0x260
  403854:	e0822003 	add	r2, r2, r3
  403858:	e28dc030 	add	ip, sp, #48	; 0x30
  40385c:	e3e014ff 	mvn	r1, #-16777216	; 0xff000000
  403860:	e5122230 	ldr	r2, [r2, #-560]	; 0xfffffdd0
  403864:	e08c3003 	add	r3, ip, r3
  403868:	e08c0100 	add	r0, ip, r0, lsl #2
  40386c:	ea000000 	b	403874 <__kernel_rem_pio2+0x594>
  403870:	e5932000 	ldr	r2, [r3]
  403874:	e0412002 	sub	r2, r1, r2
  403878:	e4832004 	str	r2, [r3], #4
  40387c:	e1530000 	cmp	r3, r0
  403880:	1afffffa 	bne	403870 <__kernel_rem_pio2+0x590>
  403884:	e3a04001 	mov	r4, #1
  403888:	eaffffc0 	b	403790 <__kernel_rem_pio2+0x4b0>
  40388c:	e3a02000 	mov	r2, #0
  403890:	e59f3674 	ldr	r3, [pc, #1652]	; 403f0c <__kernel_rem_pio2+0xc2c>
  403894:	eb00065b 	bl	405208 <__aeabi_dcmpge>
  403898:	e2505000 	subs	r5, r0, #0
  40389c:	0affff44 	beq	4035b4 <__kernel_rem_pio2+0x2d4>
  4038a0:	e59d3004 	ldr	r3, [sp, #4]
  4038a4:	e3530000 	cmp	r3, #0
  4038a8:	e2888001 	add	r8, r8, #1
  4038ac:	c3a05002 	movgt	r5, #2
  4038b0:	caffffa6 	bgt	403750 <__kernel_rem_pio2+0x470>
  4038b4:	e1a02006 	mov	r2, r6
  4038b8:	e1a03007 	mov	r3, r7
  4038bc:	e3a00000 	mov	r0, #0
  4038c0:	e59f1640 	ldr	r1, [pc, #1600]	; 403f08 <__kernel_rem_pio2+0xc28>
  4038c4:	eb0003dc 	bl	40483c <__aeabi_dsub>
  4038c8:	e3a05002 	mov	r5, #2
  4038cc:	e1a06000 	mov	r6, r0
  4038d0:	e1a07001 	mov	r7, r1
  4038d4:	eaffff36 	b	4035b4 <__kernel_rem_pio2+0x2d4>
  4038d8:	e59d3004 	ldr	r3, [sp, #4]
  4038dc:	e2832001 	add	r2, r3, #1
  4038e0:	e1a09002 	mov	r9, r2
  4038e4:	e58d2008 	str	r2, [sp, #8]
  4038e8:	eaffff58 	b	403650 <__kernel_rem_pio2+0x370>
  4038ec:	e28d3e26 	add	r3, sp, #608	; 0x260
  4038f0:	e0833109 	add	r3, r3, r9, lsl #2
  4038f4:	e5133230 	ldr	r3, [r3, #-560]	; 0xfffffdd0
  4038f8:	e3530000 	cmp	r3, #0
  4038fc:	e59d3018 	ldr	r3, [sp, #24]
  403900:	e2432018 	sub	r2, r3, #24
  403904:	e58d8010 	str	r8, [sp, #16]
  403908:	e58d500c 	str	r5, [sp, #12]
  40390c:	e58d2018 	str	r2, [sp, #24]
  403910:	1a000009 	bne	40393c <__kernel_rem_pio2+0x65c>
  403914:	e59d3004 	ldr	r3, [sp, #4]
  403918:	e28d1030 	add	r1, sp, #48	; 0x30
  40391c:	e2433107 	sub	r3, r3, #-1073741823	; 0xc0000001
  403920:	e0813103 	add	r3, r1, r3, lsl #2
  403924:	e5331004 	ldr	r1, [r3, #-4]!
  403928:	e3510000 	cmp	r1, #0
  40392c:	e2499001 	sub	r9, r9, #1
  403930:	e2422018 	sub	r2, r2, #24
  403934:	0afffffa 	beq	403924 <__kernel_rem_pio2+0x644>
  403938:	e58d2018 	str	r2, [sp, #24]
  40393c:	e59d2018 	ldr	r2, [sp, #24]
  403940:	e3a00000 	mov	r0, #0
  403944:	e59f15bc 	ldr	r1, [pc, #1468]	; 403f08 <__kernel_rem_pio2+0xc28>
  403948:	eb0001fa 	bl	404138 <scalbn>
  40394c:	e3590000 	cmp	r9, #0
  403950:	e1a04000 	mov	r4, r0
  403954:	e1a05001 	mov	r5, r1
  403958:	ba000157 	blt	403ebc <__kernel_rem_pio2+0xbdc>
  40395c:	e1a03189 	lsl	r3, r9, #3
  403960:	e28d2d07 	add	r2, sp, #448	; 0x1c0
  403964:	e58d3018 	str	r3, [sp, #24]
  403968:	e0823003 	add	r3, r2, r3
  40396c:	e58d3004 	str	r3, [sp, #4]
  403970:	e2838008 	add	r8, r3, #8
  403974:	e28d3030 	add	r3, sp, #48	; 0x30
  403978:	e0837109 	add	r7, r3, r9, lsl #2
  40397c:	e3a0a000 	mov	sl, #0
  403980:	e59fb574 	ldr	fp, [pc, #1396]	; 403efc <__kernel_rem_pio2+0xc1c>
  403984:	ea000000 	b	40398c <__kernel_rem_pio2+0x6ac>
  403988:	e1a07006 	mov	r7, r6
  40398c:	e1a06007 	mov	r6, r7
  403990:	e4160004 	ldr	r0, [r6], #-4
  403994:	eb000476 	bl	404b74 <__aeabi_i2d>
  403998:	e1a02004 	mov	r2, r4
  40399c:	e1a03005 	mov	r3, r5
  4039a0:	eb0004ac 	bl	404c58 <__aeabi_dmul>
  4039a4:	e1a0300b 	mov	r3, fp
  4039a8:	e9280003 	stmdb	r8!, {r0, r1}
  4039ac:	e1a0200a 	mov	r2, sl
  4039b0:	e1a00004 	mov	r0, r4
  4039b4:	e1a01005 	mov	r1, r5
  4039b8:	eb0004a6 	bl	404c58 <__aeabi_dmul>
  4039bc:	e28d3030 	add	r3, sp, #48	; 0x30
  4039c0:	e1570003 	cmp	r7, r3
  4039c4:	e1a04000 	mov	r4, r0
  4039c8:	e1a05001 	mov	r5, r1
  4039cc:	1affffed 	bne	403988 <__kernel_rem_pio2+0x6a8>
  4039d0:	e3a0a000 	mov	sl, #0
  4039d4:	e28d3e12 	add	r3, sp, #288	; 0x120
  4039d8:	e59db004 	ldr	fp, [sp, #4]
  4039dc:	e58d901c 	str	r9, [sp, #28]
  4039e0:	e58d3008 	str	r3, [sp, #8]
  4039e4:	e58d3004 	str	r3, [sp, #4]
  4039e8:	e59d9014 	ldr	r9, [sp, #20]
  4039ec:	e3590000 	cmp	r9, #0
  4039f0:	ba0000e8 	blt	403d98 <__kernel_rem_pio2+0xab8>
  4039f4:	e59f8514 	ldr	r8, [pc, #1300]	; 403f10 <__kernel_rem_pio2+0xc30>
  4039f8:	e1a0500b 	mov	r5, fp
  4039fc:	e3a02101 	mov	r2, #1073741824	; 0x40000000
  403a00:	e59f350c 	ldr	r3, [pc, #1292]	; 403f14 <__kernel_rem_pio2+0xc34>
  403a04:	e3a06000 	mov	r6, #0
  403a08:	e3a07000 	mov	r7, #0
  403a0c:	e3a04000 	mov	r4, #0
  403a10:	ea000002 	b	403a20 <__kernel_rem_pio2+0x740>
  403a14:	e154000a 	cmp	r4, sl
  403a18:	ca00000c 	bgt	403a50 <__kernel_rem_pio2+0x770>
  403a1c:	e8b8000c 	ldm	r8!, {r2, r3}
  403a20:	e8b50003 	ldm	r5!, {r0, r1}
  403a24:	eb00048b 	bl	404c58 <__aeabi_dmul>
  403a28:	e1a02000 	mov	r2, r0
  403a2c:	e1a03001 	mov	r3, r1
  403a30:	e1a00006 	mov	r0, r6
  403a34:	e1a01007 	mov	r1, r7
  403a38:	eb000380 	bl	404840 <__adddf3>
  403a3c:	e2844001 	add	r4, r4, #1
  403a40:	e1590004 	cmp	r9, r4
  403a44:	e1a06000 	mov	r6, r0
  403a48:	e1a07001 	mov	r7, r1
  403a4c:	aafffff0 	bge	403a14 <__kernel_rem_pio2+0x734>
  403a50:	e28d3d07 	add	r3, sp, #448	; 0x1c0
  403a54:	e15b0003 	cmp	fp, r3
  403a58:	e59d3004 	ldr	r3, [sp, #4]
  403a5c:	e8a300c0 	stmia	r3!, {r6, r7}
  403a60:	e28aa001 	add	sl, sl, #1
  403a64:	e58d3004 	str	r3, [sp, #4]
  403a68:	e24bb008 	sub	fp, fp, #8
  403a6c:	1affffde 	bne	4039ec <__kernel_rem_pio2+0x70c>
  403a70:	e59d3288 	ldr	r3, [sp, #648]	; 0x288
  403a74:	e59d901c 	ldr	r9, [sp, #28]
  403a78:	e3530003 	cmp	r3, #3
  403a7c:	979ff103 	ldrls	pc, [pc, r3, lsl #2]
  403a80:	ea000023 	b	403b14 <__kernel_rem_pio2+0x834>
  403a84:	00403d40 	.word	0x00403d40
  403a88:	00403d04 	.word	0x00403d04
  403a8c:	00403d04 	.word	0x00403d04
  403a90:	00403b5c 	.word	0x00403b5c
  403a94:	e3a05000 	mov	r5, #0
  403a98:	e1a04005 	mov	r4, r5
  403a9c:	e1a03004 	mov	r3, r4
  403aa0:	e1a02005 	mov	r2, r5
  403aa4:	e28d1e12 	add	r1, sp, #288	; 0x120
  403aa8:	e8910003 	ldm	r1, {r0, r1}
  403aac:	eb000362 	bl	40483c <__aeabi_dsub>
  403ab0:	e59d300c 	ldr	r3, [sp, #12]
  403ab4:	e3530000 	cmp	r3, #0
  403ab8:	1a0000ed 	bne	403e74 <__kernel_rem_pio2+0xb94>
  403abc:	e1a02005 	mov	r2, r5
  403ac0:	e1a03004 	mov	r3, r4
  403ac4:	e59dc02c 	ldr	ip, [sp, #44]	; 0x2c
  403ac8:	e3590000 	cmp	r9, #0
  403acc:	e88c000c 	stm	ip, {r2, r3}
  403ad0:	da00000a 	ble	403b00 <__kernel_rem_pio2+0x820>
  403ad4:	e3a06001 	mov	r6, #1
  403ad8:	e28d7f4a 	add	r7, sp, #296	; 0x128
  403adc:	e8b7000c 	ldm	r7!, {r2, r3}
  403ae0:	e2866001 	add	r6, r6, #1
  403ae4:	eb000355 	bl	404840 <__adddf3>
  403ae8:	e1590006 	cmp	r9, r6
  403aec:	aafffffa 	bge	403adc <__kernel_rem_pio2+0x7fc>
  403af0:	e59d300c 	ldr	r3, [sp, #12]
  403af4:	e3530000 	cmp	r3, #0
  403af8:	0a000000 	beq	403b00 <__kernel_rem_pio2+0x820>
  403afc:	e2811102 	add	r1, r1, #-2147483648	; 0x80000000
  403b00:	e1a03001 	mov	r3, r1
  403b04:	e1a02000 	mov	r2, r0
  403b08:	e59d102c 	ldr	r1, [sp, #44]	; 0x2c
  403b0c:	e5812008 	str	r2, [r1, #8]
  403b10:	e581300c 	str	r3, [r1, #12]
  403b14:	e59d3010 	ldr	r3, [sp, #16]
  403b18:	e2030007 	and	r0, r3, #7
  403b1c:	e28ddf99 	add	sp, sp, #612	; 0x264
  403b20:	e8bd4ff0 	pop	{r4, r5, r6, r7, r8, r9, sl, fp, lr}
  403b24:	e12fff1e 	bx	lr
  403b28:	e59d3004 	ldr	r3, [sp, #4]
  403b2c:	e2432001 	sub	r2, r3, #1
  403b30:	e28d3e26 	add	r3, sp, #608	; 0x260
  403b34:	e0832102 	add	r2, r3, r2, lsl #2
  403b38:	e5123230 	ldr	r3, [r2, #-560]	; 0xfffffdd0
  403b3c:	e3c334ff 	bic	r3, r3, #-16777216	; 0xff000000
  403b40:	e3c33502 	bic	r3, r3, #8388608	; 0x800000
  403b44:	e5023230 	str	r3, [r2, #-560]	; 0xfffffdd0
  403b48:	eaffff1f 	b	4037cc <__kernel_rem_pio2+0x4ec>
  403b4c:	e3a01000 	mov	r1, #0
  403b50:	e3e03017 	mvn	r3, #23
  403b54:	e58d101c 	str	r1, [sp, #28]
  403b58:	eafffdf7 	b	40333c <__kernel_rem_pio2+0x5c>
  403b5c:	e3590000 	cmp	r9, #0
  403b60:	da0000e0 	ble	403ee8 <__kernel_rem_pio2+0xc08>
  403b64:	e1a03189 	lsl	r3, r9, #3
  403b68:	e28d2e26 	add	r2, sp, #608	; 0x260
  403b6c:	e58d3014 	str	r3, [sp, #20]
  403b70:	e0823003 	add	r3, r2, r3
  403b74:	e243bd05 	sub	fp, r3, #320	; 0x140
  403b78:	e89b0c00 	ldm	fp, {sl, fp}
  403b7c:	e28d3e12 	add	r3, sp, #288	; 0x120
  403b80:	e58d3008 	str	r3, [sp, #8]
  403b84:	e0838189 	add	r8, r3, r9, lsl #3
  403b88:	e93800c0 	ldmdb	r8!, {r6, r7}
  403b8c:	e1a0200a 	mov	r2, sl
  403b90:	e1a0300b 	mov	r3, fp
  403b94:	e1a00006 	mov	r0, r6
  403b98:	e1a01007 	mov	r1, r7
  403b9c:	eb000327 	bl	404840 <__adddf3>
  403ba0:	e1a04000 	mov	r4, r0
  403ba4:	e1a05001 	mov	r5, r1
  403ba8:	e1a02000 	mov	r2, r0
  403bac:	e1a03001 	mov	r3, r1
  403bb0:	e1a00006 	mov	r0, r6
  403bb4:	e1a01007 	mov	r1, r7
  403bb8:	eb00031f 	bl	40483c <__aeabi_dsub>
  403bbc:	e1a0300b 	mov	r3, fp
  403bc0:	e1a0200a 	mov	r2, sl
  403bc4:	eb00031d 	bl	404840 <__adddf3>
  403bc8:	e59d3008 	ldr	r3, [sp, #8]
  403bcc:	e1530008 	cmp	r3, r8
  403bd0:	e5880008 	str	r0, [r8, #8]
  403bd4:	e588100c 	str	r1, [r8, #12]
  403bd8:	e8880030 	stm	r8, {r4, r5}
  403bdc:	e1a0a004 	mov	sl, r4
  403be0:	e1a0b005 	mov	fp, r5
  403be4:	1affffe7 	bne	403b88 <__kernel_rem_pio2+0x8a8>
  403be8:	e3590001 	cmp	r9, #1
  403bec:	da0000bd 	ble	403ee8 <__kernel_rem_pio2+0xc08>
  403bf0:	e59d1014 	ldr	r1, [sp, #20]
  403bf4:	e28d3e26 	add	r3, sp, #608	; 0x260
  403bf8:	e0833001 	add	r3, r3, r1
  403bfc:	e249921e 	sub	r9, r9, #-536870911	; 0xe0000001
  403c00:	e1a02189 	lsl	r2, r9, #3
  403c04:	e2437d05 	sub	r7, r3, #320	; 0x140
  403c08:	e89700c0 	ldm	r7, {r6, r7}
  403c0c:	e59d3008 	ldr	r3, [sp, #8]
  403c10:	e282a008 	add	sl, r2, #8
  403c14:	e58d2004 	str	r2, [sp, #4]
  403c18:	e083a00a 	add	sl, r3, sl
  403c1c:	e28dbf4a 	add	fp, sp, #296	; 0x128
  403c20:	e93a0300 	ldmdb	sl!, {r8, r9}
  403c24:	e1a02006 	mov	r2, r6
  403c28:	e1a03007 	mov	r3, r7
  403c2c:	e1a00008 	mov	r0, r8
  403c30:	e1a01009 	mov	r1, r9
  403c34:	eb000301 	bl	404840 <__adddf3>
  403c38:	e1a04000 	mov	r4, r0
  403c3c:	e1a05001 	mov	r5, r1
  403c40:	e1a02000 	mov	r2, r0
  403c44:	e1a03001 	mov	r3, r1
  403c48:	e1a00008 	mov	r0, r8
  403c4c:	e1a01009 	mov	r1, r9
  403c50:	eb0002f9 	bl	40483c <__aeabi_dsub>
  403c54:	e1a02006 	mov	r2, r6
  403c58:	e1a03007 	mov	r3, r7
  403c5c:	eb0002f7 	bl	404840 <__adddf3>
  403c60:	e15b000a 	cmp	fp, sl
  403c64:	e58a0008 	str	r0, [sl, #8]
  403c68:	e58a100c 	str	r1, [sl, #12]
  403c6c:	e88a0030 	stm	sl, {r4, r5}
  403c70:	e1a06004 	mov	r6, r4
  403c74:	e1a07005 	mov	r7, r5
  403c78:	1affffe8 	bne	403c20 <__kernel_rem_pio2+0x940>
  403c7c:	e3a03000 	mov	r3, #0
  403c80:	e1a02003 	mov	r2, r3
  403c84:	e59d1004 	ldr	r1, [sp, #4]
  403c88:	e2814010 	add	r4, r1, #16
  403c8c:	e59d1008 	ldr	r1, [sp, #8]
  403c90:	e0814004 	add	r4, r1, r4
  403c94:	e2815010 	add	r5, r1, #16
  403c98:	e1a00003 	mov	r0, r3
  403c9c:	e1a01002 	mov	r1, r2
  403ca0:	e934000c 	ldmdb	r4!, {r2, r3}
  403ca4:	eb0002e5 	bl	404840 <__adddf3>
  403ca8:	e1550004 	cmp	r5, r4
  403cac:	e1a03000 	mov	r3, r0
  403cb0:	e1a02001 	mov	r2, r1
  403cb4:	1afffff7 	bne	403c98 <__kernel_rem_pio2+0x9b8>
  403cb8:	e59d100c 	ldr	r1, [sp, #12]
  403cbc:	e28d8e12 	add	r8, sp, #288	; 0x120
  403cc0:	e3510000 	cmp	r1, #0
  403cc4:	e8984300 	ldm	r8, {r8, r9, lr}
  403cc8:	e59dc12c 	ldr	ip, [sp, #300]	; 0x12c
  403ccc:	1a00006f 	bne	403e90 <__kernel_rem_pio2+0xbb0>
  403cd0:	e1a00003 	mov	r0, r3
  403cd4:	e1a06008 	mov	r6, r8
  403cd8:	e1a0400e 	mov	r4, lr
  403cdc:	e1a07009 	mov	r7, r9
  403ce0:	e1a0500c 	mov	r5, ip
  403ce4:	e1a01002 	mov	r1, r2
  403ce8:	e59d302c 	ldr	r3, [sp, #44]	; 0x2c
  403cec:	e88300c0 	stm	r3, {r6, r7}
  403cf0:	e5834008 	str	r4, [r3, #8]
  403cf4:	e583500c 	str	r5, [r3, #12]
  403cf8:	e5830010 	str	r0, [r3, #16]
  403cfc:	e5831014 	str	r1, [r3, #20]
  403d00:	eaffff83 	b	403b14 <__kernel_rem_pio2+0x834>
  403d04:	e3a05000 	mov	r5, #0
  403d08:	e1a04005 	mov	r4, r5
  403d0c:	e59d3018 	ldr	r3, [sp, #24]
  403d10:	e59d7008 	ldr	r7, [sp, #8]
  403d14:	e2836008 	add	r6, r3, #8
  403d18:	e0876006 	add	r6, r7, r6
  403d1c:	e1a00005 	mov	r0, r5
  403d20:	e1a01004 	mov	r1, r4
  403d24:	e936000c 	ldmdb	r6!, {r2, r3}
  403d28:	eb0002c4 	bl	404840 <__adddf3>
  403d2c:	e1570006 	cmp	r7, r6
  403d30:	e1a05000 	mov	r5, r0
  403d34:	e1a04001 	mov	r4, r1
  403d38:	1afffff7 	bne	403d1c <__kernel_rem_pio2+0xa3c>
  403d3c:	eaffff56 	b	403a9c <__kernel_rem_pio2+0x7bc>
  403d40:	e3a02000 	mov	r2, #0
  403d44:	e1a03002 	mov	r3, r2
  403d48:	e59d1018 	ldr	r1, [sp, #24]
  403d4c:	e59d5008 	ldr	r5, [sp, #8]
  403d50:	e2814008 	add	r4, r1, #8
  403d54:	e0854004 	add	r4, r5, r4
  403d58:	e1a00002 	mov	r0, r2
  403d5c:	e1a01003 	mov	r1, r3
  403d60:	e934000c 	ldmdb	r4!, {r2, r3}
  403d64:	eb0002b5 	bl	404840 <__adddf3>
  403d68:	e1550004 	cmp	r5, r4
  403d6c:	e1a02000 	mov	r2, r0
  403d70:	e1a03001 	mov	r3, r1
  403d74:	1afffff7 	bne	403d58 <__kernel_rem_pio2+0xa78>
  403d78:	e59d100c 	ldr	r1, [sp, #12]
  403d7c:	e3510000 	cmp	r1, #0
  403d80:	12833102 	addne	r3, r3, #-2147483648	; 0x80000000
  403d84:	e1a01003 	mov	r1, r3
  403d88:	e1a00002 	mov	r0, r2
  403d8c:	e59d302c 	ldr	r3, [sp, #44]	; 0x2c
  403d90:	e8830003 	stm	r3, {r0, r1}
  403d94:	eaffff5e 	b	403b14 <__kernel_rem_pio2+0x834>
  403d98:	e3a06000 	mov	r6, #0
  403d9c:	e3a07000 	mov	r7, #0
  403da0:	eaffff2a 	b	403a50 <__kernel_rem_pio2+0x770>
  403da4:	e3a04000 	mov	r4, #0
  403da8:	eafffe78 	b	403790 <__kernel_rem_pio2+0x4b0>
  403dac:	e1a01007 	mov	r1, r7
  403db0:	e59d7018 	ldr	r7, [sp, #24]
  403db4:	e1a00006 	mov	r0, r6
  403db8:	e2672000 	rsb	r2, r7, #0
  403dbc:	e58d500c 	str	r5, [sp, #12]
  403dc0:	e58d8010 	str	r8, [sp, #16]
  403dc4:	eb0000db 	bl	404138 <scalbn>
  403dc8:	e3a02000 	mov	r2, #0
  403dcc:	e59f312c 	ldr	r3, [pc, #300]	; 403f00 <__kernel_rem_pio2+0xc20>
  403dd0:	e1a04000 	mov	r4, r0
  403dd4:	e1a05001 	mov	r5, r1
  403dd8:	eb00050a 	bl	405208 <__aeabi_dcmpge>
  403ddc:	e3500000 	cmp	r0, #0
  403de0:	0a00001a 	beq	403e50 <__kernel_rem_pio2+0xb70>
  403de4:	e3a02000 	mov	r2, #0
  403de8:	e59f310c 	ldr	r3, [pc, #268]	; 403efc <__kernel_rem_pio2+0xc1c>
  403dec:	e1a00004 	mov	r0, r4
  403df0:	e1a01005 	mov	r1, r5
  403df4:	eb000397 	bl	404c58 <__aeabi_dmul>
  403df8:	eb00051c 	bl	405270 <__aeabi_d2iz>
  403dfc:	e1a06000 	mov	r6, r0
  403e00:	eb00035b 	bl	404b74 <__aeabi_i2d>
  403e04:	e3a02000 	mov	r2, #0
  403e08:	e59f30f0 	ldr	r3, [pc, #240]	; 403f00 <__kernel_rem_pio2+0xc20>
  403e0c:	eb000391 	bl	404c58 <__aeabi_dmul>
  403e10:	e1a02000 	mov	r2, r0
  403e14:	e1a03001 	mov	r3, r1
  403e18:	e1a00004 	mov	r0, r4
  403e1c:	e1a01005 	mov	r1, r5
  403e20:	eb000285 	bl	40483c <__aeabi_dsub>
  403e24:	eb000511 	bl	405270 <__aeabi_d2iz>
  403e28:	e59d3004 	ldr	r3, [sp, #4]
  403e2c:	e28d2e26 	add	r2, sp, #608	; 0x260
  403e30:	e2839001 	add	r9, r3, #1
  403e34:	e082b103 	add	fp, r2, r3, lsl #2
  403e38:	e0823109 	add	r3, r2, r9, lsl #2
  403e3c:	e2872018 	add	r2, r7, #24
  403e40:	e50b0230 	str	r0, [fp, #-560]	; 0xfffffdd0
  403e44:	e58d2018 	str	r2, [sp, #24]
  403e48:	e5036230 	str	r6, [r3, #-560]	; 0xfffffdd0
  403e4c:	eafffeba 	b	40393c <__kernel_rem_pio2+0x65c>
  403e50:	e1a00004 	mov	r0, r4
  403e54:	e1a01005 	mov	r1, r5
  403e58:	eb000504 	bl	405270 <__aeabi_d2iz>
  403e5c:	e59d3004 	ldr	r3, [sp, #4]
  403e60:	e28d2e26 	add	r2, sp, #608	; 0x260
  403e64:	e082b103 	add	fp, r2, r3, lsl #2
  403e68:	e1a09003 	mov	r9, r3
  403e6c:	e50b0230 	str	r0, [fp, #-560]	; 0xfffffdd0
  403e70:	eafffeb1 	b	40393c <__kernel_rem_pio2+0x65c>
  403e74:	e59d302c 	ldr	r3, [sp, #44]	; 0x2c
  403e78:	e2844102 	add	r4, r4, #-2147483648	; 0x80000000
  403e7c:	e3590000 	cmp	r9, #0
  403e80:	e5834004 	str	r4, [r3, #4]
  403e84:	e5835000 	str	r5, [r3]
  403e88:	caffff11 	bgt	403ad4 <__kernel_rem_pio2+0x7f4>
  403e8c:	eaffff1a 	b	403afc <__kernel_rem_pio2+0x81c>
  403e90:	e59d102c 	ldr	r1, [sp, #44]	; 0x2c
  403e94:	e2899102 	add	r9, r9, #-2147483648	; 0x80000000
  403e98:	e28cc102 	add	ip, ip, #-2147483648	; 0x80000000
  403e9c:	e2822102 	add	r2, r2, #-2147483648	; 0x80000000
  403ea0:	e5819004 	str	r9, [r1, #4]
  403ea4:	e581c00c 	str	ip, [r1, #12]
  403ea8:	e5812014 	str	r2, [r1, #20]
  403eac:	e5818000 	str	r8, [r1]
  403eb0:	e581e008 	str	lr, [r1, #8]
  403eb4:	e5813010 	str	r3, [r1, #16]
  403eb8:	eaffff15 	b	403b14 <__kernel_rem_pio2+0x834>
  403ebc:	e59d3288 	ldr	r3, [sp, #648]	; 0x288
  403ec0:	e3530003 	cmp	r3, #3
  403ec4:	979ff103 	ldrls	pc, [pc, r3, lsl #2]
  403ec8:	eaffff11 	b	403b14 <__kernel_rem_pio2+0x834>
  403ecc:	00403edc 	.word	0x00403edc
  403ed0:	00403a94 	.word	0x00403a94
  403ed4:	00403a94 	.word	0x00403a94
  403ed8:	00403b5c 	.word	0x00403b5c
  403edc:	e3a02000 	mov	r2, #0
  403ee0:	e1a03002 	mov	r3, r2
  403ee4:	eaffffa3 	b	403d78 <__kernel_rem_pio2+0xa98>
  403ee8:	e3a03000 	mov	r3, #0
  403eec:	e1a02003 	mov	r2, r3
  403ef0:	eaffff70 	b	403cb8 <__kernel_rem_pio2+0x9d8>
  403ef4:	00406638 	.word	0x00406638
  403ef8:	2aaaaaab 	.word	0x2aaaaaab
  403efc:	3e700000 	.word	0x3e700000
  403f00:	41700000 	.word	0x41700000
  403f04:	40200000 	.word	0x40200000
  403f08:	3ff00000 	.word	0x3ff00000
  403f0c:	3fe00000 	.word	0x3fe00000
  403f10:	00406650 	.word	0x00406650
  403f14:	3ff921fb 	.word	0x3ff921fb

00403f18 <__kernel_sin>:
  403f18:	e92d4ff0 	push	{r4, r5, r6, r7, r8, r9, sl, fp, lr}
  403f1c:	e3c1c102 	bic	ip, r1, #-2147483648	; 0x80000000
  403f20:	e35c05f9 	cmp	ip, #1044381696	; 0x3e400000
  403f24:	e24dd014 	sub	sp, sp, #20
  403f28:	e1a04001 	mov	r4, r1
  403f2c:	e1a08002 	mov	r8, r2
  403f30:	e1a09003 	mov	r9, r3
  403f34:	e1a05000 	mov	r5, r0
  403f38:	aa000002 	bge	403f48 <__kernel_sin+0x30>
  403f3c:	eb0004cb 	bl	405270 <__aeabi_d2iz>
  403f40:	e3500000 	cmp	r0, #0
  403f44:	0a000066 	beq	4040e4 <__kernel_sin+0x1cc>
  403f48:	e1a02005 	mov	r2, r5
  403f4c:	e1a03004 	mov	r3, r4
  403f50:	e1a00005 	mov	r0, r5
  403f54:	e1a01004 	mov	r1, r4
  403f58:	eb00033e 	bl	404c58 <__aeabi_dmul>
  403f5c:	e1a06000 	mov	r6, r0
  403f60:	e1a07001 	mov	r7, r1
  403f64:	e1a02000 	mov	r2, r0
  403f68:	e1a03001 	mov	r3, r1
  403f6c:	e1a00005 	mov	r0, r5
  403f70:	e1a01004 	mov	r1, r4
  403f74:	eb000337 	bl	404c58 <__aeabi_dmul>
  403f78:	e28f3f5e 	add	r3, pc, #376	; 0x178
  403f7c:	e893000c 	ldm	r3, {r2, r3}
  403f80:	e1a0a000 	mov	sl, r0
  403f84:	e1a0b001 	mov	fp, r1
  403f88:	e1a00006 	mov	r0, r6
  403f8c:	e1a01007 	mov	r1, r7
  403f90:	eb000330 	bl	404c58 <__aeabi_dmul>
  403f94:	e28f3f59 	add	r3, pc, #356	; 0x164
  403f98:	e893000c 	ldm	r3, {r2, r3}
  403f9c:	eb000226 	bl	40483c <__aeabi_dsub>
  403fa0:	e1a02006 	mov	r2, r6
  403fa4:	e1a03007 	mov	r3, r7
  403fa8:	eb00032a 	bl	404c58 <__aeabi_dmul>
  403fac:	e28f3f55 	add	r3, pc, #340	; 0x154
  403fb0:	e893000c 	ldm	r3, {r2, r3}
  403fb4:	eb000221 	bl	404840 <__adddf3>
  403fb8:	e1a02006 	mov	r2, r6
  403fbc:	e1a03007 	mov	r3, r7
  403fc0:	eb000324 	bl	404c58 <__aeabi_dmul>
  403fc4:	e28f3f51 	add	r3, pc, #324	; 0x144
  403fc8:	e893000c 	ldm	r3, {r2, r3}
  403fcc:	eb00021a 	bl	40483c <__aeabi_dsub>
  403fd0:	e1a02006 	mov	r2, r6
  403fd4:	e1a03007 	mov	r3, r7
  403fd8:	eb00031e 	bl	404c58 <__aeabi_dmul>
  403fdc:	e28f3f4d 	add	r3, pc, #308	; 0x134
  403fe0:	e893000c 	ldm	r3, {r2, r3}
  403fe4:	eb000215 	bl	404840 <__adddf3>
  403fe8:	e59d3038 	ldr	r3, [sp, #56]	; 0x38
  403fec:	e3530000 	cmp	r3, #0
  403ff0:	e88d0003 	stm	sp, {r0, r1}
  403ff4:	0a000029 	beq	4040a0 <__kernel_sin+0x188>
  403ff8:	e3a02000 	mov	r2, #0
  403ffc:	e59f3124 	ldr	r3, [pc, #292]	; 404128 <__kernel_sin+0x210>
  404000:	e1a00008 	mov	r0, r8
  404004:	e1a01009 	mov	r1, r9
  404008:	eb000312 	bl	404c58 <__aeabi_dmul>
  40400c:	e89d000c 	ldm	sp, {r2, r3}
  404010:	e58d0008 	str	r0, [sp, #8]
  404014:	e58d100c 	str	r1, [sp, #12]
  404018:	e1a0000a 	mov	r0, sl
  40401c:	e1a0100b 	mov	r1, fp
  404020:	eb00030c 	bl	404c58 <__aeabi_dmul>
  404024:	e1a02000 	mov	r2, r0
  404028:	e1a03001 	mov	r3, r1
  40402c:	e28d1008 	add	r1, sp, #8
  404030:	e8910003 	ldm	r1, {r0, r1}
  404034:	eb000200 	bl	40483c <__aeabi_dsub>
  404038:	e1a02006 	mov	r2, r6
  40403c:	e1a03007 	mov	r3, r7
  404040:	eb000304 	bl	404c58 <__aeabi_dmul>
  404044:	e1a02008 	mov	r2, r8
  404048:	e1a03009 	mov	r3, r9
  40404c:	eb0001fa 	bl	40483c <__aeabi_dsub>
  404050:	e28f30c8 	add	r3, pc, #200	; 0xc8
  404054:	e893000c 	ldm	r3, {r2, r3}
  404058:	e1a06000 	mov	r6, r0
  40405c:	e1a07001 	mov	r7, r1
  404060:	e1a0000a 	mov	r0, sl
  404064:	e1a0100b 	mov	r1, fp
  404068:	eb0002fa 	bl	404c58 <__aeabi_dmul>
  40406c:	e1a02000 	mov	r2, r0
  404070:	e1a03001 	mov	r3, r1
  404074:	e1a00006 	mov	r0, r6
  404078:	e1a01007 	mov	r1, r7
  40407c:	eb0001ef 	bl	404840 <__adddf3>
  404080:	e1a02000 	mov	r2, r0
  404084:	e1a03001 	mov	r3, r1
  404088:	e1a00005 	mov	r0, r5
  40408c:	e1a01004 	mov	r1, r4
  404090:	eb0001e9 	bl	40483c <__aeabi_dsub>
  404094:	e28dd014 	add	sp, sp, #20
  404098:	e8bd4ff0 	pop	{r4, r5, r6, r7, r8, r9, sl, fp, lr}
  40409c:	e12fff1e 	bx	lr
  4040a0:	e1a02000 	mov	r2, r0
  4040a4:	e1a03001 	mov	r3, r1
  4040a8:	e1a00006 	mov	r0, r6
  4040ac:	e1a01007 	mov	r1, r7
  4040b0:	eb0002e8 	bl	404c58 <__aeabi_dmul>
  4040b4:	e28f3064 	add	r3, pc, #100	; 0x64
  4040b8:	e893000c 	ldm	r3, {r2, r3}
  4040bc:	eb0001de 	bl	40483c <__aeabi_dsub>
  4040c0:	e1a0200a 	mov	r2, sl
  4040c4:	e1a0300b 	mov	r3, fp
  4040c8:	eb0002e2 	bl	404c58 <__aeabi_dmul>
  4040cc:	e1a02005 	mov	r2, r5
  4040d0:	e1a03004 	mov	r3, r4
  4040d4:	eb0001d9 	bl	404840 <__adddf3>
  4040d8:	e28dd014 	add	sp, sp, #20
  4040dc:	e8bd4ff0 	pop	{r4, r5, r6, r7, r8, r9, sl, fp, lr}
  4040e0:	e12fff1e 	bx	lr
  4040e4:	e1a00005 	mov	r0, r5
  4040e8:	e1a01004 	mov	r1, r4
  4040ec:	e28dd014 	add	sp, sp, #20
  4040f0:	e8bd4ff0 	pop	{r4, r5, r6, r7, r8, r9, sl, fp, lr}
  4040f4:	e12fff1e 	bx	lr
  4040f8:	5acfd57c 	.word	0x5acfd57c
  4040fc:	3de5d93a 	.word	0x3de5d93a
  404100:	8a2b9ceb 	.word	0x8a2b9ceb
  404104:	3e5ae5e6 	.word	0x3e5ae5e6
  404108:	57b1fe7d 	.word	0x57b1fe7d
  40410c:	3ec71de3 	.word	0x3ec71de3
  404110:	19c161d5 	.word	0x19c161d5
  404114:	3f2a01a0 	.word	0x3f2a01a0
  404118:	1110f8a6 	.word	0x1110f8a6
  40411c:	3f811111 	.word	0x3f811111
  404120:	55555549 	.word	0x55555549
  404124:	3fc55555 	.word	0x3fc55555
  404128:	3fe00000 	.word	0x3fe00000

0040412c <fabs>:
  40412c:	e3c13102 	bic	r3, r1, #-2147483648	; 0x80000000
  404130:	e1a01003 	mov	r1, r3
  404134:	e12fff1e 	bx	lr

00404138 <scalbn>:
  404138:	e92d41f0 	push	{r4, r5, r6, r7, r8, lr}
  40413c:	e59f6164 	ldr	r6, [pc, #356]	; 4042a8 <scalbn+0x170>
  404140:	e016ca41 	ands	ip, r6, r1, asr #20
  404144:	e1a04000 	mov	r4, r0
  404148:	e1a05001 	mov	r5, r1
  40414c:	e1a03001 	mov	r3, r1
  404150:	e1a07002 	mov	r7, r2
  404154:	1a000021 	bne	4041e0 <scalbn+0xa8>
  404158:	e3c13102 	bic	r3, r1, #-2147483648	; 0x80000000
  40415c:	e1933000 	orrs	r3, r3, r0
  404160:	0a00001c 	beq	4041d8 <scalbn+0xa0>
  404164:	e59f3140 	ldr	r3, [pc, #320]	; 4042ac <scalbn+0x174>
  404168:	e3a02000 	mov	r2, #0
  40416c:	eb0002b9 	bl	404c58 <__aeabi_dmul>
  404170:	e59f3138 	ldr	r3, [pc, #312]	; 4042b0 <scalbn+0x178>
  404174:	e1570003 	cmp	r7, r3
  404178:	a1a03001 	movge	r3, r1
  40417c:	a006ca43 	andge	ip, r6, r3, asr #20
  404180:	e1a04000 	mov	r4, r0
  404184:	e1a05001 	mov	r5, r1
  404188:	a24cc036 	subge	ip, ip, #54	; 0x36
  40418c:	ba00000e 	blt	4041cc <scalbn+0x94>
  404190:	e59f211c 	ldr	r2, [pc, #284]	; 4042b4 <scalbn+0x17c>
  404194:	e087c00c 	add	ip, r7, ip
  404198:	e15c0002 	cmp	ip, r2
  40419c:	ca000015 	bgt	4041f8 <scalbn+0xc0>
  4041a0:	e35c0000 	cmp	ip, #0
  4041a4:	ca00002d 	bgt	404260 <scalbn+0x128>
  4041a8:	e37c0035 	cmn	ip, #53	; 0x35
  4041ac:	aa000020 	bge	404234 <scalbn+0xfc>
  4041b0:	e59f3100 	ldr	r3, [pc, #256]	; 4042b8 <scalbn+0x180>
  4041b4:	e1570003 	cmp	r7, r3
  4041b8:	ca00000e 	bgt	4041f8 <scalbn+0xc0>
  4041bc:	e3550000 	cmp	r5, #0
  4041c0:	e28f10c0 	add	r1, pc, #192	; 0xc0
  4041c4:	e8910003 	ldm	r1, {r0, r1}
  4041c8:	ba00002b 	blt	40427c <scalbn+0x144>
  4041cc:	e28f30b4 	add	r3, pc, #180	; 0xb4
  4041d0:	e893000c 	ldm	r3, {r2, r3}
  4041d4:	eb00029f 	bl	404c58 <__aeabi_dmul>
  4041d8:	e8bd41f0 	pop	{r4, r5, r6, r7, r8, lr}
  4041dc:	e12fff1e 	bx	lr
  4041e0:	e15c0006 	cmp	ip, r6
  4041e4:	1affffe9 	bne	404190 <scalbn+0x58>
  4041e8:	e1a02000 	mov	r2, r0
  4041ec:	eb000193 	bl	404840 <__adddf3>
  4041f0:	e8bd41f0 	pop	{r4, r5, r6, r7, r8, lr}
  4041f4:	e12fff1e 	bx	lr
  4041f8:	e3550000 	cmp	r5, #0
  4041fc:	e28f108c 	add	r1, pc, #140	; 0x8c
  404200:	e8910003 	ldm	r1, {r0, r1}
  404204:	ba000004 	blt	40421c <scalbn+0xe4>
  404208:	e28f3080 	add	r3, pc, #128	; 0x80
  40420c:	e893000c 	ldm	r3, {r2, r3}
  404210:	eb000290 	bl	404c58 <__aeabi_dmul>
  404214:	e8bd41f0 	pop	{r4, r5, r6, r7, r8, lr}
  404218:	e12fff1e 	bx	lr
  40421c:	e28f306c 	add	r3, pc, #108	; 0x6c
  404220:	e893000c 	ldm	r3, {r2, r3}
  404224:	e28f106c 	add	r1, pc, #108	; 0x6c
  404228:	e8910003 	ldm	r1, {r0, r1}
  40422c:	eb000289 	bl	404c58 <__aeabi_dmul>
  404230:	eafffff7 	b	404214 <scalbn+0xdc>
  404234:	e3c3347f 	bic	r3, r3, #2130706432	; 0x7f000000
  404238:	e3c3360f 	bic	r3, r3, #15728640	; 0xf00000
  40423c:	e28cc036 	add	ip, ip, #54	; 0x36
  404240:	e1835a0c 	orr	r5, r3, ip, lsl #20
  404244:	e1a00004 	mov	r0, r4
  404248:	e1a01005 	mov	r1, r5
  40424c:	e3a02000 	mov	r2, #0
  404250:	e59f3064 	ldr	r3, [pc, #100]	; 4042bc <scalbn+0x184>
  404254:	eb00027f 	bl	404c58 <__aeabi_dmul>
  404258:	e8bd41f0 	pop	{r4, r5, r6, r7, r8, lr}
  40425c:	e12fff1e 	bx	lr
  404260:	e3c3347f 	bic	r3, r3, #2130706432	; 0x7f000000
  404264:	e3c3360f 	bic	r3, r3, #15728640	; 0xf00000
  404268:	e1835a0c 	orr	r5, r3, ip, lsl #20
  40426c:	e1a00004 	mov	r0, r4
  404270:	e1a01005 	mov	r1, r5
  404274:	e8bd41f0 	pop	{r4, r5, r6, r7, r8, lr}
  404278:	e12fff1e 	bx	lr
  40427c:	e28f101c 	add	r1, pc, #28
  404280:	e8910003 	ldm	r1, {r0, r1}
  404284:	eaffffd0 	b	4041cc <scalbn+0x94>
  404288:	c2f8f359 	.word	0xc2f8f359
  40428c:	01a56e1f 	.word	0x01a56e1f
  404290:	8800759c 	.word	0x8800759c
  404294:	7e37e43c 	.word	0x7e37e43c
  404298:	8800759c 	.word	0x8800759c
  40429c:	fe37e43c 	.word	0xfe37e43c
  4042a0:	c2f8f359 	.word	0xc2f8f359
  4042a4:	81a56e1f 	.word	0x81a56e1f
  4042a8:	000007ff 	.word	0x000007ff
  4042ac:	43500000 	.word	0x43500000
  4042b0:	ffff3cb0 	.word	0xffff3cb0
  4042b4:	000007fe 	.word	0x000007fe
  4042b8:	0000c350 	.word	0x0000c350
  4042bc:	3c900000 	.word	0x3c900000
  4042c0:	e92d4070 	push	{r4, r5, r6, lr}
  4042c4:	e3a0c0ff 	mov	ip, #255	; 0xff
  4042c8:	e38ccc07 	orr	ip, ip, #1792	; 0x700
  4042cc:	e01c4a21 	ands	r4, ip, r1, lsr #20
  4042d0:	101c5a23 	andsne	r5, ip, r3, lsr #20
  4042d4:	1134000c 	teqne	r4, ip
  4042d8:	1135000c 	teqne	r5, ip
  4042dc:	0b000075 	bleq	4044b8 <scalbn+0x380>
  4042e0:	e0844005 	add	r4, r4, r5
  4042e4:	e0216003 	eor	r6, r1, r3
  4042e8:	e1c11a8c 	bic	r1, r1, ip, lsl #21
  4042ec:	e1c33a8c 	bic	r3, r3, ip, lsl #21
  4042f0:	e1905601 	orrs	r5, r0, r1, lsl #12
  4042f4:	11925603 	orrsne	r5, r2, r3, lsl #12
  4042f8:	e3811601 	orr	r1, r1, #1048576	; 0x100000
  4042fc:	e3833601 	orr	r3, r3, #1048576	; 0x100000
  404300:	0a00001d 	beq	40437c <scalbn+0x244>
  404304:	e08ec290 	umull	ip, lr, r0, r2
  404308:	e3a05000 	mov	r5, #0
  40430c:	e0a5e291 	umlal	lr, r5, r1, r2
  404310:	e2062102 	and	r2, r6, #-2147483648	; 0x80000000
  404314:	e0a5e390 	umlal	lr, r5, r0, r3
  404318:	e3a06000 	mov	r6, #0
  40431c:	e0a65391 	umlal	r5, r6, r1, r3
  404320:	e33c0000 	teq	ip, #0
  404324:	138ee001 	orrne	lr, lr, #1
  404328:	e24440ff 	sub	r4, r4, #255	; 0xff
  40432c:	e3560c02 	cmp	r6, #512	; 0x200
  404330:	e2c44c03 	sbc	r4, r4, #768	; 0x300
  404334:	2a000002 	bcs	404344 <scalbn+0x20c>
  404338:	e1b0e08e 	lsls	lr, lr, #1
  40433c:	e0b55005 	adcs	r5, r5, r5
  404340:	e0a66006 	adc	r6, r6, r6
  404344:	e1821586 	orr	r1, r2, r6, lsl #11
  404348:	e1811aa5 	orr	r1, r1, r5, lsr #21
  40434c:	e1a00585 	lsl	r0, r5, #11
  404350:	e1800aae 	orr	r0, r0, lr, lsr #21
  404354:	e1a0e58e 	lsl	lr, lr, #11
  404358:	e254c0fd 	subs	ip, r4, #253	; 0xfd
  40435c:	835c0c07 	cmphi	ip, #1792	; 0x700
  404360:	8a000011 	bhi	4043ac <scalbn+0x274>
  404364:	e35e0102 	cmp	lr, #-2147483648	; 0x80000000
  404368:	01b0e0a0 	lsrseq	lr, r0, #1
  40436c:	e2b00000 	adcs	r0, r0, #0
  404370:	e0a11a04 	adc	r1, r1, r4, lsl #20
  404374:	e8bd4070 	pop	{r4, r5, r6, lr}
  404378:	e12fff1e 	bx	lr
  40437c:	e2066102 	and	r6, r6, #-2147483648	; 0x80000000
  404380:	e1861001 	orr	r1, r6, r1
  404384:	e1800002 	orr	r0, r0, r2
  404388:	e0211003 	eor	r1, r1, r3
  40438c:	e05440ac 	subs	r4, r4, ip, lsr #1
  404390:	c074500c 	rsbsgt	r5, r4, ip
  404394:	c1811a04 	orrgt	r1, r1, r4, lsl #20
  404398:	c8bd4070 	popgt	{r4, r5, r6, lr}
  40439c:	c12fff1e 	bxgt	lr
  4043a0:	e3811601 	orr	r1, r1, #1048576	; 0x100000
  4043a4:	e3a0e000 	mov	lr, #0
  4043a8:	e2544001 	subs	r4, r4, #1
  4043ac:	ca00005d 	bgt	404528 <scalbn+0x3f0>
  4043b0:	e3740036 	cmn	r4, #54	; 0x36
  4043b4:	d3a00000 	movle	r0, #0
  4043b8:	d2011102 	andle	r1, r1, #-2147483648	; 0x80000000
  4043bc:	d8bd4070 	pople	{r4, r5, r6, lr}
  4043c0:	d12fff1e 	bxle	lr
  4043c4:	e2644000 	rsb	r4, r4, #0
  4043c8:	e2544020 	subs	r4, r4, #32
  4043cc:	aa00001a 	bge	40443c <scalbn+0x304>
  4043d0:	e294400c 	adds	r4, r4, #12
  4043d4:	ca00000c 	bgt	40440c <scalbn+0x2d4>
  4043d8:	e2844014 	add	r4, r4, #20
  4043dc:	e2645020 	rsb	r5, r4, #32
  4043e0:	e1a03510 	lsl	r3, r0, r5
  4043e4:	e1a00430 	lsr	r0, r0, r4
  4043e8:	e1800511 	orr	r0, r0, r1, lsl r5
  4043ec:	e2012102 	and	r2, r1, #-2147483648	; 0x80000000
  4043f0:	e3c11102 	bic	r1, r1, #-2147483648	; 0x80000000
  4043f4:	e0900fa3 	adds	r0, r0, r3, lsr #31
  4043f8:	e0a21431 	adc	r1, r2, r1, lsr r4
  4043fc:	e19ee083 	orrs	lr, lr, r3, lsl #1
  404400:	01c00fa3 	biceq	r0, r0, r3, lsr #31
  404404:	e8bd4070 	pop	{r4, r5, r6, lr}
  404408:	e12fff1e 	bx	lr
  40440c:	e264400c 	rsb	r4, r4, #12
  404410:	e2645020 	rsb	r5, r4, #32
  404414:	e1a03410 	lsl	r3, r0, r4
  404418:	e1a00530 	lsr	r0, r0, r5
  40441c:	e1800411 	orr	r0, r0, r1, lsl r4
  404420:	e2011102 	and	r1, r1, #-2147483648	; 0x80000000
  404424:	e0900fa3 	adds	r0, r0, r3, lsr #31
  404428:	e2a11000 	adc	r1, r1, #0
  40442c:	e19ee083 	orrs	lr, lr, r3, lsl #1
  404430:	01c00fa3 	biceq	r0, r0, r3, lsr #31
  404434:	e8bd4070 	pop	{r4, r5, r6, lr}
  404438:	e12fff1e 	bx	lr
  40443c:	e2645020 	rsb	r5, r4, #32
  404440:	e18ee510 	orr	lr, lr, r0, lsl r5
  404444:	e1a03430 	lsr	r3, r0, r4
  404448:	e1833511 	orr	r3, r3, r1, lsl r5
  40444c:	e1a00431 	lsr	r0, r1, r4
  404450:	e2011102 	and	r1, r1, #-2147483648	; 0x80000000
  404454:	e1c00431 	bic	r0, r0, r1, lsr r4
  404458:	e0800fa3 	add	r0, r0, r3, lsr #31
  40445c:	e19ee083 	orrs	lr, lr, r3, lsl #1
  404460:	01c00fa3 	biceq	r0, r0, r3, lsr #31
  404464:	e8bd4070 	pop	{r4, r5, r6, lr}
  404468:	e12fff1e 	bx	lr
  40446c:	e3340000 	teq	r4, #0
  404470:	1a000008 	bne	404498 <scalbn+0x360>
  404474:	e2016102 	and	r6, r1, #-2147483648	; 0x80000000
  404478:	e1b00080 	lsls	r0, r0, #1
  40447c:	e0a11001 	adc	r1, r1, r1
  404480:	e3110601 	tst	r1, #1048576	; 0x100000
  404484:	02444001 	subeq	r4, r4, #1
  404488:	0afffffa 	beq	404478 <scalbn+0x340>
  40448c:	e1811006 	orr	r1, r1, r6
  404490:	e3350000 	teq	r5, #0
  404494:	112fff1e 	bxne	lr
  404498:	e2036102 	and	r6, r3, #-2147483648	; 0x80000000
  40449c:	e1b02082 	lsls	r2, r2, #1
  4044a0:	e0a33003 	adc	r3, r3, r3
  4044a4:	e3130601 	tst	r3, #1048576	; 0x100000
  4044a8:	02455001 	subeq	r5, r5, #1
  4044ac:	0afffffa 	beq	40449c <scalbn+0x364>
  4044b0:	e1833006 	orr	r3, r3, r6
  4044b4:	e12fff1e 	bx	lr
  4044b8:	e134000c 	teq	r4, ip
  4044bc:	e00c5a23 	and	r5, ip, r3, lsr #20
  4044c0:	1135000c 	teqne	r5, ip
  4044c4:	0a000007 	beq	4044e8 <scalbn+0x3b0>
  4044c8:	e1906081 	orrs	r6, r0, r1, lsl #1
  4044cc:	11926083 	orrsne	r6, r2, r3, lsl #1
  4044d0:	1affffe5 	bne	40446c <scalbn+0x334>
  4044d4:	e0211003 	eor	r1, r1, r3
  4044d8:	e2011102 	and	r1, r1, #-2147483648	; 0x80000000
  4044dc:	e3a00000 	mov	r0, #0
  4044e0:	e8bd4070 	pop	{r4, r5, r6, lr}
  4044e4:	e12fff1e 	bx	lr
  4044e8:	e1906081 	orrs	r6, r0, r1, lsl #1
  4044ec:	01a00002 	moveq	r0, r2
  4044f0:	01a01003 	moveq	r1, r3
  4044f4:	11926083 	orrsne	r6, r2, r3, lsl #1
  4044f8:	0a000010 	beq	404540 <scalbn+0x408>
  4044fc:	e134000c 	teq	r4, ip
  404500:	1a000001 	bne	40450c <scalbn+0x3d4>
  404504:	e1906601 	orrs	r6, r0, r1, lsl #12
  404508:	1a00000c 	bne	404540 <scalbn+0x408>
  40450c:	e135000c 	teq	r5, ip
  404510:	1a000003 	bne	404524 <scalbn+0x3ec>
  404514:	e1926603 	orrs	r6, r2, r3, lsl #12
  404518:	11a00002 	movne	r0, r2
  40451c:	11a01003 	movne	r1, r3
  404520:	1a000006 	bne	404540 <scalbn+0x408>
  404524:	e0211003 	eor	r1, r1, r3
  404528:	e2011102 	and	r1, r1, #-2147483648	; 0x80000000
  40452c:	e381147f 	orr	r1, r1, #2130706432	; 0x7f000000
  404530:	e381160f 	orr	r1, r1, #15728640	; 0xf00000
  404534:	e3a00000 	mov	r0, #0
  404538:	e8bd4070 	pop	{r4, r5, r6, lr}
  40453c:	e12fff1e 	bx	lr
  404540:	e381147f 	orr	r1, r1, #2130706432	; 0x7f000000
  404544:	e381173e 	orr	r1, r1, #16252928	; 0xf80000
  404548:	e8bd4070 	pop	{r4, r5, r6, lr}
  40454c:	e12fff1e 	bx	lr

00404550 <__aeabi_fmul>:
  404550:	e3a0c0ff 	mov	ip, #255	; 0xff
  404554:	e01c2ba0 	ands	r2, ip, r0, lsr #23
  404558:	101c3ba1 	andsne	r3, ip, r1, lsr #23
  40455c:	1132000c 	teqne	r2, ip
  404560:	1133000c 	teqne	r3, ip
  404564:	0a00003e 	beq	404664 <__aeabi_fmul+0x114>
  404568:	e0822003 	add	r2, r2, r3
  40456c:	e020c001 	eor	ip, r0, r1
  404570:	e1b00480 	lsls	r0, r0, #9
  404574:	11b01481 	lslsne	r1, r1, #9
  404578:	0a000010 	beq	4045c0 <__aeabi_fmul+0x70>
  40457c:	e3a03302 	mov	r3, #134217728	; 0x8000000
  404580:	e18302a0 	orr	r0, r3, r0, lsr #5
  404584:	e18312a1 	orr	r1, r3, r1, lsr #5
  404588:	e0813190 	umull	r3, r1, r0, r1
  40458c:	e20c0102 	and	r0, ip, #-2147483648	; 0x80000000
  404590:	e3510502 	cmp	r1, #8388608	; 0x800000
  404594:	31a01081 	lslcc	r1, r1, #1
  404598:	31811fa3 	orrcc	r1, r1, r3, lsr #31
  40459c:	31a03083 	lslcc	r3, r3, #1
  4045a0:	e1800001 	orr	r0, r0, r1
  4045a4:	e2c2207f 	sbc	r2, r2, #127	; 0x7f
  4045a8:	e35200fd 	cmp	r2, #253	; 0xfd
  4045ac:	8a00000f 	bhi	4045f0 <__aeabi_fmul+0xa0>
  4045b0:	e3530102 	cmp	r3, #-2147483648	; 0x80000000
  4045b4:	e0a00b82 	adc	r0, r0, r2, lsl #23
  4045b8:	03c00001 	biceq	r0, r0, #1
  4045bc:	e12fff1e 	bx	lr
  4045c0:	e3300000 	teq	r0, #0
  4045c4:	e20cc102 	and	ip, ip, #-2147483648	; 0x80000000
  4045c8:	01a01481 	lsleq	r1, r1, #9
  4045cc:	e18c04a0 	orr	r0, ip, r0, lsr #9
  4045d0:	e18004a1 	orr	r0, r0, r1, lsr #9
  4045d4:	e252207f 	subs	r2, r2, #127	; 0x7f
  4045d8:	c27230ff 	rsbsgt	r3, r2, #255	; 0xff
  4045dc:	c1800b82 	orrgt	r0, r0, r2, lsl #23
  4045e0:	c12fff1e 	bxgt	lr
  4045e4:	e3800502 	orr	r0, r0, #8388608	; 0x800000
  4045e8:	e3a03000 	mov	r3, #0
  4045ec:	e2522001 	subs	r2, r2, #1
  4045f0:	ca000035 	bgt	4046cc <__aeabi_fmul+0x17c>
  4045f4:	e3720019 	cmn	r2, #25
  4045f8:	d2000102 	andle	r0, r0, #-2147483648	; 0x80000000
  4045fc:	d12fff1e 	bxle	lr
  404600:	e2622000 	rsb	r2, r2, #0
  404604:	e1b01080 	lsls	r1, r0, #1
  404608:	e1a01231 	lsr	r1, r1, r2
  40460c:	e2622020 	rsb	r2, r2, #32
  404610:	e1a0c210 	lsl	ip, r0, r2
  404614:	e1b00061 	rrxs	r0, r1
  404618:	e2a00000 	adc	r0, r0, #0
  40461c:	e193308c 	orrs	r3, r3, ip, lsl #1
  404620:	01c00fac 	biceq	r0, r0, ip, lsr #31
  404624:	e12fff1e 	bx	lr
  404628:	e3320000 	teq	r2, #0
  40462c:	e200c102 	and	ip, r0, #-2147483648	; 0x80000000
  404630:	01a00080 	lsleq	r0, r0, #1
  404634:	03100502 	tsteq	r0, #8388608	; 0x800000
  404638:	02422001 	subeq	r2, r2, #1
  40463c:	0afffffb 	beq	404630 <__aeabi_fmul+0xe0>
  404640:	e180000c 	orr	r0, r0, ip
  404644:	e3330000 	teq	r3, #0
  404648:	e201c102 	and	ip, r1, #-2147483648	; 0x80000000
  40464c:	01a01081 	lsleq	r1, r1, #1
  404650:	03110502 	tsteq	r1, #8388608	; 0x800000
  404654:	02433001 	subeq	r3, r3, #1
  404658:	0afffffb 	beq	40464c <__aeabi_fmul+0xfc>
  40465c:	e181100c 	orr	r1, r1, ip
  404660:	eaffffc0 	b	404568 <__aeabi_fmul+0x18>
  404664:	e00c3ba1 	and	r3, ip, r1, lsr #23
  404668:	e132000c 	teq	r2, ip
  40466c:	1133000c 	teqne	r3, ip
  404670:	0a000005 	beq	40468c <__aeabi_fmul+0x13c>
  404674:	e3d0c102 	bics	ip, r0, #-2147483648	; 0x80000000
  404678:	13d1c102 	bicsne	ip, r1, #-2147483648	; 0x80000000
  40467c:	1affffe9 	bne	404628 <__aeabi_fmul+0xd8>
  404680:	e0200001 	eor	r0, r0, r1
  404684:	e2000102 	and	r0, r0, #-2147483648	; 0x80000000
  404688:	e12fff1e 	bx	lr
  40468c:	e3300000 	teq	r0, #0
  404690:	13300102 	teqne	r0, #-2147483648	; 0x80000000
  404694:	01a00001 	moveq	r0, r1
  404698:	13310000 	teqne	r1, #0
  40469c:	13310102 	teqne	r1, #-2147483648	; 0x80000000
  4046a0:	0a00000d 	beq	4046dc <__aeabi_fmul+0x18c>
  4046a4:	e132000c 	teq	r2, ip
  4046a8:	1a000001 	bne	4046b4 <__aeabi_fmul+0x164>
  4046ac:	e1b02480 	lsls	r2, r0, #9
  4046b0:	1a000009 	bne	4046dc <__aeabi_fmul+0x18c>
  4046b4:	e133000c 	teq	r3, ip
  4046b8:	1a000002 	bne	4046c8 <__aeabi_fmul+0x178>
  4046bc:	e1b03481 	lsls	r3, r1, #9
  4046c0:	11a00001 	movne	r0, r1
  4046c4:	1a000004 	bne	4046dc <__aeabi_fmul+0x18c>
  4046c8:	e0200001 	eor	r0, r0, r1
  4046cc:	e2000102 	and	r0, r0, #-2147483648	; 0x80000000
  4046d0:	e380047f 	orr	r0, r0, #2130706432	; 0x7f000000
  4046d4:	e3800502 	orr	r0, r0, #8388608	; 0x800000
  4046d8:	e12fff1e 	bx	lr
  4046dc:	e380047f 	orr	r0, r0, #2130706432	; 0x7f000000
  4046e0:	e3800503 	orr	r0, r0, #12582912	; 0xc00000
  4046e4:	e12fff1e 	bx	lr

004046e8 <__divsi3>:
  4046e8:	e3510000 	cmp	r1, #0
  4046ec:	0a000043 	beq	404800 <.divsi3_skip_div0_test+0x110>

004046f0 <.divsi3_skip_div0_test>:
  4046f0:	e020c001 	eor	ip, r0, r1
  4046f4:	42611000 	rsbmi	r1, r1, #0
  4046f8:	e2512001 	subs	r2, r1, #1
  4046fc:	0a000027 	beq	4047a0 <.divsi3_skip_div0_test+0xb0>
  404700:	e1b03000 	movs	r3, r0
  404704:	42603000 	rsbmi	r3, r0, #0
  404708:	e1530001 	cmp	r3, r1
  40470c:	9a000026 	bls	4047ac <.divsi3_skip_div0_test+0xbc>
  404710:	e1110002 	tst	r1, r2
  404714:	0a000028 	beq	4047bc <.divsi3_skip_div0_test+0xcc>
  404718:	e311020e 	tst	r1, #-536870912	; 0xe0000000
  40471c:	01a01181 	lsleq	r1, r1, #3
  404720:	03a02008 	moveq	r2, #8
  404724:	13a02001 	movne	r2, #1
  404728:	e3510201 	cmp	r1, #268435456	; 0x10000000
  40472c:	31510003 	cmpcc	r1, r3
  404730:	31a01201 	lslcc	r1, r1, #4
  404734:	31a02202 	lslcc	r2, r2, #4
  404738:	3afffffa 	bcc	404728 <.divsi3_skip_div0_test+0x38>
  40473c:	e3510102 	cmp	r1, #-2147483648	; 0x80000000
  404740:	31510003 	cmpcc	r1, r3
  404744:	31a01081 	lslcc	r1, r1, #1
  404748:	31a02082 	lslcc	r2, r2, #1
  40474c:	3afffffa 	bcc	40473c <.divsi3_skip_div0_test+0x4c>
  404750:	e3a00000 	mov	r0, #0
  404754:	e1530001 	cmp	r3, r1
  404758:	20433001 	subcs	r3, r3, r1
  40475c:	21800002 	orrcs	r0, r0, r2
  404760:	e15300a1 	cmp	r3, r1, lsr #1
  404764:	204330a1 	subcs	r3, r3, r1, lsr #1
  404768:	218000a2 	orrcs	r0, r0, r2, lsr #1
  40476c:	e1530121 	cmp	r3, r1, lsr #2
  404770:	20433121 	subcs	r3, r3, r1, lsr #2
  404774:	21800122 	orrcs	r0, r0, r2, lsr #2
  404778:	e15301a1 	cmp	r3, r1, lsr #3
  40477c:	204331a1 	subcs	r3, r3, r1, lsr #3
  404780:	218001a2 	orrcs	r0, r0, r2, lsr #3
  404784:	e3530000 	cmp	r3, #0
  404788:	11b02222 	lsrsne	r2, r2, #4
  40478c:	11a01221 	lsrne	r1, r1, #4
  404790:	1affffef 	bne	404754 <.divsi3_skip_div0_test+0x64>
  404794:	e35c0000 	cmp	ip, #0
  404798:	42600000 	rsbmi	r0, r0, #0
  40479c:	e12fff1e 	bx	lr
  4047a0:	e13c0000 	teq	ip, r0
  4047a4:	42600000 	rsbmi	r0, r0, #0
  4047a8:	e12fff1e 	bx	lr
  4047ac:	33a00000 	movcc	r0, #0
  4047b0:	01a00fcc 	asreq	r0, ip, #31
  4047b4:	03800001 	orreq	r0, r0, #1
  4047b8:	e12fff1e 	bx	lr
  4047bc:	e3510801 	cmp	r1, #65536	; 0x10000
  4047c0:	21a01821 	lsrcs	r1, r1, #16
  4047c4:	23a02010 	movcs	r2, #16
  4047c8:	33a02000 	movcc	r2, #0
  4047cc:	e3510c01 	cmp	r1, #256	; 0x100
  4047d0:	21a01421 	lsrcs	r1, r1, #8
  4047d4:	22822008 	addcs	r2, r2, #8
  4047d8:	e3510010 	cmp	r1, #16
  4047dc:	21a01221 	lsrcs	r1, r1, #4
  4047e0:	22822004 	addcs	r2, r2, #4
  4047e4:	e3510004 	cmp	r1, #4
  4047e8:	82822003 	addhi	r2, r2, #3
  4047ec:	908220a1 	addls	r2, r2, r1, lsr #1
  4047f0:	e35c0000 	cmp	ip, #0
  4047f4:	e1a00233 	lsr	r0, r3, r2
  4047f8:	42600000 	rsbmi	r0, r0, #0
  4047fc:	e12fff1e 	bx	lr
  404800:	e3500000 	cmp	r0, #0
  404804:	c3e00102 	mvngt	r0, #-2147483648	; 0x80000000
  404808:	b3a00102 	movlt	r0, #-2147483648	; 0x80000000
  40480c:	ea000007 	b	404830 <__aeabi_idiv0>

00404810 <__aeabi_idivmod>:
  404810:	e3510000 	cmp	r1, #0
  404814:	0afffff9 	beq	404800 <.divsi3_skip_div0_test+0x110>
  404818:	e92d4003 	push	{r0, r1, lr}
  40481c:	ebffffb3 	bl	4046f0 <.divsi3_skip_div0_test>
  404820:	e8bd4006 	pop	{r1, r2, lr}
  404824:	e0030092 	mul	r3, r2, r0
  404828:	e0411003 	sub	r1, r1, r3
  40482c:	e12fff1e 	bx	lr

00404830 <__aeabi_idiv0>:
  404830:	e12fff1e 	bx	lr

00404834 <__aeabi_drsub>:
  404834:	e2211102 	eor	r1, r1, #-2147483648	; 0x80000000
  404838:	ea000000 	b	404840 <__adddf3>

0040483c <__aeabi_dsub>:
  40483c:	e2233102 	eor	r3, r3, #-2147483648	; 0x80000000

00404840 <__adddf3>:
  404840:	e92d4030 	push	{r4, r5, lr}
  404844:	e1a04081 	lsl	r4, r1, #1
  404848:	e1a05083 	lsl	r5, r3, #1
  40484c:	e1340005 	teq	r4, r5
  404850:	01300002 	teqeq	r0, r2
  404854:	1194c000 	orrsne	ip, r4, r0
  404858:	1195c002 	orrsne	ip, r5, r2
  40485c:	11f0cac4 	mvnsne	ip, r4, asr #21
  404860:	11f0cac5 	mvnsne	ip, r5, asr #21
  404864:	0a00008c 	beq	404a9c <__adddf3+0x25c>
  404868:	e1a04aa4 	lsr	r4, r4, #21
  40486c:	e0745aa5 	rsbs	r5, r4, r5, lsr #21
  404870:	b2655000 	rsblt	r5, r5, #0
  404874:	da000006 	ble	404894 <__adddf3+0x54>
  404878:	e0844005 	add	r4, r4, r5
  40487c:	e0202002 	eor	r2, r0, r2
  404880:	e0213003 	eor	r3, r1, r3
  404884:	e0220000 	eor	r0, r2, r0
  404888:	e0231001 	eor	r1, r3, r1
  40488c:	e0202002 	eor	r2, r0, r2
  404890:	e0213003 	eor	r3, r1, r3
  404894:	e3550036 	cmp	r5, #54	; 0x36
  404898:	88bd4030 	pophi	{r4, r5, lr}
  40489c:	812fff1e 	bxhi	lr
  4048a0:	e3110102 	tst	r1, #-2147483648	; 0x80000000
  4048a4:	e1a01601 	lsl	r1, r1, #12
  4048a8:	e3a0c601 	mov	ip, #1048576	; 0x100000
  4048ac:	e18c1621 	orr	r1, ip, r1, lsr #12
  4048b0:	0a000001 	beq	4048bc <__adddf3+0x7c>
  4048b4:	e2700000 	rsbs	r0, r0, #0
  4048b8:	e2e11000 	rsc	r1, r1, #0
  4048bc:	e3130102 	tst	r3, #-2147483648	; 0x80000000
  4048c0:	e1a03603 	lsl	r3, r3, #12
  4048c4:	e18c3623 	orr	r3, ip, r3, lsr #12
  4048c8:	0a000001 	beq	4048d4 <__adddf3+0x94>
  4048cc:	e2722000 	rsbs	r2, r2, #0
  4048d0:	e2e33000 	rsc	r3, r3, #0
  4048d4:	e1340005 	teq	r4, r5
  4048d8:	0a000069 	beq	404a84 <__adddf3+0x244>
  4048dc:	e2444001 	sub	r4, r4, #1
  4048e0:	e275e020 	rsbs	lr, r5, #32
  4048e4:	ba000005 	blt	404900 <__adddf3+0xc0>
  4048e8:	e1a0ce12 	lsl	ip, r2, lr
  4048ec:	e0900532 	adds	r0, r0, r2, lsr r5
  4048f0:	e2a11000 	adc	r1, r1, #0
  4048f4:	e0900e13 	adds	r0, r0, r3, lsl lr
  4048f8:	e0b11553 	adcs	r1, r1, r3, asr r5
  4048fc:	ea000006 	b	40491c <__adddf3+0xdc>
  404900:	e2455020 	sub	r5, r5, #32
  404904:	e28ee020 	add	lr, lr, #32
  404908:	e3520001 	cmp	r2, #1
  40490c:	e1a0ce13 	lsl	ip, r3, lr
  404910:	238cc002 	orrcs	ip, ip, #2
  404914:	e0900553 	adds	r0, r0, r3, asr r5
  404918:	e0b11fc3 	adcs	r1, r1, r3, asr #31
  40491c:	e2015102 	and	r5, r1, #-2147483648	; 0x80000000
  404920:	5a000002 	bpl	404930 <__adddf3+0xf0>
  404924:	e27cc000 	rsbs	ip, ip, #0
  404928:	e2f00000 	rscs	r0, r0, #0
  40492c:	e2e11000 	rsc	r1, r1, #0
  404930:	e3510601 	cmp	r1, #1048576	; 0x100000
  404934:	3a00000f 	bcc	404978 <__adddf3+0x138>
  404938:	e3510602 	cmp	r1, #2097152	; 0x200000
  40493c:	3a000006 	bcc	40495c <__adddf3+0x11c>
  404940:	e1b010a1 	lsrs	r1, r1, #1
  404944:	e1b00060 	rrxs	r0, r0
  404948:	e1a0c06c 	rrx	ip, ip
  40494c:	e2844001 	add	r4, r4, #1
  404950:	e1a02a84 	lsl	r2, r4, #21
  404954:	e3720501 	cmn	r2, #4194304	; 0x400000
  404958:	2a00006b 	bcs	404b0c <__adddf3+0x2cc>
  40495c:	e35c0102 	cmp	ip, #-2147483648	; 0x80000000
  404960:	01b0c0a0 	lsrseq	ip, r0, #1
  404964:	e2b00000 	adcs	r0, r0, #0
  404968:	e0a11a04 	adc	r1, r1, r4, lsl #20
  40496c:	e1811005 	orr	r1, r1, r5
  404970:	e8bd4030 	pop	{r4, r5, lr}
  404974:	e12fff1e 	bx	lr
  404978:	e1b0c08c 	lsls	ip, ip, #1
  40497c:	e0b00000 	adcs	r0, r0, r0
  404980:	e0a11001 	adc	r1, r1, r1
  404984:	e2544001 	subs	r4, r4, #1
  404988:	23510601 	cmpcs	r1, #1048576	; 0x100000
  40498c:	2afffff2 	bcs	40495c <__adddf3+0x11c>
  404990:	e3310000 	teq	r1, #0
  404994:	13a03014 	movne	r3, #20
  404998:	03a03034 	moveq	r3, #52	; 0x34
  40499c:	01a01000 	moveq	r1, r0
  4049a0:	03a00000 	moveq	r0, #0
  4049a4:	e1a02001 	mov	r2, r1
  4049a8:	e3520801 	cmp	r2, #65536	; 0x10000
  4049ac:	21a02822 	lsrcs	r2, r2, #16
  4049b0:	22433010 	subcs	r3, r3, #16
  4049b4:	e3520c01 	cmp	r2, #256	; 0x100
  4049b8:	21a02422 	lsrcs	r2, r2, #8
  4049bc:	22433008 	subcs	r3, r3, #8
  4049c0:	e3520010 	cmp	r2, #16
  4049c4:	21a02222 	lsrcs	r2, r2, #4
  4049c8:	22433004 	subcs	r3, r3, #4
  4049cc:	e3520004 	cmp	r2, #4
  4049d0:	22433002 	subcs	r3, r3, #2
  4049d4:	304330a2 	subcc	r3, r3, r2, lsr #1
  4049d8:	e04331a2 	sub	r3, r3, r2, lsr #3
  4049dc:	e2532020 	subs	r2, r3, #32
  4049e0:	aa000007 	bge	404a04 <__adddf3+0x1c4>
  4049e4:	e292200c 	adds	r2, r2, #12
  4049e8:	da000004 	ble	404a00 <__adddf3+0x1c0>
  4049ec:	e282c014 	add	ip, r2, #20
  4049f0:	e262200c 	rsb	r2, r2, #12
  4049f4:	e1a00c11 	lsl	r0, r1, ip
  4049f8:	e1a01231 	lsr	r1, r1, r2
  4049fc:	ea000004 	b	404a14 <__adddf3+0x1d4>
  404a00:	e2822014 	add	r2, r2, #20
  404a04:	d262c020 	rsble	ip, r2, #32
  404a08:	e1a01211 	lsl	r1, r1, r2
  404a0c:	d1811c30 	orrle	r1, r1, r0, lsr ip
  404a10:	d1a00210 	lslle	r0, r0, r2
  404a14:	e0544003 	subs	r4, r4, r3
  404a18:	a0811a04 	addge	r1, r1, r4, lsl #20
  404a1c:	a1811005 	orrge	r1, r1, r5
  404a20:	a8bd4030 	popge	{r4, r5, lr}
  404a24:	a12fff1e 	bxge	lr
  404a28:	e1e04004 	mvn	r4, r4
  404a2c:	e254401f 	subs	r4, r4, #31
  404a30:	aa00000f 	bge	404a74 <__adddf3+0x234>
  404a34:	e294400c 	adds	r4, r4, #12
  404a38:	ca000006 	bgt	404a58 <__adddf3+0x218>
  404a3c:	e2844014 	add	r4, r4, #20
  404a40:	e2642020 	rsb	r2, r4, #32
  404a44:	e1a00430 	lsr	r0, r0, r4
  404a48:	e1800211 	orr	r0, r0, r1, lsl r2
  404a4c:	e1851431 	orr	r1, r5, r1, lsr r4
  404a50:	e8bd4030 	pop	{r4, r5, lr}
  404a54:	e12fff1e 	bx	lr
  404a58:	e264400c 	rsb	r4, r4, #12
  404a5c:	e2642020 	rsb	r2, r4, #32
  404a60:	e1a00230 	lsr	r0, r0, r2
  404a64:	e1800411 	orr	r0, r0, r1, lsl r4
  404a68:	e1a01005 	mov	r1, r5
  404a6c:	e8bd4030 	pop	{r4, r5, lr}
  404a70:	e12fff1e 	bx	lr
  404a74:	e1a00431 	lsr	r0, r1, r4
  404a78:	e1a01005 	mov	r1, r5
  404a7c:	e8bd4030 	pop	{r4, r5, lr}
  404a80:	e12fff1e 	bx	lr
  404a84:	e3340000 	teq	r4, #0
  404a88:	e2233601 	eor	r3, r3, #1048576	; 0x100000
  404a8c:	02211601 	eoreq	r1, r1, #1048576	; 0x100000
  404a90:	02844001 	addeq	r4, r4, #1
  404a94:	12455001 	subne	r5, r5, #1
  404a98:	eaffff8f 	b	4048dc <__adddf3+0x9c>
  404a9c:	e1f0cac4 	mvns	ip, r4, asr #21
  404aa0:	11f0cac5 	mvnsne	ip, r5, asr #21
  404aa4:	0a00001d 	beq	404b20 <__adddf3+0x2e0>
  404aa8:	e1340005 	teq	r4, r5
  404aac:	01300002 	teqeq	r0, r2
  404ab0:	0a000004 	beq	404ac8 <__adddf3+0x288>
  404ab4:	e194c000 	orrs	ip, r4, r0
  404ab8:	01a01003 	moveq	r1, r3
  404abc:	01a00002 	moveq	r0, r2
  404ac0:	e8bd4030 	pop	{r4, r5, lr}
  404ac4:	e12fff1e 	bx	lr
  404ac8:	e1310003 	teq	r1, r3
  404acc:	13a01000 	movne	r1, #0
  404ad0:	13a00000 	movne	r0, #0
  404ad4:	18bd4030 	popne	{r4, r5, lr}
  404ad8:	112fff1e 	bxne	lr
  404adc:	e1b0caa4 	lsrs	ip, r4, #21
  404ae0:	1a000004 	bne	404af8 <__adddf3+0x2b8>
  404ae4:	e1b00080 	lsls	r0, r0, #1
  404ae8:	e0b11001 	adcs	r1, r1, r1
  404aec:	23811102 	orrcs	r1, r1, #-2147483648	; 0x80000000
  404af0:	e8bd4030 	pop	{r4, r5, lr}
  404af4:	e12fff1e 	bx	lr
  404af8:	e2944501 	adds	r4, r4, #4194304	; 0x400000
  404afc:	32811601 	addcc	r1, r1, #1048576	; 0x100000
  404b00:	38bd4030 	popcc	{r4, r5, lr}
  404b04:	312fff1e 	bxcc	lr
  404b08:	e2015102 	and	r5, r1, #-2147483648	; 0x80000000
  404b0c:	e385147f 	orr	r1, r5, #2130706432	; 0x7f000000
  404b10:	e381160f 	orr	r1, r1, #15728640	; 0xf00000
  404b14:	e3a00000 	mov	r0, #0
  404b18:	e8bd4030 	pop	{r4, r5, lr}
  404b1c:	e12fff1e 	bx	lr
  404b20:	e1f0cac4 	mvns	ip, r4, asr #21
  404b24:	11a01003 	movne	r1, r3
  404b28:	11a00002 	movne	r0, r2
  404b2c:	01f0cac5 	mvnseq	ip, r5, asr #21
  404b30:	11a03001 	movne	r3, r1
  404b34:	11a02000 	movne	r2, r0
  404b38:	e1904601 	orrs	r4, r0, r1, lsl #12
  404b3c:	01925603 	orrseq	r5, r2, r3, lsl #12
  404b40:	01310003 	teqeq	r1, r3
  404b44:	13811702 	orrne	r1, r1, #524288	; 0x80000
  404b48:	e8bd4030 	pop	{r4, r5, lr}
  404b4c:	e12fff1e 	bx	lr

00404b50 <__aeabi_ui2d>:
  404b50:	e3300000 	teq	r0, #0
  404b54:	03a01000 	moveq	r1, #0
  404b58:	012fff1e 	bxeq	lr
  404b5c:	e92d4030 	push	{r4, r5, lr}
  404b60:	e3a04b01 	mov	r4, #1024	; 0x400
  404b64:	e2844032 	add	r4, r4, #50	; 0x32
  404b68:	e3a05000 	mov	r5, #0
  404b6c:	e3a01000 	mov	r1, #0
  404b70:	eaffff86 	b	404990 <__adddf3+0x150>

00404b74 <__aeabi_i2d>:
  404b74:	e3300000 	teq	r0, #0
  404b78:	03a01000 	moveq	r1, #0
  404b7c:	012fff1e 	bxeq	lr
  404b80:	e92d4030 	push	{r4, r5, lr}
  404b84:	e3a04b01 	mov	r4, #1024	; 0x400
  404b88:	e2844032 	add	r4, r4, #50	; 0x32
  404b8c:	e2105102 	ands	r5, r0, #-2147483648	; 0x80000000
  404b90:	42600000 	rsbmi	r0, r0, #0
  404b94:	e3a01000 	mov	r1, #0
  404b98:	eaffff7c 	b	404990 <__adddf3+0x150>

00404b9c <__aeabi_f2d>:
  404b9c:	e1b02080 	lsls	r2, r0, #1
  404ba0:	e1a011c2 	asr	r1, r2, #3
  404ba4:	e1a01061 	rrx	r1, r1
  404ba8:	e1a00e02 	lsl	r0, r2, #28
  404bac:	121234ff 	andsne	r3, r2, #-16777216	; 0xff000000
  404bb0:	133304ff 	teqne	r3, #-16777216	; 0xff000000
  404bb4:	1221130e 	eorne	r1, r1, #939524096	; 0x38000000
  404bb8:	112fff1e 	bxne	lr
  404bbc:	e3d224ff 	bics	r2, r2, #-16777216	; 0xff000000
  404bc0:	012fff1e 	bxeq	lr
  404bc4:	e33304ff 	teq	r3, #-16777216	; 0xff000000
  404bc8:	03811702 	orreq	r1, r1, #524288	; 0x80000
  404bcc:	012fff1e 	bxeq	lr
  404bd0:	e92d4030 	push	{r4, r5, lr}
  404bd4:	e3a04d0e 	mov	r4, #896	; 0x380
  404bd8:	e2015102 	and	r5, r1, #-2147483648	; 0x80000000
  404bdc:	e3c11102 	bic	r1, r1, #-2147483648	; 0x80000000
  404be0:	eaffff6a 	b	404990 <__adddf3+0x150>

00404be4 <__aeabi_ul2d>:
  404be4:	e1902001 	orrs	r2, r0, r1
  404be8:	012fff1e 	bxeq	lr
  404bec:	e92d4030 	push	{r4, r5, lr}
  404bf0:	e3a05000 	mov	r5, #0
  404bf4:	ea000006 	b	404c14 <__aeabi_l2d+0x1c>

00404bf8 <__aeabi_l2d>:
  404bf8:	e1902001 	orrs	r2, r0, r1
  404bfc:	012fff1e 	bxeq	lr
  404c00:	e92d4030 	push	{r4, r5, lr}
  404c04:	e2115102 	ands	r5, r1, #-2147483648	; 0x80000000
  404c08:	5a000001 	bpl	404c14 <__aeabi_l2d+0x1c>
  404c0c:	e2700000 	rsbs	r0, r0, #0
  404c10:	e2e11000 	rsc	r1, r1, #0
  404c14:	e3a04b01 	mov	r4, #1024	; 0x400
  404c18:	e2844032 	add	r4, r4, #50	; 0x32
  404c1c:	e1b0cb21 	lsrs	ip, r1, #22
  404c20:	0affff42 	beq	404930 <__adddf3+0xf0>
  404c24:	e3a02003 	mov	r2, #3
  404c28:	e1b0c1ac 	lsrs	ip, ip, #3
  404c2c:	12822003 	addne	r2, r2, #3
  404c30:	e1b0c1ac 	lsrs	ip, ip, #3
  404c34:	12822003 	addne	r2, r2, #3
  404c38:	e08221ac 	add	r2, r2, ip, lsr #3
  404c3c:	e2623020 	rsb	r3, r2, #32
  404c40:	e1a0c310 	lsl	ip, r0, r3
  404c44:	e1a00230 	lsr	r0, r0, r2
  404c48:	e1800311 	orr	r0, r0, r1, lsl r3
  404c4c:	e1a01231 	lsr	r1, r1, r2
  404c50:	e0844002 	add	r4, r4, r2
  404c54:	eaffff35 	b	404930 <__adddf3+0xf0>

00404c58 <__aeabi_dmul>:
  404c58:	e92d4070 	push	{r4, r5, r6, lr}
  404c5c:	e3a0c0ff 	mov	ip, #255	; 0xff
  404c60:	e38ccc07 	orr	ip, ip, #1792	; 0x700
  404c64:	e01c4a21 	ands	r4, ip, r1, lsr #20
  404c68:	101c5a23 	andsne	r5, ip, r3, lsr #20
  404c6c:	1134000c 	teqne	r4, ip
  404c70:	1135000c 	teqne	r5, ip
  404c74:	0b000075 	bleq	404e50 <__aeabi_dmul+0x1f8>
  404c78:	e0844005 	add	r4, r4, r5
  404c7c:	e0216003 	eor	r6, r1, r3
  404c80:	e1c11a8c 	bic	r1, r1, ip, lsl #21
  404c84:	e1c33a8c 	bic	r3, r3, ip, lsl #21
  404c88:	e1905601 	orrs	r5, r0, r1, lsl #12
  404c8c:	11925603 	orrsne	r5, r2, r3, lsl #12
  404c90:	e3811601 	orr	r1, r1, #1048576	; 0x100000
  404c94:	e3833601 	orr	r3, r3, #1048576	; 0x100000
  404c98:	0a00001d 	beq	404d14 <__aeabi_dmul+0xbc>
  404c9c:	e08ec290 	umull	ip, lr, r0, r2
  404ca0:	e3a05000 	mov	r5, #0
  404ca4:	e0a5e291 	umlal	lr, r5, r1, r2
  404ca8:	e2062102 	and	r2, r6, #-2147483648	; 0x80000000
  404cac:	e0a5e390 	umlal	lr, r5, r0, r3
  404cb0:	e3a06000 	mov	r6, #0
  404cb4:	e0a65391 	umlal	r5, r6, r1, r3
  404cb8:	e33c0000 	teq	ip, #0
  404cbc:	138ee001 	orrne	lr, lr, #1
  404cc0:	e24440ff 	sub	r4, r4, #255	; 0xff
  404cc4:	e3560c02 	cmp	r6, #512	; 0x200
  404cc8:	e2c44c03 	sbc	r4, r4, #768	; 0x300
  404ccc:	2a000002 	bcs	404cdc <__aeabi_dmul+0x84>
  404cd0:	e1b0e08e 	lsls	lr, lr, #1
  404cd4:	e0b55005 	adcs	r5, r5, r5
  404cd8:	e0a66006 	adc	r6, r6, r6
  404cdc:	e1821586 	orr	r1, r2, r6, lsl #11
  404ce0:	e1811aa5 	orr	r1, r1, r5, lsr #21
  404ce4:	e1a00585 	lsl	r0, r5, #11
  404ce8:	e1800aae 	orr	r0, r0, lr, lsr #21
  404cec:	e1a0e58e 	lsl	lr, lr, #11
  404cf0:	e254c0fd 	subs	ip, r4, #253	; 0xfd
  404cf4:	835c0c07 	cmphi	ip, #1792	; 0x700
  404cf8:	8a000011 	bhi	404d44 <__aeabi_dmul+0xec>
  404cfc:	e35e0102 	cmp	lr, #-2147483648	; 0x80000000
  404d00:	01b0e0a0 	lsrseq	lr, r0, #1
  404d04:	e2b00000 	adcs	r0, r0, #0
  404d08:	e0a11a04 	adc	r1, r1, r4, lsl #20
  404d0c:	e8bd4070 	pop	{r4, r5, r6, lr}
  404d10:	e12fff1e 	bx	lr
  404d14:	e2066102 	and	r6, r6, #-2147483648	; 0x80000000
  404d18:	e1861001 	orr	r1, r6, r1
  404d1c:	e1800002 	orr	r0, r0, r2
  404d20:	e0211003 	eor	r1, r1, r3
  404d24:	e05440ac 	subs	r4, r4, ip, lsr #1
  404d28:	c074500c 	rsbsgt	r5, r4, ip
  404d2c:	c1811a04 	orrgt	r1, r1, r4, lsl #20
  404d30:	c8bd4070 	popgt	{r4, r5, r6, lr}
  404d34:	c12fff1e 	bxgt	lr
  404d38:	e3811601 	orr	r1, r1, #1048576	; 0x100000
  404d3c:	e3a0e000 	mov	lr, #0
  404d40:	e2544001 	subs	r4, r4, #1
  404d44:	ca00005d 	bgt	404ec0 <__aeabi_dmul+0x268>
  404d48:	e3740036 	cmn	r4, #54	; 0x36
  404d4c:	d3a00000 	movle	r0, #0
  404d50:	d2011102 	andle	r1, r1, #-2147483648	; 0x80000000
  404d54:	d8bd4070 	pople	{r4, r5, r6, lr}
  404d58:	d12fff1e 	bxle	lr
  404d5c:	e2644000 	rsb	r4, r4, #0
  404d60:	e2544020 	subs	r4, r4, #32
  404d64:	aa00001a 	bge	404dd4 <__aeabi_dmul+0x17c>
  404d68:	e294400c 	adds	r4, r4, #12
  404d6c:	ca00000c 	bgt	404da4 <__aeabi_dmul+0x14c>
  404d70:	e2844014 	add	r4, r4, #20
  404d74:	e2645020 	rsb	r5, r4, #32
  404d78:	e1a03510 	lsl	r3, r0, r5
  404d7c:	e1a00430 	lsr	r0, r0, r4
  404d80:	e1800511 	orr	r0, r0, r1, lsl r5
  404d84:	e2012102 	and	r2, r1, #-2147483648	; 0x80000000
  404d88:	e3c11102 	bic	r1, r1, #-2147483648	; 0x80000000
  404d8c:	e0900fa3 	adds	r0, r0, r3, lsr #31
  404d90:	e0a21431 	adc	r1, r2, r1, lsr r4
  404d94:	e19ee083 	orrs	lr, lr, r3, lsl #1
  404d98:	01c00fa3 	biceq	r0, r0, r3, lsr #31
  404d9c:	e8bd4070 	pop	{r4, r5, r6, lr}
  404da0:	e12fff1e 	bx	lr
  404da4:	e264400c 	rsb	r4, r4, #12
  404da8:	e2645020 	rsb	r5, r4, #32
  404dac:	e1a03410 	lsl	r3, r0, r4
  404db0:	e1a00530 	lsr	r0, r0, r5
  404db4:	e1800411 	orr	r0, r0, r1, lsl r4
  404db8:	e2011102 	and	r1, r1, #-2147483648	; 0x80000000
  404dbc:	e0900fa3 	adds	r0, r0, r3, lsr #31
  404dc0:	e2a11000 	adc	r1, r1, #0
  404dc4:	e19ee083 	orrs	lr, lr, r3, lsl #1
  404dc8:	01c00fa3 	biceq	r0, r0, r3, lsr #31
  404dcc:	e8bd4070 	pop	{r4, r5, r6, lr}
  404dd0:	e12fff1e 	bx	lr
  404dd4:	e2645020 	rsb	r5, r4, #32
  404dd8:	e18ee510 	orr	lr, lr, r0, lsl r5
  404ddc:	e1a03430 	lsr	r3, r0, r4
  404de0:	e1833511 	orr	r3, r3, r1, lsl r5
  404de4:	e1a00431 	lsr	r0, r1, r4
  404de8:	e2011102 	and	r1, r1, #-2147483648	; 0x80000000
  404dec:	e1c00431 	bic	r0, r0, r1, lsr r4
  404df0:	e0800fa3 	add	r0, r0, r3, lsr #31
  404df4:	e19ee083 	orrs	lr, lr, r3, lsl #1
  404df8:	01c00fa3 	biceq	r0, r0, r3, lsr #31
  404dfc:	e8bd4070 	pop	{r4, r5, r6, lr}
  404e00:	e12fff1e 	bx	lr
  404e04:	e3340000 	teq	r4, #0
  404e08:	1a000008 	bne	404e30 <__aeabi_dmul+0x1d8>
  404e0c:	e2016102 	and	r6, r1, #-2147483648	; 0x80000000
  404e10:	e1b00080 	lsls	r0, r0, #1
  404e14:	e0a11001 	adc	r1, r1, r1
  404e18:	e3110601 	tst	r1, #1048576	; 0x100000
  404e1c:	02444001 	subeq	r4, r4, #1
  404e20:	0afffffa 	beq	404e10 <__aeabi_dmul+0x1b8>
  404e24:	e1811006 	orr	r1, r1, r6
  404e28:	e3350000 	teq	r5, #0
  404e2c:	112fff1e 	bxne	lr
  404e30:	e2036102 	and	r6, r3, #-2147483648	; 0x80000000
  404e34:	e1b02082 	lsls	r2, r2, #1
  404e38:	e0a33003 	adc	r3, r3, r3
  404e3c:	e3130601 	tst	r3, #1048576	; 0x100000
  404e40:	02455001 	subeq	r5, r5, #1
  404e44:	0afffffa 	beq	404e34 <__aeabi_dmul+0x1dc>
  404e48:	e1833006 	orr	r3, r3, r6
  404e4c:	e12fff1e 	bx	lr
  404e50:	e134000c 	teq	r4, ip
  404e54:	e00c5a23 	and	r5, ip, r3, lsr #20
  404e58:	1135000c 	teqne	r5, ip
  404e5c:	0a000007 	beq	404e80 <__aeabi_dmul+0x228>
  404e60:	e1906081 	orrs	r6, r0, r1, lsl #1
  404e64:	11926083 	orrsne	r6, r2, r3, lsl #1
  404e68:	1affffe5 	bne	404e04 <__aeabi_dmul+0x1ac>
  404e6c:	e0211003 	eor	r1, r1, r3
  404e70:	e2011102 	and	r1, r1, #-2147483648	; 0x80000000
  404e74:	e3a00000 	mov	r0, #0
  404e78:	e8bd4070 	pop	{r4, r5, r6, lr}
  404e7c:	e12fff1e 	bx	lr
  404e80:	e1906081 	orrs	r6, r0, r1, lsl #1
  404e84:	01a00002 	moveq	r0, r2
  404e88:	01a01003 	moveq	r1, r3
  404e8c:	11926083 	orrsne	r6, r2, r3, lsl #1
  404e90:	0a000010 	beq	404ed8 <__aeabi_dmul+0x280>
  404e94:	e134000c 	teq	r4, ip
  404e98:	1a000001 	bne	404ea4 <__aeabi_dmul+0x24c>
  404e9c:	e1906601 	orrs	r6, r0, r1, lsl #12
  404ea0:	1a00000c 	bne	404ed8 <__aeabi_dmul+0x280>
  404ea4:	e135000c 	teq	r5, ip
  404ea8:	1a000003 	bne	404ebc <__aeabi_dmul+0x264>
  404eac:	e1926603 	orrs	r6, r2, r3, lsl #12
  404eb0:	11a00002 	movne	r0, r2
  404eb4:	11a01003 	movne	r1, r3
  404eb8:	1a000006 	bne	404ed8 <__aeabi_dmul+0x280>
  404ebc:	e0211003 	eor	r1, r1, r3
  404ec0:	e2011102 	and	r1, r1, #-2147483648	; 0x80000000
  404ec4:	e381147f 	orr	r1, r1, #2130706432	; 0x7f000000
  404ec8:	e381160f 	orr	r1, r1, #15728640	; 0xf00000
  404ecc:	e3a00000 	mov	r0, #0
  404ed0:	e8bd4070 	pop	{r4, r5, r6, lr}
  404ed4:	e12fff1e 	bx	lr
  404ed8:	e381147f 	orr	r1, r1, #2130706432	; 0x7f000000
  404edc:	e381173e 	orr	r1, r1, #16252928	; 0xf80000
  404ee0:	e8bd4070 	pop	{r4, r5, r6, lr}
  404ee4:	e12fff1e 	bx	lr

00404ee8 <__aeabi_ddiv>:
  404ee8:	e92d4070 	push	{r4, r5, r6, lr}
  404eec:	e3a0c0ff 	mov	ip, #255	; 0xff
  404ef0:	e38ccc07 	orr	ip, ip, #1792	; 0x700
  404ef4:	e01c4a21 	ands	r4, ip, r1, lsr #20
  404ef8:	101c5a23 	andsne	r5, ip, r3, lsr #20
  404efc:	1134000c 	teqne	r4, ip
  404f00:	1135000c 	teqne	r5, ip
  404f04:	0b00005e 	bleq	405084 <__aeabi_ddiv+0x19c>
  404f08:	e0444005 	sub	r4, r4, r5
  404f0c:	e021e003 	eor	lr, r1, r3
  404f10:	e1925603 	orrs	r5, r2, r3, lsl #12
  404f14:	e1a01601 	lsl	r1, r1, #12
  404f18:	0a00004c 	beq	405050 <__aeabi_ddiv+0x168>
  404f1c:	e1a03603 	lsl	r3, r3, #12
  404f20:	e3a05201 	mov	r5, #268435456	; 0x10000000
  404f24:	e1853223 	orr	r3, r5, r3, lsr #4
  404f28:	e1833c22 	orr	r3, r3, r2, lsr #24
  404f2c:	e1a02402 	lsl	r2, r2, #8
  404f30:	e1855221 	orr	r5, r5, r1, lsr #4
  404f34:	e1855c20 	orr	r5, r5, r0, lsr #24
  404f38:	e1a06400 	lsl	r6, r0, #8
  404f3c:	e20e1102 	and	r1, lr, #-2147483648	; 0x80000000
  404f40:	e1550003 	cmp	r5, r3
  404f44:	01560002 	cmpeq	r6, r2
  404f48:	e2a440fd 	adc	r4, r4, #253	; 0xfd
  404f4c:	e2844c03 	add	r4, r4, #768	; 0x300
  404f50:	2a000001 	bcs	404f5c <__aeabi_ddiv+0x74>
  404f54:	e1b030a3 	lsrs	r3, r3, #1
  404f58:	e1a02062 	rrx	r2, r2
  404f5c:	e0566002 	subs	r6, r6, r2
  404f60:	e0c55003 	sbc	r5, r5, r3
  404f64:	e1b030a3 	lsrs	r3, r3, #1
  404f68:	e1a02062 	rrx	r2, r2
  404f6c:	e3a00601 	mov	r0, #1048576	; 0x100000
  404f70:	e3a0c702 	mov	ip, #524288	; 0x80000
  404f74:	e056e002 	subs	lr, r6, r2
  404f78:	e0d5e003 	sbcs	lr, r5, r3
  404f7c:	20466002 	subcs	r6, r6, r2
  404f80:	21a0500e 	movcs	r5, lr
  404f84:	2180000c 	orrcs	r0, r0, ip
  404f88:	e1b030a3 	lsrs	r3, r3, #1
  404f8c:	e1a02062 	rrx	r2, r2
  404f90:	e056e002 	subs	lr, r6, r2
  404f94:	e0d5e003 	sbcs	lr, r5, r3
  404f98:	20466002 	subcs	r6, r6, r2
  404f9c:	21a0500e 	movcs	r5, lr
  404fa0:	218000ac 	orrcs	r0, r0, ip, lsr #1
  404fa4:	e1b030a3 	lsrs	r3, r3, #1
  404fa8:	e1a02062 	rrx	r2, r2
  404fac:	e056e002 	subs	lr, r6, r2
  404fb0:	e0d5e003 	sbcs	lr, r5, r3
  404fb4:	20466002 	subcs	r6, r6, r2
  404fb8:	21a0500e 	movcs	r5, lr
  404fbc:	2180012c 	orrcs	r0, r0, ip, lsr #2
  404fc0:	e1b030a3 	lsrs	r3, r3, #1
  404fc4:	e1a02062 	rrx	r2, r2
  404fc8:	e056e002 	subs	lr, r6, r2
  404fcc:	e0d5e003 	sbcs	lr, r5, r3
  404fd0:	20466002 	subcs	r6, r6, r2
  404fd4:	21a0500e 	movcs	r5, lr
  404fd8:	218001ac 	orrcs	r0, r0, ip, lsr #3
  404fdc:	e195e006 	orrs	lr, r5, r6
  404fe0:	0a00000d 	beq	40501c <__aeabi_ddiv+0x134>
  404fe4:	e1a05205 	lsl	r5, r5, #4
  404fe8:	e1855e26 	orr	r5, r5, r6, lsr #28
  404fec:	e1a06206 	lsl	r6, r6, #4
  404ff0:	e1a03183 	lsl	r3, r3, #3
  404ff4:	e1833ea2 	orr	r3, r3, r2, lsr #29
  404ff8:	e1a02182 	lsl	r2, r2, #3
  404ffc:	e1b0c22c 	lsrs	ip, ip, #4
  405000:	1affffdb 	bne	404f74 <__aeabi_ddiv+0x8c>
  405004:	e3110601 	tst	r1, #1048576	; 0x100000
  405008:	1a000006 	bne	405028 <__aeabi_ddiv+0x140>
  40500c:	e1811000 	orr	r1, r1, r0
  405010:	e3a00000 	mov	r0, #0
  405014:	e3a0c102 	mov	ip, #-2147483648	; 0x80000000
  405018:	eaffffd5 	b	404f74 <__aeabi_ddiv+0x8c>
  40501c:	e3110601 	tst	r1, #1048576	; 0x100000
  405020:	01811000 	orreq	r1, r1, r0
  405024:	03a00000 	moveq	r0, #0
  405028:	e254c0fd 	subs	ip, r4, #253	; 0xfd
  40502c:	835c0c07 	cmphi	ip, #1792	; 0x700
  405030:	8affff43 	bhi	404d44 <__aeabi_dmul+0xec>
  405034:	e055c003 	subs	ip, r5, r3
  405038:	0056c002 	subseq	ip, r6, r2
  40503c:	01b0c0a0 	lsrseq	ip, r0, #1
  405040:	e2b00000 	adcs	r0, r0, #0
  405044:	e0a11a04 	adc	r1, r1, r4, lsl #20
  405048:	e8bd4070 	pop	{r4, r5, r6, lr}
  40504c:	e12fff1e 	bx	lr
  405050:	e20ee102 	and	lr, lr, #-2147483648	; 0x80000000
  405054:	e18e1621 	orr	r1, lr, r1, lsr #12
  405058:	e09440ac 	adds	r4, r4, ip, lsr #1
  40505c:	c074500c 	rsbsgt	r5, r4, ip
  405060:	c1811a04 	orrgt	r1, r1, r4, lsl #20
  405064:	c8bd4070 	popgt	{r4, r5, r6, lr}
  405068:	c12fff1e 	bxgt	lr
  40506c:	e3811601 	orr	r1, r1, #1048576	; 0x100000
  405070:	e3a0e000 	mov	lr, #0
  405074:	e2544001 	subs	r4, r4, #1
  405078:	eaffff31 	b	404d44 <__aeabi_dmul+0xec>
  40507c:	e185e006 	orr	lr, r5, r6
  405080:	eaffff2f 	b	404d44 <__aeabi_dmul+0xec>
  405084:	e00c5a23 	and	r5, ip, r3, lsr #20
  405088:	e134000c 	teq	r4, ip
  40508c:	0135000c 	teqeq	r5, ip
  405090:	0affff90 	beq	404ed8 <__aeabi_dmul+0x280>
  405094:	e134000c 	teq	r4, ip
  405098:	1a000006 	bne	4050b8 <__aeabi_ddiv+0x1d0>
  40509c:	e1904601 	orrs	r4, r0, r1, lsl #12
  4050a0:	1affff8c 	bne	404ed8 <__aeabi_dmul+0x280>
  4050a4:	e135000c 	teq	r5, ip
  4050a8:	1affff83 	bne	404ebc <__aeabi_dmul+0x264>
  4050ac:	e1a00002 	mov	r0, r2
  4050b0:	e1a01003 	mov	r1, r3
  4050b4:	eaffff87 	b	404ed8 <__aeabi_dmul+0x280>
  4050b8:	e135000c 	teq	r5, ip
  4050bc:	1a000004 	bne	4050d4 <__aeabi_ddiv+0x1ec>
  4050c0:	e1925603 	orrs	r5, r2, r3, lsl #12
  4050c4:	0affff68 	beq	404e6c <__aeabi_dmul+0x214>
  4050c8:	e1a00002 	mov	r0, r2
  4050cc:	e1a01003 	mov	r1, r3
  4050d0:	eaffff80 	b	404ed8 <__aeabi_dmul+0x280>
  4050d4:	e1906081 	orrs	r6, r0, r1, lsl #1
  4050d8:	11926083 	orrsne	r6, r2, r3, lsl #1
  4050dc:	1affff48 	bne	404e04 <__aeabi_dmul+0x1ac>
  4050e0:	e1904081 	orrs	r4, r0, r1, lsl #1
  4050e4:	1affff74 	bne	404ebc <__aeabi_dmul+0x264>
  4050e8:	e1925083 	orrs	r5, r2, r3, lsl #1
  4050ec:	1affff5e 	bne	404e6c <__aeabi_dmul+0x214>
  4050f0:	eaffff78 	b	404ed8 <__aeabi_dmul+0x280>

004050f4 <__gedf2>:
  4050f4:	e3e0c000 	mvn	ip, #0
  4050f8:	ea000002 	b	405108 <__cmpdf2+0x4>

004050fc <__ledf2>:
  4050fc:	e3a0c001 	mov	ip, #1
  405100:	ea000000 	b	405108 <__cmpdf2+0x4>

00405104 <__cmpdf2>:
  405104:	e3a0c001 	mov	ip, #1
  405108:	e52dc004 	push	{ip}		; (str ip, [sp, #-4]!)
  40510c:	e1a0c081 	lsl	ip, r1, #1
  405110:	e1f0cacc 	mvns	ip, ip, asr #21
  405114:	e1a0c083 	lsl	ip, r3, #1
  405118:	11f0cacc 	mvnsne	ip, ip, asr #21
  40511c:	0a00000e 	beq	40515c <__cmpdf2+0x58>
  405120:	e28dd004 	add	sp, sp, #4
  405124:	e190c081 	orrs	ip, r0, r1, lsl #1
  405128:	0192c083 	orrseq	ip, r2, r3, lsl #1
  40512c:	11310003 	teqne	r1, r3
  405130:	01300002 	teqeq	r0, r2
  405134:	03a00000 	moveq	r0, #0
  405138:	012fff1e 	bxeq	lr
  40513c:	e3700000 	cmn	r0, #0
  405140:	e1310003 	teq	r1, r3
  405144:	51510003 	cmppl	r1, r3
  405148:	01500002 	cmpeq	r0, r2
  40514c:	21a00fc3 	asrcs	r0, r3, #31
  405150:	31e00fc3 	mvncc	r0, r3, asr #31
  405154:	e3800001 	orr	r0, r0, #1
  405158:	e12fff1e 	bx	lr
  40515c:	e1a0c081 	lsl	ip, r1, #1
  405160:	e1f0cacc 	mvns	ip, ip, asr #21
  405164:	1a000001 	bne	405170 <__cmpdf2+0x6c>
  405168:	e190c601 	orrs	ip, r0, r1, lsl #12
  40516c:	1a000004 	bne	405184 <__cmpdf2+0x80>
  405170:	e1a0c083 	lsl	ip, r3, #1
  405174:	e1f0cacc 	mvns	ip, ip, asr #21
  405178:	1affffe8 	bne	405120 <__cmpdf2+0x1c>
  40517c:	e192c603 	orrs	ip, r2, r3, lsl #12
  405180:	0affffe6 	beq	405120 <__cmpdf2+0x1c>
  405184:	e49d0004 	pop	{r0}		; (ldr r0, [sp], #4)
  405188:	e12fff1e 	bx	lr

0040518c <__aeabi_cdrcmple>:
  40518c:	e1a0c000 	mov	ip, r0
  405190:	e1a00002 	mov	r0, r2
  405194:	e1a0200c 	mov	r2, ip
  405198:	e1a0c001 	mov	ip, r1
  40519c:	e1a01003 	mov	r1, r3
  4051a0:	e1a0300c 	mov	r3, ip
  4051a4:	eaffffff 	b	4051a8 <__aeabi_cdcmpeq>

004051a8 <__aeabi_cdcmpeq>:
  4051a8:	e92d4001 	push	{r0, lr}
  4051ac:	ebffffd4 	bl	405104 <__cmpdf2>
  4051b0:	e3500000 	cmp	r0, #0
  4051b4:	43700000 	cmnmi	r0, #0
  4051b8:	e8bd4001 	pop	{r0, lr}
  4051bc:	e12fff1e 	bx	lr

004051c0 <__aeabi_dcmpeq>:
  4051c0:	e52de008 	str	lr, [sp, #-8]!
  4051c4:	ebfffff7 	bl	4051a8 <__aeabi_cdcmpeq>
  4051c8:	03a00001 	moveq	r0, #1
  4051cc:	13a00000 	movne	r0, #0
  4051d0:	e49de008 	ldr	lr, [sp], #8
  4051d4:	e12fff1e 	bx	lr

004051d8 <__aeabi_dcmplt>:
  4051d8:	e52de008 	str	lr, [sp, #-8]!
  4051dc:	ebfffff1 	bl	4051a8 <__aeabi_cdcmpeq>
  4051e0:	33a00001 	movcc	r0, #1
  4051e4:	23a00000 	movcs	r0, #0
  4051e8:	e49de008 	ldr	lr, [sp], #8
  4051ec:	e12fff1e 	bx	lr

004051f0 <__aeabi_dcmple>:
  4051f0:	e52de008 	str	lr, [sp, #-8]!
  4051f4:	ebffffeb 	bl	4051a8 <__aeabi_cdcmpeq>
  4051f8:	93a00001 	movls	r0, #1
  4051fc:	83a00000 	movhi	r0, #0
  405200:	e49de008 	ldr	lr, [sp], #8
  405204:	e12fff1e 	bx	lr

00405208 <__aeabi_dcmpge>:
  405208:	e52de008 	str	lr, [sp, #-8]!
  40520c:	ebffffde 	bl	40518c <__aeabi_cdrcmple>
  405210:	93a00001 	movls	r0, #1
  405214:	83a00000 	movhi	r0, #0
  405218:	e49de008 	ldr	lr, [sp], #8
  40521c:	e12fff1e 	bx	lr

00405220 <__aeabi_dcmpgt>:
  405220:	e52de008 	str	lr, [sp, #-8]!
  405224:	ebffffd8 	bl	40518c <__aeabi_cdrcmple>
  405228:	33a00001 	movcc	r0, #1
  40522c:	23a00000 	movcs	r0, #0
  405230:	e49de008 	ldr	lr, [sp], #8
  405234:	e12fff1e 	bx	lr

00405238 <__aeabi_dcmpun>:
  405238:	e1a0c081 	lsl	ip, r1, #1
  40523c:	e1f0cacc 	mvns	ip, ip, asr #21
  405240:	1a000001 	bne	40524c <__aeabi_dcmpun+0x14>
  405244:	e190c601 	orrs	ip, r0, r1, lsl #12
  405248:	1a000006 	bne	405268 <__aeabi_dcmpun+0x30>
  40524c:	e1a0c083 	lsl	ip, r3, #1
  405250:	e1f0cacc 	mvns	ip, ip, asr #21
  405254:	1a000001 	bne	405260 <__aeabi_dcmpun+0x28>
  405258:	e192c603 	orrs	ip, r2, r3, lsl #12
  40525c:	1a000001 	bne	405268 <__aeabi_dcmpun+0x30>
  405260:	e3a00000 	mov	r0, #0
  405264:	e12fff1e 	bx	lr
  405268:	e3a00001 	mov	r0, #1
  40526c:	e12fff1e 	bx	lr

00405270 <__aeabi_d2iz>:
  405270:	e1a02081 	lsl	r2, r1, #1
  405274:	e2922602 	adds	r2, r2, #2097152	; 0x200000
  405278:	2a00000c 	bcs	4052b0 <__aeabi_d2iz+0x40>
  40527c:	5a000009 	bpl	4052a8 <__aeabi_d2iz+0x38>
  405280:	e3e03e3e 	mvn	r3, #992	; 0x3e0
  405284:	e0532ac2 	subs	r2, r3, r2, asr #21
  405288:	9a00000a 	bls	4052b8 <__aeabi_d2iz+0x48>
  40528c:	e1a03581 	lsl	r3, r1, #11
  405290:	e3833102 	orr	r3, r3, #-2147483648	; 0x80000000
  405294:	e1833aa0 	orr	r3, r3, r0, lsr #21
  405298:	e3110102 	tst	r1, #-2147483648	; 0x80000000
  40529c:	e1a00233 	lsr	r0, r3, r2
  4052a0:	12600000 	rsbne	r0, r0, #0
  4052a4:	e12fff1e 	bx	lr
  4052a8:	e3a00000 	mov	r0, #0
  4052ac:	e12fff1e 	bx	lr
  4052b0:	e1900601 	orrs	r0, r0, r1, lsl #12
  4052b4:	1a000002 	bne	4052c4 <__aeabi_d2iz+0x54>
  4052b8:	e2110102 	ands	r0, r1, #-2147483648	; 0x80000000
  4052bc:	03e00102 	mvneq	r0, #-2147483648	; 0x80000000
  4052c0:	e12fff1e 	bx	lr
  4052c4:	e3a00000 	mov	r0, #0
  4052c8:	e12fff1e 	bx	lr

004052cc <__aeabi_d2f>:
  4052cc:	e1a02081 	lsl	r2, r1, #1
  4052d0:	e2523207 	subs	r3, r2, #1879048192	; 0x70000000
  4052d4:	2253c602 	subscs	ip, r3, #2097152	; 0x200000
  4052d8:	227cc57f 	rsbscs	ip, ip, #532676608	; 0x1fc00000
  4052dc:	9a000006 	bls	4052fc <__aeabi_d2f+0x30>
  4052e0:	e201c102 	and	ip, r1, #-2147483648	; 0x80000000
  4052e4:	e1a02180 	lsl	r2, r0, #3
  4052e8:	e18c0ea0 	orr	r0, ip, r0, lsr #29
  4052ec:	e3520102 	cmp	r2, #-2147483648	; 0x80000000
  4052f0:	e0a00103 	adc	r0, r0, r3, lsl #2
  4052f4:	03c00001 	biceq	r0, r0, #1
  4052f8:	e12fff1e 	bx	lr
  4052fc:	e3110101 	tst	r1, #1073741824	; 0x40000000
  405300:	1a00000f 	bne	405344 <__aeabi_d2f+0x78>
  405304:	e293262e 	adds	r2, r3, #48234496	; 0x2e00000
  405308:	b2010102 	andlt	r0, r1, #-2147483648	; 0x80000000
  40530c:	b12fff1e 	bxlt	lr
  405310:	e3811601 	orr	r1, r1, #1048576	; 0x100000
  405314:	e1a02aa2 	lsr	r2, r2, #21
  405318:	e2622018 	rsb	r2, r2, #24
  40531c:	e262c020 	rsb	ip, r2, #32
  405320:	e1b03c10 	lsls	r3, r0, ip
  405324:	e1a00230 	lsr	r0, r0, r2
  405328:	13800001 	orrne	r0, r0, #1
  40532c:	e1a03581 	lsl	r3, r1, #11
  405330:	e1a035a3 	lsr	r3, r3, #11
  405334:	e1800c13 	orr	r0, r0, r3, lsl ip
  405338:	e1a03233 	lsr	r3, r3, r2
  40533c:	e1a03083 	lsl	r3, r3, #1
  405340:	eaffffe6 	b	4052e0 <__aeabi_d2f+0x14>
  405344:	e1f03ac2 	mvns	r3, r2, asr #21
  405348:	1a000003 	bne	40535c <__aeabi_d2f+0x90>
  40534c:	e1903601 	orrs	r3, r0, r1, lsl #12
  405350:	13a0047f 	movne	r0, #2130706432	; 0x7f000000
  405354:	13800503 	orrne	r0, r0, #12582912	; 0xc00000
  405358:	112fff1e 	bxne	lr
  40535c:	e2010102 	and	r0, r1, #-2147483648	; 0x80000000
  405360:	e380047f 	orr	r0, r0, #2130706432	; 0x7f000000
  405364:	e3800502 	orr	r0, r0, #8388608	; 0x800000
  405368:	e12fff1e 	bx	lr

0040536c <__aeabi_frsub>:
  40536c:	e2200102 	eor	r0, r0, #-2147483648	; 0x80000000
  405370:	ea000000 	b	405378 <__addsf3>

00405374 <__aeabi_fsub>:
  405374:	e2211102 	eor	r1, r1, #-2147483648	; 0x80000000

00405378 <__addsf3>:
  405378:	e1b02080 	lsls	r2, r0, #1
  40537c:	11b03081 	lslsne	r3, r1, #1
  405380:	11320003 	teqne	r2, r3
  405384:	11f0cc42 	mvnsne	ip, r2, asr #24
  405388:	11f0cc43 	mvnsne	ip, r3, asr #24
  40538c:	0a000047 	beq	4054b0 <__addsf3+0x138>
  405390:	e1a02c22 	lsr	r2, r2, #24
  405394:	e0723c23 	rsbs	r3, r2, r3, lsr #24
  405398:	c0822003 	addgt	r2, r2, r3
  40539c:	c0201001 	eorgt	r1, r0, r1
  4053a0:	c0210000 	eorgt	r0, r1, r0
  4053a4:	c0201001 	eorgt	r1, r0, r1
  4053a8:	b2633000 	rsblt	r3, r3, #0
  4053ac:	e3530019 	cmp	r3, #25
  4053b0:	812fff1e 	bxhi	lr
  4053b4:	e3100102 	tst	r0, #-2147483648	; 0x80000000
  4053b8:	e3800502 	orr	r0, r0, #8388608	; 0x800000
  4053bc:	e3c004ff 	bic	r0, r0, #-16777216	; 0xff000000
  4053c0:	12600000 	rsbne	r0, r0, #0
  4053c4:	e3110102 	tst	r1, #-2147483648	; 0x80000000
  4053c8:	e3811502 	orr	r1, r1, #8388608	; 0x800000
  4053cc:	e3c114ff 	bic	r1, r1, #-16777216	; 0xff000000
  4053d0:	12611000 	rsbne	r1, r1, #0
  4053d4:	e1320003 	teq	r2, r3
  4053d8:	0a00002e 	beq	405498 <__addsf3+0x120>
  4053dc:	e2422001 	sub	r2, r2, #1
  4053e0:	e0900351 	adds	r0, r0, r1, asr r3
  4053e4:	e2633020 	rsb	r3, r3, #32
  4053e8:	e1a01311 	lsl	r1, r1, r3
  4053ec:	e2003102 	and	r3, r0, #-2147483648	; 0x80000000
  4053f0:	5a000001 	bpl	4053fc <__addsf3+0x84>
  4053f4:	e2711000 	rsbs	r1, r1, #0
  4053f8:	e2e00000 	rsc	r0, r0, #0
  4053fc:	e3500502 	cmp	r0, #8388608	; 0x800000
  405400:	3a00000b 	bcc	405434 <__addsf3+0xbc>
  405404:	e3500401 	cmp	r0, #16777216	; 0x1000000
  405408:	3a000004 	bcc	405420 <__addsf3+0xa8>
  40540c:	e1b000a0 	lsrs	r0, r0, #1
  405410:	e1a01061 	rrx	r1, r1
  405414:	e2822001 	add	r2, r2, #1
  405418:	e35200fe 	cmp	r2, #254	; 0xfe
  40541c:	2a000038 	bcs	405504 <__addsf3+0x18c>
  405420:	e3510102 	cmp	r1, #-2147483648	; 0x80000000
  405424:	e0a00b82 	adc	r0, r0, r2, lsl #23
  405428:	03c00001 	biceq	r0, r0, #1
  40542c:	e1800003 	orr	r0, r0, r3
  405430:	e12fff1e 	bx	lr
  405434:	e1b01081 	lsls	r1, r1, #1
  405438:	e0a00000 	adc	r0, r0, r0
  40543c:	e2522001 	subs	r2, r2, #1
  405440:	23500502 	cmpcs	r0, #8388608	; 0x800000
  405444:	2afffff5 	bcs	405420 <__addsf3+0xa8>
  405448:	e1b0c620 	lsrs	ip, r0, #12
  40544c:	01a00600 	lsleq	r0, r0, #12
  405450:	0242200c 	subeq	r2, r2, #12
  405454:	e31008ff 	tst	r0, #16711680	; 0xff0000
  405458:	01a00400 	lsleq	r0, r0, #8
  40545c:	02422008 	subeq	r2, r2, #8
  405460:	e310060f 	tst	r0, #15728640	; 0xf00000
  405464:	01a00200 	lsleq	r0, r0, #4
  405468:	02422004 	subeq	r2, r2, #4
  40546c:	e3100503 	tst	r0, #12582912	; 0xc00000
  405470:	01a00100 	lsleq	r0, r0, #2
  405474:	02422002 	subeq	r2, r2, #2
  405478:	e3500502 	cmp	r0, #8388608	; 0x800000
  40547c:	31a00080 	lslcc	r0, r0, #1
  405480:	e2d22000 	sbcs	r2, r2, #0
  405484:	a0800b82 	addge	r0, r0, r2, lsl #23
  405488:	b2622000 	rsblt	r2, r2, #0
  40548c:	a1800003 	orrge	r0, r0, r3
  405490:	b1830230 	orrlt	r0, r3, r0, lsr r2
  405494:	e12fff1e 	bx	lr
  405498:	e3320000 	teq	r2, #0
  40549c:	e2211502 	eor	r1, r1, #8388608	; 0x800000
  4054a0:	02200502 	eoreq	r0, r0, #8388608	; 0x800000
  4054a4:	02822001 	addeq	r2, r2, #1
  4054a8:	12433001 	subne	r3, r3, #1
  4054ac:	eaffffca 	b	4053dc <__addsf3+0x64>
  4054b0:	e1a03081 	lsl	r3, r1, #1
  4054b4:	e1f0cc42 	mvns	ip, r2, asr #24
  4054b8:	11f0cc43 	mvnsne	ip, r3, asr #24
  4054bc:	0a000013 	beq	405510 <__addsf3+0x198>
  4054c0:	e1320003 	teq	r2, r3
  4054c4:	0a000002 	beq	4054d4 <__addsf3+0x15c>
  4054c8:	e3320000 	teq	r2, #0
  4054cc:	01a00001 	moveq	r0, r1
  4054d0:	e12fff1e 	bx	lr
  4054d4:	e1300001 	teq	r0, r1
  4054d8:	13a00000 	movne	r0, #0
  4054dc:	112fff1e 	bxne	lr
  4054e0:	e31204ff 	tst	r2, #-16777216	; 0xff000000
  4054e4:	1a000002 	bne	4054f4 <__addsf3+0x17c>
  4054e8:	e1b00080 	lsls	r0, r0, #1
  4054ec:	23800102 	orrcs	r0, r0, #-2147483648	; 0x80000000
  4054f0:	e12fff1e 	bx	lr
  4054f4:	e2922402 	adds	r2, r2, #33554432	; 0x2000000
  4054f8:	32800502 	addcc	r0, r0, #8388608	; 0x800000
  4054fc:	312fff1e 	bxcc	lr
  405500:	e2003102 	and	r3, r0, #-2147483648	; 0x80000000
  405504:	e383047f 	orr	r0, r3, #2130706432	; 0x7f000000
  405508:	e3800502 	orr	r0, r0, #8388608	; 0x800000
  40550c:	e12fff1e 	bx	lr
  405510:	e1f02c42 	mvns	r2, r2, asr #24
  405514:	11a00001 	movne	r0, r1
  405518:	01f03c43 	mvnseq	r3, r3, asr #24
  40551c:	11a01000 	movne	r1, r0
  405520:	e1b02480 	lsls	r2, r0, #9
  405524:	01b03481 	lslseq	r3, r1, #9
  405528:	01300001 	teqeq	r0, r1
  40552c:	13800501 	orrne	r0, r0, #4194304	; 0x400000
  405530:	e12fff1e 	bx	lr

00405534 <__aeabi_ui2f>:
  405534:	e3a03000 	mov	r3, #0
  405538:	ea000001 	b	405544 <__aeabi_i2f+0x8>

0040553c <__aeabi_i2f>:
  40553c:	e2103102 	ands	r3, r0, #-2147483648	; 0x80000000
  405540:	42600000 	rsbmi	r0, r0, #0
  405544:	e1b0c000 	movs	ip, r0
  405548:	012fff1e 	bxeq	lr
  40554c:	e383344b 	orr	r3, r3, #1258291200	; 0x4b000000
  405550:	e1a01000 	mov	r1, r0
  405554:	e3a00000 	mov	r0, #0
  405558:	ea00000f 	b	40559c <__aeabi_l2f+0x30>

0040555c <__aeabi_ul2f>:
  40555c:	e1902001 	orrs	r2, r0, r1
  405560:	012fff1e 	bxeq	lr
  405564:	e3a03000 	mov	r3, #0
  405568:	ea000005 	b	405584 <__aeabi_l2f+0x18>

0040556c <__aeabi_l2f>:
  40556c:	e1902001 	orrs	r2, r0, r1
  405570:	012fff1e 	bxeq	lr
  405574:	e2113102 	ands	r3, r1, #-2147483648	; 0x80000000
  405578:	5a000001 	bpl	405584 <__aeabi_l2f+0x18>
  40557c:	e2700000 	rsbs	r0, r0, #0
  405580:	e2e11000 	rsc	r1, r1, #0
  405584:	e1b0c001 	movs	ip, r1
  405588:	01a0c000 	moveq	ip, r0
  40558c:	01a01000 	moveq	r1, r0
  405590:	03a00000 	moveq	r0, #0
  405594:	e383345b 	orr	r3, r3, #1526726656	; 0x5b000000
  405598:	02433201 	subeq	r3, r3, #268435456	; 0x10000000
  40559c:	e2433502 	sub	r3, r3, #8388608	; 0x800000
  4055a0:	e3a02017 	mov	r2, #23
  4055a4:	e35c0801 	cmp	ip, #65536	; 0x10000
  4055a8:	21a0c82c 	lsrcs	ip, ip, #16
  4055ac:	22422010 	subcs	r2, r2, #16
  4055b0:	e35c0c01 	cmp	ip, #256	; 0x100
  4055b4:	21a0c42c 	lsrcs	ip, ip, #8
  4055b8:	22422008 	subcs	r2, r2, #8
  4055bc:	e35c0010 	cmp	ip, #16
  4055c0:	21a0c22c 	lsrcs	ip, ip, #4
  4055c4:	22422004 	subcs	r2, r2, #4
  4055c8:	e35c0004 	cmp	ip, #4
  4055cc:	22422002 	subcs	r2, r2, #2
  4055d0:	304220ac 	subcc	r2, r2, ip, lsr #1
  4055d4:	e05221ac 	subs	r2, r2, ip, lsr #3
  4055d8:	e0433b82 	sub	r3, r3, r2, lsl #23
  4055dc:	ba000006 	blt	4055fc <__aeabi_l2f+0x90>
  4055e0:	e0833211 	add	r3, r3, r1, lsl r2
  4055e4:	e1a0c210 	lsl	ip, r0, r2
  4055e8:	e2622020 	rsb	r2, r2, #32
  4055ec:	e35c0102 	cmp	ip, #-2147483648	; 0x80000000
  4055f0:	e0a30230 	adc	r0, r3, r0, lsr r2
  4055f4:	03c00001 	biceq	r0, r0, #1
  4055f8:	e12fff1e 	bx	lr
  4055fc:	e2822020 	add	r2, r2, #32
  405600:	e1a0c211 	lsl	ip, r1, r2
  405604:	e2622020 	rsb	r2, r2, #32
  405608:	e190008c 	orrs	r0, r0, ip, lsl #1
  40560c:	e0a30231 	adc	r0, r3, r1, lsr r2
  405610:	01c00fac 	biceq	r0, r0, ip, lsr #31
  405614:	e12fff1e 	bx	lr

00405618 <__errno>:
  405618:	e59f3004 	ldr	r3, [pc, #4]	; 405624 <__errno+0xc>
  40561c:	e5930000 	ldr	r0, [r3]
  405620:	e12fff1e 	bx	lr
  405624:	00406698 	.word	0x00406698

00405628 <malloc>:
  405628:	e92d4010 	push	{r4, lr}
  40562c:	e59f3010 	ldr	r3, [pc, #16]	; 405644 <malloc+0x1c>
  405630:	e1a01000 	mov	r1, r0
  405634:	e5930000 	ldr	r0, [r3]
  405638:	eb00000a 	bl	405668 <_malloc_r>
  40563c:	e8bd4010 	pop	{r4, lr}
  405640:	e12fff1e 	bx	lr
  405644:	00406698 	.word	0x00406698

00405648 <free>:
  405648:	e92d4010 	push	{r4, lr}
  40564c:	e59f3010 	ldr	r3, [pc, #16]	; 405664 <free+0x1c>
  405650:	e1a01000 	mov	r1, r0
  405654:	e5930000 	ldr	r0, [r3]
  405658:	eb000289 	bl	406084 <_free_r>
  40565c:	e8bd4010 	pop	{r4, lr}
  405660:	e12fff1e 	bx	lr
  405664:	00406698 	.word	0x00406698

00405668 <_malloc_r>:
  405668:	e92d4ff0 	push	{r4, r5, r6, r7, r8, r9, sl, fp, lr}
  40566c:	e281500b 	add	r5, r1, #11
  405670:	e3550016 	cmp	r5, #22
  405674:	e24dd00c 	sub	sp, sp, #12
  405678:	e1a06000 	mov	r6, r0
  40567c:	8a000023 	bhi	405710 <_malloc_r+0xa8>
  405680:	e3510010 	cmp	r1, #16
  405684:	8a00001a 	bhi	4056f4 <_malloc_r+0x8c>
  405688:	eb00022a 	bl	405f38 <__malloc_lock>
  40568c:	e3a05010 	mov	r5, #16
  405690:	e3a03018 	mov	r3, #24
  405694:	e3a00002 	mov	r0, #2
  405698:	e59f776c 	ldr	r7, [pc, #1900]	; 405e0c <_malloc_r+0x7a4>
  40569c:	e0873003 	add	r3, r7, r3
  4056a0:	e5934004 	ldr	r4, [r3, #4]
  4056a4:	e2432008 	sub	r2, r3, #8
  4056a8:	e1540002 	cmp	r4, r2
  4056ac:	0a00003b 	beq	4057a0 <_malloc_r+0x138>
  4056b0:	e5943004 	ldr	r3, [r4, #4]
  4056b4:	e3c33003 	bic	r3, r3, #3
  4056b8:	e0843003 	add	r3, r4, r3
  4056bc:	e5932004 	ldr	r2, [r3, #4]
  4056c0:	e594100c 	ldr	r1, [r4, #12]
  4056c4:	e594c008 	ldr	ip, [r4, #8]
  4056c8:	e3822001 	orr	r2, r2, #1
  4056cc:	e58c100c 	str	r1, [ip, #12]
  4056d0:	e1a00006 	mov	r0, r6
  4056d4:	e581c008 	str	ip, [r1, #8]
  4056d8:	e2844008 	add	r4, r4, #8
  4056dc:	e5832004 	str	r2, [r3, #4]
  4056e0:	eb000215 	bl	405f3c <__malloc_unlock>
  4056e4:	e1a00004 	mov	r0, r4
  4056e8:	e28dd00c 	add	sp, sp, #12
  4056ec:	e8bd4ff0 	pop	{r4, r5, r6, r7, r8, r9, sl, fp, lr}
  4056f0:	e12fff1e 	bx	lr
  4056f4:	e3a0300c 	mov	r3, #12
  4056f8:	e3a04000 	mov	r4, #0
  4056fc:	e5863000 	str	r3, [r6]
  405700:	e1a00004 	mov	r0, r4
  405704:	e28dd00c 	add	sp, sp, #12
  405708:	e8bd4ff0 	pop	{r4, r5, r6, r7, r8, r9, sl, fp, lr}
  40570c:	e12fff1e 	bx	lr
  405710:	e3c55007 	bic	r5, r5, #7
  405714:	e1510005 	cmp	r1, r5
  405718:	93a01000 	movls	r1, #0
  40571c:	83a01001 	movhi	r1, #1
  405720:	e1913fa5 	orrs	r3, r1, r5, lsr #31
  405724:	1afffff2 	bne	4056f4 <_malloc_r+0x8c>
  405728:	eb000202 	bl	405f38 <__malloc_lock>
  40572c:	e3550f7e 	cmp	r5, #504	; 0x1f8
  405730:	3a000127 	bcc	405bd4 <_malloc_r+0x56c>
  405734:	e1b034a5 	lsrs	r3, r5, #9
  405738:	0a0000aa 	beq	4059e8 <_malloc_r+0x380>
  40573c:	e3530004 	cmp	r3, #4
  405740:	8a000109 	bhi	405b6c <_malloc_r+0x504>
  405744:	e1a03325 	lsr	r3, r5, #6
  405748:	e2830039 	add	r0, r3, #57	; 0x39
  40574c:	e283c038 	add	ip, r3, #56	; 0x38
  405750:	e1a01180 	lsl	r1, r0, #3
  405754:	e59f76b0 	ldr	r7, [pc, #1712]	; 405e0c <_malloc_r+0x7a4>
  405758:	e0871001 	add	r1, r7, r1
  40575c:	e5914004 	ldr	r4, [r1, #4]
  405760:	e2411008 	sub	r1, r1, #8
  405764:	e1510004 	cmp	r1, r4
  405768:	1a000005 	bne	405784 <_malloc_r+0x11c>
  40576c:	ea00000f 	b	4057b0 <_malloc_r+0x148>
  405770:	e3520000 	cmp	r2, #0
  405774:	aaffffcf 	bge	4056b8 <_malloc_r+0x50>
  405778:	e594400c 	ldr	r4, [r4, #12]
  40577c:	e1510004 	cmp	r1, r4
  405780:	0a00000a 	beq	4057b0 <_malloc_r+0x148>
  405784:	e5943004 	ldr	r3, [r4, #4]
  405788:	e3c33003 	bic	r3, r3, #3
  40578c:	e0432005 	sub	r2, r3, r5
  405790:	e352000f 	cmp	r2, #15
  405794:	dafffff5 	ble	405770 <_malloc_r+0x108>
  405798:	e1a0000c 	mov	r0, ip
  40579c:	ea000003 	b	4057b0 <_malloc_r+0x148>
  4057a0:	e593400c 	ldr	r4, [r3, #12]
  4057a4:	e1530004 	cmp	r3, r4
  4057a8:	02800002 	addeq	r0, r0, #2
  4057ac:	1affffbf 	bne	4056b0 <_malloc_r+0x48>
  4057b0:	e5974010 	ldr	r4, [r7, #16]
  4057b4:	e59fc654 	ldr	ip, [pc, #1620]	; 405e10 <_malloc_r+0x7a8>
  4057b8:	e154000c 	cmp	r4, ip
  4057bc:	05973004 	ldreq	r3, [r7, #4]
  4057c0:	0a000018 	beq	405828 <_malloc_r+0x1c0>
  4057c4:	e5943004 	ldr	r3, [r4, #4]
  4057c8:	e3c33003 	bic	r3, r3, #3
  4057cc:	e0432005 	sub	r2, r3, r5
  4057d0:	e352000f 	cmp	r2, #15
  4057d4:	ca000101 	bgt	405be0 <_malloc_r+0x578>
  4057d8:	e3520000 	cmp	r2, #0
  4057dc:	e587c014 	str	ip, [r7, #20]
  4057e0:	e587c010 	str	ip, [r7, #16]
  4057e4:	aa0000b0 	bge	405aac <_malloc_r+0x444>
  4057e8:	e3530c02 	cmp	r3, #512	; 0x200
  4057ec:	2a0000c3 	bcs	405b00 <_malloc_r+0x498>
  4057f0:	e3a08001 	mov	r8, #1
  4057f4:	e5971004 	ldr	r1, [r7, #4]
  4057f8:	e1a031a3 	lsr	r3, r3, #3
  4057fc:	e083e008 	add	lr, r3, r8
  405800:	e1a03143 	asr	r3, r3, #2
  405804:	e1813318 	orr	r3, r1, r8, lsl r3
  405808:	e087218e 	add	r2, r7, lr, lsl #3
  40580c:	e797118e 	ldr	r1, [r7, lr, lsl #3]
  405810:	e2422008 	sub	r2, r2, #8
  405814:	e584200c 	str	r2, [r4, #12]
  405818:	e5841008 	str	r1, [r4, #8]
  40581c:	e5873004 	str	r3, [r7, #4]
  405820:	e787418e 	str	r4, [r7, lr, lsl #3]
  405824:	e581400c 	str	r4, [r1, #12]
  405828:	e3a01001 	mov	r1, #1
  40582c:	e1a02140 	asr	r2, r0, #2
  405830:	e1a0e211 	lsl	lr, r1, r2
  405834:	e15e0003 	cmp	lr, r3
  405838:	9a00006e 	bls	4059f8 <_malloc_r+0x390>
  40583c:	e5974008 	ldr	r4, [r7, #8]
  405840:	e5948004 	ldr	r8, [r4, #4]
  405844:	e3c88003 	bic	r8, r8, #3
  405848:	e1580005 	cmp	r8, r5
  40584c:	23a02000 	movcs	r2, #0
  405850:	33a02001 	movcc	r2, #1
  405854:	e0483005 	sub	r3, r8, r5
  405858:	e353000f 	cmp	r3, #15
  40585c:	d3822001 	orrle	r2, r2, #1
  405860:	e3520000 	cmp	r2, #0
  405864:	0a000098 	beq	405acc <_malloc_r+0x464>
  405868:	e59f95a4 	ldr	r9, [pc, #1444]	; 405e14 <_malloc_r+0x7ac>
  40586c:	e5972408 	ldr	r2, [r7, #1032]	; 0x408
  405870:	e5993000 	ldr	r3, [r9]
  405874:	e3720001 	cmn	r2, #1
  405878:	e0853003 	add	r3, r5, r3
  40587c:	12833a01 	addne	r3, r3, #4096	; 0x1000
  405880:	1283300f 	addne	r3, r3, #15
  405884:	13c32eff 	bicne	r2, r3, #4080	; 0xff0
  405888:	02832010 	addeq	r2, r3, #16
  40588c:	13c2200f 	bicne	r2, r2, #15
  405890:	e1a01002 	mov	r1, r2
  405894:	e1a00006 	mov	r0, r6
  405898:	e58d2000 	str	r2, [sp]
  40589c:	eb0001a7 	bl	405f40 <_sbrk_r>
  4058a0:	e3700001 	cmn	r0, #1
  4058a4:	e084a008 	add	sl, r4, r8
  4058a8:	e1a0b000 	mov	fp, r0
  4058ac:	e59d2000 	ldr	r2, [sp]
  4058b0:	0a000117 	beq	405d14 <_malloc_r+0x6ac>
  4058b4:	e1540007 	cmp	r4, r7
  4058b8:	115a0000 	cmpne	sl, r0
  4058bc:	8a000114 	bhi	405d14 <_malloc_r+0x6ac>
  4058c0:	e5993004 	ldr	r3, [r9, #4]
  4058c4:	e15a0000 	cmp	sl, r0
  4058c8:	e0823003 	add	r3, r2, r3
  4058cc:	e5893004 	str	r3, [r9, #4]
  4058d0:	0a000106 	beq	405cf0 <_malloc_r+0x688>
  4058d4:	e5971408 	ldr	r1, [r7, #1032]	; 0x408
  4058d8:	e3710001 	cmn	r1, #1
  4058dc:	104ba00a 	subne	sl, fp, sl
  4058e0:	108a3003 	addne	r3, sl, r3
  4058e4:	0587b408 	streq	fp, [r7, #1032]	; 0x408
  4058e8:	15893004 	strne	r3, [r9, #4]
  4058ec:	e21b3007 	ands	r3, fp, #7
  4058f0:	1a0000d0 	bne	405c38 <_malloc_r+0x5d0>
  4058f4:	e08ba002 	add	sl, fp, r2
  4058f8:	e26aa000 	rsb	sl, sl, #0
  4058fc:	e1a0aa0a 	lsl	sl, sl, #20
  405900:	e1a0aa2a 	lsr	sl, sl, #20
  405904:	e1a0100a 	mov	r1, sl
  405908:	e1a00006 	mov	r0, r6
  40590c:	e58d3004 	str	r3, [sp, #4]
  405910:	e58d2000 	str	r2, [sp]
  405914:	eb000189 	bl	405f40 <_sbrk_r>
  405918:	e89d000c 	ldm	sp, {r2, r3}
  40591c:	e3700001 	cmn	r0, #1
  405920:	01a0a003 	moveq	sl, r3
  405924:	0a000001 	beq	405930 <_malloc_r+0x2c8>
  405928:	e040200b 	sub	r2, r0, fp
  40592c:	e082200a 	add	r2, r2, sl
  405930:	e5993004 	ldr	r3, [r9, #4]
  405934:	e3822001 	orr	r2, r2, #1
  405938:	e08a3003 	add	r3, sl, r3
  40593c:	e1540007 	cmp	r4, r7
  405940:	e587b008 	str	fp, [r7, #8]
  405944:	e5893004 	str	r3, [r9, #4]
  405948:	e58b2004 	str	r2, [fp, #4]
  40594c:	0a000107 	beq	405d70 <_malloc_r+0x708>
  405950:	e358000f 	cmp	r8, #15
  405954:	93a03001 	movls	r3, #1
  405958:	958b3004 	strls	r3, [fp, #4]
  40595c:	9a00001d 	bls	4059d8 <_malloc_r+0x370>
  405960:	e3a00005 	mov	r0, #5
  405964:	e5941004 	ldr	r1, [r4, #4]
  405968:	e248200c 	sub	r2, r8, #12
  40596c:	e3c22007 	bic	r2, r2, #7
  405970:	e2011001 	and	r1, r1, #1
  405974:	e1811002 	orr	r1, r1, r2
  405978:	e352000f 	cmp	r2, #15
  40597c:	e0842002 	add	r2, r4, r2
  405980:	e5841004 	str	r1, [r4, #4]
  405984:	e5820004 	str	r0, [r2, #4]
  405988:	e5820008 	str	r0, [r2, #8]
  40598c:	8a000108 	bhi	405db4 <_malloc_r+0x74c>
  405990:	e1a0400b 	mov	r4, fp
  405994:	e59b2004 	ldr	r2, [fp, #4]
  405998:	e599102c 	ldr	r1, [r9, #44]	; 0x2c
  40599c:	e1510003 	cmp	r1, r3
  4059a0:	e5991030 	ldr	r1, [r9, #48]	; 0x30
  4059a4:	3589302c 	strcc	r3, [r9, #44]	; 0x2c
  4059a8:	e1510003 	cmp	r1, r3
  4059ac:	35893030 	strcc	r3, [r9, #48]	; 0x30
  4059b0:	e3c22003 	bic	r2, r2, #3
  4059b4:	e0423005 	sub	r3, r2, r5
  4059b8:	e353000f 	cmp	r3, #15
  4059bc:	c3a01000 	movgt	r1, #0
  4059c0:	d3a01001 	movle	r1, #1
  4059c4:	e1520005 	cmp	r2, r5
  4059c8:	21a02001 	movcs	r2, r1
  4059cc:	33812001 	orrcc	r2, r1, #1
  4059d0:	e3520000 	cmp	r2, #0
  4059d4:	0a00003c 	beq	405acc <_malloc_r+0x464>
  4059d8:	e1a00006 	mov	r0, r6
  4059dc:	eb000156 	bl	405f3c <__malloc_unlock>
  4059e0:	e3a04000 	mov	r4, #0
  4059e4:	eaffff45 	b	405700 <_malloc_r+0x98>
  4059e8:	e3a01c02 	mov	r1, #512	; 0x200
  4059ec:	e3a00040 	mov	r0, #64	; 0x40
  4059f0:	e3a0c03f 	mov	ip, #63	; 0x3f
  4059f4:	eaffff56 	b	405754 <_malloc_r+0xec>
  4059f8:	e11e0003 	tst	lr, r3
  4059fc:	1a000008 	bne	405a24 <_malloc_r+0x3bc>
  405a00:	e1a0e11e 	lsl	lr, lr, r1
  405a04:	e3c00003 	bic	r0, r0, #3
  405a08:	e11e0003 	tst	lr, r3
  405a0c:	e2800004 	add	r0, r0, #4
  405a10:	1a000003 	bne	405a24 <_malloc_r+0x3bc>
  405a14:	e1a0e08e 	lsl	lr, lr, #1
  405a18:	e11e0003 	tst	lr, r3
  405a1c:	e2800004 	add	r0, r0, #4
  405a20:	0afffffb 	beq	405a14 <_malloc_r+0x3ac>
  405a24:	e0879180 	add	r9, r7, r0, lsl #3
  405a28:	e1a01009 	mov	r1, r9
  405a2c:	e1a04000 	mov	r4, r0
  405a30:	e591800c 	ldr	r8, [r1, #12]
  405a34:	e1510008 	cmp	r1, r8
  405a38:	1a000005 	bne	405a54 <_malloc_r+0x3ec>
  405a3c:	ea000053 	b	405b90 <_malloc_r+0x528>
  405a40:	e3520000 	cmp	r2, #0
  405a44:	aa000056 	bge	405ba4 <_malloc_r+0x53c>
  405a48:	e598800c 	ldr	r8, [r8, #12]
  405a4c:	e1510008 	cmp	r1, r8
  405a50:	0a00004e 	beq	405b90 <_malloc_r+0x528>
  405a54:	e5983004 	ldr	r3, [r8, #4]
  405a58:	e3c33003 	bic	r3, r3, #3
  405a5c:	e0432005 	sub	r2, r3, r5
  405a60:	e352000f 	cmp	r2, #15
  405a64:	dafffff5 	ble	405a40 <_malloc_r+0x3d8>
  405a68:	e598100c 	ldr	r1, [r8, #12]
  405a6c:	e598e008 	ldr	lr, [r8, #8]
  405a70:	e3854001 	orr	r4, r5, #1
  405a74:	e5884004 	str	r4, [r8, #4]
  405a78:	e0885005 	add	r5, r8, r5
  405a7c:	e3824001 	orr	r4, r2, #1
  405a80:	e58e100c 	str	r1, [lr, #12]
  405a84:	e1a00006 	mov	r0, r6
  405a88:	e581e008 	str	lr, [r1, #8]
  405a8c:	e5875014 	str	r5, [r7, #20]
  405a90:	e5875010 	str	r5, [r7, #16]
  405a94:	e9851010 	stmib	r5, {r4, ip}
  405a98:	e585c00c 	str	ip, [r5, #12]
  405a9c:	e7882003 	str	r2, [r8, r3]
  405aa0:	eb000125 	bl	405f3c <__malloc_unlock>
  405aa4:	e2884008 	add	r4, r8, #8
  405aa8:	eaffff14 	b	405700 <_malloc_r+0x98>
  405aac:	e0843003 	add	r3, r4, r3
  405ab0:	e5932004 	ldr	r2, [r3, #4]
  405ab4:	e3822001 	orr	r2, r2, #1
  405ab8:	e1a00006 	mov	r0, r6
  405abc:	e5832004 	str	r2, [r3, #4]
  405ac0:	e2844008 	add	r4, r4, #8
  405ac4:	eb00011c 	bl	405f3c <__malloc_unlock>
  405ac8:	eaffff0c 	b	405700 <_malloc_r+0x98>
  405acc:	e3852001 	orr	r2, r5, #1
  405ad0:	e3833001 	orr	r3, r3, #1
  405ad4:	e0845005 	add	r5, r4, r5
  405ad8:	e5842004 	str	r2, [r4, #4]
  405adc:	e1a00006 	mov	r0, r6
  405ae0:	e5875008 	str	r5, [r7, #8]
  405ae4:	e2844008 	add	r4, r4, #8
  405ae8:	e5853004 	str	r3, [r5, #4]
  405aec:	eb000112 	bl	405f3c <__malloc_unlock>
  405af0:	e1a00004 	mov	r0, r4
  405af4:	e28dd00c 	add	sp, sp, #12
  405af8:	e8bd4ff0 	pop	{r4, r5, r6, r7, r8, r9, sl, fp, lr}
  405afc:	e12fff1e 	bx	lr
  405b00:	e1a024a3 	lsr	r2, r3, #9
  405b04:	e3520004 	cmp	r2, #4
  405b08:	9a000041 	bls	405c14 <_malloc_r+0x5ac>
  405b0c:	e3520014 	cmp	r2, #20
  405b10:	8a000088 	bhi	405d38 <_malloc_r+0x6d0>
  405b14:	e282805c 	add	r8, r2, #92	; 0x5c
  405b18:	e1a08188 	lsl	r8, r8, #3
  405b1c:	e282105b 	add	r1, r2, #91	; 0x5b
  405b20:	e087e008 	add	lr, r7, r8
  405b24:	e7972008 	ldr	r2, [r7, r8]
  405b28:	e24ee008 	sub	lr, lr, #8
  405b2c:	e15e0002 	cmp	lr, r2
  405b30:	0a00007a 	beq	405d20 <_malloc_r+0x6b8>
  405b34:	e5921004 	ldr	r1, [r2, #4]
  405b38:	e3c11003 	bic	r1, r1, #3
  405b3c:	e1510003 	cmp	r1, r3
  405b40:	9a000002 	bls	405b50 <_malloc_r+0x4e8>
  405b44:	e5922008 	ldr	r2, [r2, #8]
  405b48:	e15e0002 	cmp	lr, r2
  405b4c:	1afffff8 	bne	405b34 <_malloc_r+0x4cc>
  405b50:	e592e00c 	ldr	lr, [r2, #12]
  405b54:	e5973004 	ldr	r3, [r7, #4]
  405b58:	e584e00c 	str	lr, [r4, #12]
  405b5c:	e5842008 	str	r2, [r4, #8]
  405b60:	e58e4008 	str	r4, [lr, #8]
  405b64:	e582400c 	str	r4, [r2, #12]
  405b68:	eaffff2e 	b	405828 <_malloc_r+0x1c0>
  405b6c:	e3530014 	cmp	r3, #20
  405b70:	9a00002c 	bls	405c28 <_malloc_r+0x5c0>
  405b74:	e3530054 	cmp	r3, #84	; 0x54
  405b78:	8a000075 	bhi	405d54 <_malloc_r+0x6ec>
  405b7c:	e1a03625 	lsr	r3, r5, #12
  405b80:	e283006f 	add	r0, r3, #111	; 0x6f
  405b84:	e283c06e 	add	ip, r3, #110	; 0x6e
  405b88:	e1a01180 	lsl	r1, r0, #3
  405b8c:	eafffef0 	b	405754 <_malloc_r+0xec>
  405b90:	e2844001 	add	r4, r4, #1
  405b94:	e3140003 	tst	r4, #3
  405b98:	e2811008 	add	r1, r1, #8
  405b9c:	1affffa3 	bne	405a30 <_malloc_r+0x3c8>
  405ba0:	ea00003d 	b	405c9c <_malloc_r+0x634>
  405ba4:	e1a04008 	mov	r4, r8
  405ba8:	e0883003 	add	r3, r8, r3
  405bac:	e5932004 	ldr	r2, [r3, #4]
  405bb0:	e598100c 	ldr	r1, [r8, #12]
  405bb4:	e5b4c008 	ldr	ip, [r4, #8]!
  405bb8:	e3822001 	orr	r2, r2, #1
  405bbc:	e5832004 	str	r2, [r3, #4]
  405bc0:	e1a00006 	mov	r0, r6
  405bc4:	e58c100c 	str	r1, [ip, #12]
  405bc8:	e581c008 	str	ip, [r1, #8]
  405bcc:	eb0000da 	bl	405f3c <__malloc_unlock>
  405bd0:	eafffeca 	b	405700 <_malloc_r+0x98>
  405bd4:	e1a001a5 	lsr	r0, r5, #3
  405bd8:	e2853008 	add	r3, r5, #8
  405bdc:	eafffead 	b	405698 <_malloc_r+0x30>
  405be0:	e385e001 	orr	lr, r5, #1
  405be4:	e3821001 	orr	r1, r2, #1
  405be8:	e0845005 	add	r5, r4, r5
  405bec:	e584e004 	str	lr, [r4, #4]
  405bf0:	e1a00006 	mov	r0, r6
  405bf4:	e5875014 	str	r5, [r7, #20]
  405bf8:	e5875010 	str	r5, [r7, #16]
  405bfc:	e585c00c 	str	ip, [r5, #12]
  405c00:	e9851002 	stmib	r5, {r1, ip}
  405c04:	e7842003 	str	r2, [r4, r3]
  405c08:	eb0000cb 	bl	405f3c <__malloc_unlock>
  405c0c:	e2844008 	add	r4, r4, #8
  405c10:	eafffeba 	b	405700 <_malloc_r+0x98>
  405c14:	e1a02323 	lsr	r2, r3, #6
  405c18:	e2828039 	add	r8, r2, #57	; 0x39
  405c1c:	e1a08188 	lsl	r8, r8, #3
  405c20:	e2821038 	add	r1, r2, #56	; 0x38
  405c24:	eaffffbd 	b	405b20 <_malloc_r+0x4b8>
  405c28:	e283005c 	add	r0, r3, #92	; 0x5c
  405c2c:	e283c05b 	add	ip, r3, #91	; 0x5b
  405c30:	e1a01180 	lsl	r1, r0, #3
  405c34:	eafffec6 	b	405754 <_malloc_r+0xec>
  405c38:	e2631008 	rsb	r1, r3, #8
  405c3c:	e08bb001 	add	fp, fp, r1
  405c40:	e2631a01 	rsb	r1, r3, #4096	; 0x1000
  405c44:	e08b2002 	add	r2, fp, r2
  405c48:	e2811008 	add	r1, r1, #8
  405c4c:	e0411002 	sub	r1, r1, r2
  405c50:	e1a0aa01 	lsl	sl, r1, #20
  405c54:	e1a0aa2a 	lsr	sl, sl, #20
  405c58:	e1a0100a 	mov	r1, sl
  405c5c:	e1a00006 	mov	r0, r6
  405c60:	e58d3004 	str	r3, [sp, #4]
  405c64:	e58d2000 	str	r2, [sp]
  405c68:	eb0000b4 	bl	405f40 <_sbrk_r>
  405c6c:	e3700001 	cmn	r0, #1
  405c70:	e89d000c 	ldm	sp, {r2, r3}
  405c74:	1affff2b 	bne	405928 <_malloc_r+0x2c0>
  405c78:	e2433008 	sub	r3, r3, #8
  405c7c:	e0822003 	add	r2, r2, r3
  405c80:	e042200b 	sub	r2, r2, fp
  405c84:	e3a0a000 	mov	sl, #0
  405c88:	eaffff28 	b	405930 <_malloc_r+0x2c8>
  405c8c:	e4193008 	ldr	r3, [r9], #-8
  405c90:	e1530009 	cmp	r3, r9
  405c94:	e2400001 	sub	r0, r0, #1
  405c98:	1a000059 	bne	405e04 <_malloc_r+0x79c>
  405c9c:	e3100003 	tst	r0, #3
  405ca0:	1afffff9 	bne	405c8c <_malloc_r+0x624>
  405ca4:	e5973004 	ldr	r3, [r7, #4]
  405ca8:	e1c3300e 	bic	r3, r3, lr
  405cac:	e5873004 	str	r3, [r7, #4]
  405cb0:	e1b0e08e 	lsls	lr, lr, #1
  405cb4:	13a02001 	movne	r2, #1
  405cb8:	03a02000 	moveq	r2, #0
  405cbc:	e15e0003 	cmp	lr, r3
  405cc0:	83a02000 	movhi	r2, #0
  405cc4:	92022001 	andls	r2, r2, #1
  405cc8:	e3520000 	cmp	r2, #0
  405ccc:	0afffeda 	beq	40583c <_malloc_r+0x1d4>
  405cd0:	e11e0003 	tst	lr, r3
  405cd4:	1a000003 	bne	405ce8 <_malloc_r+0x680>
  405cd8:	e1a0e08e 	lsl	lr, lr, #1
  405cdc:	e11e0003 	tst	lr, r3
  405ce0:	e2844004 	add	r4, r4, #4
  405ce4:	0afffffb 	beq	405cd8 <_malloc_r+0x670>
  405ce8:	e1a00004 	mov	r0, r4
  405cec:	eaffff4c 	b	405a24 <_malloc_r+0x3bc>
  405cf0:	e1a01a0a 	lsl	r1, sl, #20
  405cf4:	e1a01a21 	lsr	r1, r1, #20
  405cf8:	e3510000 	cmp	r1, #0
  405cfc:	1afffef4 	bne	4058d4 <_malloc_r+0x26c>
  405d00:	e0882002 	add	r2, r8, r2
  405d04:	e5974008 	ldr	r4, [r7, #8]
  405d08:	e3822001 	orr	r2, r2, #1
  405d0c:	e5842004 	str	r2, [r4, #4]
  405d10:	eaffff20 	b	405998 <_malloc_r+0x330>
  405d14:	e5974008 	ldr	r4, [r7, #8]
  405d18:	e5942004 	ldr	r2, [r4, #4]
  405d1c:	eaffff23 	b	4059b0 <_malloc_r+0x348>
  405d20:	e3a08001 	mov	r8, #1
  405d24:	e5973004 	ldr	r3, [r7, #4]
  405d28:	e1a01141 	asr	r1, r1, #2
  405d2c:	e1833118 	orr	r3, r3, r8, lsl r1
  405d30:	e5873004 	str	r3, [r7, #4]
  405d34:	eaffff87 	b	405b58 <_malloc_r+0x4f0>
  405d38:	e3520054 	cmp	r2, #84	; 0x54
  405d3c:	8a00000d 	bhi	405d78 <_malloc_r+0x710>
  405d40:	e1a02623 	lsr	r2, r3, #12
  405d44:	e282806f 	add	r8, r2, #111	; 0x6f
  405d48:	e1a08188 	lsl	r8, r8, #3
  405d4c:	e282106e 	add	r1, r2, #110	; 0x6e
  405d50:	eaffff72 	b	405b20 <_malloc_r+0x4b8>
  405d54:	e3530f55 	cmp	r3, #340	; 0x154
  405d58:	8a00000d 	bhi	405d94 <_malloc_r+0x72c>
  405d5c:	e1a037a5 	lsr	r3, r5, #15
  405d60:	e2830078 	add	r0, r3, #120	; 0x78
  405d64:	e283c077 	add	ip, r3, #119	; 0x77
  405d68:	e1a01180 	lsl	r1, r0, #3
  405d6c:	eafffe78 	b	405754 <_malloc_r+0xec>
  405d70:	e1a0400b 	mov	r4, fp
  405d74:	eaffff07 	b	405998 <_malloc_r+0x330>
  405d78:	e3520f55 	cmp	r2, #340	; 0x154
  405d7c:	8a000013 	bhi	405dd0 <_malloc_r+0x768>
  405d80:	e1a027a3 	lsr	r2, r3, #15
  405d84:	e2828078 	add	r8, r2, #120	; 0x78
  405d88:	e1a08188 	lsl	r8, r8, #3
  405d8c:	e2821077 	add	r1, r2, #119	; 0x77
  405d90:	eaffff62 	b	405b20 <_malloc_r+0x4b8>
  405d94:	e59f207c 	ldr	r2, [pc, #124]	; 405e18 <_malloc_r+0x7b0>
  405d98:	e1530002 	cmp	r3, r2
  405d9c:	8a000014 	bhi	405df4 <_malloc_r+0x78c>
  405da0:	e1a03925 	lsr	r3, r5, #18
  405da4:	e283007d 	add	r0, r3, #125	; 0x7d
  405da8:	e283c07c 	add	ip, r3, #124	; 0x7c
  405dac:	e1a01180 	lsl	r1, r0, #3
  405db0:	eafffe67 	b	405754 <_malloc_r+0xec>
  405db4:	e2841008 	add	r1, r4, #8
  405db8:	e1a00006 	mov	r0, r6
  405dbc:	eb0000b0 	bl	406084 <_free_r>
  405dc0:	e5974008 	ldr	r4, [r7, #8]
  405dc4:	e5993004 	ldr	r3, [r9, #4]
  405dc8:	e5942004 	ldr	r2, [r4, #4]
  405dcc:	eafffef1 	b	405998 <_malloc_r+0x330>
  405dd0:	e59f1040 	ldr	r1, [pc, #64]	; 405e18 <_malloc_r+0x7b0>
  405dd4:	e1520001 	cmp	r2, r1
  405dd8:	91a02923 	lsrls	r2, r3, #18
  405ddc:	9282807d 	addls	r8, r2, #125	; 0x7d
  405de0:	91a08188 	lslls	r8, r8, #3
  405de4:	9282107c 	addls	r1, r2, #124	; 0x7c
  405de8:	83a08ffe 	movhi	r8, #1016	; 0x3f8
  405dec:	83a0107e 	movhi	r1, #126	; 0x7e
  405df0:	eaffff4a 	b	405b20 <_malloc_r+0x4b8>
  405df4:	e3a01ffe 	mov	r1, #1016	; 0x3f8
  405df8:	e3a0007f 	mov	r0, #127	; 0x7f
  405dfc:	e3a0c07e 	mov	ip, #126	; 0x7e
  405e00:	eafffe53 	b	405754 <_malloc_r+0xec>
  405e04:	e5973004 	ldr	r3, [r7, #4]
  405e08:	eaffffa8 	b	405cb0 <_malloc_r+0x648>
  405e0c:	00406ac8 	.word	0x00406ac8
  405e10:	00406ad0 	.word	0x00406ad0
  405e14:	00406ed8 	.word	0x00406ed8
  405e18:	00000554 	.word	0x00000554

00405e1c <memcpy>:
  405e1c:	e352000f 	cmp	r2, #15
  405e20:	9a000035 	bls	405efc <memcpy+0xe0>
  405e24:	e1803001 	orr	r3, r0, r1
  405e28:	e3130003 	tst	r3, #3
  405e2c:	1a00003e 	bne	405f2c <memcpy+0x110>
  405e30:	e92d41f0 	push	{r4, r5, r6, r7, r8, lr}
  405e34:	e2428010 	sub	r8, r2, #16
  405e38:	e1a08228 	lsr	r8, r8, #4
  405e3c:	e2817020 	add	r7, r1, #32
  405e40:	e0877208 	add	r7, r7, r8, lsl #4
  405e44:	e2813010 	add	r3, r1, #16
  405e48:	e280c010 	add	ip, r0, #16
  405e4c:	e5136010 	ldr	r6, [r3, #-16]
  405e50:	e513500c 	ldr	r5, [r3, #-12]
  405e54:	e9134010 	ldmdb	r3, {r4, lr}
  405e58:	e2833010 	add	r3, r3, #16
  405e5c:	e1530007 	cmp	r3, r7
  405e60:	e50c6010 	str	r6, [ip, #-16]
  405e64:	e50c500c 	str	r5, [ip, #-12]
  405e68:	e90c4010 	stmdb	ip, {r4, lr}
  405e6c:	e28cc010 	add	ip, ip, #16
  405e70:	1afffff5 	bne	405e4c <memcpy+0x30>
  405e74:	e288c001 	add	ip, r8, #1
  405e78:	e1a0c20c 	lsl	ip, ip, #4
  405e7c:	e312000c 	tst	r2, #12
  405e80:	e202e00f 	and	lr, r2, #15
  405e84:	e081100c 	add	r1, r1, ip
  405e88:	01a0200e 	moveq	r2, lr
  405e8c:	e080c00c 	add	ip, r0, ip
  405e90:	0a00000d 	beq	405ecc <memcpy+0xb0>
  405e94:	e1a04001 	mov	r4, r1
  405e98:	e24ee004 	sub	lr, lr, #4
  405e9c:	e1a0e12e 	lsr	lr, lr, #2
  405ea0:	e08c610e 	add	r6, ip, lr, lsl #2
  405ea4:	e24c3004 	sub	r3, ip, #4
  405ea8:	e4945004 	ldr	r5, [r4], #4
  405eac:	e5a35004 	str	r5, [r3, #4]!
  405eb0:	e1530006 	cmp	r3, r6
  405eb4:	1afffffb 	bne	405ea8 <memcpy+0x8c>
  405eb8:	e28ee001 	add	lr, lr, #1
  405ebc:	e1a0e10e 	lsl	lr, lr, #2
  405ec0:	e08cc00e 	add	ip, ip, lr
  405ec4:	e081100e 	add	r1, r1, lr
  405ec8:	e2022003 	and	r2, r2, #3
  405ecc:	e3520000 	cmp	r2, #0
  405ed0:	e2422001 	sub	r2, r2, #1
  405ed4:	12822001 	addne	r2, r2, #1
  405ed8:	10813002 	addne	r3, r1, r2
  405edc:	124c2001 	subne	r2, ip, #1
  405ee0:	0a000003 	beq	405ef4 <memcpy+0xd8>
  405ee4:	e4d1c001 	ldrb	ip, [r1], #1
  405ee8:	e1510003 	cmp	r1, r3
  405eec:	e5e2c001 	strb	ip, [r2, #1]!
  405ef0:	1afffffb 	bne	405ee4 <memcpy+0xc8>
  405ef4:	e8bd41f0 	pop	{r4, r5, r6, r7, r8, lr}
  405ef8:	e12fff1e 	bx	lr
  405efc:	e3520000 	cmp	r2, #0
  405f00:	e1a0c000 	mov	ip, r0
  405f04:	e2422001 	sub	r2, r2, #1
  405f08:	012fff1e 	bxeq	lr
  405f0c:	e2822001 	add	r2, r2, #1
  405f10:	e0813002 	add	r3, r1, r2
  405f14:	e24c2001 	sub	r2, ip, #1
  405f18:	e4d1c001 	ldrb	ip, [r1], #1
  405f1c:	e1510003 	cmp	r1, r3
  405f20:	e5e2c001 	strb	ip, [r2, #1]!
  405f24:	1afffffb 	bne	405f18 <memcpy+0xfc>
  405f28:	e12fff1e 	bx	lr
  405f2c:	e2422001 	sub	r2, r2, #1
  405f30:	e1a0c000 	mov	ip, r0
  405f34:	eafffff4 	b	405f0c <memcpy+0xf0>

00405f38 <__malloc_lock>:
  405f38:	e12fff1e 	bx	lr

00405f3c <__malloc_unlock>:
  405f3c:	e12fff1e 	bx	lr

00405f40 <_sbrk_r>:
  405f40:	e3a03000 	mov	r3, #0
  405f44:	e92d4070 	push	{r4, r5, r6, lr}
  405f48:	e59f4030 	ldr	r4, [pc, #48]	; 405f80 <_sbrk_r+0x40>
  405f4c:	e1a05000 	mov	r5, r0
  405f50:	e1a00001 	mov	r0, r1
  405f54:	e5843000 	str	r3, [r4]
  405f58:	eb000148 	bl	406480 <_sbrk>
  405f5c:	e3700001 	cmn	r0, #1
  405f60:	0a000001 	beq	405f6c <_sbrk_r+0x2c>
  405f64:	e8bd4070 	pop	{r4, r5, r6, lr}
  405f68:	e12fff1e 	bx	lr
  405f6c:	e5943000 	ldr	r3, [r4]
  405f70:	e3530000 	cmp	r3, #0
  405f74:	15853000 	strne	r3, [r5]
  405f78:	e8bd4070 	pop	{r4, r5, r6, lr}
  405f7c:	e12fff1e 	bx	lr
  405f80:	00406f10 	.word	0x00406f10

00405f84 <_malloc_trim_r>:
  405f84:	e92d41f0 	push	{r4, r5, r6, r7, r8, lr}
  405f88:	e1a04001 	mov	r4, r1
  405f8c:	e59f70e4 	ldr	r7, [pc, #228]	; 406078 <_malloc_trim_r+0xf4>
  405f90:	e1a06000 	mov	r6, r0
  405f94:	ebffffe7 	bl	405f38 <__malloc_lock>
  405f98:	e5973008 	ldr	r3, [r7, #8]
  405f9c:	e5935004 	ldr	r5, [r3, #4]
  405fa0:	e2641efe 	rsb	r1, r4, #4064	; 0xfe0
  405fa4:	e281100f 	add	r1, r1, #15
  405fa8:	e3c55003 	bic	r5, r5, #3
  405fac:	e0811005 	add	r1, r1, r5
  405fb0:	e3c11eff 	bic	r1, r1, #4080	; 0xff0
  405fb4:	e3c1100f 	bic	r1, r1, #15
  405fb8:	e2414a01 	sub	r4, r1, #4096	; 0x1000
  405fbc:	e3540a01 	cmp	r4, #4096	; 0x1000
  405fc0:	ba000006 	blt	405fe0 <_malloc_trim_r+0x5c>
  405fc4:	e3a01000 	mov	r1, #0
  405fc8:	e1a00006 	mov	r0, r6
  405fcc:	ebffffdb 	bl	405f40 <_sbrk_r>
  405fd0:	e5973008 	ldr	r3, [r7, #8]
  405fd4:	e0833005 	add	r3, r3, r5
  405fd8:	e1500003 	cmp	r0, r3
  405fdc:	0a000004 	beq	405ff4 <_malloc_trim_r+0x70>
  405fe0:	e1a00006 	mov	r0, r6
  405fe4:	ebffffd4 	bl	405f3c <__malloc_unlock>
  405fe8:	e3a00000 	mov	r0, #0
  405fec:	e8bd41f0 	pop	{r4, r5, r6, r7, r8, lr}
  405ff0:	e12fff1e 	bx	lr
  405ff4:	e2641000 	rsb	r1, r4, #0
  405ff8:	e1a00006 	mov	r0, r6
  405ffc:	ebffffcf 	bl	405f40 <_sbrk_r>
  406000:	e3700001 	cmn	r0, #1
  406004:	0a00000c 	beq	40603c <_malloc_trim_r+0xb8>
  406008:	e59f306c 	ldr	r3, [pc, #108]	; 40607c <_malloc_trim_r+0xf8>
  40600c:	e5972008 	ldr	r2, [r7, #8]
  406010:	e5931000 	ldr	r1, [r3]
  406014:	e0455004 	sub	r5, r5, r4
  406018:	e3855001 	orr	r5, r5, #1
  40601c:	e1a00006 	mov	r0, r6
  406020:	e0411004 	sub	r1, r1, r4
  406024:	e5825004 	str	r5, [r2, #4]
  406028:	e5831000 	str	r1, [r3]
  40602c:	ebffffc2 	bl	405f3c <__malloc_unlock>
  406030:	e3a00001 	mov	r0, #1
  406034:	e8bd41f0 	pop	{r4, r5, r6, r7, r8, lr}
  406038:	e12fff1e 	bx	lr
  40603c:	e3a01000 	mov	r1, #0
  406040:	e1a00006 	mov	r0, r6
  406044:	ebffffbd 	bl	405f40 <_sbrk_r>
  406048:	e5972008 	ldr	r2, [r7, #8]
  40604c:	e0403002 	sub	r3, r0, r2
  406050:	e353000f 	cmp	r3, #15
  406054:	daffffe1 	ble	405fe0 <_malloc_trim_r+0x5c>
  406058:	e59f1020 	ldr	r1, [pc, #32]	; 406080 <_malloc_trim_r+0xfc>
  40605c:	e591c000 	ldr	ip, [r1]
  406060:	e59f1014 	ldr	r1, [pc, #20]	; 40607c <_malloc_trim_r+0xf8>
  406064:	e3833001 	orr	r3, r3, #1
  406068:	e040000c 	sub	r0, r0, ip
  40606c:	e5823004 	str	r3, [r2, #4]
  406070:	e5810000 	str	r0, [r1]
  406074:	eaffffd9 	b	405fe0 <_malloc_trim_r+0x5c>
  406078:	00406ac8 	.word	0x00406ac8
  40607c:	00406edc 	.word	0x00406edc
  406080:	00406ed0 	.word	0x00406ed0

00406084 <_free_r>:
  406084:	e92d41f0 	push	{r4, r5, r6, r7, r8, lr}
  406088:	e2515000 	subs	r5, r1, #0
  40608c:	0a000032 	beq	40615c <_free_r+0xd8>
  406090:	e1a04000 	mov	r4, r0
  406094:	ebffffa7 	bl	405f38 <__malloc_lock>
  406098:	e5150004 	ldr	r0, [r5, #-4]
  40609c:	e59fe2b0 	ldr	lr, [pc, #688]	; 406354 <_free_r+0x2d0>
  4060a0:	e3c03001 	bic	r3, r0, #1
  4060a4:	e245c008 	sub	ip, r5, #8
  4060a8:	e08c1003 	add	r1, ip, r3
  4060ac:	e59e6008 	ldr	r6, [lr, #8]
  4060b0:	e5912004 	ldr	r2, [r1, #4]
  4060b4:	e1560001 	cmp	r6, r1
  4060b8:	e3c22003 	bic	r2, r2, #3
  4060bc:	0a000063 	beq	406250 <_free_r+0x1cc>
  4060c0:	e3100001 	tst	r0, #1
  4060c4:	e5812004 	str	r2, [r1, #4]
  4060c8:	e0810002 	add	r0, r1, r2
  4060cc:	1a000024 	bne	406164 <_free_r+0xe0>
  4060d0:	e5157008 	ldr	r7, [r5, #-8]
  4060d4:	e04cc007 	sub	ip, ip, r7
  4060d8:	e59c5008 	ldr	r5, [ip, #8]
  4060dc:	e5900004 	ldr	r0, [r0, #4]
  4060e0:	e28e6008 	add	r6, lr, #8
  4060e4:	e1550006 	cmp	r5, r6
  4060e8:	e0833007 	add	r3, r3, r7
  4060ec:	e2000001 	and	r0, r0, #1
  4060f0:	0a000048 	beq	406218 <_free_r+0x194>
  4060f4:	e59c700c 	ldr	r7, [ip, #12]
  4060f8:	e3500000 	cmp	r0, #0
  4060fc:	e585700c 	str	r7, [r5, #12]
  406100:	e5875008 	str	r5, [r7, #8]
  406104:	0a000070 	beq	4062cc <_free_r+0x248>
  406108:	e3832001 	orr	r2, r3, #1
  40610c:	e58c2004 	str	r2, [ip, #4]
  406110:	e5813000 	str	r3, [r1]
  406114:	e3530c02 	cmp	r3, #512	; 0x200
  406118:	2a000025 	bcs	4061b4 <_free_r+0x130>
  40611c:	e3a05001 	mov	r5, #1
  406120:	e59e0004 	ldr	r0, [lr, #4]
  406124:	e1a031a3 	lsr	r3, r3, #3
  406128:	e0832005 	add	r2, r3, r5
  40612c:	e1a03143 	asr	r3, r3, #2
  406130:	e1803315 	orr	r3, r0, r5, lsl r3
  406134:	e08e1182 	add	r1, lr, r2, lsl #3
  406138:	e79e0182 	ldr	r0, [lr, r2, lsl #3]
  40613c:	e2411008 	sub	r1, r1, #8
  406140:	e58c100c 	str	r1, [ip, #12]
  406144:	e58c0008 	str	r0, [ip, #8]
  406148:	e58e3004 	str	r3, [lr, #4]
  40614c:	e78ec182 	str	ip, [lr, r2, lsl #3]
  406150:	e580c00c 	str	ip, [r0, #12]
  406154:	e1a00004 	mov	r0, r4
  406158:	ebffff77 	bl	405f3c <__malloc_unlock>
  40615c:	e8bd41f0 	pop	{r4, r5, r6, r7, r8, lr}
  406160:	e12fff1e 	bx	lr
  406164:	e5900004 	ldr	r0, [r0, #4]
  406168:	e3100001 	tst	r0, #1
  40616c:	1a00000b 	bne	4061a0 <_free_r+0x11c>
  406170:	e0833002 	add	r3, r3, r2
  406174:	e28e6008 	add	r6, lr, #8
  406178:	e5912008 	ldr	r2, [r1, #8]
  40617c:	e1520006 	cmp	r2, r6
  406180:	e3830001 	orr	r0, r3, #1
  406184:	0a00005c 	beq	4062fc <_free_r+0x278>
  406188:	e591100c 	ldr	r1, [r1, #12]
  40618c:	e582100c 	str	r1, [r2, #12]
  406190:	e5812008 	str	r2, [r1, #8]
  406194:	e58c0004 	str	r0, [ip, #4]
  406198:	e78c3003 	str	r3, [ip, r3]
  40619c:	eaffffdc 	b	406114 <_free_r+0x90>
  4061a0:	e3832001 	orr	r2, r3, #1
  4061a4:	e3530c02 	cmp	r3, #512	; 0x200
  4061a8:	e5052004 	str	r2, [r5, #-4]
  4061ac:	e5813000 	str	r3, [r1]
  4061b0:	3affffd9 	bcc	40611c <_free_r+0x98>
  4061b4:	e1a024a3 	lsr	r2, r3, #9
  4061b8:	e3520004 	cmp	r2, #4
  4061bc:	8a000039 	bhi	4062a8 <_free_r+0x224>
  4061c0:	e1a02323 	lsr	r2, r3, #6
  4061c4:	e2825039 	add	r5, r2, #57	; 0x39
  4061c8:	e1a05185 	lsl	r5, r5, #3
  4061cc:	e2821038 	add	r1, r2, #56	; 0x38
  4061d0:	e08e0005 	add	r0, lr, r5
  4061d4:	e79e2005 	ldr	r2, [lr, r5]
  4061d8:	e2400008 	sub	r0, r0, #8
  4061dc:	e1500002 	cmp	r0, r2
  4061e0:	0a00003f 	beq	4062e4 <_free_r+0x260>
  4061e4:	e5921004 	ldr	r1, [r2, #4]
  4061e8:	e3c11003 	bic	r1, r1, #3
  4061ec:	e1510003 	cmp	r1, r3
  4061f0:	9a000002 	bls	406200 <_free_r+0x17c>
  4061f4:	e5922008 	ldr	r2, [r2, #8]
  4061f8:	e1500002 	cmp	r0, r2
  4061fc:	1afffff8 	bne	4061e4 <_free_r+0x160>
  406200:	e592000c 	ldr	r0, [r2, #12]
  406204:	e58c000c 	str	r0, [ip, #12]
  406208:	e58c2008 	str	r2, [ip, #8]
  40620c:	e580c008 	str	ip, [r0, #8]
  406210:	e582c00c 	str	ip, [r2, #12]
  406214:	eaffffce 	b	406154 <_free_r+0xd0>
  406218:	e3500000 	cmp	r0, #0
  40621c:	13832001 	orrne	r2, r3, #1
  406220:	158c2004 	strne	r2, [ip, #4]
  406224:	15813000 	strne	r3, [r1]
  406228:	1affffc9 	bne	406154 <_free_r+0xd0>
  40622c:	e2811008 	add	r1, r1, #8
  406230:	e0823003 	add	r3, r2, r3
  406234:	e8910006 	ldm	r1, {r1, r2}
  406238:	e3830001 	orr	r0, r3, #1
  40623c:	e581200c 	str	r2, [r1, #12]
  406240:	e5821008 	str	r1, [r2, #8]
  406244:	e58c0004 	str	r0, [ip, #4]
  406248:	e78c3003 	str	r3, [ip, r3]
  40624c:	eaffffc0 	b	406154 <_free_r+0xd0>
  406250:	e3100001 	tst	r0, #1
  406254:	e0833002 	add	r3, r3, r2
  406258:	1a000006 	bne	406278 <_free_r+0x1f4>
  40625c:	e5152008 	ldr	r2, [r5, #-8]
  406260:	e04cc002 	sub	ip, ip, r2
  406264:	e28c0008 	add	r0, ip, #8
  406268:	e8900003 	ldm	r0, {r0, r1}
  40626c:	e580100c 	str	r1, [r0, #12]
  406270:	e5810008 	str	r0, [r1, #8]
  406274:	e0833002 	add	r3, r3, r2
  406278:	e59f20d8 	ldr	r2, [pc, #216]	; 406358 <_free_r+0x2d4>
  40627c:	e5922000 	ldr	r2, [r2]
  406280:	e1520003 	cmp	r2, r3
  406284:	e3833001 	orr	r3, r3, #1
  406288:	e58c3004 	str	r3, [ip, #4]
  40628c:	e58ec008 	str	ip, [lr, #8]
  406290:	8affffaf 	bhi	406154 <_free_r+0xd0>
  406294:	e59f30c0 	ldr	r3, [pc, #192]	; 40635c <_free_r+0x2d8>
  406298:	e1a00004 	mov	r0, r4
  40629c:	e5931000 	ldr	r1, [r3]
  4062a0:	ebffff37 	bl	405f84 <_malloc_trim_r>
  4062a4:	eaffffaa 	b	406154 <_free_r+0xd0>
  4062a8:	e3520014 	cmp	r2, #20
  4062ac:	9a000008 	bls	4062d4 <_free_r+0x250>
  4062b0:	e3520054 	cmp	r2, #84	; 0x54
  4062b4:	8a000016 	bhi	406314 <_free_r+0x290>
  4062b8:	e1a02623 	lsr	r2, r3, #12
  4062bc:	e282506f 	add	r5, r2, #111	; 0x6f
  4062c0:	e1a05185 	lsl	r5, r5, #3
  4062c4:	e282106e 	add	r1, r2, #110	; 0x6e
  4062c8:	eaffffc0 	b	4061d0 <_free_r+0x14c>
  4062cc:	e0833002 	add	r3, r3, r2
  4062d0:	eaffffa8 	b	406178 <_free_r+0xf4>
  4062d4:	e282505c 	add	r5, r2, #92	; 0x5c
  4062d8:	e1a05185 	lsl	r5, r5, #3
  4062dc:	e282105b 	add	r1, r2, #91	; 0x5b
  4062e0:	eaffffba 	b	4061d0 <_free_r+0x14c>
  4062e4:	e3a05001 	mov	r5, #1
  4062e8:	e59e3004 	ldr	r3, [lr, #4]
  4062ec:	e1a01141 	asr	r1, r1, #2
  4062f0:	e1831115 	orr	r1, r3, r5, lsl r1
  4062f4:	e58e1004 	str	r1, [lr, #4]
  4062f8:	eaffffc1 	b	406204 <_free_r+0x180>
  4062fc:	e58ec014 	str	ip, [lr, #20]
  406300:	e58ec010 	str	ip, [lr, #16]
  406304:	e58c600c 	str	r6, [ip, #12]
  406308:	e98c0041 	stmib	ip, {r0, r6}
  40630c:	e78c3003 	str	r3, [ip, r3]
  406310:	eaffff8f 	b	406154 <_free_r+0xd0>
  406314:	e3520f55 	cmp	r2, #340	; 0x154
  406318:	8a000004 	bhi	406330 <_free_r+0x2ac>
  40631c:	e1a027a3 	lsr	r2, r3, #15
  406320:	e2825078 	add	r5, r2, #120	; 0x78
  406324:	e1a05185 	lsl	r5, r5, #3
  406328:	e2821077 	add	r1, r2, #119	; 0x77
  40632c:	eaffffa7 	b	4061d0 <_free_r+0x14c>
  406330:	e59f1028 	ldr	r1, [pc, #40]	; 406360 <_free_r+0x2dc>
  406334:	e1520001 	cmp	r2, r1
  406338:	91a02923 	lsrls	r2, r3, #18
  40633c:	9282507d 	addls	r5, r2, #125	; 0x7d
  406340:	91a05185 	lslls	r5, r5, #3
  406344:	9282107c 	addls	r1, r2, #124	; 0x7c
  406348:	83a05ffe 	movhi	r5, #1016	; 0x3f8
  40634c:	83a0107e 	movhi	r1, #126	; 0x7e
  406350:	eaffff9e 	b	4061d0 <_free_r+0x14c>
  406354:	00406ac8 	.word	0x00406ac8
  406358:	00406ed4 	.word	0x00406ed4
  40635c:	00406ed8 	.word	0x00406ed8
  406360:	00000554 	.word	0x00000554

00406364 <cleanup_glue>:
  406364:	e92d4070 	push	{r4, r5, r6, lr}
  406368:	e1a04001 	mov	r4, r1
  40636c:	e5911000 	ldr	r1, [r1]
  406370:	e3510000 	cmp	r1, #0
  406374:	e1a05000 	mov	r5, r0
  406378:	1bfffff9 	blne	406364 <cleanup_glue>
  40637c:	e1a01004 	mov	r1, r4
  406380:	e1a00005 	mov	r0, r5
  406384:	ebffff3e 	bl	406084 <_free_r>
  406388:	e8bd4070 	pop	{r4, r5, r6, lr}
  40638c:	e12fff1e 	bx	lr

00406390 <_reclaim_reent>:
  406390:	e59f30e4 	ldr	r3, [pc, #228]	; 40647c <_reclaim_reent+0xec>
  406394:	e5933000 	ldr	r3, [r3]
  406398:	e1530000 	cmp	r3, r0
  40639c:	012fff1e 	bxeq	lr
  4063a0:	e590304c 	ldr	r3, [r0, #76]	; 0x4c
  4063a4:	e3530000 	cmp	r3, #0
  4063a8:	e92d4070 	push	{r4, r5, r6, lr}
  4063ac:	e1a05000 	mov	r5, r0
  4063b0:	0a00000f 	beq	4063f4 <_reclaim_reent+0x64>
  4063b4:	e3a06000 	mov	r6, #0
  4063b8:	e7931006 	ldr	r1, [r3, r6]
  4063bc:	e3510000 	cmp	r1, #0
  4063c0:	0a000005 	beq	4063dc <_reclaim_reent+0x4c>
  4063c4:	e5914000 	ldr	r4, [r1]
  4063c8:	e1a00005 	mov	r0, r5
  4063cc:	ebffff2c 	bl	406084 <_free_r>
  4063d0:	e2541000 	subs	r1, r4, #0
  4063d4:	1afffffa 	bne	4063c4 <_reclaim_reent+0x34>
  4063d8:	e595304c 	ldr	r3, [r5, #76]	; 0x4c
  4063dc:	e2866004 	add	r6, r6, #4
  4063e0:	e3560080 	cmp	r6, #128	; 0x80
  4063e4:	1afffff3 	bne	4063b8 <_reclaim_reent+0x28>
  4063e8:	e1a01003 	mov	r1, r3
  4063ec:	e1a00005 	mov	r0, r5
  4063f0:	ebffff23 	bl	406084 <_free_r>
  4063f4:	e5951040 	ldr	r1, [r5, #64]	; 0x40
  4063f8:	e3510000 	cmp	r1, #0
  4063fc:	11a00005 	movne	r0, r5
  406400:	1bffff1f 	blne	406084 <_free_r>
  406404:	e5951148 	ldr	r1, [r5, #328]	; 0x148
  406408:	e3510000 	cmp	r1, #0
  40640c:	0a000008 	beq	406434 <_reclaim_reent+0xa4>
  406410:	e2856f53 	add	r6, r5, #332	; 0x14c
  406414:	e1510006 	cmp	r1, r6
  406418:	0a000005 	beq	406434 <_reclaim_reent+0xa4>
  40641c:	e5914000 	ldr	r4, [r1]
  406420:	e1a00005 	mov	r0, r5
  406424:	ebffff16 	bl	406084 <_free_r>
  406428:	e1560004 	cmp	r6, r4
  40642c:	e1a01004 	mov	r1, r4
  406430:	1afffff9 	bne	40641c <_reclaim_reent+0x8c>
  406434:	e5951054 	ldr	r1, [r5, #84]	; 0x54
  406438:	e3510000 	cmp	r1, #0
  40643c:	11a00005 	movne	r0, r5
  406440:	1bffff0f 	blne	406084 <_free_r>
  406444:	e5953038 	ldr	r3, [r5, #56]	; 0x38
  406448:	e3530000 	cmp	r3, #0
  40644c:	0a000008 	beq	406474 <_reclaim_reent+0xe4>
  406450:	e595303c 	ldr	r3, [r5, #60]	; 0x3c
  406454:	e1a00005 	mov	r0, r5
  406458:	e1a0e00f 	mov	lr, pc
  40645c:	e12fff13 	bx	r3
  406460:	e59512e0 	ldr	r1, [r5, #736]	; 0x2e0
  406464:	e3510000 	cmp	r1, #0
  406468:	11a00005 	movne	r0, r5
  40646c:	18bd4070 	popne	{r4, r5, r6, lr}
  406470:	1affffbb 	bne	406364 <cleanup_glue>
  406474:	e8bd4070 	pop	{r4, r5, r6, lr}
  406478:	e12fff1e 	bx	lr
  40647c:	00406698 	.word	0x00406698

00406480 <_sbrk>:
  406480:	e59f201c 	ldr	r2, [pc, #28]	; 4064a4 <_sbrk+0x24>
  406484:	e5923000 	ldr	r3, [r2]
  406488:	e59f1018 	ldr	r1, [pc, #24]	; 4064a8 <_sbrk+0x28>
  40648c:	e3530000 	cmp	r3, #0
  406490:	01a03001 	moveq	r3, r1
  406494:	e0830000 	add	r0, r3, r0
  406498:	e5820000 	str	r0, [r2]
  40649c:	e1a00003 	mov	r0, r3
  4064a0:	e12fff1e 	bx	lr
  4064a4:	00406f0c 	.word	0x00406f0c
  4064a8:	00500000 	.word	0x00500000
